site_id,class,site_type,architecture,sectors,n78_64T64R_AAU,n78_8T8R_radio,n28_RRU,n1n3_or_n3_RRU,passive_antenna_2L4H,DU_at_site,CSR,fronthaul_gateway,NR_cells,avg_load_W,peak_load_W,rectifier_kW,battery_kWh,battery_modules_4.8kWh,grid_kVA,solar_PV_kWp
AMM-DU-0001,DU,Rooftop,C-RAN,3,3,0,3,3,3,0,0,1,18,6060,8530,21,33.6,7,15,0
AMM-DU-0002,DU,Rooftop,C-RAN,3,3,0,3,3,3,0,0,1,18,6060,8530,21,33.6,7,15,0
AMM-DU-0003,DU,Rooftop,C-RAN,3,3,0,3,3,3,0,0,1,18,6060,8530,21,33.6,7,15,0
AMM-DU-0004,DU,Rooftop,C-RAN,3,3,0,3,3,3,0,0,1,18,6060,8530,21,33.6,7,15,0
AMM-DU-0005,DU,Rooftop,C-RAN,3,3,0,3,3,3,0,0,1,18,6060,8530,21,33.6,7,15,0
AMM-DU-0006,DU,Rooftop,C-RAN,3,3,0,3,3,3,0,0,1,18,6060,8530,21,33.6,7,15,0
AMM-DU-0007,DU,Rooftop,C-RAN,3,3,0,3,3,3,0,0,1,18,6060,8530,21,33.6,7,15,0
AMM-DU-0008,DU,Rooftop,C-RAN,3,3,0,3,3,3,0,0,1,18,6060,8530,21,33.6,7,15,0
AMM-DU-0009,DU,Rooftop,C-RAN,3,3,0,3,3,3,0,0,1,18,6060,8530,21,33.6,7,15,0
AMM-DU-0010,DU,Rooftop,C-RAN,3,3,0,3,3,3,0,0,1,18,6060,8530,21,33.6,7,15,0
AMM-DU-0011,DU,Rooftop,C-RAN,3,3,0,3,3,3,0,0,1,18,6060,8530,21,33.6,7,15,0
AMM-DU-0012,DU,Rooftop,C-RAN,3,3,0,3,3,3,0,0,1,18,6060,8530,21,33.6,7,15,0
AMM-DU-0013,DU,Rooftop,C-RAN,3,3,0,3,3,3,0,0,1,18,6060,8530,21,33.6,7,15,0
AMM-DU-0014,DU,Rooftop,C-RAN,3,3,0,3,3,3,0,0,1,18,6060,8530,21,33.6,7,15,0
AMM-DU-0015,DU,Rooftop,C-RAN,3,3,0,3,3,3,0,0,1,18,6060,8530,21,33.6,7,15,0
AMM-DU-0016,DU,Rooftop,C-RAN,3,3,0,3,3,3,0,0,1,18,6060,8530,21,33.6,7,15,0
AMM-DU-0017,DU,Rooftop,C-RAN,3,3,0,3,3,3,0,0,1,18,6060,8530,21,33.6,7,15,0
AMM-DU-0018,DU,Rooftop,C-RAN,3,3,0,3,3,3,0,0,1,18,6060,8530,21,33.6,7,15,0
AMM-DU-0019,DU,Rooftop,C-RAN,3,3,0,3,3,3,0,0,1,18,6060,8530,21,33.6,7,15,0
AMM-DU-0020,DU,Rooftop,C-RAN,3,3,0,3,3,3,0,0,1,18,6060,8530,21,33.6,7,15,0
AMM-DU-0021,DU,Rooftop,C-RAN,3,3,0,3,3,3,0,0,1,18,6060,8530,21,33.6,7,15,0
AMM-DU-0022,DU,Rooftop,C-RAN,3,3,0,3,3,3,0,0,1,18,6060,8530,21,33.6,7,15,0
AMM-DU-0023,DU,Rooftop,C-RAN,3,3,0,3,3,3,0,0,1,18,6060,8530,21,33.6,7,15,0
AMM-DU-0024,DU,Rooftop,C-RAN,3,3,0,3,3,3,0,0,1,18,6060,8530,21,33.6,7,15,0
AMM-DU-0025,DU,Rooftop,C-RAN,3,3,0,3,3,3,0,0,1,18,6060,8530,21,33.6,7,15,0
AMM-DU-0026,DU,Rooftop,C-RAN,3,3,0,3,3,3,0,0,1,18,6060,8530,21,33.6,7,15,0
AMM-DU-0027,DU,Rooftop,C-RAN,3,3,0,3,3,3,0,0,1,18,6060,8530,21,33.6,7,15,0
AMM-DU-0028,DU,Rooftop,C-RAN,3,3,0,3,3,3,0,0,1,18,6060,8530,21,33.6,7,15,0
AMM-DU-0029,DU,Rooftop,C-RAN,3,3,0,3,3,3,0,0,1,18,6060,8530,21,33.6,7,15,0
AMM-DU-0030,DU,Rooftop,C-RAN,3,3,0,3,3,3,0,0,1,18,6060,8530,21,33.6,7,15,0
AMM-DU-0031,DU,Rooftop,C-RAN,3,3,0,3,3,3,0,0,1,18,6060,8530,21,33.6,7,15,0
AMM-DU-0032,DU,Rooftop,C-RAN,3,3,0,3,3,3,0,0,1,18,6060,8530,21,33.6,7,15,0
AMM-DU-0033,DU,Rooftop,C-RAN,3,3,0,3,3,3,0,0,1,18,6060,8530,21,33.6,7,15,0
AMM-DU-0034,DU,Rooftop,C-RAN,3,3,0,3,3,3,0,0,1,18,6060,8530,21,33.6,7,15,0
AMM-DU-0035,DU,Rooftop,C-RAN,3,3,0,3,3,3,0,0,1,18,6060,8530,21,33.6,7,15,0
AMM-DU-0036,DU,Rooftop,C-RAN,3,3,0,3,3,3,0,0,1,18,6060,8530,21,33.6,7,15,0
AMM-DU-0037,DU,Rooftop,C-RAN,3,3,0,3,3,3,0,0,1,18,6060,8530,21,33.6,7,15,0
AMM-DU-0038,DU,Rooftop,C-RAN,3,3,0,3,3,3,0,0,1,18,6060,8530,21,33.6,7,15,0
AMM-DU-0039,DU,Rooftop,C-RAN,3,3,0,3,3,3,0,0,1,18,6060,8530,21,33.6,7,15,0
AMM-DU-0040,DU,Rooftop,C-RAN,3,3,0,3,3,3,0,0,1,18,6060,8530,21,33.6,7,15,0
AMM-DU-0041,DU,Rooftop,C-RAN,3,3,0,3,3,3,0,0,1,18,6060,8530,21,33.6,7,15,0
AMM-DU-0042,DU,Rooftop,C-RAN,3,3,0,3,3,3,0,0,1,18,6060,8530,21,33.6,7,15,0
AMM-DU-0043,DU,Rooftop,C-RAN,3,3,0,3,3,3,0,0,1,18,6060,8530,21,33.6,7,15,0
AMM-DU-0044,DU,Rooftop,C-RAN,3,3,0,3,3,3,0,0,1,18,6060,8530,21,33.6,7,15,0
AMM-DU-0045,DU,Rooftop,C-RAN,3,3,0,3,3,3,0,0,1,18,6060,8530,21,33.6,7,15,0
AMM-DU-0046,DU,Rooftop,C-RAN,3,3,0,3,3,3,0,0,1,18,6060,8530,21,33.6,7,15,0
AMM-DU-0047,DU,Rooftop,C-RAN,3,3,0,3,3,3,0,0,1,18,6060,8530,21,33.6,7,15,0
AMM-DU-0048,DU,Rooftop,C-RAN,3,3,0,3,3,3,0,0,1,18,6060,8530,21,33.6,7,15,0
AMM-DU-0049,DU,Rooftop,C-RAN,3,3,0,3,3,3,0,0,1,18,6060,8530,21,33.6,7,15,0
AMM-DU-0050,DU,Rooftop,C-RAN,3,3,0,3,3,3,0,0,1,18,6060,8530,21,33.6,7,15,0
AMM-DU-0051,DU,Rooftop,C-RAN,3,3,0,3,3,3,0,0,1,18,6060,8530,21,33.6,7,15,0
AMM-DU-0052,DU,Rooftop,C-RAN,3,3,0,3,3,3,0,0,1,18,6060,8530,21,33.6,7,15,0
AMM-DU-0053,DU,Rooftop,C-RAN,3,3,0,3,3,3,0,0,1,18,6060,8530,21,33.6,7,15,0
AMM-DU-0054,DU,Rooftop,C-RAN,3,3,0,3,3,3,0,0,1,18,6060,8530,21,33.6,7,15,0
AMM-DU-0055,DU,Rooftop,C-RAN,3,3,0,3,3,3,0,0,1,18,6060,8530,21,33.6,7,15,0
AMM-DU-0056,DU,Rooftop,C-RAN,3,3,0,3,3,3,0,0,1,18,6060,8530,21,33.6,7,15,0
AMM-DU-0057,DU,Rooftop,C-RAN,3,3,0,3,3,3,0,0,1,18,6060,8530,21,33.6,7,15,0
AMM-DU-0058,DU,Rooftop,C-RAN,3,3,0,3,3,3,0,0,1,18,6060,8530,21,33.6,7,15,0
AMM-DU-0059,DU,Rooftop,C-RAN,3,3,0,3,3,3,0,0,1,18,6060,8530,21,33.6,7,15,0
AMM-DU-0060,DU,Rooftop,C-RAN,3,3,0,3,3,3,0,0,1,18,6060,8530,21,33.6,7,15,0
AMM-DU-0061,DU,Rooftop,C-RAN,3,3,0,3,3,3,0,0,1,18,6060,8530,21,33.6,7,15,0
AMM-DU-0062,DU,Rooftop,C-RAN,3,3,0,3,3,3,0,0,1,18,6060,8530,21,33.6,7,15,0
AMM-DU-0063,DU,Rooftop,C-RAN,3,3,0,3,3,3,0,0,1,18,6060,8530,21,33.6,7,15,0
AMM-DU-0064,DU,Rooftop,C-RAN,3,3,0,3,3,3,0,0,1,18,6060,8530,21,33.6,7,15,0
AMM-DU-0065,DU,Rooftop,C-RAN,3,3,0,3,3,3,0,0,1,18,6060,8530,21,33.6,7,15,0
AMM-DU-0066,DU,Rooftop,C-RAN,3,3,0,3,3,3,0,0,1,18,6060,8530,21,33.6,7,15,0
AMM-DU-0067,DU,Rooftop,C-RAN,3,3,0,3,3,3,0,0,1,18,6060,8530,21,33.6,7,15,0
AMM-DU-0068,DU,Rooftop,C-RAN,3,3,0,3,3,3,0,0,1,18,6060,8530,21,33.6,7,15,0
AMM-DU-0069,DU,Rooftop,C-RAN,3,3,0,3,3,3,0,0,1,18,6060,8530,21,33.6,7,15,0
AMM-DU-0070,DU,Rooftop,C-RAN,3,3,0,3,3,3,0,0,1,18,6060,8530,21,33.6,7,15,0
AMM-DU-0071,DU,Rooftop,C-RAN,3,3,0,3,3,3,0,0,1,18,6060,8530,21,33.6,7,15,0
AMM-DU-0072,DU,Rooftop,C-RAN,3,3,0,3,3,3,0,0,1,18,6060,8530,21,33.6,7,15,0
AMM-DU-0073,DU,Rooftop,C-RAN,3,3,0,3,3,3,0,0,1,18,6060,8530,21,33.6,7,15,0
AMM-DU-0074,DU,Rooftop,C-RAN,3,3,0,3,3,3,0,0,1,18,6060,8530,21,33.6,7,15,0
AMM-DU-0075,DU,Rooftop,C-RAN,3,3,0,3,3,3,0,0,1,18,6060,8530,21,33.6,7,15,0
AMM-DU-0076,DU,Rooftop,C-RAN,3,3,0,3,3,3,0,0,1,18,6060,8530,21,33.6,7,15,0
AMM-DU-0077,DU,Rooftop,C-RAN,3,3,0,3,3,3,0,0,1,18,6060,8530,21,33.6,7,15,0
AMM-DU-0078,DU,Rooftop,C-RAN,3,3,0,3,3,3,0,0,1,18,6060,8530,21,33.6,7,15,0
AMM-DU-0079,DU,Rooftop,C-RAN,3,3,0,3,3,3,0,0,1,18,6060,8530,21,33.6,7,15,0
AMM-DU-0080,DU,Rooftop,C-RAN,3,3,0,3,3,3,0,0,1,18,6060,8530,21,33.6,7,15,0
AMM-DU-0081,DU,Rooftop,C-RAN,3,3,0,3,3,3,0,0,1,18,6060,8530,21,33.6,7,15,0
AMM-DU-0082,DU,Rooftop,C-RAN,3,3,0,3,3,3,0,0,1,18,6060,8530,21,33.6,7,15,0
AMM-DU-0083,DU,Rooftop,C-RAN,3,3,0,3,3,3,0,0,1,18,6060,8530,21,33.6,7,15,0
AMM-DU-0084,DU,Rooftop,C-RAN,3,3,0,3,3,3,0,0,1,18,6060,8530,21,33.6,7,15,0
AMM-DU-0085,DU,Rooftop,C-RAN,3,3,0,3,3,3,0,0,1,18,6060,8530,21,33.6,7,15,0
AMM-DU-0086,DU,Rooftop,C-RAN,3,3,0,3,3,3,0,0,1,18,6060,8530,21,33.6,7,15,0
AMM-DU-0087,DU,Rooftop,C-RAN,3,3,0,3,3,3,0,0,1,18,6060,8530,21,33.6,7,15,0
AMM-DU-0088,DU,Rooftop,C-RAN,3,3,0,3,3,3,0,0,1,18,6060,8530,21,33.6,7,15,0
AMM-DU-0089,DU,Rooftop,C-RAN,3,3,0,3,3,3,0,0,1,18,6060,8530,21,33.6,7,15,0
AMM-DU-0090,DU,Rooftop,C-RAN,3,3,0,3,3,3,0,0,1,18,6060,8530,21,33.6,7,15,0
AMM-DU-0091,DU,Rooftop,C-RAN,3,3,0,3,3,3,0,0,1,18,6060,8530,21,33.6,7,15,0
AMM-DU-0092,DU,Rooftop,C-RAN,3,3,0,3,3,3,0,0,1,18,6060,8530,21,33.6,7,15,0
AMM-DU-0093,DU,Rooftop,C-RAN,3,3,0,3,3,3,0,0,1,18,6060,8530,21,33.6,7,15,0
AMM-DU-0094,DU,Rooftop,C-RAN,3,3,0,3,3,3,0,0,1,18,6060,8530,21,33.6,7,15,0
AMM-DU-0095,DU,Rooftop,C-RAN,3,3,0,3,3,3,0,0,1,18,6060,8530,21,33.6,7,15,0
AMM-DU-0096,DU,Rooftop,C-RAN,3,3,0,3,3,3,0,0,1,18,6060,8530,21,33.6,7,15,0
AMM-DU-0097,DU,Rooftop,C-RAN,3,3,0,3,3,3,0,0,1,18,6060,8530,21,33.6,7,15,0
AMM-DU-0098,DU,Rooftop,C-RAN,3,3,0,3,3,3,0,0,1,18,6060,8530,21,33.6,7,15,0
AMM-DU-0099,DU,Rooftop,C-RAN,3,3,0,3,3,3,0,0,1,18,6060,8530,21,33.6,7,15,0
AMM-DU-0100,DU,Rooftop,C-RAN,3,3,0,3,3,3,0,0,1,18,6060,8530,21,33.6,7,15,0
AMM-DU-0101,DU,Rooftop,C-RAN,3,3,0,3,3,3,0,0,1,18,6060,8530,21,33.6,7,15,0
AMM-DU-0102,DU,Rooftop,C-RAN,3,3,0,3,3,3,0,0,1,18,6060,8530,21,33.6,7,15,0
AMM-DU-0103,DU,Rooftop,C-RAN,3,3,0,3,3,3,0,0,1,18,6060,8530,21,33.6,7,15,0
AMM-DU-0104,DU,Rooftop,C-RAN,3,3,0,3,3,3,0,0,1,18,6060,8530,21,33.6,7,15,0
AMM-DU-0105,DU,Rooftop,C-RAN,3,3,0,3,3,3,0,0,1,18,6060,8530,21,33.6,7,15,0
AMM-DU-0106,DU,Rooftop,C-RAN,3,3,0,3,3,3,0,0,1,18,6060,8530,21,33.6,7,15,0
AMM-DU-0107,DU,Rooftop,C-RAN,3,3,0,3,3,3,0,0,1,18,6060,8530,21,33.6,7,15,0
AMM-DU-0108,DU,Rooftop,C-RAN,3,3,0,3,3,3,0,0,1,18,6060,8530,21,33.6,7,15,0
AMM-DU-0109,DU,Rooftop,C-RAN,3,3,0,3,3,3,0,0,1,18,6060,8530,21,33.6,7,15,0
AMM-DU-0110,DU,Rooftop,C-RAN,3,3,0,3,3,3,0,0,1,18,6060,8530,21,33.6,7,15,0
AMM-DU-0111,DU,Rooftop,C-RAN,3,3,0,3,3,3,0,0,1,18,6060,8530,21,33.6,7,15,0
AMM-DU-0112,DU,Rooftop,C-RAN,3,3,0,3,3,3,0,0,1,18,6060,8530,21,33.6,7,15,0
AMM-DU-0113,DU,Rooftop,C-RAN,3,3,0,3,3,3,0,0,1,18,6060,8530,21,33.6,7,15,0
AMM-DU-0114,DU,Rooftop,C-RAN,3,3,0,3,3,3,0,0,1,18,6060,8530,21,33.6,7,15,0
AMM-DU-0115,DU,Rooftop,C-RAN,3,3,0,3,3,3,0,0,1,18,6060,8530,21,33.6,7,15,0
AMM-DU-0116,DU,Rooftop,C-RAN,3,3,0,3,3,3,0,0,1,18,6060,8530,21,33.6,7,15,0
AMM-DU-0117,DU,Rooftop,C-RAN,3,3,0,3,3,3,0,0,1,18,6060,8530,21,33.6,7,15,0
AMM-DU-0118,DU,Rooftop,C-RAN,3,3,0,3,3,3,0,0,1,18,6060,8530,21,33.6,7,15,0
AMM-DU-0119,DU,Rooftop,C-RAN,3,3,0,3,3,3,0,0,1,18,6060,8530,21,33.6,7,15,0
AMM-DU-0120,DU,Rooftop,C-RAN,3,3,0,3,3,3,0,0,1,18,6060,8530,21,33.6,7,15,0
AMM-DU-0121,DU,Rooftop,C-RAN,3,3,0,3,3,3,0,0,1,18,6060,8530,21,33.6,7,15,0
AMM-DU-0122,DU,Rooftop,C-RAN,3,3,0,3,3,3,0,0,1,18,6060,8530,21,33.6,7,15,0
AMM-DU-0123,DU,Rooftop,C-RAN,3,3,0,3,3,3,0,0,1,18,6060,8530,21,33.6,7,15,0
AMM-DU-0124,DU,Rooftop,C-RAN,3,3,0,3,3,3,0,0,1,18,6060,8530,21,33.6,7,15,0
AMM-DU-0125,DU,Rooftop,C-RAN,3,3,0,3,3,3,0,0,1,18,6060,8530,21,33.6,7,15,0
AMM-DU-0126,DU,Rooftop,C-RAN,3,3,0,3,3,3,0,0,1,18,6060,8530,21,33.6,7,15,0
AMM-DU-0127,DU,Rooftop,C-RAN,3,3,0,3,3,3,0,0,1,18,6060,8530,21,33.6,7,15,0
AMM-DU-0128,DU,Rooftop,C-RAN,3,3,0,3,3,3,0,0,1,18,6060,8530,21,33.6,7,15,0
AMM-DU-0129,DU,Rooftop,C-RAN,3,3,0,3,3,3,0,0,1,18,6060,8530,21,33.6,7,15,0
AMM-DU-0130,DU,Rooftop,C-RAN,3,3,0,3,3,3,0,0,1,18,6060,8530,21,33.6,7,15,0
AMM-DU-0131,DU,Rooftop,C-RAN,3,3,0,3,3,3,0,0,1,18,6060,8530,21,33.6,7,15,0
AMM-DU-0132,DU,Rooftop,C-RAN,3,3,0,3,3,3,0,0,1,18,6060,8530,21,33.6,7,15,0
AMM-DU-0133,DU,Rooftop,C-RAN,3,3,0,3,3,3,0,0,1,18,6060,8530,21,33.6,7,15,0
AMM-DU-0134,DU,Rooftop,C-RAN,3,3,0,3,3,3,0,0,1,18,6060,8530,21,33.6,7,15,0
AMM-DU-0135,DU,Rooftop,C-RAN,3,3,0,3,3,3,0,0,1,18,6060,8530,21,33.6,7,15,0
AMM-DU-0136,DU,Rooftop,C-RAN,3,3,0,3,3,3,0,0,1,18,6060,8530,21,33.6,7,15,0
AMM-DU-0137,DU,Rooftop,C-RAN,3,3,0,3,3,3,0,0,1,18,6060,8530,21,33.6,7,15,0
AMM-DU-0138,DU,Rooftop,C-RAN,3,3,0,3,3,3,0,0,1,18,6060,8530,21,33.6,7,15,0
AMM-DU-0139,DU,Rooftop,C-RAN,3,3,0,3,3,3,0,0,1,18,6060,8530,21,33.6,7,15,0
AMM-DU-0140,DU,Rooftop,C-RAN,3,3,0,3,3,3,0,0,1,18,6060,8530,21,33.6,7,15,0
AMM-DU-0141,DU,Rooftop,C-RAN,3,3,0,3,3,3,0,0,1,18,6060,8530,21,33.6,7,15,0
AMM-DU-0142,DU,Rooftop,C-RAN,3,3,0,3,3,3,0,0,1,18,6060,8530,21,33.6,7,15,0
AMM-DU-0143,DU,Rooftop,C-RAN,3,3,0,3,3,3,0,0,1,18,6060,8530,21,33.6,7,15,0
AMM-DU-0144,DU,Rooftop,C-RAN,3,3,0,3,3,3,0,0,1,18,6060,8530,21,33.6,7,15,0
AMM-DU-0145,DU,Rooftop,C-RAN,3,3,0,3,3,3,0,0,1,18,6060,8530,21,33.6,7,15,0
AMM-DU-0146,DU,Rooftop,C-RAN,3,3,0,3,3,3,0,0,1,18,6060,8530,21,33.6,7,15,0
AMM-DU-0147,DU,Rooftop,C-RAN,3,3,0,3,3,3,0,0,1,18,6060,8530,21,33.6,7,15,0
AMM-DU-0148,DU,Rooftop,C-RAN,3,3,0,3,3,3,0,0,1,18,6060,8530,21,33.6,7,15,0
AMM-DU-0149,DU,Rooftop,C-RAN,3,3,0,3,3,3,0,0,1,18,6060,8530,21,33.6,7,15,0
AMM-DU-0150,DU,Rooftop,C-RAN,3,3,0,3,3,3,0,0,1,18,6060,8530,21,33.6,7,15,0
AMM-DU-0151,DU,Rooftop,C-RAN,3,3,0,3,3,3,0,0,1,18,6060,8530,21,33.6,7,15,0
AMM-DU-0152,DU,Rooftop,C-RAN,3,3,0,3,3,3,0,0,1,18,6060,8530,21,33.6,7,15,0
AMM-DU-0153,DU,Rooftop,C-RAN,3,3,0,3,3,3,0,0,1,18,6060,8530,21,33.6,7,15,0
AMM-DU-0154,DU,Rooftop,C-RAN,3,3,0,3,3,3,0,0,1,18,6060,8530,21,33.6,7,15,0
AMM-DU-0155,DU,Rooftop,C-RAN,3,3,0,3,3,3,0,0,1,18,6060,8530,21,33.6,7,15,0
AMM-DU-0156,DU,Rooftop,C-RAN,3,3,0,3,3,3,0,0,1,18,6060,8530,21,33.6,7,15,0
AMM-DU-0157,DU,Rooftop,C-RAN,3,3,0,3,3,3,0,0,1,18,6060,8530,21,33.6,7,15,0
AMM-DU-0158,DU,Rooftop,C-RAN,3,3,0,3,3,3,0,0,1,18,6060,8530,21,33.6,7,15,0
AMM-DU-0159,DU,Rooftop,C-RAN,3,3,0,3,3,3,0,0,1,18,6060,8530,21,33.6,7,15,0
AMM-DU-0160,DU,Rooftop,C-RAN,3,3,0,3,3,3,0,0,1,18,6060,8530,21,33.6,7,15,0
AMM-DU-0161,DU,Rooftop,C-RAN,3,3,0,3,3,3,0,0,1,18,6060,8530,21,33.6,7,15,0
AMM-DU-0162,DU,Rooftop,C-RAN,3,3,0,3,3,3,0,0,1,18,6060,8530,21,33.6,7,15,0
AMM-DU-0163,DU,Rooftop,C-RAN,3,3,0,3,3,3,0,0,1,18,6060,8530,21,33.6,7,15,0
AMM-DU-0164,DU,Rooftop,C-RAN,3,3,0,3,3,3,0,0,1,18,6060,8530,21,33.6,7,15,0
AMM-DU-0165,DU,Rooftop,C-RAN,3,3,0,3,3,3,0,0,1,18,6060,8530,21,33.6,7,15,0
AMM-DU-0166,DU,Rooftop,C-RAN,3,3,0,3,3,3,0,0,1,18,6060,8530,21,33.6,7,15,0
AMM-DU-0167,DU,Rooftop,C-RAN,3,3,0,3,3,3,0,0,1,18,6060,8530,21,33.6,7,15,0
AMM-DU-0168,DU,Rooftop,C-RAN,3,3,0,3,3,3,0,0,1,18,6060,8530,21,33.6,7,15,0
AMM-DU-0169,DU,Rooftop,C-RAN,3,3,0,3,3,3,0,0,1,18,6060,8530,21,33.6,7,15,0
AMM-DU-0170,DU,Rooftop,C-RAN,3,3,0,3,3,3,0,0,1,18,6060,8530,21,33.6,7,15,0
AMM-DU-0171,DU,Rooftop,C-RAN,3,3,0,3,3,3,0,0,1,18,6060,8530,21,33.6,7,15,0
AMM-DU-0172,DU,Rooftop,C-RAN,3,3,0,3,3,3,0,0,1,18,6060,8530,21,33.6,7,15,0
AMM-DU-0173,DU,Rooftop,C-RAN,3,3,0,3,3,3,0,0,1,18,6060,8530,21,33.6,7,15,0
AMM-DU-0174,DU,Rooftop,C-RAN,3,3,0,3,3,3,0,0,1,18,6060,8530,21,33.6,7,15,0
AMM-DU-0175,DU,Rooftop,C-RAN,3,3,0,3,3,3,0,0,1,18,6060,8530,21,33.6,7,15,0
AMM-DU-0176,DU,Rooftop,C-RAN,3,3,0,3,3,3,0,0,1,18,6060,8530,21,33.6,7,15,0
AMM-DU-0177,DU,Rooftop,C-RAN,3,3,0,3,3,3,0,0,1,18,6060,8530,21,33.6,7,15,0
AMM-DU-0178,DU,Rooftop,C-RAN,3,3,0,3,3,3,0,0,1,18,6060,8530,21,33.6,7,15,0
AMM-DU-0179,DU,Rooftop,C-RAN,3,3,0,3,3,3,0,0,1,18,6060,8530,21,33.6,7,15,0
AMM-DU-0180,DU,Rooftop,C-RAN,3,3,0,3,3,3,0,0,1,18,6060,8530,21,33.6,7,15,0
AMM-DU-0181,DU,Rooftop,C-RAN,3,3,0,3,3,3,0,0,1,18,6060,8530,21,33.6,7,15,0
AMM-DU-0182,DU,Rooftop,C-RAN,3,3,0,3,3,3,0,0,1,18,6060,8530,21,33.6,7,15,0
AMM-DU-0183,DU,Rooftop,C-RAN,3,3,0,3,3,3,0,0,1,18,6060,8530,21,33.6,7,15,0
AMM-DU-0184,DU,Rooftop,C-RAN,3,3,0,3,3,3,0,0,1,18,6060,8530,21,33.6,7,15,0
AMM-DU-0185,DU,Rooftop,C-RAN,3,3,0,3,3,3,0,0,1,18,6060,8530,21,33.6,7,15,0
AMM-DU-0186,DU,Rooftop,C-RAN,3,3,0,3,3,3,0,0,1,18,6060,8530,21,33.6,7,15,0
AMM-DU-0187,DU,Rooftop,C-RAN,3,3,0,3,3,3,0,0,1,18,6060,8530,21,33.6,7,15,0
AMM-DU-0188,DU,Rooftop,C-RAN,3,3,0,3,3,3,0,0,1,18,6060,8530,21,33.6,7,15,0
AMM-DU-0189,DU,Rooftop,C-RAN,3,3,0,3,3,3,0,0,1,18,6060,8530,21,33.6,7,15,0
AMM-DU-0190,DU,Rooftop,C-RAN,3,3,0,3,3,3,0,0,1,18,6060,8530,21,33.6,7,15,0
AMM-DU-0191,DU,Rooftop,C-RAN,3,3,0,3,3,3,0,0,1,18,6060,8530,21,33.6,7,15,0
AMM-DU-0192,DU,Rooftop,C-RAN,3,3,0,3,3,3,0,0,1,18,6060,8530,21,33.6,7,15,0
AMM-DU-0193,DU,Rooftop,C-RAN,3,3,0,3,3,3,0,0,1,18,6060,8530,21,33.6,7,15,0
AMM-DU-0194,DU,Rooftop,C-RAN,3,3,0,3,3,3,0,0,1,18,6060,8530,21,33.6,7,15,0
AMM-DU-0195,DU,Rooftop,C-RAN,3,3,0,3,3,3,0,0,1,18,6060,8530,21,33.6,7,15,0
AMM-DU-0196,DU,Rooftop,C-RAN,3,3,0,3,3,3,0,0,1,18,6060,8530,21,33.6,7,15,0
AMM-DU-0197,DU,Rooftop,C-RAN,3,3,0,3,3,3,0,0,1,18,6060,8530,21,33.6,7,15,0
AMM-DU-0198,DU,Rooftop,C-RAN,3,3,0,3,3,3,0,0,1,18,6060,8530,21,33.6,7,15,0
AMM-DU-0199,DU,Rooftop,C-RAN,3,3,0,3,3,3,0,0,1,18,6060,8530,21,33.6,7,15,0
AMM-DU-0200,DU,Rooftop,C-RAN,3,3,0,3,3,3,0,0,1,18,6060,8530,21,33.6,7,15,0
AMM-DU-0201,DU,Rooftop,C-RAN,3,3,0,3,3,3,0,0,1,18,6060,8530,21,33.6,7,15,0
AMM-DU-0202,DU,Rooftop,C-RAN,3,3,0,3,3,3,0,0,1,18,6060,8530,21,33.6,7,15,0
AMM-DU-0203,DU,Rooftop,C-RAN,3,3,0,3,3,3,0,0,1,18,6060,8530,21,33.6,7,15,0
AMM-DU-0204,DU,Rooftop,C-RAN,3,3,0,3,3,3,0,0,1,18,6060,8530,21,33.6,7,15,0
AMM-DU-0205,DU,Rooftop,C-RAN,3,3,0,3,3,3,0,0,1,18,6060,8530,21,33.6,7,15,0
AMM-DU-0206,DU,Rooftop,C-RAN,3,3,0,3,3,3,0,0,1,18,6060,8530,21,33.6,7,15,0
AMM-DU-0207,DU,Rooftop,C-RAN,3,3,0,3,3,3,0,0,1,18,6060,8530,21,33.6,7,15,0
AMM-DU-0208,DU,Rooftop,C-RAN,3,3,0,3,3,3,0,0,1,18,6060,8530,21,33.6,7,15,0
AMM-DU-0209,DU,Rooftop,C-RAN,3,3,0,3,3,3,0,0,1,18,6060,8530,21,33.6,7,15,0
AMM-DU-0210,DU,Rooftop,C-RAN,3,3,0,3,3,3,0,0,1,18,6060,8530,21,33.6,7,15,0
AMM-DU-0211,DU,Rooftop,C-RAN,3,3,0,3,3,3,0,0,1,18,6060,8530,21,33.6,7,15,0
AMM-DU-0212,DU,Rooftop,C-RAN,3,3,0,3,3,3,0,0,1,18,6060,8530,21,33.6,7,15,0
AMM-DU-0213,DU,Rooftop,C-RAN,3,3,0,3,3,3,0,0,1,18,6060,8530,21,33.6,7,15,0
AMM-DU-0214,DU,Rooftop,C-RAN,3,3,0,3,3,3,0,0,1,18,6060,8530,21,33.6,7,15,0
AMM-DU-0215,DU,Rooftop,C-RAN,3,3,0,3,3,3,0,0,1,18,6060,8530,21,33.6,7,15,0
AMM-DU-0216,DU,Rooftop,C-RAN,3,3,0,3,3,3,0,0,1,18,6060,8530,21,33.6,7,15,0
AMM-DU-0217,DU,Rooftop,C-RAN,3,3,0,3,3,3,0,0,1,18,6060,8530,21,33.6,7,15,0
AMM-DU-0218,DU,Rooftop,C-RAN,3,3,0,3,3,3,0,0,1,18,6060,8530,21,33.6,7,15,0
AMM-DU-0219,DU,Rooftop,C-RAN,3,3,0,3,3,3,0,0,1,18,6060,8530,21,33.6,7,15,0
AMM-DU-0220,DU,Rooftop,C-RAN,3,3,0,3,3,3,0,0,1,18,6060,8530,21,33.6,7,15,0
AMM-DU-0221,DU,Rooftop,C-RAN,3,3,0,3,3,3,0,0,1,18,6060,8530,21,33.6,7,15,0
AMM-DU-0222,DU,Rooftop,C-RAN,3,3,0,3,3,3,0,0,1,18,6060,8530,21,33.6,7,15,0
AMM-DU-0223,DU,Rooftop,C-RAN,3,3,0,3,3,3,0,0,1,18,6060,8530,21,33.6,7,15,0
AMM-DU-0224,DU,Rooftop,C-RAN,3,3,0,3,3,3,0,0,1,18,6060,8530,21,33.6,7,15,0
AMM-DU-0225,DU,Rooftop,C-RAN,3,3,0,3,3,3,0,0,1,18,6060,8530,21,33.6,7,15,0
AMM-DU-0226,DU,Rooftop,C-RAN,3,3,0,3,3,3,0,0,1,18,6060,8530,21,33.6,7,15,0
AMM-DU-0227,DU,Rooftop,C-RAN,3,3,0,3,3,3,0,0,1,18,6060,8530,21,33.6,7,15,0
AMM-DU-0228,DU,Rooftop,C-RAN,3,3,0,3,3,3,0,0,1,18,6060,8530,21,33.6,7,15,0
AMM-DU-0229,DU,Rooftop,C-RAN,3,3,0,3,3,3,0,0,1,18,6060,8530,21,33.6,7,15,0
AMM-DU-0230,DU,Rooftop,C-RAN,3,3,0,3,3,3,0,0,1,18,6060,8530,21,33.6,7,15,0
AMM-DU-0231,DU,Rooftop,C-RAN,3,3,0,3,3,3,0,0,1,18,6060,8530,21,33.6,7,15,0
AMM-DU-0232,DU,Rooftop,C-RAN,3,3,0,3,3,3,0,0,1,18,6060,8530,21,33.6,7,15,0
AMM-DU-0233,DU,Rooftop,C-RAN,3,3,0,3,3,3,0,0,1,18,6060,8530,21,33.6,7,15,0
AMM-DU-0234,DU,Rooftop,C-RAN,3,3,0,3,3,3,0,0,1,18,6060,8530,21,33.6,7,15,0
AMM-DU-0235,DU,Rooftop,C-RAN,3,3,0,3,3,3,0,0,1,18,6060,8530,21,33.6,7,15,0
AMM-DU-0236,DU,Rooftop,C-RAN,3,3,0,3,3,3,0,0,1,18,6060,8530,21,33.6,7,15,0
AMM-DU-0237,DU,Rooftop,C-RAN,3,3,0,3,3,3,0,0,1,18,6060,8530,21,33.6,7,15,0
AMM-DU-0238,DU,Rooftop,C-RAN,3,3,0,3,3,3,0,0,1,18,6060,8530,21,33.6,7,15,0
AMM-DU-0239,DU,Rooftop,C-RAN,3,3,0,3,3,3,0,0,1,18,6060,8530,21,33.6,7,15,0
AMM-DU-0240,DU,Rooftop,C-RAN,3,3,0,3,3,3,0,0,1,18,6060,8530,21,33.6,7,15,0
AMM-DU-0241,DU,Rooftop,C-RAN,3,3,0,3,3,3,0,0,1,18,6060,8530,21,33.6,7,15,0
AMM-DU-0242,DU,Rooftop,C-RAN,3,3,0,3,3,3,0,0,1,18,6060,8530,21,33.6,7,15,0
AMM-DU-0243,DU,Rooftop,C-RAN,3,3,0,3,3,3,0,0,1,18,6060,8530,21,33.6,7,15,0
AMM-DU-0244,DU,Rooftop,C-RAN,3,3,0,3,3,3,0,0,1,18,6060,8530,21,33.6,7,15,0
AMM-DU-0245,DU,Rooftop,C-RAN,3,3,0,3,3,3,0,0,1,18,6060,8530,21,33.6,7,15,0
AMM-DU-0246,DU,Rooftop,C-RAN,3,3,0,3,3,3,0,0,1,18,6060,8530,21,33.6,7,15,0
AMM-DU-0247,DU,Rooftop,C-RAN,3,3,0,3,3,3,0,0,1,18,6060,8530,21,33.6,7,15,0
AMM-DU-0248,DU,Rooftop,C-RAN,3,3,0,3,3,3,0,0,1,18,6060,8530,21,33.6,7,15,0
AMM-DU-0249,DU,Rooftop,C-RAN,3,3,0,3,3,3,0,0,1,18,6060,8530,21,33.6,7,15,0
AMM-DU-0250,DU,Rooftop,C-RAN,3,3,0,3,3,3,0,0,1,18,6060,8530,21,33.6,7,15,0
AMM-DU-0251,DU,Rooftop,C-RAN,3,3,0,3,3,3,0,0,1,18,6060,8530,21,33.6,7,15,0
AMM-DU-0252,DU,Rooftop,C-RAN,3,3,0,3,3,3,0,0,1,18,6060,8530,21,33.6,7,15,0
AMM-DU-0253,DU,Rooftop,C-RAN,3,3,0,3,3,3,0,0,1,18,6060,8530,21,33.6,7,15,0
AMM-DU-0254,DU,Rooftop,C-RAN,3,3,0,3,3,3,0,0,1,18,6060,8530,21,33.6,7,15,0
AMM-DU-0255,DU,Rooftop,C-RAN,3,3,0,3,3,3,0,0,1,18,6060,8530,21,33.6,7,15,0
AMM-DU-0256,DU,Rooftop,C-RAN,3,3,0,3,3,3,0,0,1,18,6060,8530,21,33.6,7,15,0
AMM-DU-0257,DU,Rooftop,C-RAN,3,3,0,3,3,3,0,0,1,18,6060,8530,21,33.6,7,15,0
AMM-DU-0258,DU,Rooftop,C-RAN,3,3,0,3,3,3,0,0,1,18,6060,8530,21,33.6,7,15,0
AMM-DU-0259,DU,Rooftop,C-RAN,3,3,0,3,3,3,0,0,1,18,6060,8530,21,33.6,7,15,0
AMM-DU-0260,DU,Rooftop,C-RAN,3,3,0,3,3,3,0,0,1,18,6060,8530,21,33.6,7,15,0
AMM-DU-0261,DU,Rooftop,C-RAN,3,3,0,3,3,3,0,0,1,18,6060,8530,21,33.6,7,15,0
AMM-DU-0262,DU,Rooftop,C-RAN,3,3,0,3,3,3,0,0,1,18,6060,8530,21,33.6,7,15,0
AMM-DU-0263,DU,Rooftop,C-RAN,3,3,0,3,3,3,0,0,1,18,6060,8530,21,33.6,7,15,0
AMM-DU-0264,DU,Rooftop,C-RAN,3,3,0,3,3,3,0,0,1,18,6060,8530,21,33.6,7,15,0
AMM-DU-0265,DU,Rooftop,C-RAN,3,3,0,3,3,3,0,0,1,18,6060,8530,21,33.6,7,15,0
AMM-DU-0266,DU,Rooftop,C-RAN,3,3,0,3,3,3,0,0,1,18,6060,8530,21,33.6,7,15,0
AMM-DU-0267,DU,Rooftop,C-RAN,3,3,0,3,3,3,0,0,1,18,6060,8530,21,33.6,7,15,0
AMM-DU-0268,DU,Rooftop,C-RAN,3,3,0,3,3,3,0,0,1,18,6060,8530,21,33.6,7,15,0
AMM-DU-0269,DU,Rooftop,C-RAN,3,3,0,3,3,3,0,0,1,18,6060,8530,21,33.6,7,15,0
AMM-DU-0270,DU,Rooftop,C-RAN,3,3,0,3,3,3,0,0,1,18,6060,8530,21,33.6,7,15,0
AMM-DU-0271,DU,Rooftop,C-RAN,3,3,0,3,3,3,0,0,1,18,6060,8530,21,33.6,7,15,0
AMM-DU-0272,DU,Rooftop,C-RAN,3,3,0,3,3,3,0,0,1,18,6060,8530,21,33.6,7,15,0
AMM-DU-0273,DU,Rooftop,C-RAN,3,3,0,3,3,3,0,0,1,18,6060,8530,21,33.6,7,15,0
AMM-DU-0274,DU,Rooftop,C-RAN,3,3,0,3,3,3,0,0,1,18,6060,8530,21,33.6,7,15,0
AMM-DU-0275,DU,Rooftop,C-RAN,3,3,0,3,3,3,0,0,1,18,6060,8530,21,33.6,7,15,0
AMM-DU-0276,DU,Rooftop,C-RAN,3,3,0,3,3,3,0,0,1,18,6060,8530,21,33.6,7,15,0
AMM-DU-0277,DU,Rooftop,C-RAN,3,3,0,3,3,3,0,0,1,18,6060,8530,21,33.6,7,15,0
AMM-DU-0278,DU,Rooftop,C-RAN,3,3,0,3,3,3,0,0,1,18,6060,8530,21,33.6,7,15,0
AMM-DU-0279,DU,Rooftop,C-RAN,3,3,0,3,3,3,0,0,1,18,6060,8530,21,33.6,7,15,0
AMM-DU-0280,DU,Rooftop,C-RAN,3,3,0,3,3,3,0,0,1,18,6060,8530,21,33.6,7,15,0
AMM-DU-0281,DU,Rooftop,C-RAN,3,3,0,3,3,3,0,0,1,18,6060,8530,21,33.6,7,15,0
AMM-DU-0282,DU,Rooftop,C-RAN,3,3,0,3,3,3,0,0,1,18,6060,8530,21,33.6,7,15,0
AMM-DU-0283,DU,Rooftop,C-RAN,3,3,0,3,3,3,0,0,1,18,6060,8530,21,33.6,7,15,0
AMM-DU-0284,DU,Rooftop,C-RAN,3,3,0,3,3,3,0,0,1,18,6060,8530,21,33.6,7,15,0
AMM-DU-0285,DU,Rooftop,C-RAN,3,3,0,3,3,3,0,0,1,18,6060,8530,21,33.6,7,15,0
AMM-DU-0286,DU,Rooftop,C-RAN,3,3,0,3,3,3,0,0,1,18,6060,8530,21,33.6,7,15,0
AMM-DU-0287,DU,Rooftop,C-RAN,3,3,0,3,3,3,0,0,1,18,6060,8530,21,33.6,7,15,0
AMM-DU-0288,DU,Rooftop,C-RAN,3,3,0,3,3,3,0,0,1,18,6060,8530,21,33.6,7,15,0
AMM-DU-0289,DU,Rooftop,C-RAN,3,3,0,3,3,3,0,0,1,18,6060,8530,21,33.6,7,15,0
AMM-DU-0290,DU,Rooftop,C-RAN,3,3,0,3,3,3,0,0,1,18,6060,8530,21,33.6,7,15,0
AMM-DU-0291,DU,Rooftop,C-RAN,3,3,0,3,3,3,0,0,1,18,6060,8530,21,33.6,7,15,0
AMM-DU-0292,DU,Rooftop,C-RAN,3,3,0,3,3,3,0,0,1,18,6060,8530,21,33.6,7,15,0
AMM-DU-0293,DU,Rooftop,C-RAN,3,3,0,3,3,3,0,0,1,18,6060,8530,21,33.6,7,15,0
AMM-DU-0294,DU,Rooftop,C-RAN,3,3,0,3,3,3,0,0,1,18,6060,8530,21,33.6,7,15,0
AMM-DU-0295,DU,Rooftop,C-RAN,3,3,0,3,3,3,0,0,1,18,6060,8530,21,33.6,7,15,0
AMM-DU-0296,DU,Rooftop,C-RAN,3,3,0,3,3,3,0,0,1,18,6060,8530,21,33.6,7,15,0
AMM-DU-0297,DU,Rooftop,C-RAN,3,3,0,3,3,3,0,0,1,18,6060,8530,21,33.6,7,15,0
AMM-DU-0298,DU,Rooftop,C-RAN,3,3,0,3,3,3,0,0,1,18,6060,8530,21,33.6,7,15,0
AMM-DU-0299,DU,Rooftop,C-RAN,3,3,0,3,3,3,0,0,1,18,6060,8530,21,33.6,7,15,0
AMM-DU-0300,DU,Rooftop,C-RAN,3,3,0,3,3,3,0,0,1,18,6060,8530,21,33.6,7,15,0
AMM-DU-0301,DU,Rooftop,C-RAN,3,3,0,3,3,3,0,0,1,18,6060,8530,21,33.6,7,15,0
AMM-DU-0302,DU,Rooftop,C-RAN,3,3,0,3,3,3,0,0,1,18,6060,8530,21,33.6,7,15,0
AMM-DU-0303,DU,Rooftop,C-RAN,3,3,0,3,3,3,0,0,1,18,6060,8530,21,33.6,7,15,0
AMM-DU-0304,DU,Rooftop,C-RAN,3,3,0,3,3,3,0,0,1,18,6060,8530,21,33.6,7,15,0
AMM-DU-0305,DU,Rooftop,C-RAN,3,3,0,3,3,3,0,0,1,18,6060,8530,21,33.6,7,15,0
AMM-DU-0306,DU,Rooftop,C-RAN,3,3,0,3,3,3,0,0,1,18,6060,8530,21,33.6,7,15,0
AMM-DU-0307,DU,Rooftop,C-RAN,3,3,0,3,3,3,0,0,1,18,6060,8530,21,33.6,7,15,0
AMM-DU-0308,DU,Rooftop,C-RAN,3,3,0,3,3,3,0,0,1,18,6060,8530,21,33.6,7,15,0
AMM-DU-0309,DU,Rooftop,C-RAN,3,3,0,3,3,3,0,0,1,18,6060,8530,21,33.6,7,15,0
AMM-DU-0310,DU,Rooftop,C-RAN,3,3,0,3,3,3,0,0,1,18,6060,8530,21,33.6,7,15,0
AMM-DU-0311,DU,Rooftop,C-RAN,3,3,0,3,3,3,0,0,1,18,6060,8530,21,33.6,7,15,0
AMM-DU-0312,DU,Rooftop,C-RAN,3,3,0,3,3,3,0,0,1,18,6060,8530,21,33.6,7,15,0
AMM-DU-0313,DU,Rooftop,C-RAN,3,3,0,3,3,3,0,0,1,18,6060,8530,21,33.6,7,15,0
AMM-DU-0314,DU,Rooftop,C-RAN,3,3,0,3,3,3,0,0,1,18,6060,8530,21,33.6,7,15,0
AMM-DU-0315,DU,Rooftop,C-RAN,3,3,0,3,3,3,0,0,1,18,6060,8530,21,33.6,7,15,0
AMM-DU-0316,DU,Rooftop,C-RAN,3,3,0,3,3,3,0,0,1,18,6060,8530,21,33.6,7,15,0
AMM-DU-0317,DU,Rooftop,C-RAN,3,3,0,3,3,3,0,0,1,18,6060,8530,21,33.6,7,15,0
AMM-DU-0318,DU,Rooftop,C-RAN,3,3,0,3,3,3,0,0,1,18,6060,8530,21,33.6,7,15,0
AMM-DU-0319,DU,Rooftop,C-RAN,3,3,0,3,3,3,0,0,1,18,6060,8530,21,33.6,7,15,0
AMM-DU-0320,DU,Rooftop,C-RAN,3,3,0,3,3,3,0,0,1,18,6060,8530,21,33.6,7,15,0
AMM-DU-0321,DU,Rooftop,C-RAN,3,3,0,3,3,3,0,0,1,18,6060,8530,21,33.6,7,15,0
AMM-DU-0322,DU,Rooftop,C-RAN,3,3,0,3,3,3,0,0,1,18,6060,8530,21,33.6,7,15,0
AMM-DU-0323,DU,Rooftop,C-RAN,3,3,0,3,3,3,0,0,1,18,6060,8530,21,33.6,7,15,0
AMM-DU-0324,DU,Rooftop,C-RAN,3,3,0,3,3,3,0,0,1,18,6060,8530,21,33.6,7,15,0
AMM-DU-0325,DU,Rooftop,C-RAN,3,3,0,3,3,3,0,0,1,18,6060,8530,21,33.6,7,15,0
AMM-DU-0326,DU,Rooftop,C-RAN,3,3,0,3,3,3,0,0,1,18,6060,8530,21,33.6,7,15,0
AMM-DU-0327,DU,Rooftop,C-RAN,3,3,0,3,3,3,0,0,1,18,6060,8530,21,33.6,7,15,0
AMM-DU-0328,DU,Rooftop,C-RAN,3,3,0,3,3,3,0,0,1,18,6060,8530,21,33.6,7,15,0
AMM-DU-0329,DU,Rooftop,C-RAN,3,3,0,3,3,3,0,0,1,18,6060,8530,21,33.6,7,15,0
AMM-DU-0330,DU,Rooftop,C-RAN,3,3,0,3,3,3,0,0,1,18,6060,8530,21,33.6,7,15,0
AMM-DU-0331,DU,Rooftop,C-RAN,3,3,0,3,3,3,0,0,1,18,6060,8530,21,33.6,7,15,0
AMM-DU-0332,DU,Rooftop,C-RAN,3,3,0,3,3,3,0,0,1,18,6060,8530,21,33.6,7,15,0
AMM-DU-0333,DU,Rooftop,C-RAN,3,3,0,3,3,3,0,0,1,18,6060,8530,21,33.6,7,15,0
AMM-DU-0334,DU,Rooftop,C-RAN,3,3,0,3,3,3,0,0,1,18,6060,8530,21,33.6,7,15,0
AMM-DU-0335,DU,Rooftop,C-RAN,3,3,0,3,3,3,0,0,1,18,6060,8530,21,33.6,7,15,0
AMM-DU-0336,DU,Rooftop,C-RAN,3,3,0,3,3,3,0,0,1,18,6060,8530,21,33.6,7,15,0
AMM-DU-0337,DU,Rooftop,C-RAN,3,3,0,3,3,3,0,0,1,18,6060,8530,21,33.6,7,15,0
AMM-DU-0338,DU,Rooftop,C-RAN,3,3,0,3,3,3,0,0,1,18,6060,8530,21,33.6,7,15,0
AMM-DU-0339,DU,Rooftop,C-RAN,3,3,0,3,3,3,0,0,1,18,6060,8530,21,33.6,7,15,0
AMM-DU-0340,DU,Rooftop,C-RAN,3,3,0,3,3,3,0,0,1,18,6060,8530,21,33.6,7,15,0
AMM-DU-0341,DU,Rooftop,C-RAN,3,3,0,3,3,3,0,0,1,18,6060,8530,21,33.6,7,15,0
AMM-DU-0342,DU,Rooftop,C-RAN,3,3,0,3,3,3,0,0,1,18,6060,8530,21,33.6,7,15,0
AMM-DU-0343,DU,Rooftop,C-RAN,3,3,0,3,3,3,0,0,1,18,6060,8530,21,33.6,7,15,0
AMM-DU-0344,DU,Rooftop,C-RAN,3,3,0,3,3,3,0,0,1,18,6060,8530,21,33.6,7,15,0
AMM-DU-0345,DU,Rooftop,C-RAN,3,3,0,3,3,3,0,0,1,18,6060,8530,21,33.6,7,15,0
AMM-DU-0346,DU,Rooftop,C-RAN,3,3,0,3,3,3,0,0,1,18,6060,8530,21,33.6,7,15,0
AMM-DU-0347,DU,Rooftop,C-RAN,3,3,0,3,3,3,0,0,1,18,6060,8530,21,33.6,7,15,0
AMM-DU-0348,DU,Rooftop,C-RAN,3,3,0,3,3,3,0,0,1,18,6060,8530,21,33.6,7,15,0
AMM-DU-0349,DU,Rooftop,C-RAN,3,3,0,3,3,3,0,0,1,18,6060,8530,21,33.6,7,15,0
AMM-DU-0350,DU,Rooftop,C-RAN,3,3,0,3,3,3,0,0,1,18,6060,8530,21,33.6,7,15,0
AMM-DU-0351,DU,Rooftop,C-RAN,3,3,0,3,3,3,0,0,1,18,6060,8530,21,33.6,7,15,0
AMM-DU-0352,DU,Rooftop,C-RAN,3,3,0,3,3,3,0,0,1,18,6060,8530,21,33.6,7,15,0
AMM-DU-0353,DU,Rooftop,C-RAN,3,3,0,3,3,3,0,0,1,18,6060,8530,21,33.6,7,15,0
AMM-DU-0354,DU,Rooftop,C-RAN,3,3,0,3,3,3,0,0,1,18,6060,8530,21,33.6,7,15,0
AMM-DU-0355,DU,Rooftop,C-RAN,3,3,0,3,3,3,0,0,1,18,6060,8530,21,33.6,7,15,0
AMM-DU-0356,DU,Rooftop,C-RAN,3,3,0,3,3,3,0,0,1,18,6060,8530,21,33.6,7,15,0
AMM-DU-0357,DU,Rooftop,C-RAN,3,3,0,3,3,3,0,0,1,18,6060,8530,21,33.6,7,15,0
AMM-DU-0358,DU,Rooftop,C-RAN,3,3,0,3,3,3,0,0,1,18,6060,8530,21,33.6,7,15,0
AMM-DU-0359,DU,Rooftop,C-RAN,3,3,0,3,3,3,0,0,1,18,6060,8530,21,33.6,7,15,0
AMM-DU-0360,DU,Rooftop,C-RAN,3,3,0,3,3,3,0,0,1,18,6060,8530,21,33.6,7,15,0
AMM-DU-0361,DU,Rooftop,C-RAN,3,3,0,3,3,3,0,0,1,18,6060,8530,21,33.6,7,15,0
AMM-DU-0362,DU,Rooftop,C-RAN,3,3,0,3,3,3,0,0,1,18,6060,8530,21,33.6,7,15,0
AMM-DU-0363,DU,Rooftop,C-RAN,3,3,0,3,3,3,0,0,1,18,6060,8530,21,33.6,7,15,0
AMM-DU-0364,DU,Rooftop,C-RAN,3,3,0,3,3,3,0,0,1,18,6060,8530,21,33.6,7,15,0
AMM-DU-0365,DU,Rooftop,C-RAN,3,3,0,3,3,3,0,0,1,18,6060,8530,21,33.6,7,15,0
AMM-DU-0366,DU,Rooftop,C-RAN,3,3,0,3,3,3,0,0,1,18,6060,8530,21,33.6,7,15,0
AMM-DU-0367,DU,Rooftop,C-RAN,3,3,0,3,3,3,0,0,1,18,6060,8530,21,33.6,7,15,0
AMM-DU-0368,DU,Rooftop,C-RAN,3,3,0,3,3,3,0,0,1,18,6060,8530,21,33.6,7,15,0
AMM-DU-0369,DU,Rooftop,C-RAN,3,3,0,3,3,3,0,0,1,18,6060,8530,21,33.6,7,15,0
AMM-DU-0370,DU,Rooftop,C-RAN,3,3,0,3,3,3,0,0,1,18,6060,8530,21,33.6,7,15,0
AMM-DU-0371,DU,Rooftop,C-RAN,3,3,0,3,3,3,0,0,1,18,6060,8530,21,33.6,7,15,0
AMM-DU-0372,DU,Rooftop,C-RAN,3,3,0,3,3,3,0,0,1,18,6060,8530,21,33.6,7,15,0
AMM-DU-0373,DU,Rooftop,C-RAN,3,3,0,3,3,3,0,0,1,18,6060,8530,21,33.6,7,15,0
AMM-DU-0374,DU,Rooftop,C-RAN,3,3,0,3,3,3,0,0,1,18,6060,8530,21,33.6,7,15,0
AMM-DU-0375,DU,Rooftop,C-RAN,3,3,0,3,3,3,0,0,1,18,6060,8530,21,33.6,7,15,0
AMM-DU-0376,DU,Rooftop,C-RAN,3,3,0,3,3,3,0,0,1,18,6060,8530,21,33.6,7,15,0
AMM-DU-0377,DU,Rooftop,C-RAN,3,3,0,3,3,3,0,0,1,18,6060,8530,21,33.6,7,15,0
AMM-DU-0378,DU,Rooftop,C-RAN,3,3,0,3,3,3,0,0,1,18,6060,8530,21,33.6,7,15,0
AMM-DU-0379,DU,Rooftop,C-RAN,3,3,0,3,3,3,0,0,1,18,6060,8530,21,33.6,7,15,0
AMM-DU-0380,DU,Rooftop,C-RAN,3,3,0,3,3,3,0,0,1,18,6060,8530,21,33.6,7,15,0
AMM-DU-0381,DU,Rooftop,C-RAN,3,3,0,3,3,3,0,0,1,18,6060,8530,21,33.6,7,15,0
AMM-DU-0382,DU,Rooftop,C-RAN,3,3,0,3,3,3,0,0,1,18,6060,8530,21,33.6,7,15,0
AMM-DU-0383,DU,Rooftop,C-RAN,3,3,0,3,3,3,0,0,1,18,6060,8530,21,33.6,7,15,0
AMM-DU-0384,DU,Rooftop,C-RAN,3,3,0,3,3,3,0,0,1,18,6060,8530,21,33.6,7,15,0
AMM-DU-0385,DU,Rooftop,C-RAN,3,3,0,3,3,3,0,0,1,18,6060,8530,21,33.6,7,15,0
AMM-DU-0386,DU,Rooftop,C-RAN,3,3,0,3,3,3,0,0,1,18,6060,8530,21,33.6,7,15,0
AMM-DU-0387,DU,Rooftop,C-RAN,3,3,0,3,3,3,0,0,1,18,6060,8530,21,33.6,7,15,0
AMM-DU-0388,DU,Rooftop,C-RAN,3,3,0,3,3,3,0,0,1,18,6060,8530,21,33.6,7,15,0
AMM-DU-0389,DU,Rooftop,C-RAN,3,3,0,3,3,3,0,0,1,18,6060,8530,21,33.6,7,15,0
AMM-DU-0390,DU,Rooftop,C-RAN,3,3,0,3,3,3,0,0,1,18,6060,8530,21,33.6,7,15,0
AMM-DU-0391,DU,Rooftop,C-RAN,3,3,0,3,3,3,0,0,1,18,6060,8530,21,33.6,7,15,0
AMM-DU-0392,DU,Rooftop,C-RAN,3,3,0,3,3,3,0,0,1,18,6060,8530,21,33.6,7,15,0
AMM-DU-0393,DU,Rooftop,C-RAN,3,3,0,3,3,3,0,0,1,18,6060,8530,21,33.6,7,15,0
AMM-DU-0394,DU,Rooftop,C-RAN,3,3,0,3,3,3,0,0,1,18,6060,8530,21,33.6,7,15,0
AMM-DU-0395,DU,Rooftop,C-RAN,3,3,0,3,3,3,0,0,1,18,6060,8530,21,33.6,7,15,0
AMM-DU-0396,DU,Rooftop,C-RAN,3,3,0,3,3,3,0,0,1,18,6060,8530,21,33.6,7,15,0
AMM-DU-0397,DU,Rooftop,C-RAN,3,3,0,3,3,3,0,0,1,18,6060,8530,21,33.6,7,15,0
AMM-DU-0398,DU,Rooftop,C-RAN,3,3,0,3,3,3,0,0,1,18,6060,8530,21,33.6,7,15,0
AMM-DU-0399,DU,Rooftop,C-RAN,3,3,0,3,3,3,0,0,1,18,6060,8530,21,33.6,7,15,0
AMM-DU-0400,DU,Rooftop,C-RAN,3,3,0,3,3,3,0,0,1,18,6060,8530,21,33.6,7,15,0
AMM-DU-0401,DU,Rooftop,C-RAN,3,3,0,3,3,3,0,0,1,18,6060,8530,21,33.6,7,15,0
AMM-DU-0402,DU,Rooftop,C-RAN,3,3,0,3,3,3,0,0,1,18,6060,8530,21,33.6,7,15,0
AMM-DU-0403,DU,Rooftop,C-RAN,3,3,0,3,3,3,0,0,1,18,6060,8530,21,33.6,7,15,0
AMM-DU-0404,DU,Rooftop,C-RAN,3,3,0,3,3,3,0,0,1,18,6060,8530,21,33.6,7,15,0
AMM-DU-0405,DU,Rooftop,C-RAN,3,3,0,3,3,3,0,0,1,18,6060,8530,21,33.6,7,15,0
AMM-DU-0406,DU,Rooftop,C-RAN,3,3,0,3,3,3,0,0,1,18,6060,8530,21,33.6,7,15,0
AMM-DU-0407,DU,Rooftop,C-RAN,3,3,0,3,3,3,0,0,1,18,6060,8530,21,33.6,7,15,0
AMM-DU-0408,DU,Rooftop,C-RAN,3,3,0,3,3,3,0,0,1,18,6060,8530,21,33.6,7,15,0
AMM-DU-0409,DU,Rooftop,C-RAN,3,3,0,3,3,3,0,0,1,18,6060,8530,21,33.6,7,15,0
AMM-DU-0410,DU,Rooftop,C-RAN,3,3,0,3,3,3,0,0,1,18,6060,8530,21,33.6,7,15,0
AMM-DU-0411,DU,Rooftop,C-RAN,3,3,0,3,3,3,0,0,1,18,6060,8530,21,33.6,7,15,0
AMM-DU-0412,DU,Rooftop,C-RAN,3,3,0,3,3,3,0,0,1,18,6060,8530,21,33.6,7,15,0
AMM-DU-0413,DU,Rooftop,C-RAN,3,3,0,3,3,3,0,0,1,18,6060,8530,21,33.6,7,15,0
AMM-DU-0414,DU,Rooftop,C-RAN,3,3,0,3,3,3,0,0,1,18,6060,8530,21,33.6,7,15,0
AMM-DU-0415,DU,Rooftop,C-RAN,3,3,0,3,3,3,0,0,1,18,6060,8530,21,33.6,7,15,0
AMM-DU-0416,DU,Rooftop,C-RAN,3,3,0,3,3,3,0,0,1,18,6060,8530,21,33.6,7,15,0
AMM-DU-0417,DU,Rooftop,C-RAN,3,3,0,3,3,3,0,0,1,18,6060,8530,21,33.6,7,15,0
IRB-DU-0001,DU,Rooftop,C-RAN,3,3,0,3,3,3,0,0,1,18,6060,8530,21,33.6,7,15,0
IRB-DU-0002,DU,Rooftop,C-RAN,3,3,0,3,3,3,0,0,1,18,6060,8530,21,33.6,7,15,0
IRB-DU-0003,DU,Rooftop,C-RAN,3,3,0,3,3,3,0,0,1,18,6060,8530,21,33.6,7,15,0
IRB-DU-0004,DU,Rooftop,C-RAN,3,3,0,3,3,3,0,0,1,18,6060,8530,21,33.6,7,15,0
IRB-DU-0005,DU,Rooftop,C-RAN,3,3,0,3,3,3,0,0,1,18,6060,8530,21,33.6,7,15,0
IRB-DU-0006,DU,Rooftop,C-RAN,3,3,0,3,3,3,0,0,1,18,6060,8530,21,33.6,7,15,0
IRB-DU-0007,DU,Rooftop,C-RAN,3,3,0,3,3,3,0,0,1,18,6060,8530,21,33.6,7,15,0
IRB-DU-0008,DU,Rooftop,C-RAN,3,3,0,3,3,3,0,0,1,18,6060,8530,21,33.6,7,15,0
IRB-DU-0009,DU,Rooftop,C-RAN,3,3,0,3,3,3,0,0,1,18,6060,8530,21,33.6,7,15,0
IRB-DU-0010,DU,Rooftop,C-RAN,3,3,0,3,3,3,0,0,1,18,6060,8530,21,33.6,7,15,0
IRB-DU-0011,DU,Rooftop,C-RAN,3,3,0,3,3,3,0,0,1,18,6060,8530,21,33.6,7,15,0
IRB-DU-0012,DU,Rooftop,C-RAN,3,3,0,3,3,3,0,0,1,18,6060,8530,21,33.6,7,15,0
IRB-DU-0013,DU,Rooftop,C-RAN,3,3,0,3,3,3,0,0,1,18,6060,8530,21,33.6,7,15,0
IRB-DU-0014,DU,Rooftop,C-RAN,3,3,0,3,3,3,0,0,1,18,6060,8530,21,33.6,7,15,0
IRB-DU-0015,DU,Rooftop,C-RAN,3,3,0,3,3,3,0,0,1,18,6060,8530,21,33.6,7,15,0
IRB-DU-0016,DU,Rooftop,C-RAN,3,3,0,3,3,3,0,0,1,18,6060,8530,21,33.6,7,15,0
IRB-DU-0017,DU,Rooftop,C-RAN,3,3,0,3,3,3,0,0,1,18,6060,8530,21,33.6,7,15,0
IRB-DU-0018,DU,Rooftop,C-RAN,3,3,0,3,3,3,0,0,1,18,6060,8530,21,33.6,7,15,0
IRB-DU-0019,DU,Rooftop,C-RAN,3,3,0,3,3,3,0,0,1,18,6060,8530,21,33.6,7,15,0
IRB-DU-0020,DU,Rooftop,C-RAN,3,3,0,3,3,3,0,0,1,18,6060,8530,21,33.6,7,15,0
IRB-DU-0021,DU,Rooftop,C-RAN,3,3,0,3,3,3,0,0,1,18,6060,8530,21,33.6,7,15,0
IRB-DU-0022,DU,Rooftop,C-RAN,3,3,0,3,3,3,0,0,1,18,6060,8530,21,33.6,7,15,0
IRB-DU-0023,DU,Rooftop,C-RAN,3,3,0,3,3,3,0,0,1,18,6060,8530,21,33.6,7,15,0
IRB-DU-0024,DU,Rooftop,C-RAN,3,3,0,3,3,3,0,0,1,18,6060,8530,21,33.6,7,15,0
IRB-DU-0025,DU,Rooftop,C-RAN,3,3,0,3,3,3,0,0,1,18,6060,8530,21,33.6,7,15,0
IRB-DU-0026,DU,Rooftop,C-RAN,3,3,0,3,3,3,0,0,1,18,6060,8530,21,33.6,7,15,0
IRB-DU-0027,DU,Rooftop,C-RAN,3,3,0,3,3,3,0,0,1,18,6060,8530,21,33.6,7,15,0
IRB-DU-0028,DU,Rooftop,C-RAN,3,3,0,3,3,3,0,0,1,18,6060,8530,21,33.6,7,15,0
IRB-DU-0029,DU,Rooftop,C-RAN,3,3,0,3,3,3,0,0,1,18,6060,8530,21,33.6,7,15,0
IRB-DU-0030,DU,Rooftop,C-RAN,3,3,0,3,3,3,0,0,1,18,6060,8530,21,33.6,7,15,0
IRB-DU-0031,DU,Rooftop,C-RAN,3,3,0,3,3,3,0,0,1,18,6060,8530,21,33.6,7,15,0
IRB-DU-0032,DU,Rooftop,C-RAN,3,3,0,3,3,3,0,0,1,18,6060,8530,21,33.6,7,15,0
IRB-DU-0033,DU,Rooftop,C-RAN,3,3,0,3,3,3,0,0,1,18,6060,8530,21,33.6,7,15,0
IRB-DU-0034,DU,Rooftop,C-RAN,3,3,0,3,3,3,0,0,1,18,6060,8530,21,33.6,7,15,0
IRB-DU-0035,DU,Rooftop,C-RAN,3,3,0,3,3,3,0,0,1,18,6060,8530,21,33.6,7,15,0
IRB-DU-0036,DU,Rooftop,C-RAN,3,3,0,3,3,3,0,0,1,18,6060,8530,21,33.6,7,15,0
IRB-DU-0037,DU,Rooftop,C-RAN,3,3,0,3,3,3,0,0,1,18,6060,8530,21,33.6,7,15,0
IRB-DU-0038,DU,Rooftop,C-RAN,3,3,0,3,3,3,0,0,1,18,6060,8530,21,33.6,7,15,0
IRB-DU-0039,DU,Rooftop,C-RAN,3,3,0,3,3,3,0,0,1,18,6060,8530,21,33.6,7,15,0
IRB-DU-0040,DU,Rooftop,C-RAN,3,3,0,3,3,3,0,0,1,18,6060,8530,21,33.6,7,15,0
IRB-DU-0041,DU,Rooftop,C-RAN,3,3,0,3,3,3,0,0,1,18,6060,8530,21,33.6,7,15,0
IRB-DU-0042,DU,Rooftop,C-RAN,3,3,0,3,3,3,0,0,1,18,6060,8530,21,33.6,7,15,0
IRB-DU-0043,DU,Rooftop,C-RAN,3,3,0,3,3,3,0,0,1,18,6060,8530,21,33.6,7,15,0
IRB-DU-0044,DU,Rooftop,C-RAN,3,3,0,3,3,3,0,0,1,18,6060,8530,21,33.6,7,15,0
IRB-DU-0045,DU,Rooftop,C-RAN,3,3,0,3,3,3,0,0,1,18,6060,8530,21,33.6,7,15,0
IRB-DU-0046,DU,Rooftop,C-RAN,3,3,0,3,3,3,0,0,1,18,6060,8530,21,33.6,7,15,0
IRB-DU-0047,DU,Rooftop,C-RAN,3,3,0,3,3,3,0,0,1,18,6060,8530,21,33.6,7,15,0
IRB-DU-0048,DU,Rooftop,C-RAN,3,3,0,3,3,3,0,0,1,18,6060,8530,21,33.6,7,15,0
IRB-DU-0049,DU,Rooftop,C-RAN,3,3,0,3,3,3,0,0,1,18,6060,8530,21,33.6,7,15,0
IRB-DU-0050,DU,Rooftop,C-RAN,3,3,0,3,3,3,0,0,1,18,6060,8530,21,33.6,7,15,0
IRB-DU-0051,DU,Rooftop,C-RAN,3,3,0,3,3,3,0,0,1,18,6060,8530,21,33.6,7,15,0
IRB-DU-0052,DU,Rooftop,C-RAN,3,3,0,3,3,3,0,0,1,18,6060,8530,21,33.6,7,15,0
IRB-DU-0053,DU,Rooftop,C-RAN,3,3,0,3,3,3,0,0,1,18,6060,8530,21,33.6,7,15,0
IRB-DU-0054,DU,Rooftop,C-RAN,3,3,0,3,3,3,0,0,1,18,6060,8530,21,33.6,7,15,0
IRB-DU-0055,DU,Rooftop,C-RAN,3,3,0,3,3,3,0,0,1,18,6060,8530,21,33.6,7,15,0
IRB-DU-0056,DU,Rooftop,C-RAN,3,3,0,3,3,3,0,0,1,18,6060,8530,21,33.6,7,15,0
IRB-DU-0057,DU,Rooftop,C-RAN,3,3,0,3,3,3,0,0,1,18,6060,8530,21,33.6,7,15,0
IRB-DU-0058,DU,Rooftop,C-RAN,3,3,0,3,3,3,0,0,1,18,6060,8530,21,33.6,7,15,0
IRB-DU-0059,DU,Rooftop,C-RAN,3,3,0,3,3,3,0,0,1,18,6060,8530,21,33.6,7,15,0
IRB-DU-0060,DU,Rooftop,C-RAN,3,3,0,3,3,3,0,0,1,18,6060,8530,21,33.6,7,15,0
AQB-U-0001,U,Monopole / greenfield,C-RAN,3,3,0,3,3,3,0,0,1,18,6060,8530,21,33.6,7,15,0
AQB-U-0002,U,Monopole / greenfield,C-RAN,3,3,0,3,3,3,0,0,1,18,6060,8530,21,33.6,7,15,0
AQB-U-0003,U,Monopole / greenfield,C-RAN,3,3,0,3,3,3,0,0,1,18,6060,8530,21,33.6,7,15,0
AQB-U-0004,U,Monopole / greenfield,C-RAN,3,3,0,3,3,3,0,0,1,18,6060,8530,21,33.6,7,15,0
AQB-U-0005,U,Rooftop,C-RAN,3,3,0,3,3,3,0,0,1,18,6060,8530,21,33.6,7,15,0
AQB-U-0006,U,Rooftop,C-RAN,3,3,0,3,3,3,0,0,1,18,6060,8530,21,33.6,7,15,0
AQB-U-0007,U,Monopole / greenfield,C-RAN,3,3,0,3,3,3,0,0,1,18,6060,8530,21,33.6,7,15,0
AQB-U-0008,U,Monopole / greenfield,C-RAN,3,3,0,3,3,3,0,0,1,18,6060,8530,21,33.6,7,15,0
AQB-U-0009,U,Rooftop,C-RAN,3,3,0,3,3,3,0,0,1,18,6060,8530,21,33.6,7,15,0
AQB-U-0010,U,Rooftop,C-RAN,3,3,0,3,3,3,0,0,1,18,6060,8530,21,33.6,7,15,0
AQB-U-0011,U,Rooftop,C-RAN,3,3,0,3,3,3,0,0,1,18,6060,8530,21,33.6,7,15,0
AQB-U-0012,U,Monopole / greenfield,C-RAN,3,3,0,3,3,3,0,0,1,18,6060,8530,21,33.6,7,15,0
AQB-U-0013,U,Monopole / greenfield,C-RAN,3,3,0,3,3,3,0,0,1,18,6060,8530,21,33.6,7,15,0
AQB-U-0014,U,Rooftop,C-RAN,3,3,0,3,3,3,0,0,1,18,6060,8530,21,33.6,7,15,0
AQB-U-0015,U,Rooftop,C-RAN,3,3,0,3,3,3,0,0,1,18,6060,8530,21,33.6,7,15,0
AQB-U-0016,U,Rooftop,C-RAN,3,3,0,3,3,3,0,0,1,18,6060,8530,21,33.6,7,15,0
AQB-U-0017,U,Monopole / greenfield,C-RAN,3,3,0,3,3,3,0,0,1,18,6060,8530,21,33.6,7,15,0
AQB-U-0018,U,Rooftop,C-RAN,3,3,0,3,3,3,0,0,1,18,6060,8530,21,33.6,7,15,0
AQB-U-0019,U,Rooftop,C-RAN,3,3,0,3,3,3,0,0,1,18,6060,8530,21,33.6,7,15,0
AQB-U-0020,U,Rooftop,C-RAN,3,3,0,3,3,3,0,0,1,18,6060,8530,21,33.6,7,15,0
AQB-U-0021,U,Monopole / greenfield,C-RAN,3,3,0,3,3,3,0,0,1,18,6060,8530,21,33.6,7,15,0
AQB-U-0022,U,Monopole / greenfield,C-RAN,3,3,0,3,3,3,0,0,1,18,6060,8530,21,33.6,7,15,0
AQB-U-0023,U,Rooftop,C-RAN,3,3,0,3,3,3,0,0,1,18,6060,8530,21,33.6,7,15,0
AQB-U-0024,U,Rooftop,C-RAN,3,3,0,3,3,3,0,0,1,18,6060,8530,21,33.6,7,15,0
AQB-U-0025,U,Rooftop,C-RAN,3,3,0,3,3,3,0,0,1,18,6060,8530,21,33.6,7,15,0
AQB-U-0026,U,Rooftop,C-RAN,3,3,0,3,3,3,0,0,1,18,6060,8530,21,33.6,7,15,0
AQB-U-0027,U,Rooftop,C-RAN,3,3,0,3,3,3,0,0,1,18,6060,8530,21,33.6,7,15,0
AQB-U-0028,U,Monopole / greenfield,C-RAN,3,3,0,3,3,3,0,0,1,18,6060,8530,21,33.6,7,15,0
AQB-U-0029,U,Monopole / greenfield,C-RAN,3,3,0,3,3,3,0,0,1,18,6060,8530,21,33.6,7,15,0
AQB-U-0030,U,Rooftop,C-RAN,3,3,0,3,3,3,0,0,1,18,6060,8530,21,33.6,7,15,0
AQB-U-0031,U,Rooftop,C-RAN,3,3,0,3,3,3,0,0,1,18,6060,8530,21,33.6,7,15,0
AQB-U-0032,U,Rooftop,C-RAN,3,3,0,3,3,3,0,0,1,18,6060,8530,21,33.6,7,15,0
AQB-U-0033,U,Rooftop,C-RAN,3,3,0,3,3,3,0,0,1,18,6060,8530,21,33.6,7,15,0
AQB-U-0034,U,Rooftop,C-RAN,3,3,0,3,3,3,0,0,1,18,6060,8530,21,33.6,7,15,0
AQB-U-0035,U,Rooftop,C-RAN,3,3,0,3,3,3,0,0,1,18,6060,8530,21,33.6,7,15,0
AQB-U-0036,U,Rooftop,C-RAN,3,3,0,3,3,3,0,0,1,18,6060,8530,21,33.6,7,15,0
AQB-U-0037,U,Monopole / greenfield,C-RAN,3,3,0,3,3,3,0,0,1,18,6060,8530,21,33.6,7,15,0
AQB-U-0038,U,Monopole / greenfield,C-RAN,3,3,0,3,3,3,0,0,1,18,6060,8530,21,33.6,7,15,0
AQB-U-0039,U,Monopole / greenfield,C-RAN,3,3,0,3,3,3,0,0,1,18,6060,8530,21,33.6,7,15,0
AQB-U-0040,U,Monopole / greenfield,C-RAN,3,3,0,3,3,3,0,0,1,18,6060,8530,21,33.6,7,15,0
AQB-U-0041,U,Monopole / greenfield,C-RAN,3,3,0,3,3,3,0,0,1,18,6060,8530,21,33.6,7,15,0
AQB-U-0042,U,Rooftop,C-RAN,3,3,0,3,3,3,0,0,1,18,6060,8530,21,33.6,7,15,0
AQB-U-0043,U,Rooftop,C-RAN,3,3,0,3,3,3,0,0,1,18,6060,8530,21,33.6,7,15,0
AQB-U-0044,U,Rooftop,C-RAN,3,3,0,3,3,3,0,0,1,18,6060,8530,21,33.6,7,15,0
AQB-U-0045,U,Rooftop,C-RAN,3,3,0,3,3,3,0,0,1,18,6060,8530,21,33.6,7,15,0
AQB-U-0046,U,Rooftop,C-RAN,3,3,0,3,3,3,0,0,1,18,6060,8530,21,33.6,7,15,0
AQB-U-0047,U,Rooftop,C-RAN,3,3,0,3,3,3,0,0,1,18,6060,8530,21,33.6,7,15,0
AQB-U-0048,U,Rooftop,C-RAN,3,3,0,3,3,3,0,0,1,18,6060,8530,21,33.6,7,15,0
AQB-U-0049,U,Rooftop,C-RAN,3,3,0,3,3,3,0,0,1,18,6060,8530,21,33.6,7,15,0
AQB-U-0050,U,Rooftop,C-RAN,3,3,0,3,3,3,0,0,1,18,6060,8530,21,33.6,7,15,0
AQB-U-0051,U,Monopole / greenfield,C-RAN,3,3,0,3,3,3,0,0,1,18,6060,8530,21,33.6,7,15,0
AQB-U-0052,U,Monopole / greenfield,C-RAN,3,3,0,3,3,3,0,0,1,18,6060,8530,21,33.6,7,15,0
AQB-U-0053,U,Monopole / greenfield,C-RAN,3,3,0,3,3,3,0,0,1,18,6060,8530,21,33.6,7,15,0
AQB-U-0054,U,Monopole / greenfield,C-RAN,3,3,0,3,3,3,0,0,1,18,6060,8530,21,33.6,7,15,0
AQB-U-0055,U,Monopole / greenfield,C-RAN,3,3,0,3,3,3,0,0,1,18,6060,8530,21,33.6,7,15,0
AQB-U-0056,U,Monopole / greenfield,C-RAN,3,3,0,3,3,3,0,0,1,18,6060,8530,21,33.6,7,15,0
AQB-U-0057,U,Rooftop,C-RAN,3,3,0,3,3,3,0,0,1,18,6060,8530,21,33.6,7,15,0
AQB-U-0058,U,Rooftop,C-RAN,3,3,0,3,3,3,0,0,1,18,6060,8530,21,33.6,7,15,0
AQB-U-0059,U,Rooftop,C-RAN,3,3,0,3,3,3,0,0,1,18,6060,8530,21,33.6,7,15,0
AQB-U-0060,U,Rooftop,C-RAN,3,3,0,3,3,3,0,0,1,18,6060,8530,21,33.6,7,15,0
AQB-U-0061,U,Rooftop,C-RAN,3,3,0,3,3,3,0,0,1,18,6060,8530,21,33.6,7,15,0
AQB-U-0062,U,Rooftop,C-RAN,3,3,0,3,3,3,0,0,1,18,6060,8530,21,33.6,7,15,0
AQB-U-0063,U,Rooftop,C-RAN,3,3,0,3,3,3,0,0,1,18,6060,8530,21,33.6,7,15,0
AQB-U-0064,U,Monopole / greenfield,C-RAN,3,3,0,3,3,3,0,0,1,18,6060,8530,21,33.6,7,15,0
AQB-U-0065,U,Rooftop,C-RAN,3,3,0,3,3,3,0,0,1,18,6060,8530,21,33.6,7,15,0
AQB-U-0066,U,Rooftop,C-RAN,3,3,0,3,3,3,0,0,1,18,6060,8530,21,33.6,7,15,0
AQB-U-0067,U,Monopole / greenfield,C-RAN,3,3,0,3,3,3,0,0,1,18,6060,8530,21,33.6,7,15,0
AQB-U-0068,U,Monopole / greenfield,C-RAN,3,3,0,3,3,3,0,0,1,18,6060,8530,21,33.6,7,15,0
AQB-U-0069,U,Monopole / greenfield,C-RAN,3,3,0,3,3,3,0,0,1,18,6060,8530,21,33.6,7,15,0
AQB-U-0070,U,Rooftop,C-RAN,3,3,0,3,3,3,0,0,1,18,6060,8530,21,33.6,7,15,0
AQB-U-0071,U,Rooftop,C-RAN,3,3,0,3,3,3,0,0,1,18,6060,8530,21,33.6,7,15,0
AQB-U-0072,U,Rooftop,C-RAN,3,3,0,3,3,3,0,0,1,18,6060,8530,21,33.6,7,15,0
AQB-U-0073,U,Rooftop,C-RAN,3,3,0,3,3,3,0,0,1,18,6060,8530,21,33.6,7,15,0
AQB-U-0074,U,Rooftop,C-RAN,3,3,0,3,3,3,0,0,1,18,6060,8530,21,33.6,7,15,0
AQB-U-0075,U,Rooftop,C-RAN,3,3,0,3,3,3,0,0,1,18,6060,8530,21,33.6,7,15,0
AQB-U-0076,U,Rooftop,C-RAN,3,3,0,3,3,3,0,0,1,18,6060,8530,21,33.6,7,15,0
AQB-U-0077,U,Rooftop,C-RAN,3,3,0,3,3,3,0,0,1,18,6060,8530,21,33.6,7,15,0
AQB-U-0078,U,Rooftop,C-RAN,3,3,0,3,3,3,0,0,1,18,6060,8530,21,33.6,7,15,0
AQB-U-0079,U,Monopole / greenfield,C-RAN,3,3,0,3,3,3,0,0,1,18,6060,8530,21,33.6,7,15,0
AQB-U-0080,U,Monopole / greenfield,C-RAN,3,3,0,3,3,3,0,0,1,18,6060,8530,21,33.6,7,15,0
AQB-U-0081,U,Monopole / greenfield,C-RAN,3,3,0,3,3,3,0,0,1,18,6060,8530,21,33.6,7,15,0
AQB-U-0082,U,Monopole / greenfield,C-RAN,3,3,0,3,3,3,0,0,1,18,6060,8530,21,33.6,7,15,0
AQB-U-0083,U,Rooftop,C-RAN,3,3,0,3,3,3,0,0,1,18,6060,8530,21,33.6,7,15,0
AQB-U-0084,U,Rooftop,C-RAN,3,3,0,3,3,3,0,0,1,18,6060,8530,21,33.6,7,15,0
AQB-U-0085,U,Rooftop,C-RAN,3,3,0,3,3,3,0,0,1,18,6060,8530,21,33.6,7,15,0
AQB-U-0086,U,Rooftop,C-RAN,3,3,0,3,3,3,0,0,1,18,6060,8530,21,33.6,7,15,0
AQB-U-0087,U,Rooftop,C-RAN,3,3,0,3,3,3,0,0,1,18,6060,8530,21,33.6,7,15,0
AQB-U-0088,U,Rooftop,C-RAN,3,3,0,3,3,3,0,0,1,18,6060,8530,21,33.6,7,15,0
AQB-U-0089,U,Rooftop,C-RAN,3,3,0,3,3,3,0,0,1,18,6060,8530,21,33.6,7,15,0
AQB-U-0090,U,Rooftop,C-RAN,3,3,0,3,3,3,0,0,1,18,6060,8530,21,33.6,7,15,0
AQB-U-0091,U,Rooftop,C-RAN,3,3,0,3,3,3,0,0,1,18,6060,8530,21,33.6,7,15,0
AQB-U-0092,U,Rooftop,C-RAN,3,3,0,3,3,3,0,0,1,18,6060,8530,21,33.6,7,15,0
AQB-U-0093,U,Monopole / greenfield,C-RAN,3,3,0,3,3,3,0,0,1,18,6060,8530,21,33.6,7,15,0
AQB-U-0094,U,Monopole / greenfield,C-RAN,3,3,0,3,3,3,0,0,1,18,6060,8530,21,33.6,7,15,0
AQB-U-0095,U,Monopole / greenfield,C-RAN,3,3,0,3,3,3,0,0,1,18,6060,8530,21,33.6,7,15,0
AQB-U-0096,U,Rooftop,C-RAN,3,3,0,3,3,3,0,0,1,18,6060,8530,21,33.6,7,15,0
AQB-U-0097,U,Rooftop,C-RAN,3,3,0,3,3,3,0,0,1,18,6060,8530,21,33.6,7,15,0
AQB-U-0098,U,Rooftop,C-RAN,3,3,0,3,3,3,0,0,1,18,6060,8530,21,33.6,7,15,0
AQB-U-0099,U,Rooftop,C-RAN,3,3,0,3,3,3,0,0,1,18,6060,8530,21,33.6,7,15,0
AQB-U-0100,U,Rooftop,C-RAN,3,3,0,3,3,3,0,0,1,18,6060,8530,21,33.6,7,15,0
AQB-U-0101,U,Monopole / greenfield,C-RAN,3,3,0,3,3,3,0,0,1,18,6060,8530,21,33.6,7,15,0
AQB-U-0102,U,Rooftop,C-RAN,3,3,0,3,3,3,0,0,1,18,6060,8530,21,33.6,7,15,0
AQB-U-0103,U,Rooftop,C-RAN,3,3,0,3,3,3,0,0,1,18,6060,8530,21,33.6,7,15,0
AQB-U-0104,U,Monopole / greenfield,C-RAN,3,3,0,3,3,3,0,0,1,18,6060,8530,21,33.6,7,15,0
AQB-U-0105,U,Monopole / greenfield,C-RAN,3,3,0,3,3,3,0,0,1,18,6060,8530,21,33.6,7,15,0
AQB-U-0106,U,Monopole / greenfield,C-RAN,3,3,0,3,3,3,0,0,1,18,6060,8530,21,33.6,7,15,0
AQB-U-0107,U,Rooftop,C-RAN,3,3,0,3,3,3,0,0,1,18,6060,8530,21,33.6,7,15,0
AQB-U-0108,U,Rooftop,C-RAN,3,3,0,3,3,3,0,0,1,18,6060,8530,21,33.6,7,15,0
AQB-U-0109,U,Rooftop,C-RAN,3,3,0,3,3,3,0,0,1,18,6060,8530,21,33.6,7,15,0
AQB-U-0110,U,Rooftop,C-RAN,3,3,0,3,3,3,0,0,1,18,6060,8530,21,33.6,7,15,0
AQB-U-0111,U,Rooftop,C-RAN,3,3,0,3,3,3,0,0,1,18,6060,8530,21,33.6,7,15,0
AQB-U-0112,U,Monopole / greenfield,C-RAN,3,3,0,3,3,3,0,0,1,18,6060,8530,21,33.6,7,15,0
AQB-U-0113,U,Rooftop,C-RAN,3,3,0,3,3,3,0,0,1,18,6060,8530,21,33.6,7,15,0
AQB-U-0114,U,Rooftop,C-RAN,3,3,0,3,3,3,0,0,1,18,6060,8530,21,33.6,7,15,0
AQB-U-0115,U,Monopole / greenfield,C-RAN,3,3,0,3,3,3,0,0,1,18,6060,8530,21,33.6,7,15,0
AQB-U-0116,U,Monopole / greenfield,C-RAN,3,3,0,3,3,3,0,0,1,18,6060,8530,21,33.6,7,15,0
AQB-U-0117,U,Monopole / greenfield,C-RAN,3,3,0,3,3,3,0,0,1,18,6060,8530,21,33.6,7,15,0
AQB-U-0118,U,Rooftop,C-RAN,3,3,0,3,3,3,0,0,1,18,6060,8530,21,33.6,7,15,0
AQB-U-0119,U,Rooftop,C-RAN,3,3,0,3,3,3,0,0,1,18,6060,8530,21,33.6,7,15,0
AQB-U-0120,U,Rooftop,C-RAN,3,3,0,3,3,3,0,0,1,18,6060,8530,21,33.6,7,15,0
AQB-U-0121,U,Rooftop,C-RAN,3,3,0,3,3,3,0,0,1,18,6060,8530,21,33.6,7,15,0
AQB-U-0122,U,Monopole / greenfield,C-RAN,3,3,0,3,3,3,0,0,1,18,6060,8530,21,33.6,7,15,0
AQB-U-0123,U,Monopole / greenfield,C-RAN,3,3,0,3,3,3,0,0,1,18,6060,8530,21,33.6,7,15,0
AQB-U-0124,U,Monopole / greenfield,C-RAN,3,3,0,3,3,3,0,0,1,18,6060,8530,21,33.6,7,15,0
AQB-U-0125,U,Monopole / greenfield,C-RAN,3,3,0,3,3,3,0,0,1,18,6060,8530,21,33.6,7,15,0
AQB-U-0126,U,Monopole / greenfield,C-RAN,3,3,0,3,3,3,0,0,1,18,6060,8530,21,33.6,7,15,0
AQB-U-0127,U,Monopole / greenfield,C-RAN,3,3,0,3,3,3,0,0,1,18,6060,8530,21,33.6,7,15,0
AQB-U-0128,U,Monopole / greenfield,C-RAN,3,3,0,3,3,3,0,0,1,18,6060,8530,21,33.6,7,15,0
AQB-U-0129,U,Rooftop,C-RAN,3,3,0,3,3,3,0,0,1,18,6060,8530,21,33.6,7,15,0
AQB-U-0130,U,Monopole / greenfield,C-RAN,3,3,0,3,3,3,0,0,1,18,6060,8530,21,33.6,7,15,0
AQB-U-0131,U,Monopole / greenfield,C-RAN,3,3,0,3,3,3,0,0,1,18,6060,8530,21,33.6,7,15,0
AQB-U-0132,U,Monopole / greenfield,C-RAN,3,3,0,3,3,3,0,0,1,18,6060,8530,21,33.6,7,15,0
AQB-U-0133,U,Monopole / greenfield,C-RAN,3,3,0,3,3,3,0,0,1,18,6060,8530,21,33.6,7,15,0
AQB-U-0134,U,Monopole / greenfield,C-RAN,3,3,0,3,3,3,0,0,1,18,6060,8530,21,33.6,7,15,0
AQB-U-0135,U,Monopole / greenfield,C-RAN,3,3,0,3,3,3,0,0,1,18,6060,8530,21,33.6,7,15,0
AQB-U-0136,U,Monopole / greenfield,C-RAN,3,3,0,3,3,3,0,0,1,18,6060,8530,21,33.6,7,15,0
AQB-U-0137,U,Monopole / greenfield,C-RAN,3,3,0,3,3,3,0,0,1,18,6060,8530,21,33.6,7,15,0
AQB-U-0138,U,Rooftop,C-RAN,3,3,0,3,3,3,0,0,1,18,6060,8530,21,33.6,7,15,0
AQB-U-0139,U,Monopole / greenfield,C-RAN,3,3,0,3,3,3,0,0,1,18,6060,8530,21,33.6,7,15,0
AQB-U-0140,U,Monopole / greenfield,C-RAN,3,3,0,3,3,3,0,0,1,18,6060,8530,21,33.6,7,15,0
AQB-U-0141,U,Monopole / greenfield,C-RAN,3,3,0,3,3,3,0,0,1,18,6060,8530,21,33.6,7,15,0
AQB-U-0142,U,Monopole / greenfield,C-RAN,3,3,0,3,3,3,0,0,1,18,6060,8530,21,33.6,7,15,0
AQB-U-0143,U,Monopole / greenfield,C-RAN,3,3,0,3,3,3,0,0,1,18,6060,8530,21,33.6,7,15,0
AQB-U-0144,U,Monopole / greenfield,C-RAN,3,3,0,3,3,3,0,0,1,18,6060,8530,21,33.6,7,15,0
AQB-U-0145,U,Monopole / greenfield,C-RAN,3,3,0,3,3,3,0,0,1,18,6060,8530,21,33.6,7,15,0
AQB-U-0146,U,Monopole / greenfield,C-RAN,3,3,0,3,3,3,0,0,1,18,6060,8530,21,33.6,7,15,0
AQB-U-0147,U,Monopole / greenfield,C-RAN,3,3,0,3,3,3,0,0,1,18,6060,8530,21,33.6,7,15,0
AQB-U-0148,U,Monopole / greenfield,C-RAN,3,3,0,3,3,3,0,0,1,18,6060,8530,21,33.6,7,15,0
AQB-U-0149,U,Monopole / greenfield,C-RAN,3,3,0,3,3,3,0,0,1,18,6060,8530,21,33.6,7,15,0
MA-U-0001,U,Monopole / greenfield,C-RAN,3,3,0,3,3,3,0,0,1,18,6060,8530,21,33.6,7,15,0
MA-U-0002,U,Monopole / greenfield,C-RAN,3,3,0,3,3,3,0,0,1,18,6060,8530,21,33.6,7,15,0
MA-U-0003,U,Monopole / greenfield,C-RAN,3,3,0,3,3,3,0,0,1,18,6060,8530,21,33.6,7,15,0
MA-U-0004,U,Monopole / greenfield,C-RAN,3,3,0,3,3,3,0,0,1,18,6060,8530,21,33.6,7,15,0
MA-U-0005,U,Monopole / greenfield,C-RAN,3,3,0,3,3,3,0,0,1,18,6060,8530,21,33.6,7,15,0
MA-U-0006,U,Monopole / greenfield,C-RAN,3,3,0,3,3,3,0,0,1,18,6060,8530,21,33.6,7,15,0
MA-U-0007,U,Monopole / greenfield,C-RAN,3,3,0,3,3,3,0,0,1,18,6060,8530,21,33.6,7,15,0
MA-U-0008,U,Monopole / greenfield,C-RAN,3,3,0,3,3,3,0,0,1,18,6060,8530,21,33.6,7,15,0
MA-U-0009,U,Monopole / greenfield,C-RAN,3,3,0,3,3,3,0,0,1,18,6060,8530,21,33.6,7,15,0
MA-U-0010,U,Monopole / greenfield,C-RAN,3,3,0,3,3,3,0,0,1,18,6060,8530,21,33.6,7,15,0
MA-U-0011,U,Monopole / greenfield,C-RAN,3,3,0,3,3,3,0,0,1,18,6060,8530,21,33.6,7,15,0
MA-U-0012,U,Monopole / greenfield,C-RAN,3,3,0,3,3,3,0,0,1,18,6060,8530,21,33.6,7,15,0
MA-U-0013,U,Monopole / greenfield,C-RAN,3,3,0,3,3,3,0,0,1,18,6060,8530,21,33.6,7,15,0
MA-U-0014,U,Monopole / greenfield,C-RAN,3,3,0,3,3,3,0,0,1,18,6060,8530,21,33.6,7,15,0
MA-U-0015,U,Monopole / greenfield,C-RAN,3,3,0,3,3,3,0,0,1,18,6060,8530,21,33.6,7,15,0
MA-U-0016,U,Monopole / greenfield,C-RAN,3,3,0,3,3,3,0,0,1,18,6060,8530,21,33.6,7,15,0
MA-U-0017,U,Monopole / greenfield,C-RAN,3,3,0,3,3,3,0,0,1,18,6060,8530,21,33.6,7,15,0
MA-U-0018,U,Monopole / greenfield,C-RAN,3,3,0,3,3,3,0,0,1,18,6060,8530,21,33.6,7,15,0
MA-U-0019,U,Monopole / greenfield,C-RAN,3,3,0,3,3,3,0,0,1,18,6060,8530,21,33.6,7,15,0
MA-U-0020,U,Monopole / greenfield,C-RAN,3,3,0,3,3,3,0,0,1,18,6060,8530,21,33.6,7,15,0
MA-U-0021,U,Monopole / greenfield,C-RAN,3,3,0,3,3,3,0,0,1,18,6060,8530,21,33.6,7,15,0
MA-U-0022,U,Rooftop,C-RAN,3,3,0,3,3,3,0,0,1,18,6060,8530,21,33.6,7,15,0
MA-U-0023,U,Rooftop,C-RAN,3,3,0,3,3,3,0,0,1,18,6060,8530,21,33.6,7,15,0
MA-U-0024,U,Rooftop,C-RAN,3,3,0,3,3,3,0,0,1,18,6060,8530,21,33.6,7,15,0
MA-U-0025,U,Monopole / greenfield,C-RAN,3,3,0,3,3,3,0,0,1,18,6060,8530,21,33.6,7,15,0
MA-U-0026,U,Monopole / greenfield,C-RAN,3,3,0,3,3,3,0,0,1,18,6060,8530,21,33.6,7,15,0
MA-U-0027,U,Monopole / greenfield,C-RAN,3,3,0,3,3,3,0,0,1,18,6060,8530,21,33.6,7,15,0
MA-U-0028,U,Monopole / greenfield,C-RAN,3,3,0,3,3,3,0,0,1,18,6060,8530,21,33.6,7,15,0
MA-U-0029,U,Monopole / greenfield,C-RAN,3,3,0,3,3,3,0,0,1,18,6060,8530,21,33.6,7,15,0
MA-U-0030,U,Monopole / greenfield,C-RAN,3,3,0,3,3,3,0,0,1,18,6060,8530,21,33.6,7,15,0
MA-U-0031,U,Monopole / greenfield,C-RAN,3,3,0,3,3,3,0,0,1,18,6060,8530,21,33.6,7,15,0
MA-U-0032,U,Rooftop,C-RAN,3,3,0,3,3,3,0,0,1,18,6060,8530,21,33.6,7,15,0
MA-U-0033,U,Rooftop,C-RAN,3,3,0,3,3,3,0,0,1,18,6060,8530,21,33.6,7,15,0
MA-U-0034,U,Rooftop,C-RAN,3,3,0,3,3,3,0,0,1,18,6060,8530,21,33.6,7,15,0
MA-U-0035,U,Rooftop,C-RAN,3,3,0,3,3,3,0,0,1,18,6060,8530,21,33.6,7,15,0
MA-U-0036,U,Rooftop,C-RAN,3,3,0,3,3,3,0,0,1,18,6060,8530,21,33.6,7,15,0
MA-U-0037,U,Monopole / greenfield,C-RAN,3,3,0,3,3,3,0,0,1,18,6060,8530,21,33.6,7,15,0
MA-U-0038,U,Monopole / greenfield,C-RAN,3,3,0,3,3,3,0,0,1,18,6060,8530,21,33.6,7,15,0
MA-U-0039,U,Monopole / greenfield,C-RAN,3,3,0,3,3,3,0,0,1,18,6060,8530,21,33.6,7,15,0
MA-U-0040,U,Monopole / greenfield,C-RAN,3,3,0,3,3,3,0,0,1,18,6060,8530,21,33.6,7,15,0
MA-U-0041,U,Rooftop,C-RAN,3,3,0,3,3,3,0,0,1,18,6060,8530,21,33.6,7,15,0
MA-U-0042,U,Rooftop,C-RAN,3,3,0,3,3,3,0,0,1,18,6060,8530,21,33.6,7,15,0
MA-U-0043,U,Rooftop,C-RAN,3,3,0,3,3,3,0,0,1,18,6060,8530,21,33.6,7,15,0
MA-U-0044,U,Rooftop,C-RAN,3,3,0,3,3,3,0,0,1,18,6060,8530,21,33.6,7,15,0
MA-U-0045,U,Monopole / greenfield,C-RAN,3,3,0,3,3,3,0,0,1,18,6060,8530,21,33.6,7,15,0
MA-U-0046,U,Monopole / greenfield,C-RAN,3,3,0,3,3,3,0,0,1,18,6060,8530,21,33.6,7,15,0
MA-U-0047,U,Monopole / greenfield,C-RAN,3,3,0,3,3,3,0,0,1,18,6060,8530,21,33.6,7,15,0
MA-U-0048,U,Monopole / greenfield,C-RAN,3,3,0,3,3,3,0,0,1,18,6060,8530,21,33.6,7,15,0
MA-U-0049,U,Monopole / greenfield,C-RAN,3,3,0,3,3,3,0,0,1,18,6060,8530,21,33.6,7,15,0
MA-U-0050,U,Rooftop,C-RAN,3,3,0,3,3,3,0,0,1,18,6060,8530,21,33.6,7,15,0
MA-U-0051,U,Rooftop,C-RAN,3,3,0,3,3,3,0,0,1,18,6060,8530,21,33.6,7,15,0
MA-U-0052,U,Rooftop,C-RAN,3,3,0,3,3,3,0,0,1,18,6060,8530,21,33.6,7,15,0
MA-U-0053,U,Rooftop,C-RAN,3,3,0,3,3,3,0,0,1,18,6060,8530,21,33.6,7,15,0
MA-U-0054,U,Monopole / greenfield,C-RAN,3,3,0,3,3,3,0,0,1,18,6060,8530,21,33.6,7,15,0
MA-U-0055,U,Monopole / greenfield,C-RAN,3,3,0,3,3,3,0,0,1,18,6060,8530,21,33.6,7,15,0
MA-U-0056,U,Monopole / greenfield,C-RAN,3,3,0,3,3,3,0,0,1,18,6060,8530,21,33.6,7,15,0
MA-U-0057,U,Monopole / greenfield,C-RAN,3,3,0,3,3,3,0,0,1,18,6060,8530,21,33.6,7,15,0
MA-U-0058,U,Monopole / greenfield,C-RAN,3,3,0,3,3,3,0,0,1,18,6060,8530,21,33.6,7,15,0
MA-U-0059,U,Rooftop,C-RAN,3,3,0,3,3,3,0,0,1,18,6060,8530,21,33.6,7,15,0
MA-U-0060,U,Rooftop,C-RAN,3,3,0,3,3,3,0,0,1,18,6060,8530,21,33.6,7,15,0
MA-U-0061,U,Rooftop,C-RAN,3,3,0,3,3,3,0,0,1,18,6060,8530,21,33.6,7,15,0
MA-U-0062,U,Rooftop,C-RAN,3,3,0,3,3,3,0,0,1,18,6060,8530,21,33.6,7,15,0
MA-U-0063,U,Rooftop,C-RAN,3,3,0,3,3,3,0,0,1,18,6060,8530,21,33.6,7,15,0
MA-U-0064,U,Monopole / greenfield,C-RAN,3,3,0,3,3,3,0,0,1,18,6060,8530,21,33.6,7,15,0
MA-U-0065,U,Monopole / greenfield,C-RAN,3,3,0,3,3,3,0,0,1,18,6060,8530,21,33.6,7,15,0
MA-U-0066,U,Monopole / greenfield,C-RAN,3,3,0,3,3,3,0,0,1,18,6060,8530,21,33.6,7,15,0
MA-U-0067,U,Monopole / greenfield,C-RAN,3,3,0,3,3,3,0,0,1,18,6060,8530,21,33.6,7,15,0
MA-U-0068,U,Rooftop,C-RAN,3,3,0,3,3,3,0,0,1,18,6060,8530,21,33.6,7,15,0
MA-U-0069,U,Rooftop,C-RAN,3,3,0,3,3,3,0,0,1,18,6060,8530,21,33.6,7,15,0
MA-U-0070,U,Rooftop,C-RAN,3,3,0,3,3,3,0,0,1,18,6060,8530,21,33.6,7,15,0
MA-U-0071,U,Monopole / greenfield,C-RAN,3,3,0,3,3,3,0,0,1,18,6060,8530,21,33.6,7,15,0
MA-U-0072,U,Monopole / greenfield,C-RAN,3,3,0,3,3,3,0,0,1,18,6060,8530,21,33.6,7,15,0
MA-U-0073,U,Monopole / greenfield,C-RAN,3,3,0,3,3,3,0,0,1,18,6060,8530,21,33.6,7,15,0
MA-U-0074,U,Monopole / greenfield,C-RAN,3,3,0,3,3,3,0,0,1,18,6060,8530,21,33.6,7,15,0
MA-U-0075,U,Monopole / greenfield,C-RAN,3,3,0,3,3,3,0,0,1,18,6060,8530,21,33.6,7,15,0
MA-U-0076,U,Monopole / greenfield,C-RAN,3,3,0,3,3,3,0,0,1,18,6060,8530,21,33.6,7,15,0
MA-U-0077,U,Rooftop,C-RAN,3,3,0,3,3,3,0,0,1,18,6060,8530,21,33.6,7,15,0
MA-U-0078,U,Rooftop,C-RAN,3,3,0,3,3,3,0,0,1,18,6060,8530,21,33.6,7,15,0
MA-U-0079,U,Monopole / greenfield,C-RAN,3,3,0,3,3,3,0,0,1,18,6060,8530,21,33.6,7,15,0
MA-U-0080,U,Monopole / greenfield,C-RAN,3,3,0,3,3,3,0,0,1,18,6060,8530,21,33.6,7,15,0
MA-U-0081,U,Monopole / greenfield,C-RAN,3,3,0,3,3,3,0,0,1,18,6060,8530,21,33.6,7,15,0
MA-U-0082,U,Monopole / greenfield,C-RAN,3,3,0,3,3,3,0,0,1,18,6060,8530,21,33.6,7,15,0
MA-U-0083,U,Monopole / greenfield,C-RAN,3,3,0,3,3,3,0,0,1,18,6060,8530,21,33.6,7,15,0
MA-U-0084,U,Monopole / greenfield,C-RAN,3,3,0,3,3,3,0,0,1,18,6060,8530,21,33.6,7,15,0
MA-U-0085,U,Monopole / greenfield,C-RAN,3,3,0,3,3,3,0,0,1,18,6060,8530,21,33.6,7,15,0
MA-U-0086,U,Monopole / greenfield,C-RAN,3,3,0,3,3,3,0,0,1,18,6060,8530,21,33.6,7,15,0
WAD-U-0001,U,Monopole / greenfield,C-RAN,3,3,0,3,3,3,0,0,1,18,6060,8530,21,33.6,7,15,0
WAD-U-0002,U,Monopole / greenfield,C-RAN,3,3,0,3,3,3,0,0,1,18,6060,8530,21,33.6,7,15,0
WAD-U-0003,U,Monopole / greenfield,C-RAN,3,3,0,3,3,3,0,0,1,18,6060,8530,21,33.6,7,15,0
WAD-U-0004,U,Monopole / greenfield,C-RAN,3,3,0,3,3,3,0,0,1,18,6060,8530,21,33.6,7,15,0
WAD-U-0005,U,Monopole / greenfield,C-RAN,3,3,0,3,3,3,0,0,1,18,6060,8530,21,33.6,7,15,0
WAD-U-0006,U,Rooftop,C-RAN,3,3,0,3,3,3,0,0,1,18,6060,8530,21,33.6,7,15,0
WAD-U-0007,U,Rooftop,C-RAN,3,3,0,3,3,3,0,0,1,18,6060,8530,21,33.6,7,15,0
WAD-U-0008,U,Rooftop,C-RAN,3,3,0,3,3,3,0,0,1,18,6060,8530,21,33.6,7,15,0
WAD-U-0009,U,Monopole / greenfield,D-RAN,3,3,0,3,3,3,1,1,0,18,6470,9100,21,38.4,8,15,0
WAD-U-0010,U,Monopole / greenfield,D-RAN,3,3,0,3,3,3,1,1,0,18,6470,9100,21,38.4,8,15,0
WAD-U-0011,U,Monopole / greenfield,C-RAN,3,3,0,3,3,3,0,0,1,18,6060,8530,21,33.6,7,15,0
WAD-U-0012,U,Rooftop,C-RAN,3,3,0,3,3,3,0,0,1,18,6060,8530,21,33.6,7,15,0
WAD-U-0013,U,Rooftop,C-RAN,3,3,0,3,3,3,0,0,1,18,6060,8530,21,33.6,7,15,0
WAD-U-0014,U,Rooftop,C-RAN,3,3,0,3,3,3,0,0,1,18,6060,8530,21,33.6,7,15,0
WAD-U-0015,U,Rooftop,D-RAN,3,3,0,3,3,3,1,1,0,18,6470,9100,21,38.4,8,15,0
WAD-U-0016,U,Monopole / greenfield,D-RAN,3,3,0,3,3,3,1,1,0,18,6470,9100,21,38.4,8,15,0
WAD-U-0017,U,Monopole / greenfield,C-RAN,3,3,0,3,3,3,0,0,1,18,6060,8530,21,33.6,7,15,0
WAD-U-0018,U,Rooftop,C-RAN,3,3,0,3,3,3,0,0,1,18,6060,8530,21,33.6,7,15,0
WAD-U-0019,U,Rooftop,C-RAN,3,3,0,3,3,3,0,0,1,18,6060,8530,21,33.6,7,15,0
WAD-U-0020,U,Rooftop,C-RAN,3,3,0,3,3,3,0,0,1,18,6060,8530,21,33.6,7,15,0
WAD-U-0021,U,Rooftop,D-RAN,3,3,0,3,3,3,1,1,0,18,6470,9100,21,38.4,8,15,0
WAD-U-0022,U,Monopole / greenfield,D-RAN,3,3,0,3,3,3,1,1,0,18,6470,9100,21,38.4,8,15,0
WAD-U-0023,U,Monopole / greenfield,D-RAN,3,3,0,3,3,3,1,1,0,18,6470,9100,21,38.4,8,15,0
WAD-U-0024,U,Rooftop,C-RAN,3,3,0,3,3,3,0,0,1,18,6060,8530,21,33.6,7,15,0
WAD-U-0025,U,Rooftop,C-RAN,3,3,0,3,3,3,0,0,1,18,6060,8530,21,33.6,7,15,0
WAD-U-0026,U,Rooftop,C-RAN,3,3,0,3,3,3,0,0,1,18,6060,8530,21,33.6,7,15,0
WAD-U-0027,U,Rooftop,D-RAN,3,3,0,3,3,3,1,1,0,18,6470,9100,21,38.4,8,15,0
WAD-U-0028,U,Monopole / greenfield,D-RAN,3,3,0,3,3,3,1,1,0,18,6470,9100,21,38.4,8,15,0
WAD-U-0029,U,Monopole / greenfield,D-RAN,3,3,0,3,3,3,1,1,0,18,6470,9100,21,38.4,8,15,0
WAD-U-0030,U,Rooftop,C-RAN,3,3,0,3,3,3,0,0,1,18,6060,8530,21,33.6,7,15,0
WAD-U-0031,U,Rooftop,C-RAN,3,3,0,3,3,3,0,0,1,18,6060,8530,21,33.6,7,15,0
WAD-U-0032,U,Rooftop,D-RAN,3,3,0,3,3,3,1,1,0,18,6470,9100,21,38.4,8,15,0
WAD-U-0033,U,Rooftop,D-RAN,3,3,0,3,3,3,1,1,0,18,6470,9100,21,38.4,8,15,0
WAD-U-0034,U,Monopole / greenfield,D-RAN,3,3,0,3,3,3,1,1,0,18,6470,9100,21,38.4,8,15,0
WAD-U-0035,U,Monopole / greenfield,C-RAN,3,3,0,3,3,3,0,0,1,18,6060,8530,21,33.6,7,15,0
WAD-U-0036,U,Monopole / greenfield,D-RAN,3,3,0,3,3,3,1,1,0,18,6470,9100,21,38.4,8,15,0
WAD-U-0037,U,Monopole / greenfield,D-RAN,3,3,0,3,3,3,1,1,0,18,6470,9100,21,38.4,8,15,0
WAD-U-0038,U,Monopole / greenfield,D-RAN,3,3,0,3,3,3,1,1,0,18,6470,9100,21,38.4,8,15,0
TAF-U-0001,U,Monopole / greenfield,C-RAN,3,3,0,3,3,3,0,0,1,18,6060,8530,21,33.6,7,15,0
TAF-U-0002,U,Monopole / greenfield,C-RAN,3,3,0,3,3,3,0,0,1,18,6060,8530,21,33.6,7,15,0
TAF-U-0003,U,Rooftop,C-RAN,3,3,0,3,3,3,0,0,1,18,6060,8530,21,33.6,7,15,0
TAF-U-0004,U,Rooftop,C-RAN,3,3,0,3,3,3,0,0,1,18,6060,8530,21,33.6,7,15,0
TAF-U-0005,U,Rooftop,C-RAN,3,3,0,3,3,3,0,0,1,18,6060,8530,21,33.6,7,15,0
TAF-U-0006,U,Monopole / greenfield,C-RAN,3,3,0,3,3,3,0,0,1,18,6060,8530,21,33.6,7,15,0
TAF-U-0007,U,Monopole / greenfield,C-RAN,3,3,0,3,3,3,0,0,1,18,6060,8530,21,33.6,7,15,0
TAF-U-0008,U,Rooftop,C-RAN,3,3,0,3,3,3,0,0,1,18,6060,8530,21,33.6,7,15,0
TAF-U-0009,U,Rooftop,C-RAN,3,3,0,3,3,3,0,0,1,18,6060,8530,21,33.6,7,15,0
TAF-U-0010,U,Rooftop,C-RAN,3,3,0,3,3,3,0,0,1,18,6060,8530,21,33.6,7,15,0
TAF-U-0011,U,Rooftop,C-RAN,3,3,0,3,3,3,0,0,1,18,6060,8530,21,33.6,7,15,0
TAF-U-0012,U,Monopole / greenfield,C-RAN,3,3,0,3,3,3,0,0,1,18,6060,8530,21,33.6,7,15,0
TAF-U-0013,U,Monopole / greenfield,C-RAN,3,3,0,3,3,3,0,0,1,18,6060,8530,21,33.6,7,15,0
TAF-U-0014,U,Monopole / greenfield,C-RAN,3,3,0,3,3,3,0,0,1,18,6060,8530,21,33.6,7,15,0
TAF-U-0015,U,Rooftop,C-RAN,3,3,0,3,3,3,0,0,1,18,6060,8530,21,33.6,7,15,0
TAF-U-0016,U,Rooftop,C-RAN,3,3,0,3,3,3,0,0,1,18,6060,8530,21,33.6,7,15,0
TAF-U-0017,U,Rooftop,C-RAN,3,3,0,3,3,3,0,0,1,18,6060,8530,21,33.6,7,15,0
TAF-U-0018,U,Rooftop,C-RAN,3,3,0,3,3,3,0,0,1,18,6060,8530,21,33.6,7,15,0
TAF-U-0019,U,Rooftop,C-RAN,3,3,0,3,3,3,0,0,1,18,6060,8530,21,33.6,7,15,0
TAF-U-0020,U,Monopole / greenfield,C-RAN,3,3,0,3,3,3,0,0,1,18,6060,8530,21,33.6,7,15,0
TAF-U-0021,U,Rooftop,C-RAN,3,3,0,3,3,3,0,0,1,18,6060,8530,21,33.6,7,15,0
TAF-U-0022,U,Rooftop,C-RAN,3,3,0,3,3,3,0,0,1,18,6060,8530,21,33.6,7,15,0
TAF-U-0023,U,Rooftop,C-RAN,3,3,0,3,3,3,0,0,1,18,6060,8530,21,33.6,7,15,0
TAF-U-0024,U,Rooftop,D-RAN,3,3,0,3,3,3,1,1,0,18,6470,9100,21,38.4,8,15,0
TAF-U-0025,U,Monopole / greenfield,C-RAN,3,3,0,3,3,3,0,0,1,18,6060,8530,21,33.6,7,15,0
TAF-U-0026,U,Monopole / greenfield,C-RAN,3,3,0,3,3,3,0,0,1,18,6060,8530,21,33.6,7,15,0
TAF-U-0027,U,Rooftop,C-RAN,3,3,0,3,3,3,0,0,1,18,6060,8530,21,33.6,7,15,0
TAF-U-0028,U,Rooftop,D-RAN,3,3,0,3,3,3,1,1,0,18,6470,9100,21,38.4,8,15,0
TAF-U-0029,U,Rooftop,D-RAN,3,3,0,3,3,3,1,1,0,18,6470,9100,21,38.4,8,15,0
TAF-U-0030,U,Monopole / greenfield,D-RAN,3,3,0,3,3,3,1,1,0,18,6470,9100,21,38.4,8,15,0
TAF-U-0031,U,Monopole / greenfield,C-RAN,3,3,0,3,3,3,0,0,1,18,6060,8530,21,33.6,7,15,0
TAF-U-0032,U,Monopole / greenfield,C-RAN,3,3,0,3,3,3,0,0,1,18,6060,8530,21,33.6,7,15,0
TAF-U-0033,U,Monopole / greenfield,D-RAN,3,3,0,3,3,3,1,1,0,18,6470,9100,21,38.4,8,15,0
TAF-U-0034,U,Monopole / greenfield,D-RAN,3,3,0,3,3,3,1,1,0,18,6470,9100,21,38.4,8,15,0
TAF-U-0035,U,Monopole / greenfield,D-RAN,3,3,0,3,3,3,1,1,0,18,6470,9100,21,38.4,8,15,0
TAF-U-0036,U,Monopole / greenfield,D-RAN,3,3,0,3,3,3,1,1,0,18,6470,9100,21,38.4,8,15,0
TAF-U-0037,U,Monopole / greenfield,D-RAN,3,3,0,3,3,3,1,1,0,18,6470,9100,21,38.4,8,15,0
TAF-U-0038,U,Monopole / greenfield,D-RAN,3,3,0,3,3,3,1,1,0,18,6470,9100,21,38.4,8,15,0
TAF-U-0039,U,Monopole / greenfield,D-RAN,3,3,0,3,3,3,1,1,0,18,6470,9100,21,38.4,8,15,0
TAF-U-0040,U,Monopole / greenfield,D-RAN,3,3,0,3,3,3,1,1,0,18,6470,9100,21,38.4,8,15,0
TAF-U-0041,U,Monopole / greenfield,D-RAN,3,3,0,3,3,3,1,1,0,18,6470,9100,21,38.4,8,15,0
TAF-U-0042,U,Monopole / greenfield,D-RAN,3,3,0,3,3,3,1,1,0,18,6470,9100,21,38.4,8,15,0
TAF-U-0043,U,Monopole / greenfield,D-RAN,3,3,0,3,3,3,1,1,0,18,6470,9100,21,38.4,8,15,0
KAR-U-0001,U,Monopole / greenfield,C-RAN,3,3,0,3,3,3,0,0,1,18,6060,8530,21,33.6,7,15,0
KAR-U-0002,U,Monopole / greenfield,C-RAN,3,3,0,3,3,3,0,0,1,18,6060,8530,21,33.6,7,15,0
KAR-U-0003,U,Monopole / greenfield,C-RAN,3,3,0,3,3,3,0,0,1,18,6060,8530,21,33.6,7,15,0
KAR-U-0004,U,Monopole / greenfield,C-RAN,3,3,0,3,3,3,0,0,1,18,6060,8530,21,33.6,7,15,0
KAR-U-0005,U,Monopole / greenfield,C-RAN,3,3,0,3,3,3,0,0,1,18,6060,8530,21,33.6,7,15,0
KAR-U-0006,U,Monopole / greenfield,C-RAN,3,3,0,3,3,3,0,0,1,18,6060,8530,21,33.6,7,15,0
KAR-U-0007,U,Monopole / greenfield,C-RAN,3,3,0,3,3,3,0,0,1,18,6060,8530,21,33.6,7,15,0
KAR-U-0008,U,Rooftop,C-RAN,3,3,0,3,3,3,0,0,1,18,6060,8530,21,33.6,7,15,0
KAR-U-0009,U,Rooftop,C-RAN,3,3,0,3,3,3,0,0,1,18,6060,8530,21,33.6,7,15,0
KAR-U-0010,U,Monopole / greenfield,C-RAN,3,3,0,3,3,3,0,0,1,18,6060,8530,21,33.6,7,15,0
KAR-U-0011,U,Rooftop,C-RAN,3,3,0,3,3,3,0,0,1,18,6060,8530,21,33.6,7,15,0
KAR-U-0012,U,Monopole / greenfield,C-RAN,3,3,0,3,3,3,0,0,1,18,6060,8530,21,33.6,7,15,0
KAR-U-0013,U,Monopole / greenfield,C-RAN,3,3,0,3,3,3,0,0,1,18,6060,8530,21,33.6,7,15,0
KAR-U-0014,U,Monopole / greenfield,C-RAN,3,3,0,3,3,3,0,0,1,18,6060,8530,21,33.6,7,15,0
KAR-U-0015,U,Rooftop,C-RAN,3,3,0,3,3,3,0,0,1,18,6060,8530,21,33.6,7,15,0
KAR-U-0016,U,Rooftop,C-RAN,3,3,0,3,3,3,0,0,1,18,6060,8530,21,33.6,7,15,0
KAR-U-0017,U,Monopole / greenfield,D-RAN,3,3,0,3,3,3,1,1,0,18,6470,9100,21,38.4,8,15,0
KAR-U-0018,U,Rooftop,C-RAN,3,3,0,3,3,3,0,0,1,18,6060,8530,21,33.6,7,15,0
KAR-U-0019,U,Rooftop,C-RAN,3,3,0,3,3,3,0,0,1,18,6060,8530,21,33.6,7,15,0
KAR-U-0020,U,Monopole / greenfield,C-RAN,3,3,0,3,3,3,0,0,1,18,6060,8530,21,33.6,7,15,0
KAR-U-0021,U,Monopole / greenfield,C-RAN,3,3,0,3,3,3,0,0,1,18,6060,8530,21,33.6,7,15,0
KAR-U-0022,U,Rooftop,C-RAN,3,3,0,3,3,3,0,0,1,18,6060,8530,21,33.6,7,15,0
KAR-U-0023,U,Rooftop,C-RAN,3,3,0,3,3,3,0,0,1,18,6060,8530,21,33.6,7,15,0
KAR-U-0024,U,Monopole / greenfield,D-RAN,3,3,0,3,3,3,1,1,0,18,6470,9100,21,38.4,8,15,0
KAR-U-0025,U,Monopole / greenfield,D-RAN,3,3,0,3,3,3,1,1,0,18,6470,9100,21,38.4,8,15,0
KAR-U-0026,U,Monopole / greenfield,C-RAN,3,3,0,3,3,3,0,0,1,18,6060,8530,21,33.6,7,15,0
KAR-U-0027,U,Monopole / greenfield,C-RAN,3,3,0,3,3,3,0,0,1,18,6060,8530,21,33.6,7,15,0
KAR-U-0028,U,Rooftop,C-RAN,3,3,0,3,3,3,0,0,1,18,6060,8530,21,33.6,7,15,0
KAR-U-0029,U,Rooftop,C-RAN,3,3,0,3,3,3,0,0,1,18,6060,8530,21,33.6,7,15,0
KAR-U-0030,U,Rooftop,C-RAN,3,3,0,3,3,3,0,0,1,18,6060,8530,21,33.6,7,15,0
KAR-U-0031,U,Rooftop,D-RAN,3,3,0,3,3,3,1,1,0,18,6470,9100,21,38.4,8,15,0
KAR-U-0032,U,Rooftop,D-RAN,3,3,0,3,3,3,1,1,0,18,6470,9100,21,38.4,8,15,0
KAR-U-0033,U,Monopole / greenfield,D-RAN,3,3,0,3,3,3,1,1,0,18,6470,9100,21,38.4,8,15,0
KAR-U-0034,U,Monopole / greenfield,C-RAN,3,3,0,3,3,3,0,0,1,18,6060,8530,21,33.6,7,15,0
KAR-U-0035,U,Monopole / greenfield,C-RAN,3,3,0,3,3,3,0,0,1,18,6060,8530,21,33.6,7,15,0
KAR-U-0036,U,Monopole / greenfield,C-RAN,3,3,0,3,3,3,0,0,1,18,6060,8530,21,33.6,7,15,0
KAR-U-0037,U,Rooftop,C-RAN,3,3,0,3,3,3,0,0,1,18,6060,8530,21,33.6,7,15,0
KAR-U-0038,U,Rooftop,C-RAN,3,3,0,3,3,3,0,0,1,18,6060,8530,21,33.6,7,15,0
KAR-U-0039,U,Rooftop,D-RAN,3,3,0,3,3,3,1,1,0,18,6470,9100,21,38.4,8,15,0
KAR-U-0040,U,Rooftop,D-RAN,3,3,0,3,3,3,1,1,0,18,6470,9100,21,38.4,8,15,0
KAR-U-0041,U,Monopole / greenfield,D-RAN,3,3,0,3,3,3,1,1,0,18,6470,9100,21,38.4,8,15,0
KAR-U-0042,U,Monopole / greenfield,C-RAN,3,3,0,3,3,3,0,0,1,18,6060,8530,21,33.6,7,15,0
KAR-U-0043,U,Monopole / greenfield,C-RAN,3,3,0,3,3,3,0,0,1,18,6060,8530,21,33.6,7,15,0
KAR-U-0044,U,Rooftop,C-RAN,3,3,0,3,3,3,0,0,1,18,6060,8530,21,33.6,7,15,0
KAR-U-0045,U,Rooftop,C-RAN,3,3,0,3,3,3,0,0,1,18,6060,8530,21,33.6,7,15,0
KAR-U-0046,U,Rooftop,D-RAN,3,3,0,3,3,3,1,1,0,18,6470,9100,21,38.4,8,15,0
KAR-U-0047,U,Monopole / greenfield,D-RAN,3,3,0,3,3,3,1,1,0,18,6470,9100,21,38.4,8,15,0
KAR-U-0048,U,Monopole / greenfield,D-RAN,3,3,0,3,3,3,1,1,0,18,6470,9100,21,38.4,8,15,0
KAR-U-0049,U,Monopole / greenfield,D-RAN,3,3,0,3,3,3,1,1,0,18,6470,9100,21,38.4,8,15,0
KAR-U-0050,U,Monopole / greenfield,C-RAN,3,3,0,3,3,3,0,0,1,18,6060,8530,21,33.6,7,15,0
KAR-U-0051,U,Monopole / greenfield,C-RAN,3,3,0,3,3,3,0,0,1,18,6060,8530,21,33.6,7,15,0
KAR-U-0052,U,Rooftop,C-RAN,3,3,0,3,3,3,0,0,1,18,6060,8530,21,33.6,7,15,0
KAR-U-0053,U,Rooftop,C-RAN,3,3,0,3,3,3,0,0,1,18,6060,8530,21,33.6,7,15,0
KAR-U-0054,U,Monopole / greenfield,D-RAN,3,3,0,3,3,3,1,1,0,18,6470,9100,21,38.4,8,15,0
KAR-U-0055,U,Monopole / greenfield,D-RAN,3,3,0,3,3,3,1,1,0,18,6470,9100,21,38.4,8,15,0
KAR-U-0056,U,Monopole / greenfield,C-RAN,3,3,0,3,3,3,0,0,1,18,6060,8530,21,33.6,7,15,0
KAR-U-0057,U,Monopole / greenfield,C-RAN,3,3,0,3,3,3,0,0,1,18,6060,8530,21,33.6,7,15,0
KAR-U-0058,U,Monopole / greenfield,C-RAN,3,3,0,3,3,3,0,0,1,18,6060,8530,21,33.6,7,15,0
KAR-U-0059,U,Monopole / greenfield,C-RAN,3,3,0,3,3,3,0,0,1,18,6060,8530,21,33.6,7,15,0
KAR-U-0060,U,Monopole / greenfield,D-RAN,3,3,0,3,3,3,1,1,0,18,6470,9100,21,38.4,8,15,0
KAR-U-0061,U,Monopole / greenfield,C-RAN,3,3,0,3,3,3,0,0,1,18,6060,8530,21,33.6,7,15,0
MAD-U-0001,U,Monopole / greenfield,C-RAN,3,3,0,3,3,3,0,0,1,18,6060,8530,21,33.6,7,15,0
MAD-U-0002,U,Monopole / greenfield,C-RAN,3,3,0,3,3,3,0,0,1,18,6060,8530,21,33.6,7,15,0
MAD-U-0003,U,Monopole / greenfield,C-RAN,3,3,0,3,3,3,0,0,1,18,6060,8530,21,33.6,7,15,0
MAD-U-0004,U,Monopole / greenfield,C-RAN,3,3,0,3,3,3,0,0,1,18,6060,8530,21,33.6,7,15,0
MAD-U-0005,U,Monopole / greenfield,C-RAN,3,3,0,3,3,3,0,0,1,18,6060,8530,21,33.6,7,15,0
MAD-U-0006,U,Rooftop,C-RAN,3,3,0,3,3,3,0,0,1,18,6060,8530,21,33.6,7,15,0
MAD-U-0007,U,Monopole / greenfield,C-RAN,3,3,0,3,3,3,0,0,1,18,6060,8530,21,33.6,7,15,0
MAD-U-0008,U,Monopole / greenfield,C-RAN,3,3,0,3,3,3,0,0,1,18,6060,8530,21,33.6,7,15,0
MAD-U-0009,U,Monopole / greenfield,C-RAN,3,3,0,3,3,3,0,0,1,18,6060,8530,21,33.6,7,15,0
MAD-U-0010,U,Monopole / greenfield,C-RAN,3,3,0,3,3,3,0,0,1,18,6060,8530,21,33.6,7,15,0
MAD-U-0011,U,Monopole / greenfield,C-RAN,3,3,0,3,3,3,0,0,1,18,6060,8530,21,33.6,7,15,0
MAD-U-0012,U,Monopole / greenfield,C-RAN,3,3,0,3,3,3,0,0,1,18,6060,8530,21,33.6,7,15,0
MAD-U-0013,U,Rooftop,C-RAN,3,3,0,3,3,3,0,0,1,18,6060,8530,21,33.6,7,15,0
MAD-U-0014,U,Rooftop,C-RAN,3,3,0,3,3,3,0,0,1,18,6060,8530,21,33.6,7,15,0
MAD-U-0015,U,Rooftop,C-RAN,3,3,0,3,3,3,0,0,1,18,6060,8530,21,33.6,7,15,0
MAD-U-0016,U,Monopole / greenfield,C-RAN,3,3,0,3,3,3,0,0,1,18,6060,8530,21,33.6,7,15,0
MAD-U-0017,U,Monopole / greenfield,C-RAN,3,3,0,3,3,3,0,0,1,18,6060,8530,21,33.6,7,15,0
MAD-U-0018,U,Monopole / greenfield,C-RAN,3,3,0,3,3,3,0,0,1,18,6060,8530,21,33.6,7,15,0
MAD-U-0019,U,Monopole / greenfield,C-RAN,3,3,0,3,3,3,0,0,1,18,6060,8530,21,33.6,7,15,0
MAD-U-0020,U,Monopole / greenfield,C-RAN,3,3,0,3,3,3,0,0,1,18,6060,8530,21,33.6,7,15,0
MAD-U-0021,U,Monopole / greenfield,C-RAN,3,3,0,3,3,3,0,0,1,18,6060,8530,21,33.6,7,15,0
MAD-U-0022,U,Monopole / greenfield,C-RAN,3,3,0,3,3,3,0,0,1,18,6060,8530,21,33.6,7,15,0
MAD-U-0023,U,Rooftop,C-RAN,3,3,0,3,3,3,0,0,1,18,6060,8530,21,33.6,7,15,0
MAD-U-0024,U,Rooftop,C-RAN,3,3,0,3,3,3,0,0,1,18,6060,8530,21,33.6,7,15,0
MAD-U-0025,U,Rooftop,C-RAN,3,3,0,3,3,3,0,0,1,18,6060,8530,21,33.6,7,15,0
MAD-U-0026,U,Rooftop,C-RAN,3,3,0,3,3,3,0,0,1,18,6060,8530,21,33.6,7,15,0
MAD-U-0027,U,Rooftop,C-RAN,3,3,0,3,3,3,0,0,1,18,6060,8530,21,33.6,7,15,0
MAD-U-0028,U,Monopole / greenfield,C-RAN,3,3,0,3,3,3,0,0,1,18,6060,8530,21,33.6,7,15,0
MAD-U-0029,U,Monopole / greenfield,C-RAN,3,3,0,3,3,3,0,0,1,18,6060,8530,21,33.6,7,15,0
MAD-U-0030,U,Monopole / greenfield,C-RAN,3,3,0,3,3,3,0,0,1,18,6060,8530,21,33.6,7,15,0
MAD-U-0031,U,Rooftop,C-RAN,3,3,0,3,3,3,0,0,1,18,6060,8530,21,33.6,7,15,0
MAD-U-0032,U,Rooftop,C-RAN,3,3,0,3,3,3,0,0,1,18,6060,8530,21,33.6,7,15,0
MAD-U-0033,U,Rooftop,C-RAN,3,3,0,3,3,3,0,0,1,18,6060,8530,21,33.6,7,15,0
MAD-U-0034,U,Rooftop,C-RAN,3,3,0,3,3,3,0,0,1,18,6060,8530,21,33.6,7,15,0
MAD-U-0035,U,Rooftop,C-RAN,3,3,0,3,3,3,0,0,1,18,6060,8530,21,33.6,7,15,0
MAD-U-0036,U,Rooftop,C-RAN,3,3,0,3,3,3,0,0,1,18,6060,8530,21,33.6,7,15,0
MAD-U-0037,U,Rooftop,C-RAN,3,3,0,3,3,3,0,0,1,18,6060,8530,21,33.6,7,15,0
MAD-U-0038,U,Monopole / greenfield,C-RAN,3,3,0,3,3,3,0,0,1,18,6060,8530,21,33.6,7,15,0
MAD-U-0039,U,Monopole / greenfield,C-RAN,3,3,0,3,3,3,0,0,1,18,6060,8530,21,33.6,7,15,0
MAD-U-0040,U,Rooftop,C-RAN,3,3,0,3,3,3,0,0,1,18,6060,8530,21,33.6,7,15,0
MAD-U-0041,U,Rooftop,C-RAN,3,3,0,3,3,3,0,0,1,18,6060,8530,21,33.6,7,15,0
MAD-U-0042,U,Rooftop,C-RAN,3,3,0,3,3,3,0,0,1,18,6060,8530,21,33.6,7,15,0
MAD-U-0043,U,Rooftop,C-RAN,3,3,0,3,3,3,0,0,1,18,6060,8530,21,33.6,7,15,0
MAD-U-0044,U,Rooftop,C-RAN,3,3,0,3,3,3,0,0,1,18,6060,8530,21,33.6,7,15,0
MAD-U-0045,U,Rooftop,C-RAN,3,3,0,3,3,3,0,0,1,18,6060,8530,21,33.6,7,15,0
MAD-U-0046,U,Rooftop,C-RAN,3,3,0,3,3,3,0,0,1,18,6060,8530,21,33.6,7,15,0
MAD-U-0047,U,Monopole / greenfield,C-RAN,3,3,0,3,3,3,0,0,1,18,6060,8530,21,33.6,7,15,0
MAD-U-0048,U,Monopole / greenfield,C-RAN,3,3,0,3,3,3,0,0,1,18,6060,8530,21,33.6,7,15,0
MAD-U-0049,U,Monopole / greenfield,C-RAN,3,3,0,3,3,3,0,0,1,18,6060,8530,21,33.6,7,15,0
MAD-U-0050,U,Monopole / greenfield,C-RAN,3,3,0,3,3,3,0,0,1,18,6060,8530,21,33.6,7,15,0
MAD-U-0051,U,Rooftop,C-RAN,3,3,0,3,3,3,0,0,1,18,6060,8530,21,33.6,7,15,0
MAD-U-0052,U,Rooftop,C-RAN,3,3,0,3,3,3,0,0,1,18,6060,8530,21,33.6,7,15,0
MAD-U-0053,U,Rooftop,C-RAN,3,3,0,3,3,3,0,0,1,18,6060,8530,21,33.6,7,15,0
MAD-U-0054,U,Rooftop,C-RAN,3,3,0,3,3,3,0,0,1,18,6060,8530,21,33.6,7,15,0
MAD-U-0055,U,Rooftop,C-RAN,3,3,0,3,3,3,0,0,1,18,6060,8530,21,33.6,7,15,0
MAD-U-0056,U,Rooftop,C-RAN,3,3,0,3,3,3,0,0,1,18,6060,8530,21,33.6,7,15,0
MAD-U-0057,U,Rooftop,C-RAN,3,3,0,3,3,3,0,0,1,18,6060,8530,21,33.6,7,15,0
MAD-U-0058,U,Monopole / greenfield,C-RAN,3,3,0,3,3,3,0,0,1,18,6060,8530,21,33.6,7,15,0
MAD-U-0059,U,Monopole / greenfield,C-RAN,3,3,0,3,3,3,0,0,1,18,6060,8530,21,33.6,7,15,0
MAD-U-0060,U,Monopole / greenfield,C-RAN,3,3,0,3,3,3,0,0,1,18,6060,8530,21,33.6,7,15,0
MAD-U-0061,U,Monopole / greenfield,C-RAN,3,3,0,3,3,3,0,0,1,18,6060,8530,21,33.6,7,15,0
MAD-U-0062,U,Rooftop,C-RAN,3,3,0,3,3,3,0,0,1,18,6060,8530,21,33.6,7,15,0
MAD-U-0063,U,Rooftop,C-RAN,3,3,0,3,3,3,0,0,1,18,6060,8530,21,33.6,7,15,0
MAD-U-0064,U,Rooftop,C-RAN,3,3,0,3,3,3,0,0,1,18,6060,8530,21,33.6,7,15,0
MAD-U-0065,U,Rooftop,C-RAN,3,3,0,3,3,3,0,0,1,18,6060,8530,21,33.6,7,15,0
MAD-U-0066,U,Rooftop,C-RAN,3,3,0,3,3,3,0,0,1,18,6060,8530,21,33.6,7,15,0
MAD-U-0067,U,Rooftop,C-RAN,3,3,0,3,3,3,0,0,1,18,6060,8530,21,33.6,7,15,0
MAD-U-0068,U,Rooftop,C-RAN,3,3,0,3,3,3,0,0,1,18,6060,8530,21,33.6,7,15,0
MAD-U-0069,U,Monopole / greenfield,C-RAN,3,3,0,3,3,3,0,0,1,18,6060,8530,21,33.6,7,15,0
MAD-U-0070,U,Monopole / greenfield,C-RAN,3,3,0,3,3,3,0,0,1,18,6060,8530,21,33.6,7,15,0
MAD-U-0071,U,Monopole / greenfield,C-RAN,3,3,0,3,3,3,0,0,1,18,6060,8530,21,33.6,7,15,0
MAD-U-0072,U,Monopole / greenfield,C-RAN,3,3,0,3,3,3,0,0,1,18,6060,8530,21,33.6,7,15,0
MAD-U-0073,U,Monopole / greenfield,C-RAN,3,3,0,3,3,3,0,0,1,18,6060,8530,21,33.6,7,15,0
MAD-U-0074,U,Rooftop,C-RAN,3,3,0,3,3,3,0,0,1,18,6060,8530,21,33.6,7,15,0
MAD-U-0075,U,Rooftop,C-RAN,3,3,0,3,3,3,0,0,1,18,6060,8530,21,33.6,7,15,0
MAD-U-0076,U,Rooftop,C-RAN,3,3,0,3,3,3,0,0,1,18,6060,8530,21,33.6,7,15,0
MAD-U-0077,U,Rooftop,C-RAN,3,3,0,3,3,3,0,0,1,18,6060,8530,21,33.6,7,15,0
MAD-U-0078,U,Rooftop,C-RAN,3,3,0,3,3,3,0,0,1,18,6060,8530,21,33.6,7,15,0
MAD-U-0079,U,Rooftop,C-RAN,3,3,0,3,3,3,0,0,1,18,6060,8530,21,33.6,7,15,0
MAD-U-0080,U,Monopole / greenfield,C-RAN,3,3,0,3,3,3,0,0,1,18,6060,8530,21,33.6,7,15,0
MAD-U-0081,U,Monopole / greenfield,C-RAN,3,3,0,3,3,3,0,0,1,18,6060,8530,21,33.6,7,15,0
MAD-U-0082,U,Monopole / greenfield,C-RAN,3,3,0,3,3,3,0,0,1,18,6060,8530,21,33.6,7,15,0
MAD-U-0083,U,Rooftop,C-RAN,3,3,0,3,3,3,0,0,1,18,6060,8530,21,33.6,7,15,0
MAD-U-0084,U,Rooftop,C-RAN,3,3,0,3,3,3,0,0,1,18,6060,8530,21,33.6,7,15,0
MAD-U-0085,U,Rooftop,C-RAN,3,3,0,3,3,3,0,0,1,18,6060,8530,21,33.6,7,15,0
MAD-U-0086,U,Rooftop,C-RAN,3,3,0,3,3,3,0,0,1,18,6060,8530,21,33.6,7,15,0
MAD-U-0087,U,Rooftop,C-RAN,3,3,0,3,3,3,0,0,1,18,6060,8530,21,33.6,7,15,0
MAD-U-0088,U,Rooftop,C-RAN,3,3,0,3,3,3,0,0,1,18,6060,8530,21,33.6,7,15,0
MAD-U-0089,U,Monopole / greenfield,C-RAN,3,3,0,3,3,3,0,0,1,18,6060,8530,21,33.6,7,15,0
MAD-U-0090,U,Monopole / greenfield,C-RAN,3,3,0,3,3,3,0,0,1,18,6060,8530,21,33.6,7,15,0
MAD-U-0091,U,Monopole / greenfield,C-RAN,3,3,0,3,3,3,0,0,1,18,6060,8530,21,33.6,7,15,0
MAD-U-0092,U,Rooftop,C-RAN,3,3,0,3,3,3,0,0,1,18,6060,8530,21,33.6,7,15,0
MAD-U-0093,U,Rooftop,C-RAN,3,3,0,3,3,3,0,0,1,18,6060,8530,21,33.6,7,15,0
MAD-U-0094,U,Rooftop,C-RAN,3,3,0,3,3,3,0,0,1,18,6060,8530,21,33.6,7,15,0
MAD-U-0095,U,Rooftop,C-RAN,3,3,0,3,3,3,0,0,1,18,6060,8530,21,33.6,7,15,0
MAD-U-0096,U,Rooftop,C-RAN,3,3,0,3,3,3,0,0,1,18,6060,8530,21,33.6,7,15,0
MAD-U-0097,U,Rooftop,C-RAN,3,3,0,3,3,3,0,0,1,18,6060,8530,21,33.6,7,15,0
MAD-U-0098,U,Monopole / greenfield,C-RAN,3,3,0,3,3,3,0,0,1,18,6060,8530,21,33.6,7,15,0
MAD-U-0099,U,Monopole / greenfield,C-RAN,3,3,0,3,3,3,0,0,1,18,6060,8530,21,33.6,7,15,0
MAD-U-0100,U,Monopole / greenfield,C-RAN,3,3,0,3,3,3,0,0,1,18,6060,8530,21,33.6,7,15,0
MAD-U-0101,U,Monopole / greenfield,C-RAN,3,3,0,3,3,3,0,0,1,18,6060,8530,21,33.6,7,15,0
MAD-U-0102,U,Monopole / greenfield,C-RAN,3,3,0,3,3,3,0,0,1,18,6060,8530,21,33.6,7,15,0
AMM-U-0418,U,Rooftop,C-RAN,3,3,0,3,3,3,0,0,1,18,6060,8530,21,33.6,7,15,0
AMM-U-0419,U,Rooftop,C-RAN,3,3,0,3,3,3,0,0,1,18,6060,8530,21,33.6,7,15,0
AMM-U-0420,U,Rooftop,C-RAN,3,3,0,3,3,3,0,0,1,18,6060,8530,21,33.6,7,15,0
AMM-U-0421,U,Rooftop,C-RAN,3,3,0,3,3,3,0,0,1,18,6060,8530,21,33.6,7,15,0
AMM-U-0422,U,Rooftop,C-RAN,3,3,0,3,3,3,0,0,1,18,6060,8530,21,33.6,7,15,0
AMM-U-0423,U,Rooftop,C-RAN,3,3,0,3,3,3,0,0,1,18,6060,8530,21,33.6,7,15,0
AMM-U-0424,U,Rooftop,C-RAN,3,3,0,3,3,3,0,0,1,18,6060,8530,21,33.6,7,15,0
AMM-U-0425,U,Rooftop,C-RAN,3,3,0,3,3,3,0,0,1,18,6060,8530,21,33.6,7,15,0
AMM-U-0426,U,Rooftop,C-RAN,3,3,0,3,3,3,0,0,1,18,6060,8530,21,33.6,7,15,0
AMM-U-0427,U,Rooftop,C-RAN,3,3,0,3,3,3,0,0,1,18,6060,8530,21,33.6,7,15,0
AMM-U-0428,U,Rooftop,C-RAN,3,3,0,3,3,3,0,0,1,18,6060,8530,21,33.6,7,15,0
AMM-U-0429,U,Rooftop,C-RAN,3,3,0,3,3,3,0,0,1,18,6060,8530,21,33.6,7,15,0
AMM-U-0430,U,Rooftop,D-RAN,3,3,0,3,3,3,1,1,0,18,6470,9100,21,38.4,8,15,0
AMM-U-0431,U,Rooftop,C-RAN,3,3,0,3,3,3,0,0,1,18,6060,8530,21,33.6,7,15,0
AMM-U-0432,U,Rooftop,C-RAN,3,3,0,3,3,3,0,0,1,18,6060,8530,21,33.6,7,15,0
AMM-U-0433,U,Rooftop,C-RAN,3,3,0,3,3,3,0,0,1,18,6060,8530,21,33.6,7,15,0
AMM-U-0434,U,Rooftop,C-RAN,3,3,0,3,3,3,0,0,1,18,6060,8530,21,33.6,7,15,0
AMM-U-0435,U,Rooftop,C-RAN,3,3,0,3,3,3,0,0,1,18,6060,8530,21,33.6,7,15,0
AMM-U-0436,U,Rooftop,C-RAN,3,3,0,3,3,3,0,0,1,18,6060,8530,21,33.6,7,15,0
AMM-U-0437,U,Rooftop,C-RAN,3,3,0,3,3,3,0,0,1,18,6060,8530,21,33.6,7,15,0
AMM-U-0438,U,Rooftop,C-RAN,3,3,0,3,3,3,0,0,1,18,6060,8530,21,33.6,7,15,0
AMM-U-0439,U,Rooftop,C-RAN,3,3,0,3,3,3,0,0,1,18,6060,8530,21,33.6,7,15,0
AMM-U-0440,U,Rooftop,C-RAN,3,3,0,3,3,3,0,0,1,18,6060,8530,21,33.6,7,15,0
AMM-U-0441,U,Rooftop,C-RAN,3,3,0,3,3,3,0,0,1,18,6060,8530,21,33.6,7,15,0
AMM-U-0442,U,Rooftop,C-RAN,3,3,0,3,3,3,0,0,1,18,6060,8530,21,33.6,7,15,0
AMM-U-0443,U,Rooftop,D-RAN,3,3,0,3,3,3,1,1,0,18,6470,9100,21,38.4,8,15,0
AMM-U-0444,U,Rooftop,C-RAN,3,3,0,3,3,3,0,0,1,18,6060,8530,21,33.6,7,15,0
AMM-U-0445,U,Rooftop,C-RAN,3,3,0,3,3,3,0,0,1,18,6060,8530,21,33.6,7,15,0
AMM-U-0446,U,Rooftop,C-RAN,3,3,0,3,3,3,0,0,1,18,6060,8530,21,33.6,7,15,0
AMM-U-0447,U,Rooftop,C-RAN,3,3,0,3,3,3,0,0,1,18,6060,8530,21,33.6,7,15,0
AMM-U-0448,U,Rooftop,C-RAN,3,3,0,3,3,3,0,0,1,18,6060,8530,21,33.6,7,15,0
AMM-U-0449,U,Rooftop,C-RAN,3,3,0,3,3,3,0,0,1,18,6060,8530,21,33.6,7,15,0
AMM-U-0450,U,Rooftop,C-RAN,3,3,0,3,3,3,0,0,1,18,6060,8530,21,33.6,7,15,0
AMM-U-0451,U,Rooftop,C-RAN,3,3,0,3,3,3,0,0,1,18,6060,8530,21,33.6,7,15,0
AMM-U-0452,U,Rooftop,C-RAN,3,3,0,3,3,3,0,0,1,18,6060,8530,21,33.6,7,15,0
AMM-U-0453,U,Rooftop,C-RAN,3,3,0,3,3,3,0,0,1,18,6060,8530,21,33.6,7,15,0
AMM-U-0454,U,Rooftop,C-RAN,3,3,0,3,3,3,0,0,1,18,6060,8530,21,33.6,7,15,0
AMM-U-0455,U,Rooftop,C-RAN,3,3,0,3,3,3,0,0,1,18,6060,8530,21,33.6,7,15,0
AMM-U-0456,U,Rooftop,C-RAN,3,3,0,3,3,3,0,0,1,18,6060,8530,21,33.6,7,15,0
AMM-U-0457,U,Rooftop,C-RAN,3,3,0,3,3,3,0,0,1,18,6060,8530,21,33.6,7,15,0
AMM-U-0458,U,Rooftop,C-RAN,3,3,0,3,3,3,0,0,1,18,6060,8530,21,33.6,7,15,0
AMM-U-0459,U,Rooftop,C-RAN,3,3,0,3,3,3,0,0,1,18,6060,8530,21,33.6,7,15,0
AMM-U-0460,U,Rooftop,C-RAN,3,3,0,3,3,3,0,0,1,18,6060,8530,21,33.6,7,15,0
AMM-U-0461,U,Rooftop,C-RAN,3,3,0,3,3,3,0,0,1,18,6060,8530,21,33.6,7,15,0
AMM-U-0462,U,Rooftop,C-RAN,3,3,0,3,3,3,0,0,1,18,6060,8530,21,33.6,7,15,0
AMM-U-0463,U,Rooftop,C-RAN,3,3,0,3,3,3,0,0,1,18,6060,8530,21,33.6,7,15,0
AMM-U-0464,U,Rooftop,C-RAN,3,3,0,3,3,3,0,0,1,18,6060,8530,21,33.6,7,15,0
AMM-U-0465,U,Rooftop,C-RAN,3,3,0,3,3,3,0,0,1,18,6060,8530,21,33.6,7,15,0
AMM-U-0466,U,Rooftop,C-RAN,3,3,0,3,3,3,0,0,1,18,6060,8530,21,33.6,7,15,0
AMM-U-0467,U,Rooftop,C-RAN,3,3,0,3,3,3,0,0,1,18,6060,8530,21,33.6,7,15,0
AMM-U-0468,U,Rooftop,C-RAN,3,3,0,3,3,3,0,0,1,18,6060,8530,21,33.6,7,15,0
AMM-U-0469,U,Rooftop,C-RAN,3,3,0,3,3,3,0,0,1,18,6060,8530,21,33.6,7,15,0
AMM-U-0470,U,Rooftop,C-RAN,3,3,0,3,3,3,0,0,1,18,6060,8530,21,33.6,7,15,0
AMM-U-0471,U,Rooftop,C-RAN,3,3,0,3,3,3,0,0,1,18,6060,8530,21,33.6,7,15,0
AMM-U-0472,U,Rooftop,C-RAN,3,3,0,3,3,3,0,0,1,18,6060,8530,21,33.6,7,15,0
AMM-U-0473,U,Rooftop,C-RAN,3,3,0,3,3,3,0,0,1,18,6060,8530,21,33.6,7,15,0
AMM-U-0474,U,Rooftop,C-RAN,3,3,0,3,3,3,0,0,1,18,6060,8530,21,33.6,7,15,0
AMM-U-0475,U,Rooftop,C-RAN,3,3,0,3,3,3,0,0,1,18,6060,8530,21,33.6,7,15,0
AMM-U-0476,U,Rooftop,C-RAN,3,3,0,3,3,3,0,0,1,18,6060,8530,21,33.6,7,15,0
AMM-U-0477,U,Rooftop,C-RAN,3,3,0,3,3,3,0,0,1,18,6060,8530,21,33.6,7,15,0
AMM-U-0478,U,Rooftop,C-RAN,3,3,0,3,3,3,0,0,1,18,6060,8530,21,33.6,7,15,0
AMM-U-0479,U,Rooftop,C-RAN,3,3,0,3,3,3,0,0,1,18,6060,8530,21,33.6,7,15,0
AMM-U-0480,U,Rooftop,C-RAN,3,3,0,3,3,3,0,0,1,18,6060,8530,21,33.6,7,15,0
AMM-U-0481,U,Rooftop,C-RAN,3,3,0,3,3,3,0,0,1,18,6060,8530,21,33.6,7,15,0
AMM-U-0482,U,Rooftop,C-RAN,3,3,0,3,3,3,0,0,1,18,6060,8530,21,33.6,7,15,0
AMM-U-0483,U,Rooftop,C-RAN,3,3,0,3,3,3,0,0,1,18,6060,8530,21,33.6,7,15,0
AMM-U-0484,U,Rooftop,C-RAN,3,3,0,3,3,3,0,0,1,18,6060,8530,21,33.6,7,15,0
AMM-U-0485,U,Rooftop,C-RAN,3,3,0,3,3,3,0,0,1,18,6060,8530,21,33.6,7,15,0
AMM-U-0486,U,Rooftop,C-RAN,3,3,0,3,3,3,0,0,1,18,6060,8530,21,33.6,7,15,0
AMM-U-0487,U,Rooftop,C-RAN,3,3,0,3,3,3,0,0,1,18,6060,8530,21,33.6,7,15,0
AMM-U-0488,U,Rooftop,C-RAN,3,3,0,3,3,3,0,0,1,18,6060,8530,21,33.6,7,15,0
AMM-U-0489,U,Rooftop,C-RAN,3,3,0,3,3,3,0,0,1,18,6060,8530,21,33.6,7,15,0
AMM-U-0490,U,Rooftop,C-RAN,3,3,0,3,3,3,0,0,1,18,6060,8530,21,33.6,7,15,0
AMM-U-0491,U,Rooftop,C-RAN,3,3,0,3,3,3,0,0,1,18,6060,8530,21,33.6,7,15,0
AMM-U-0492,U,Rooftop,C-RAN,3,3,0,3,3,3,0,0,1,18,6060,8530,21,33.6,7,15,0
AMM-U-0493,U,Rooftop,C-RAN,3,3,0,3,3,3,0,0,1,18,6060,8530,21,33.6,7,15,0
AMM-U-0494,U,Rooftop,C-RAN,3,3,0,3,3,3,0,0,1,18,6060,8530,21,33.6,7,15,0
AMM-U-0495,U,Rooftop,C-RAN,3,3,0,3,3,3,0,0,1,18,6060,8530,21,33.6,7,15,0
AMM-U-0496,U,Rooftop,C-RAN,3,3,0,3,3,3,0,0,1,18,6060,8530,21,33.6,7,15,0
AMM-U-0497,U,Rooftop,C-RAN,3,3,0,3,3,3,0,0,1,18,6060,8530,21,33.6,7,15,0
AMM-U-0498,U,Rooftop,C-RAN,3,3,0,3,3,3,0,0,1,18,6060,8530,21,33.6,7,15,0
AMM-U-0499,U,Rooftop,C-RAN,3,3,0,3,3,3,0,0,1,18,6060,8530,21,33.6,7,15,0
AMM-U-0500,U,Rooftop,C-RAN,3,3,0,3,3,3,0,0,1,18,6060,8530,21,33.6,7,15,0
AMM-U-0501,U,Rooftop,C-RAN,3,3,0,3,3,3,0,0,1,18,6060,8530,21,33.6,7,15,0
AMM-U-0502,U,Rooftop,C-RAN,3,3,0,3,3,3,0,0,1,18,6060,8530,21,33.6,7,15,0
AMM-U-0503,U,Rooftop,C-RAN,3,3,0,3,3,3,0,0,1,18,6060,8530,21,33.6,7,15,0
AMM-U-0504,U,Rooftop,C-RAN,3,3,0,3,3,3,0,0,1,18,6060,8530,21,33.6,7,15,0
AMM-U-0505,U,Rooftop,C-RAN,3,3,0,3,3,3,0,0,1,18,6060,8530,21,33.6,7,15,0
AMM-U-0506,U,Rooftop,C-RAN,3,3,0,3,3,3,0,0,1,18,6060,8530,21,33.6,7,15,0
AMM-U-0507,U,Rooftop,C-RAN,3,3,0,3,3,3,0,0,1,18,6060,8530,21,33.6,7,15,0
AMM-U-0508,U,Rooftop,C-RAN,3,3,0,3,3,3,0,0,1,18,6060,8530,21,33.6,7,15,0
AMM-U-0509,U,Rooftop,C-RAN,3,3,0,3,3,3,0,0,1,18,6060,8530,21,33.6,7,15,0
AMM-U-0510,U,Rooftop,C-RAN,3,3,0,3,3,3,0,0,1,18,6060,8530,21,33.6,7,15,0
AMM-U-0511,U,Rooftop,C-RAN,3,3,0,3,3,3,0,0,1,18,6060,8530,21,33.6,7,15,0
AMM-U-0512,U,Rooftop,C-RAN,3,3,0,3,3,3,0,0,1,18,6060,8530,21,33.6,7,15,0
AMM-U-0513,U,Rooftop,C-RAN,3,3,0,3,3,3,0,0,1,18,6060,8530,21,33.6,7,15,0
AMM-U-0514,U,Rooftop,C-RAN,3,3,0,3,3,3,0,0,1,18,6060,8530,21,33.6,7,15,0
AMM-U-0515,U,Rooftop,C-RAN,3,3,0,3,3,3,0,0,1,18,6060,8530,21,33.6,7,15,0
AMM-U-0516,U,Rooftop,C-RAN,3,3,0,3,3,3,0,0,1,18,6060,8530,21,33.6,7,15,0
AMM-U-0517,U,Rooftop,C-RAN,3,3,0,3,3,3,0,0,1,18,6060,8530,21,33.6,7,15,0
AMM-U-0518,U,Rooftop,C-RAN,3,3,0,3,3,3,0,0,1,18,6060,8530,21,33.6,7,15,0
AMM-U-0519,U,Rooftop,C-RAN,3,3,0,3,3,3,0,0,1,18,6060,8530,21,33.6,7,15,0
AMM-U-0520,U,Rooftop,C-RAN,3,3,0,3,3,3,0,0,1,18,6060,8530,21,33.6,7,15,0
AMM-U-0521,U,Rooftop,C-RAN,3,3,0,3,3,3,0,0,1,18,6060,8530,21,33.6,7,15,0
AMM-U-0522,U,Rooftop,C-RAN,3,3,0,3,3,3,0,0,1,18,6060,8530,21,33.6,7,15,0
AMM-U-0523,U,Rooftop,C-RAN,3,3,0,3,3,3,0,0,1,18,6060,8530,21,33.6,7,15,0
AMM-U-0524,U,Rooftop,C-RAN,3,3,0,3,3,3,0,0,1,18,6060,8530,21,33.6,7,15,0
AMM-U-0525,U,Rooftop,C-RAN,3,3,0,3,3,3,0,0,1,18,6060,8530,21,33.6,7,15,0
AMM-U-0526,U,Monopole / greenfield,C-RAN,3,3,0,3,3,3,0,0,1,18,6060,8530,21,33.6,7,15,0
AMM-U-0527,U,Monopole / greenfield,C-RAN,3,3,0,3,3,3,0,0,1,18,6060,8530,21,33.6,7,15,0
AMM-U-0528,U,Monopole / greenfield,C-RAN,3,3,0,3,3,3,0,0,1,18,6060,8530,21,33.6,7,15,0
AMM-U-0529,U,Monopole / greenfield,C-RAN,3,3,0,3,3,3,0,0,1,18,6060,8530,21,33.6,7,15,0
AMM-U-0530,U,Monopole / greenfield,C-RAN,3,3,0,3,3,3,0,0,1,18,6060,8530,21,33.6,7,15,0
AMM-U-0531,U,Rooftop,C-RAN,3,3,0,3,3,3,0,0,1,18,6060,8530,21,33.6,7,15,0
AMM-U-0532,U,Rooftop,C-RAN,3,3,0,3,3,3,0,0,1,18,6060,8530,21,33.6,7,15,0
AMM-U-0533,U,Rooftop,C-RAN,3,3,0,3,3,3,0,0,1,18,6060,8530,21,33.6,7,15,0
AMM-U-0534,U,Rooftop,C-RAN,3,3,0,3,3,3,0,0,1,18,6060,8530,21,33.6,7,15,0
AMM-U-0535,U,Rooftop,C-RAN,3,3,0,3,3,3,0,0,1,18,6060,8530,21,33.6,7,15,0
AMM-U-0536,U,Rooftop,C-RAN,3,3,0,3,3,3,0,0,1,18,6060,8530,21,33.6,7,15,0
AMM-U-0537,U,Rooftop,C-RAN,3,3,0,3,3,3,0,0,1,18,6060,8530,21,33.6,7,15,0
AMM-U-0538,U,Rooftop,C-RAN,3,3,0,3,3,3,0,0,1,18,6060,8530,21,33.6,7,15,0
AMM-U-0539,U,Rooftop,C-RAN,3,3,0,3,3,3,0,0,1,18,6060,8530,21,33.6,7,15,0
AMM-U-0540,U,Rooftop,C-RAN,3,3,0,3,3,3,0,0,1,18,6060,8530,21,33.6,7,15,0
AMM-U-0541,U,Rooftop,C-RAN,3,3,0,3,3,3,0,0,1,18,6060,8530,21,33.6,7,15,0
AMM-U-0542,U,Rooftop,C-RAN,3,3,0,3,3,3,0,0,1,18,6060,8530,21,33.6,7,15,0
AMM-U-0543,U,Rooftop,C-RAN,3,3,0,3,3,3,0,0,1,18,6060,8530,21,33.6,7,15,0
AMM-U-0544,U,Rooftop,C-RAN,3,3,0,3,3,3,0,0,1,18,6060,8530,21,33.6,7,15,0
AMM-U-0545,U,Rooftop,C-RAN,3,3,0,3,3,3,0,0,1,18,6060,8530,21,33.6,7,15,0
AMM-U-0546,U,Rooftop,C-RAN,3,3,0,3,3,3,0,0,1,18,6060,8530,21,33.6,7,15,0
AMM-U-0547,U,Rooftop,C-RAN,3,3,0,3,3,3,0,0,1,18,6060,8530,21,33.6,7,15,0
AMM-U-0548,U,Rooftop,C-RAN,3,3,0,3,3,3,0,0,1,18,6060,8530,21,33.6,7,15,0
AMM-U-0549,U,Rooftop,C-RAN,3,3,0,3,3,3,0,0,1,18,6060,8530,21,33.6,7,15,0
AMM-U-0550,U,Rooftop,C-RAN,3,3,0,3,3,3,0,0,1,18,6060,8530,21,33.6,7,15,0
AMM-U-0551,U,Rooftop,C-RAN,3,3,0,3,3,3,0,0,1,18,6060,8530,21,33.6,7,15,0
AMM-U-0552,U,Rooftop,C-RAN,3,3,0,3,3,3,0,0,1,18,6060,8530,21,33.6,7,15,0
AMM-U-0553,U,Monopole / greenfield,C-RAN,3,3,0,3,3,3,0,0,1,18,6060,8530,21,33.6,7,15,0
AMM-U-0554,U,Monopole / greenfield,C-RAN,3,3,0,3,3,3,0,0,1,18,6060,8530,21,33.6,7,15,0
AMM-U-0555,U,Monopole / greenfield,C-RAN,3,3,0,3,3,3,0,0,1,18,6060,8530,21,33.6,7,15,0
AMM-U-0556,U,Monopole / greenfield,C-RAN,3,3,0,3,3,3,0,0,1,18,6060,8530,21,33.6,7,15,0
AMM-U-0557,U,Monopole / greenfield,C-RAN,3,3,0,3,3,3,0,0,1,18,6060,8530,21,33.6,7,15,0
AMM-U-0558,U,Rooftop,C-RAN,3,3,0,3,3,3,0,0,1,18,6060,8530,21,33.6,7,15,0
AMM-U-0559,U,Rooftop,C-RAN,3,3,0,3,3,3,0,0,1,18,6060,8530,21,33.6,7,15,0
AMM-U-0560,U,Rooftop,C-RAN,3,3,0,3,3,3,0,0,1,18,6060,8530,21,33.6,7,15,0
AMM-U-0561,U,Rooftop,C-RAN,3,3,0,3,3,3,0,0,1,18,6060,8530,21,33.6,7,15,0
AMM-U-0562,U,Rooftop,C-RAN,3,3,0,3,3,3,0,0,1,18,6060,8530,21,33.6,7,15,0
AMM-U-0563,U,Rooftop,C-RAN,3,3,0,3,3,3,0,0,1,18,6060,8530,21,33.6,7,15,0
AMM-U-0564,U,Rooftop,C-RAN,3,3,0,3,3,3,0,0,1,18,6060,8530,21,33.6,7,15,0
AMM-U-0565,U,Rooftop,C-RAN,3,3,0,3,3,3,0,0,1,18,6060,8530,21,33.6,7,15,0
AMM-U-0566,U,Rooftop,C-RAN,3,3,0,3,3,3,0,0,1,18,6060,8530,21,33.6,7,15,0
AMM-U-0567,U,Rooftop,C-RAN,3,3,0,3,3,3,0,0,1,18,6060,8530,21,33.6,7,15,0
AMM-U-0568,U,Rooftop,C-RAN,3,3,0,3,3,3,0,0,1,18,6060,8530,21,33.6,7,15,0
AMM-U-0569,U,Rooftop,C-RAN,3,3,0,3,3,3,0,0,1,18,6060,8530,21,33.6,7,15,0
AMM-U-0570,U,Rooftop,C-RAN,3,3,0,3,3,3,0,0,1,18,6060,8530,21,33.6,7,15,0
AMM-U-0571,U,Rooftop,C-RAN,3,3,0,3,3,3,0,0,1,18,6060,8530,21,33.6,7,15,0
AMM-U-0572,U,Rooftop,C-RAN,3,3,0,3,3,3,0,0,1,18,6060,8530,21,33.6,7,15,0
AMM-U-0573,U,Rooftop,C-RAN,3,3,0,3,3,3,0,0,1,18,6060,8530,21,33.6,7,15,0
AMM-U-0574,U,Rooftop,C-RAN,3,3,0,3,3,3,0,0,1,18,6060,8530,21,33.6,7,15,0
AMM-U-0575,U,Rooftop,C-RAN,3,3,0,3,3,3,0,0,1,18,6060,8530,21,33.6,7,15,0
AMM-U-0576,U,Rooftop,C-RAN,3,3,0,3,3,3,0,0,1,18,6060,8530,21,33.6,7,15,0
AMM-U-0577,U,Rooftop,C-RAN,3,3,0,3,3,3,0,0,1,18,6060,8530,21,33.6,7,15,0
AMM-U-0578,U,Rooftop,C-RAN,3,3,0,3,3,3,0,0,1,18,6060,8530,21,33.6,7,15,0
AMM-U-0579,U,Rooftop,C-RAN,3,3,0,3,3,3,0,0,1,18,6060,8530,21,33.6,7,15,0
AMM-U-0580,U,Rooftop,C-RAN,3,3,0,3,3,3,0,0,1,18,6060,8530,21,33.6,7,15,0
AMM-U-0581,U,Monopole / greenfield,C-RAN,3,3,0,3,3,3,0,0,1,18,6060,8530,21,33.6,7,15,0
AMM-U-0582,U,Monopole / greenfield,C-RAN,3,3,0,3,3,3,0,0,1,18,6060,8530,21,33.6,7,15,0
AMM-U-0583,U,Rooftop,C-RAN,3,3,0,3,3,3,0,0,1,18,6060,8530,21,33.6,7,15,0
AMM-U-0584,U,Monopole / greenfield,C-RAN,3,3,0,3,3,3,0,0,1,18,6060,8530,21,33.6,7,15,0
AMM-U-0585,U,Monopole / greenfield,C-RAN,3,3,0,3,3,3,0,0,1,18,6060,8530,21,33.6,7,15,0
AMM-U-0586,U,Monopole / greenfield,C-RAN,3,3,0,3,3,3,0,0,1,18,6060,8530,21,33.6,7,15,0
AMM-U-0587,U,Monopole / greenfield,C-RAN,3,3,0,3,3,3,0,0,1,18,6060,8530,21,33.6,7,15,0
AMM-U-0588,U,Monopole / greenfield,C-RAN,3,3,0,3,3,3,0,0,1,18,6060,8530,21,33.6,7,15,0
AMM-U-0589,U,Rooftop,C-RAN,3,3,0,3,3,3,0,0,1,18,6060,8530,21,33.6,7,15,0
AMM-U-0590,U,Rooftop,C-RAN,3,3,0,3,3,3,0,0,1,18,6060,8530,21,33.6,7,15,0
AMM-U-0591,U,Rooftop,C-RAN,3,3,0,3,3,3,0,0,1,18,6060,8530,21,33.6,7,15,0
AMM-U-0592,U,Rooftop,C-RAN,3,3,0,3,3,3,0,0,1,18,6060,8530,21,33.6,7,15,0
AMM-U-0593,U,Rooftop,C-RAN,3,3,0,3,3,3,0,0,1,18,6060,8530,21,33.6,7,15,0
AMM-U-0594,U,Rooftop,C-RAN,3,3,0,3,3,3,0,0,1,18,6060,8530,21,33.6,7,15,0
AMM-U-0595,U,Rooftop,C-RAN,3,3,0,3,3,3,0,0,1,18,6060,8530,21,33.6,7,15,0
AMM-U-0596,U,Rooftop,C-RAN,3,3,0,3,3,3,0,0,1,18,6060,8530,21,33.6,7,15,0
AMM-U-0597,U,Rooftop,C-RAN,3,3,0,3,3,3,0,0,1,18,6060,8530,21,33.6,7,15,0
AMM-U-0598,U,Rooftop,C-RAN,3,3,0,3,3,3,0,0,1,18,6060,8530,21,33.6,7,15,0
AMM-U-0599,U,Rooftop,C-RAN,3,3,0,3,3,3,0,0,1,18,6060,8530,21,33.6,7,15,0
AMM-U-0600,U,Rooftop,C-RAN,3,3,0,3,3,3,0,0,1,18,6060,8530,21,33.6,7,15,0
AMM-U-0601,U,Rooftop,C-RAN,3,3,0,3,3,3,0,0,1,18,6060,8530,21,33.6,7,15,0
AMM-U-0602,U,Rooftop,C-RAN,3,3,0,3,3,3,0,0,1,18,6060,8530,21,33.6,7,15,0
AMM-U-0603,U,Rooftop,C-RAN,3,3,0,3,3,3,0,0,1,18,6060,8530,21,33.6,7,15,0
AMM-U-0604,U,Rooftop,C-RAN,3,3,0,3,3,3,0,0,1,18,6060,8530,21,33.6,7,15,0
AMM-U-0605,U,Rooftop,C-RAN,3,3,0,3,3,3,0,0,1,18,6060,8530,21,33.6,7,15,0
AMM-U-0606,U,Rooftop,C-RAN,3,3,0,3,3,3,0,0,1,18,6060,8530,21,33.6,7,15,0
AMM-U-0607,U,Rooftop,C-RAN,3,3,0,3,3,3,0,0,1,18,6060,8530,21,33.6,7,15,0
AMM-U-0608,U,Rooftop,C-RAN,3,3,0,3,3,3,0,0,1,18,6060,8530,21,33.6,7,15,0
AMM-U-0609,U,Rooftop,C-RAN,3,3,0,3,3,3,0,0,1,18,6060,8530,21,33.6,7,15,0
AMM-U-0610,U,Rooftop,C-RAN,3,3,0,3,3,3,0,0,1,18,6060,8530,21,33.6,7,15,0
AMM-U-0611,U,Monopole / greenfield,C-RAN,3,3,0,3,3,3,0,0,1,18,6060,8530,21,33.6,7,15,0
AMM-U-0612,U,Monopole / greenfield,C-RAN,3,3,0,3,3,3,0,0,1,18,6060,8530,21,33.6,7,15,0
AMM-U-0613,U,Monopole / greenfield,C-RAN,3,3,0,3,3,3,0,0,1,18,6060,8530,21,33.6,7,15,0
AMM-U-0614,U,Monopole / greenfield,C-RAN,3,3,0,3,3,3,0,0,1,18,6060,8530,21,33.6,7,15,0
AMM-U-0615,U,Monopole / greenfield,C-RAN,3,3,0,3,3,3,0,0,1,18,6060,8530,21,33.6,7,15,0
AMM-U-0616,U,Monopole / greenfield,C-RAN,3,3,0,3,3,3,0,0,1,18,6060,8530,21,33.6,7,15,0
AMM-U-0617,U,Monopole / greenfield,C-RAN,3,3,0,3,3,3,0,0,1,18,6060,8530,21,33.6,7,15,0
AMM-U-0618,U,Monopole / greenfield,C-RAN,3,3,0,3,3,3,0,0,1,18,6060,8530,21,33.6,7,15,0
AMM-U-0619,U,Monopole / greenfield,C-RAN,3,3,0,3,3,3,0,0,1,18,6060,8530,21,33.6,7,15,0
AMM-U-0620,U,Monopole / greenfield,C-RAN,3,3,0,3,3,3,0,0,1,18,6060,8530,21,33.6,7,15,0
AMM-U-0621,U,Rooftop,C-RAN,3,3,0,3,3,3,0,0,1,18,6060,8530,21,33.6,7,15,0
AMM-U-0622,U,Rooftop,C-RAN,3,3,0,3,3,3,0,0,1,18,6060,8530,21,33.6,7,15,0
AMM-U-0623,U,Rooftop,C-RAN,3,3,0,3,3,3,0,0,1,18,6060,8530,21,33.6,7,15,0
AMM-U-0624,U,Rooftop,C-RAN,3,3,0,3,3,3,0,0,1,18,6060,8530,21,33.6,7,15,0
AMM-U-0625,U,Rooftop,C-RAN,3,3,0,3,3,3,0,0,1,18,6060,8530,21,33.6,7,15,0
AMM-U-0626,U,Rooftop,C-RAN,3,3,0,3,3,3,0,0,1,18,6060,8530,21,33.6,7,15,0
AMM-U-0627,U,Rooftop,C-RAN,3,3,0,3,3,3,0,0,1,18,6060,8530,21,33.6,7,15,0
AMM-U-0628,U,Rooftop,C-RAN,3,3,0,3,3,3,0,0,1,18,6060,8530,21,33.6,7,15,0
AMM-U-0629,U,Rooftop,C-RAN,3,3,0,3,3,3,0,0,1,18,6060,8530,21,33.6,7,15,0
AMM-U-0630,U,Rooftop,C-RAN,3,3,0,3,3,3,0,0,1,18,6060,8530,21,33.6,7,15,0
AMM-U-0631,U,Rooftop,C-RAN,3,3,0,3,3,3,0,0,1,18,6060,8530,21,33.6,7,15,0
AMM-U-0632,U,Rooftop,C-RAN,3,3,0,3,3,3,0,0,1,18,6060,8530,21,33.6,7,15,0
AMM-U-0633,U,Rooftop,C-RAN,3,3,0,3,3,3,0,0,1,18,6060,8530,21,33.6,7,15,0
AMM-U-0634,U,Rooftop,C-RAN,3,3,0,3,3,3,0,0,1,18,6060,8530,21,33.6,7,15,0
AMM-U-0635,U,Rooftop,C-RAN,3,3,0,3,3,3,0,0,1,18,6060,8530,21,33.6,7,15,0
AMM-U-0636,U,Rooftop,C-RAN,3,3,0,3,3,3,0,0,1,18,6060,8530,21,33.6,7,15,0
AMM-U-0637,U,Rooftop,C-RAN,3,3,0,3,3,3,0,0,1,18,6060,8530,21,33.6,7,15,0
AMM-U-0638,U,Rooftop,C-RAN,3,3,0,3,3,3,0,0,1,18,6060,8530,21,33.6,7,15,0
AMM-U-0639,U,Rooftop,C-RAN,3,3,0,3,3,3,0,0,1,18,6060,8530,21,33.6,7,15,0
AMM-U-0640,U,Rooftop,C-RAN,3,3,0,3,3,3,0,0,1,18,6060,8530,21,33.6,7,15,0
AMM-U-0641,U,Rooftop,C-RAN,3,3,0,3,3,3,0,0,1,18,6060,8530,21,33.6,7,15,0
AMM-U-0642,U,Monopole / greenfield,C-RAN,3,3,0,3,3,3,0,0,1,18,6060,8530,21,33.6,7,15,0
AMM-U-0643,U,Monopole / greenfield,C-RAN,3,3,0,3,3,3,0,0,1,18,6060,8530,21,33.6,7,15,0
AMM-U-0644,U,Monopole / greenfield,C-RAN,3,3,0,3,3,3,0,0,1,18,6060,8530,21,33.6,7,15,0
AMM-U-0645,U,Monopole / greenfield,C-RAN,3,3,0,3,3,3,0,0,1,18,6060,8530,21,33.6,7,15,0
AMM-U-0646,U,Monopole / greenfield,C-RAN,3,3,0,3,3,3,0,0,1,18,6060,8530,21,33.6,7,15,0
AMM-U-0647,U,Monopole / greenfield,C-RAN,3,3,0,3,3,3,0,0,1,18,6060,8530,21,33.6,7,15,0
AMM-U-0648,U,Monopole / greenfield,C-RAN,3,3,0,3,3,3,0,0,1,18,6060,8530,21,33.6,7,15,0
AMM-U-0649,U,Monopole / greenfield,C-RAN,3,3,0,3,3,3,0,0,1,18,6060,8530,21,33.6,7,15,0
AMM-U-0650,U,Monopole / greenfield,C-RAN,3,3,0,3,3,3,0,0,1,18,6060,8530,21,33.6,7,15,0
AMM-U-0651,U,Monopole / greenfield,C-RAN,3,3,0,3,3,3,0,0,1,18,6060,8530,21,33.6,7,15,0
AMM-U-0652,U,Monopole / greenfield,C-RAN,3,3,0,3,3,3,0,0,1,18,6060,8530,21,33.6,7,15,0
AMM-U-0653,U,Monopole / greenfield,C-RAN,3,3,0,3,3,3,0,0,1,18,6060,8530,21,33.6,7,15,0
AMM-U-0654,U,Monopole / greenfield,C-RAN,3,3,0,3,3,3,0,0,1,18,6060,8530,21,33.6,7,15,0
AMM-U-0655,U,Monopole / greenfield,C-RAN,3,3,0,3,3,3,0,0,1,18,6060,8530,21,33.6,7,15,0
AMM-U-0656,U,Rooftop,C-RAN,3,3,0,3,3,3,0,0,1,18,6060,8530,21,33.6,7,15,0
AMM-U-0657,U,Rooftop,C-RAN,3,3,0,3,3,3,0,0,1,18,6060,8530,21,33.6,7,15,0
AMM-U-0658,U,Rooftop,C-RAN,3,3,0,3,3,3,0,0,1,18,6060,8530,21,33.6,7,15,0
AMM-U-0659,U,Rooftop,C-RAN,3,3,0,3,3,3,0,0,1,18,6060,8530,21,33.6,7,15,0
AMM-U-0660,U,Rooftop,C-RAN,3,3,0,3,3,3,0,0,1,18,6060,8530,21,33.6,7,15,0
AMM-U-0661,U,Rooftop,C-RAN,3,3,0,3,3,3,0,0,1,18,6060,8530,21,33.6,7,15,0
AMM-U-0662,U,Rooftop,C-RAN,3,3,0,3,3,3,0,0,1,18,6060,8530,21,33.6,7,15,0
AMM-U-0663,U,Rooftop,C-RAN,3,3,0,3,3,3,0,0,1,18,6060,8530,21,33.6,7,15,0
AMM-U-0664,U,Rooftop,C-RAN,3,3,0,3,3,3,0,0,1,18,6060,8530,21,33.6,7,15,0
AMM-U-0665,U,Rooftop,C-RAN,3,3,0,3,3,3,0,0,1,18,6060,8530,21,33.6,7,15,0
AMM-U-0666,U,Rooftop,C-RAN,3,3,0,3,3,3,0,0,1,18,6060,8530,21,33.6,7,15,0
AMM-U-0667,U,Rooftop,C-RAN,3,3,0,3,3,3,0,0,1,18,6060,8530,21,33.6,7,15,0
AMM-U-0668,U,Rooftop,C-RAN,3,3,0,3,3,3,0,0,1,18,6060,8530,21,33.6,7,15,0
AMM-U-0669,U,Rooftop,C-RAN,3,3,0,3,3,3,0,0,1,18,6060,8530,21,33.6,7,15,0
AMM-U-0670,U,Rooftop,C-RAN,3,3,0,3,3,3,0,0,1,18,6060,8530,21,33.6,7,15,0
AMM-U-0671,U,Rooftop,C-RAN,3,3,0,3,3,3,0,0,1,18,6060,8530,21,33.6,7,15,0
AMM-U-0672,U,Rooftop,C-RAN,3,3,0,3,3,3,0,0,1,18,6060,8530,21,33.6,7,15,0
AMM-U-0673,U,Rooftop,C-RAN,3,3,0,3,3,3,0,0,1,18,6060,8530,21,33.6,7,15,0
AMM-U-0674,U,Rooftop,C-RAN,3,3,0,3,3,3,0,0,1,18,6060,8530,21,33.6,7,15,0
AMM-U-0675,U,Rooftop,C-RAN,3,3,0,3,3,3,0,0,1,18,6060,8530,21,33.6,7,15,0
AMM-U-0676,U,Monopole / greenfield,C-RAN,3,3,0,3,3,3,0,0,1,18,6060,8530,21,33.6,7,15,0
AMM-U-0677,U,Monopole / greenfield,C-RAN,3,3,0,3,3,3,0,0,1,18,6060,8530,21,33.6,7,15,0
AMM-U-0678,U,Monopole / greenfield,D-RAN,3,3,0,3,3,3,1,1,0,18,6470,9100,21,38.4,8,15,0
AMM-U-0679,U,Monopole / greenfield,D-RAN,3,3,0,3,3,3,1,1,0,18,6470,9100,21,38.4,8,15,0
AMM-U-0680,U,Monopole / greenfield,C-RAN,3,3,0,3,3,3,0,0,1,18,6060,8530,21,33.6,7,15,0
AMM-U-0681,U,Monopole / greenfield,C-RAN,3,3,0,3,3,3,0,0,1,18,6060,8530,21,33.6,7,15,0
AMM-U-0682,U,Monopole / greenfield,C-RAN,3,3,0,3,3,3,0,0,1,18,6060,8530,21,33.6,7,15,0
AMM-U-0683,U,Monopole / greenfield,C-RAN,3,3,0,3,3,3,0,0,1,18,6060,8530,21,33.6,7,15,0
AMM-U-0684,U,Monopole / greenfield,C-RAN,3,3,0,3,3,3,0,0,1,18,6060,8530,21,33.6,7,15,0
AMM-U-0685,U,Monopole / greenfield,C-RAN,3,3,0,3,3,3,0,0,1,18,6060,8530,21,33.6,7,15,0
AMM-U-0686,U,Monopole / greenfield,C-RAN,3,3,0,3,3,3,0,0,1,18,6060,8530,21,33.6,7,15,0
AMM-U-0687,U,Monopole / greenfield,C-RAN,3,3,0,3,3,3,0,0,1,18,6060,8530,21,33.6,7,15,0
AMM-U-0688,U,Monopole / greenfield,C-RAN,3,3,0,3,3,3,0,0,1,18,6060,8530,21,33.6,7,15,0
AMM-U-0689,U,Monopole / greenfield,C-RAN,3,3,0,3,3,3,0,0,1,18,6060,8530,21,33.6,7,15,0
AMM-U-0690,U,Monopole / greenfield,C-RAN,3,3,0,3,3,3,0,0,1,18,6060,8530,21,33.6,7,15,0
AMM-U-0691,U,Monopole / greenfield,C-RAN,3,3,0,3,3,3,0,0,1,18,6060,8530,21,33.6,7,15,0
AMM-U-0692,U,Rooftop,C-RAN,3,3,0,3,3,3,0,0,1,18,6060,8530,21,33.6,7,15,0
AMM-U-0693,U,Rooftop,C-RAN,3,3,0,3,3,3,0,0,1,18,6060,8530,21,33.6,7,15,0
AMM-U-0694,U,Rooftop,C-RAN,3,3,0,3,3,3,0,0,1,18,6060,8530,21,33.6,7,15,0
AMM-U-0695,U,Rooftop,C-RAN,3,3,0,3,3,3,0,0,1,18,6060,8530,21,33.6,7,15,0
AMM-U-0696,U,Rooftop,C-RAN,3,3,0,3,3,3,0,0,1,18,6060,8530,21,33.6,7,15,0
AMM-U-0697,U,Rooftop,C-RAN,3,3,0,3,3,3,0,0,1,18,6060,8530,21,33.6,7,15,0
AMM-U-0698,U,Rooftop,C-RAN,3,3,0,3,3,3,0,0,1,18,6060,8530,21,33.6,7,15,0
AMM-U-0699,U,Rooftop,C-RAN,3,3,0,3,3,3,0,0,1,18,6060,8530,21,33.6,7,15,0
AMM-U-0700,U,Rooftop,C-RAN,3,3,0,3,3,3,0,0,1,18,6060,8530,21,33.6,7,15,0
AMM-U-0701,U,Rooftop,C-RAN,3,3,0,3,3,3,0,0,1,18,6060,8530,21,33.6,7,15,0
AMM-U-0702,U,Rooftop,C-RAN,3,3,0,3,3,3,0,0,1,18,6060,8530,21,33.6,7,15,0
AMM-U-0703,U,Rooftop,C-RAN,3,3,0,3,3,3,0,0,1,18,6060,8530,21,33.6,7,15,0
AMM-U-0704,U,Rooftop,C-RAN,3,3,0,3,3,3,0,0,1,18,6060,8530,21,33.6,7,15,0
AMM-U-0705,U,Rooftop,C-RAN,3,3,0,3,3,3,0,0,1,18,6060,8530,21,33.6,7,15,0
AMM-U-0706,U,Rooftop,C-RAN,3,3,0,3,3,3,0,0,1,18,6060,8530,21,33.6,7,15,0
AMM-U-0707,U,Monopole / greenfield,C-RAN,3,3,0,3,3,3,0,0,1,18,6060,8530,21,33.6,7,15,0
AMM-U-0708,U,Monopole / greenfield,D-RAN,3,3,0,3,3,3,1,1,0,18,6470,9100,21,38.4,8,15,0
AMM-U-0709,U,Monopole / greenfield,D-RAN,3,3,0,3,3,3,1,1,0,18,6470,9100,21,38.4,8,15,0
AMM-U-0710,U,Monopole / greenfield,D-RAN,3,3,0,3,3,3,1,1,0,18,6470,9100,21,38.4,8,15,0
AMM-U-0711,U,Monopole / greenfield,D-RAN,3,3,0,3,3,3,1,1,0,18,6470,9100,21,38.4,8,15,0
AMM-U-0712,U,Monopole / greenfield,C-RAN,3,3,0,3,3,3,0,0,1,18,6060,8530,21,33.6,7,15,0
AMM-U-0713,U,Monopole / greenfield,C-RAN,3,3,0,3,3,3,0,0,1,18,6060,8530,21,33.6,7,15,0
AMM-U-0714,U,Monopole / greenfield,C-RAN,3,3,0,3,3,3,0,0,1,18,6060,8530,21,33.6,7,15,0
AMM-U-0715,U,Monopole / greenfield,C-RAN,3,3,0,3,3,3,0,0,1,18,6060,8530,21,33.6,7,15,0
AMM-U-0716,U,Monopole / greenfield,C-RAN,3,3,0,3,3,3,0,0,1,18,6060,8530,21,33.6,7,15,0
AMM-U-0717,U,Monopole / greenfield,C-RAN,3,3,0,3,3,3,0,0,1,18,6060,8530,21,33.6,7,15,0
AMM-U-0718,U,Monopole / greenfield,C-RAN,3,3,0,3,3,3,0,0,1,18,6060,8530,21,33.6,7,15,0
AMM-U-0719,U,Monopole / greenfield,C-RAN,3,3,0,3,3,3,0,0,1,18,6060,8530,21,33.6,7,15,0
AMM-U-0720,U,Rooftop,C-RAN,3,3,0,3,3,3,0,0,1,18,6060,8530,21,33.6,7,15,0
AMM-U-0721,U,Monopole / greenfield,C-RAN,3,3,0,3,3,3,0,0,1,18,6060,8530,21,33.6,7,15,0
AMM-U-0722,U,Monopole / greenfield,C-RAN,3,3,0,3,3,3,0,0,1,18,6060,8530,21,33.6,7,15,0
AMM-U-0723,U,Monopole / greenfield,C-RAN,3,3,0,3,3,3,0,0,1,18,6060,8530,21,33.6,7,15,0
AMM-U-0724,U,Rooftop,C-RAN,3,3,0,3,3,3,0,0,1,18,6060,8530,21,33.6,7,15,0
AMM-U-0725,U,Monopole / greenfield,C-RAN,3,3,0,3,3,3,0,0,1,18,6060,8530,21,33.6,7,15,0
AMM-U-0726,U,Rooftop,C-RAN,3,3,0,3,3,3,0,0,1,18,6060,8530,21,33.6,7,15,0
AMM-U-0727,U,Rooftop,C-RAN,3,3,0,3,3,3,0,0,1,18,6060,8530,21,33.6,7,15,0
AMM-U-0728,U,Rooftop,C-RAN,3,3,0,3,3,3,0,0,1,18,6060,8530,21,33.6,7,15,0
AMM-U-0729,U,Rooftop,C-RAN,3,3,0,3,3,3,0,0,1,18,6060,8530,21,33.6,7,15,0
AMM-U-0730,U,Rooftop,C-RAN,3,3,0,3,3,3,0,0,1,18,6060,8530,21,33.6,7,15,0
AMM-U-0731,U,Rooftop,C-RAN,3,3,0,3,3,3,0,0,1,18,6060,8530,21,33.6,7,15,0
AMM-U-0732,U,Rooftop,C-RAN,3,3,0,3,3,3,0,0,1,18,6060,8530,21,33.6,7,15,0
AMM-U-0733,U,Rooftop,C-RAN,3,3,0,3,3,3,0,0,1,18,6060,8530,21,33.6,7,15,0
AMM-U-0734,U,Rooftop,C-RAN,3,3,0,3,3,3,0,0,1,18,6060,8530,21,33.6,7,15,0
AMM-U-0735,U,Rooftop,C-RAN,3,3,0,3,3,3,0,0,1,18,6060,8530,21,33.6,7,15,0
AMM-U-0736,U,Rooftop,C-RAN,3,3,0,3,3,3,0,0,1,18,6060,8530,21,33.6,7,15,0
AMM-U-0737,U,Rooftop,C-RAN,3,3,0,3,3,3,0,0,1,18,6060,8530,21,33.6,7,15,0
AMM-U-0738,U,Monopole / greenfield,C-RAN,3,3,0,3,3,3,0,0,1,18,6060,8530,21,33.6,7,15,0
AMM-U-0739,U,Monopole / greenfield,D-RAN,3,3,0,3,3,3,1,1,0,18,6470,9100,21,38.4,8,15,0
AMM-U-0740,U,Monopole / greenfield,D-RAN,3,3,0,3,3,3,1,1,0,18,6470,9100,21,38.4,8,15,0
AMM-U-0741,U,Monopole / greenfield,D-RAN,3,3,0,3,3,3,1,1,0,18,6470,9100,21,38.4,8,15,0
AMM-U-0742,U,Monopole / greenfield,D-RAN,3,3,0,3,3,3,1,1,0,18,6470,9100,21,38.4,8,15,0
AMM-U-0743,U,Monopole / greenfield,C-RAN,3,3,0,3,3,3,0,0,1,18,6060,8530,21,33.6,7,15,0
AMM-U-0744,U,Monopole / greenfield,C-RAN,3,3,0,3,3,3,0,0,1,18,6060,8530,21,33.6,7,15,0
AMM-U-0745,U,Monopole / greenfield,C-RAN,3,3,0,3,3,3,0,0,1,18,6060,8530,21,33.6,7,15,0
AMM-U-0746,U,Monopole / greenfield,C-RAN,3,3,0,3,3,3,0,0,1,18,6060,8530,21,33.6,7,15,0
AMM-U-0747,U,Monopole / greenfield,C-RAN,3,3,0,3,3,3,0,0,1,18,6060,8530,21,33.6,7,15,0
AMM-U-0748,U,Monopole / greenfield,C-RAN,3,3,0,3,3,3,0,0,1,18,6060,8530,21,33.6,7,15,0
AMM-U-0749,U,Rooftop,C-RAN,3,3,0,3,3,3,0,0,1,18,6060,8530,21,33.6,7,15,0
AMM-U-0750,U,Rooftop,C-RAN,3,3,0,3,3,3,0,0,1,18,6060,8530,21,33.6,7,15,0
AMM-U-0751,U,Rooftop,C-RAN,3,3,0,3,3,3,0,0,1,18,6060,8530,21,33.6,7,15,0
AMM-U-0752,U,Rooftop,C-RAN,3,3,0,3,3,3,0,0,1,18,6060,8530,21,33.6,7,15,0
AMM-U-0753,U,Rooftop,C-RAN,3,3,0,3,3,3,0,0,1,18,6060,8530,21,33.6,7,15,0
AMM-U-0754,U,Rooftop,C-RAN,3,3,0,3,3,3,0,0,1,18,6060,8530,21,33.6,7,15,0
AMM-U-0755,U,Rooftop,C-RAN,3,3,0,3,3,3,0,0,1,18,6060,8530,21,33.6,7,15,0
AMM-U-0756,U,Rooftop,C-RAN,3,3,0,3,3,3,0,0,1,18,6060,8530,21,33.6,7,15,0
AMM-U-0757,U,Rooftop,C-RAN,3,3,0,3,3,3,0,0,1,18,6060,8530,21,33.6,7,15,0
AMM-U-0758,U,Rooftop,C-RAN,3,3,0,3,3,3,0,0,1,18,6060,8530,21,33.6,7,15,0
AMM-U-0759,U,Rooftop,C-RAN,3,3,0,3,3,3,0,0,1,18,6060,8530,21,33.6,7,15,0
AMM-U-0760,U,Rooftop,C-RAN,3,3,0,3,3,3,0,0,1,18,6060,8530,21,33.6,7,15,0
AMM-U-0761,U,Rooftop,C-RAN,3,3,0,3,3,3,0,0,1,18,6060,8530,21,33.6,7,15,0
AMM-U-0762,U,Rooftop,C-RAN,3,3,0,3,3,3,0,0,1,18,6060,8530,21,33.6,7,15,0
AMM-U-0763,U,Rooftop,C-RAN,3,3,0,3,3,3,0,0,1,18,6060,8530,21,33.6,7,15,0
AMM-U-0764,U,Rooftop,C-RAN,3,3,0,3,3,3,0,0,1,18,6060,8530,21,33.6,7,15,0
AMM-U-0765,U,Rooftop,C-RAN,3,3,0,3,3,3,0,0,1,18,6060,8530,21,33.6,7,15,0
AMM-U-0766,U,Rooftop,C-RAN,3,3,0,3,3,3,0,0,1,18,6060,8530,21,33.6,7,15,0
AMM-U-0767,U,Rooftop,C-RAN,3,3,0,3,3,3,0,0,1,18,6060,8530,21,33.6,7,15,0
AMM-U-0768,U,Rooftop,C-RAN,3,3,0,3,3,3,0,0,1,18,6060,8530,21,33.6,7,15,0
AMM-U-0769,U,Monopole / greenfield,D-RAN,3,3,0,3,3,3,1,1,0,18,6470,9100,21,38.4,8,15,0
AMM-U-0770,U,Monopole / greenfield,D-RAN,3,3,0,3,3,3,1,1,0,18,6470,9100,21,38.4,8,15,0
AMM-U-0771,U,Monopole / greenfield,D-RAN,3,3,0,3,3,3,1,1,0,18,6470,9100,21,38.4,8,15,0
AMM-U-0772,U,Monopole / greenfield,D-RAN,3,3,0,3,3,3,1,1,0,18,6470,9100,21,38.4,8,15,0
AMM-U-0773,U,Rooftop,C-RAN,3,3,0,3,3,3,0,0,1,18,6060,8530,21,33.6,7,15,0
AMM-U-0774,U,Rooftop,C-RAN,3,3,0,3,3,3,0,0,1,18,6060,8530,21,33.6,7,15,0
AMM-U-0775,U,Rooftop,C-RAN,3,3,0,3,3,3,0,0,1,18,6060,8530,21,33.6,7,15,0
AMM-U-0776,U,Rooftop,C-RAN,3,3,0,3,3,3,0,0,1,18,6060,8530,21,33.6,7,15,0
AMM-U-0777,U,Rooftop,C-RAN,3,3,0,3,3,3,0,0,1,18,6060,8530,21,33.6,7,15,0
AMM-U-0778,U,Rooftop,C-RAN,3,3,0,3,3,3,0,0,1,18,6060,8530,21,33.6,7,15,0
AMM-U-0779,U,Rooftop,C-RAN,3,3,0,3,3,3,0,0,1,18,6060,8530,21,33.6,7,15,0
AMM-U-0780,U,Rooftop,C-RAN,3,3,0,3,3,3,0,0,1,18,6060,8530,21,33.6,7,15,0
AMM-U-0781,U,Rooftop,C-RAN,3,3,0,3,3,3,0,0,1,18,6060,8530,21,33.6,7,15,0
AMM-U-0782,U,Rooftop,C-RAN,3,3,0,3,3,3,0,0,1,18,6060,8530,21,33.6,7,15,0
AMM-U-0783,U,Rooftop,C-RAN,3,3,0,3,3,3,0,0,1,18,6060,8530,21,33.6,7,15,0
AMM-U-0784,U,Rooftop,C-RAN,3,3,0,3,3,3,0,0,1,18,6060,8530,21,33.6,7,15,0
AMM-U-0785,U,Rooftop,C-RAN,3,3,0,3,3,3,0,0,1,18,6060,8530,21,33.6,7,15,0
AMM-U-0786,U,Rooftop,C-RAN,3,3,0,3,3,3,0,0,1,18,6060,8530,21,33.6,7,15,0
AMM-U-0787,U,Rooftop,C-RAN,3,3,0,3,3,3,0,0,1,18,6060,8530,21,33.6,7,15,0
AMM-U-0788,U,Rooftop,C-RAN,3,3,0,3,3,3,0,0,1,18,6060,8530,21,33.6,7,15,0
AMM-U-0789,U,Rooftop,C-RAN,3,3,0,3,3,3,0,0,1,18,6060,8530,21,33.6,7,15,0
AMM-U-0790,U,Rooftop,C-RAN,3,3,0,3,3,3,0,0,1,18,6060,8530,21,33.6,7,15,0
AMM-U-0791,U,Rooftop,C-RAN,3,3,0,3,3,3,0,0,1,18,6060,8530,21,33.6,7,15,0
AMM-U-0792,U,Rooftop,C-RAN,3,3,0,3,3,3,0,0,1,18,6060,8530,21,33.6,7,15,0
AMM-U-0793,U,Rooftop,C-RAN,3,3,0,3,3,3,0,0,1,18,6060,8530,21,33.6,7,15,0
AMM-U-0794,U,Rooftop,C-RAN,3,3,0,3,3,3,0,0,1,18,6060,8530,21,33.6,7,15,0
AMM-U-0795,U,Rooftop,C-RAN,3,3,0,3,3,3,0,0,1,18,6060,8530,21,33.6,7,15,0
AMM-U-0796,U,Monopole / greenfield,C-RAN,3,3,0,3,3,3,0,0,1,18,6060,8530,21,33.6,7,15,0
AMM-U-0797,U,Monopole / greenfield,D-RAN,3,3,0,3,3,3,1,1,0,18,6470,9100,21,38.4,8,15,0
AMM-U-0798,U,Monopole / greenfield,D-RAN,3,3,0,3,3,3,1,1,0,18,6470,9100,21,38.4,8,15,0
AMM-U-0799,U,Monopole / greenfield,D-RAN,3,3,0,3,3,3,1,1,0,18,6470,9100,21,38.4,8,15,0
AMM-U-0800,U,Rooftop,C-RAN,3,3,0,3,3,3,0,0,1,18,6060,8530,21,33.6,7,15,0
AMM-U-0801,U,Rooftop,C-RAN,3,3,0,3,3,3,0,0,1,18,6060,8530,21,33.6,7,15,0
AMM-U-0802,U,Rooftop,C-RAN,3,3,0,3,3,3,0,0,1,18,6060,8530,21,33.6,7,15,0
AMM-U-0803,U,Rooftop,C-RAN,3,3,0,3,3,3,0,0,1,18,6060,8530,21,33.6,7,15,0
AMM-U-0804,U,Rooftop,C-RAN,3,3,0,3,3,3,0,0,1,18,6060,8530,21,33.6,7,15,0
AMM-U-0805,U,Rooftop,C-RAN,3,3,0,3,3,3,0,0,1,18,6060,8530,21,33.6,7,15,0
AMM-U-0806,U,Rooftop,C-RAN,3,3,0,3,3,3,0,0,1,18,6060,8530,21,33.6,7,15,0
AMM-U-0807,U,Rooftop,C-RAN,3,3,0,3,3,3,0,0,1,18,6060,8530,21,33.6,7,15,0
AMM-U-0808,U,Rooftop,C-RAN,3,3,0,3,3,3,0,0,1,18,6060,8530,21,33.6,7,15,0
AMM-U-0809,U,Rooftop,C-RAN,3,3,0,3,3,3,0,0,1,18,6060,8530,21,33.6,7,15,0
AMM-U-0810,U,Rooftop,C-RAN,3,3,0,3,3,3,0,0,1,18,6060,8530,21,33.6,7,15,0
AMM-U-0811,U,Rooftop,C-RAN,3,3,0,3,3,3,0,0,1,18,6060,8530,21,33.6,7,15,0
AMM-U-0812,U,Rooftop,C-RAN,3,3,0,3,3,3,0,0,1,18,6060,8530,21,33.6,7,15,0
AMM-U-0813,U,Rooftop,C-RAN,3,3,0,3,3,3,0,0,1,18,6060,8530,21,33.6,7,15,0
AMM-U-0814,U,Rooftop,C-RAN,3,3,0,3,3,3,0,0,1,18,6060,8530,21,33.6,7,15,0
AMM-U-0815,U,Rooftop,C-RAN,3,3,0,3,3,3,0,0,1,18,6060,8530,21,33.6,7,15,0
AMM-U-0816,U,Rooftop,C-RAN,3,3,0,3,3,3,0,0,1,18,6060,8530,21,33.6,7,15,0
AMM-U-0817,U,Rooftop,C-RAN,3,3,0,3,3,3,0,0,1,18,6060,8530,21,33.6,7,15,0
AMM-U-0818,U,Rooftop,C-RAN,3,3,0,3,3,3,0,0,1,18,6060,8530,21,33.6,7,15,0
AMM-U-0819,U,Rooftop,C-RAN,3,3,0,3,3,3,0,0,1,18,6060,8530,21,33.6,7,15,0
AMM-U-0820,U,Rooftop,C-RAN,3,3,0,3,3,3,0,0,1,18,6060,8530,21,33.6,7,15,0
AMM-U-0821,U,Rooftop,C-RAN,3,3,0,3,3,3,0,0,1,18,6060,8530,21,33.6,7,15,0
AMM-U-0822,U,Rooftop,D-RAN,3,3,0,3,3,3,1,1,0,18,6470,9100,21,38.4,8,15,0
AMM-U-0823,U,Monopole / greenfield,D-RAN,3,3,0,3,3,3,1,1,0,18,6470,9100,21,38.4,8,15,0
AMM-U-0824,U,Monopole / greenfield,D-RAN,3,3,0,3,3,3,1,1,0,18,6470,9100,21,38.4,8,15,0
AMM-U-0825,U,Rooftop,C-RAN,3,3,0,3,3,3,0,0,1,18,6060,8530,21,33.6,7,15,0
AMM-U-0826,U,Rooftop,C-RAN,3,3,0,3,3,3,0,0,1,18,6060,8530,21,33.6,7,15,0
AMM-U-0827,U,Rooftop,C-RAN,3,3,0,3,3,3,0,0,1,18,6060,8530,21,33.6,7,15,0
AMM-U-0828,U,Rooftop,C-RAN,3,3,0,3,3,3,0,0,1,18,6060,8530,21,33.6,7,15,0
AMM-U-0829,U,Rooftop,C-RAN,3,3,0,3,3,3,0,0,1,18,6060,8530,21,33.6,7,15,0
AMM-U-0830,U,Rooftop,C-RAN,3,3,0,3,3,3,0,0,1,18,6060,8530,21,33.6,7,15,0
AMM-U-0831,U,Rooftop,C-RAN,3,3,0,3,3,3,0,0,1,18,6060,8530,21,33.6,7,15,0
AMM-U-0832,U,Rooftop,C-RAN,3,3,0,3,3,3,0,0,1,18,6060,8530,21,33.6,7,15,0
AMM-U-0833,U,Rooftop,C-RAN,3,3,0,3,3,3,0,0,1,18,6060,8530,21,33.6,7,15,0
AMM-U-0834,U,Rooftop,C-RAN,3,3,0,3,3,3,0,0,1,18,6060,8530,21,33.6,7,15,0
AMM-U-0835,U,Rooftop,C-RAN,3,3,0,3,3,3,0,0,1,18,6060,8530,21,33.6,7,15,0
AMM-U-0836,U,Rooftop,C-RAN,3,3,0,3,3,3,0,0,1,18,6060,8530,21,33.6,7,15,0
AMM-U-0837,U,Rooftop,C-RAN,3,3,0,3,3,3,0,0,1,18,6060,8530,21,33.6,7,15,0
AMM-U-0838,U,Rooftop,C-RAN,3,3,0,3,3,3,0,0,1,18,6060,8530,21,33.6,7,15,0
AMM-U-0839,U,Rooftop,C-RAN,3,3,0,3,3,3,0,0,1,18,6060,8530,21,33.6,7,15,0
AMM-U-0840,U,Rooftop,C-RAN,3,3,0,3,3,3,0,0,1,18,6060,8530,21,33.6,7,15,0
AMM-U-0841,U,Rooftop,C-RAN,3,3,0,3,3,3,0,0,1,18,6060,8530,21,33.6,7,15,0
AMM-U-0842,U,Rooftop,C-RAN,3,3,0,3,3,3,0,0,1,18,6060,8530,21,33.6,7,15,0
AMM-U-0843,U,Rooftop,C-RAN,3,3,0,3,3,3,0,0,1,18,6060,8530,21,33.6,7,15,0
AMM-U-0844,U,Rooftop,C-RAN,3,3,0,3,3,3,0,0,1,18,6060,8530,21,33.6,7,15,0
AMM-U-0845,U,Rooftop,C-RAN,3,3,0,3,3,3,0,0,1,18,6060,8530,21,33.6,7,15,0
AMM-U-0846,U,Rooftop,C-RAN,3,3,0,3,3,3,0,0,1,18,6060,8530,21,33.6,7,15,0
AMM-U-0847,U,Monopole / greenfield,C-RAN,3,3,0,3,3,3,0,0,1,18,6060,8530,21,33.6,7,15,0
AMM-U-0848,U,Monopole / greenfield,C-RAN,3,3,0,3,3,3,0,0,1,18,6060,8530,21,33.6,7,15,0
AMM-U-0849,U,Monopole / greenfield,C-RAN,3,3,0,3,3,3,0,0,1,18,6060,8530,21,33.6,7,15,0
AMM-U-0850,U,Rooftop,C-RAN,3,3,0,3,3,3,0,0,1,18,6060,8530,21,33.6,7,15,0
AMM-U-0851,U,Rooftop,C-RAN,3,3,0,3,3,3,0,0,1,18,6060,8530,21,33.6,7,15,0
AMM-U-0852,U,Rooftop,C-RAN,3,3,0,3,3,3,0,0,1,18,6060,8530,21,33.6,7,15,0
AMM-U-0853,U,Rooftop,C-RAN,3,3,0,3,3,3,0,0,1,18,6060,8530,21,33.6,7,15,0
AMM-U-0854,U,Rooftop,C-RAN,3,3,0,3,3,3,0,0,1,18,6060,8530,21,33.6,7,15,0
AMM-U-0855,U,Rooftop,C-RAN,3,3,0,3,3,3,0,0,1,18,6060,8530,21,33.6,7,15,0
AMM-U-0856,U,Rooftop,C-RAN,3,3,0,3,3,3,0,0,1,18,6060,8530,21,33.6,7,15,0
AMM-U-0857,U,Rooftop,C-RAN,3,3,0,3,3,3,0,0,1,18,6060,8530,21,33.6,7,15,0
AMM-U-0858,U,Rooftop,C-RAN,3,3,0,3,3,3,0,0,1,18,6060,8530,21,33.6,7,15,0
AMM-U-0859,U,Rooftop,C-RAN,3,3,0,3,3,3,0,0,1,18,6060,8530,21,33.6,7,15,0
AMM-U-0860,U,Rooftop,C-RAN,3,3,0,3,3,3,0,0,1,18,6060,8530,21,33.6,7,15,0
AMM-U-0861,U,Rooftop,C-RAN,3,3,0,3,3,3,0,0,1,18,6060,8530,21,33.6,7,15,0
AMM-U-0862,U,Rooftop,C-RAN,3,3,0,3,3,3,0,0,1,18,6060,8530,21,33.6,7,15,0
AMM-U-0863,U,Rooftop,C-RAN,3,3,0,3,3,3,0,0,1,18,6060,8530,21,33.6,7,15,0
AMM-U-0864,U,Rooftop,C-RAN,3,3,0,3,3,3,0,0,1,18,6060,8530,21,33.6,7,15,0
AMM-U-0865,U,Rooftop,C-RAN,3,3,0,3,3,3,0,0,1,18,6060,8530,21,33.6,7,15,0
AMM-U-0866,U,Rooftop,C-RAN,3,3,0,3,3,3,0,0,1,18,6060,8530,21,33.6,7,15,0
AMM-U-0867,U,Monopole / greenfield,C-RAN,3,3,0,3,3,3,0,0,1,18,6060,8530,21,33.6,7,15,0
AMM-U-0868,U,Monopole / greenfield,C-RAN,3,3,0,3,3,3,0,0,1,18,6060,8530,21,33.6,7,15,0
AMM-U-0869,U,Monopole / greenfield,C-RAN,3,3,0,3,3,3,0,0,1,18,6060,8530,21,33.6,7,15,0
AMM-U-0870,U,Monopole / greenfield,C-RAN,3,3,0,3,3,3,0,0,1,18,6060,8530,21,33.6,7,15,0
AMM-U-0871,U,Monopole / greenfield,C-RAN,3,3,0,3,3,3,0,0,1,18,6060,8530,21,33.6,7,15,0
AMM-U-0872,U,Monopole / greenfield,C-RAN,3,3,0,3,3,3,0,0,1,18,6060,8530,21,33.6,7,15,0
AMM-U-0873,U,Rooftop,C-RAN,3,3,0,3,3,3,0,0,1,18,6060,8530,21,33.6,7,15,0
AMM-U-0874,U,Rooftop,C-RAN,3,3,0,3,3,3,0,0,1,18,6060,8530,21,33.6,7,15,0
AMM-U-0875,U,Rooftop,C-RAN,3,3,0,3,3,3,0,0,1,18,6060,8530,21,33.6,7,15,0
AMM-U-0876,U,Rooftop,C-RAN,3,3,0,3,3,3,0,0,1,18,6060,8530,21,33.6,7,15,0
AMM-U-0877,U,Rooftop,C-RAN,3,3,0,3,3,3,0,0,1,18,6060,8530,21,33.6,7,15,0
AMM-U-0878,U,Rooftop,C-RAN,3,3,0,3,3,3,0,0,1,18,6060,8530,21,33.6,7,15,0
AMM-U-0879,U,Rooftop,C-RAN,3,3,0,3,3,3,0,0,1,18,6060,8530,21,33.6,7,15,0
AMM-U-0880,U,Rooftop,C-RAN,3,3,0,3,3,3,0,0,1,18,6060,8530,21,33.6,7,15,0
AMM-U-0881,U,Rooftop,C-RAN,3,3,0,3,3,3,0,0,1,18,6060,8530,21,33.6,7,15,0
AMM-U-0882,U,Rooftop,C-RAN,3,3,0,3,3,3,0,0,1,18,6060,8530,21,33.6,7,15,0
AMM-U-0883,U,Rooftop,C-RAN,3,3,0,3,3,3,0,0,1,18,6060,8530,21,33.6,7,15,0
AMM-U-0884,U,Rooftop,C-RAN,3,3,0,3,3,3,0,0,1,18,6060,8530,21,33.6,7,15,0
AMM-U-0885,U,Rooftop,C-RAN,3,3,0,3,3,3,0,0,1,18,6060,8530,21,33.6,7,15,0
AMM-U-0886,U,Rooftop,C-RAN,3,3,0,3,3,3,0,0,1,18,6060,8530,21,33.6,7,15,0
AMM-U-0887,U,Monopole / greenfield,C-RAN,3,3,0,3,3,3,0,0,1,18,6060,8530,21,33.6,7,15,0
AMM-U-0888,U,Monopole / greenfield,C-RAN,3,3,0,3,3,3,0,0,1,18,6060,8530,21,33.6,7,15,0
AMM-U-0889,U,Monopole / greenfield,C-RAN,3,3,0,3,3,3,0,0,1,18,6060,8530,21,33.6,7,15,0
AMM-U-0890,U,Monopole / greenfield,C-RAN,3,3,0,3,3,3,0,0,1,18,6060,8530,21,33.6,7,15,0
AMM-U-0891,U,Monopole / greenfield,C-RAN,3,3,0,3,3,3,0,0,1,18,6060,8530,21,33.6,7,15,0
AMM-U-0892,U,Monopole / greenfield,C-RAN,3,3,0,3,3,3,0,0,1,18,6060,8530,21,33.6,7,15,0
AMM-U-0893,U,Monopole / greenfield,C-RAN,3,3,0,3,3,3,0,0,1,18,6060,8530,21,33.6,7,15,0
AMM-U-0894,U,Rooftop,C-RAN,3,3,0,3,3,3,0,0,1,18,6060,8530,21,33.6,7,15,0
AMM-U-0895,U,Rooftop,C-RAN,3,3,0,3,3,3,0,0,1,18,6060,8530,21,33.6,7,15,0
AMM-U-0896,U,Rooftop,C-RAN,3,3,0,3,3,3,0,0,1,18,6060,8530,21,33.6,7,15,0
AMM-U-0897,U,Rooftop,C-RAN,3,3,0,3,3,3,0,0,1,18,6060,8530,21,33.6,7,15,0
AMM-U-0898,U,Rooftop,C-RAN,3,3,0,3,3,3,0,0,1,18,6060,8530,21,33.6,7,15,0
AMM-U-0899,U,Rooftop,C-RAN,3,3,0,3,3,3,0,0,1,18,6060,8530,21,33.6,7,15,0
AMM-U-0900,U,Rooftop,C-RAN,3,3,0,3,3,3,0,0,1,18,6060,8530,21,33.6,7,15,0
AMM-U-0901,U,Rooftop,C-RAN,3,3,0,3,3,3,0,0,1,18,6060,8530,21,33.6,7,15,0
AMM-U-0902,U,Rooftop,C-RAN,3,3,0,3,3,3,0,0,1,18,6060,8530,21,33.6,7,15,0
AMM-U-0903,U,Rooftop,C-RAN,3,3,0,3,3,3,0,0,1,18,6060,8530,21,33.6,7,15,0
AMM-U-0904,U,Rooftop,C-RAN,3,3,0,3,3,3,0,0,1,18,6060,8530,21,33.6,7,15,0
AMM-U-0905,U,Rooftop,C-RAN,3,3,0,3,3,3,0,0,1,18,6060,8530,21,33.6,7,15,0
AMM-U-0906,U,Rooftop,C-RAN,3,3,0,3,3,3,0,0,1,18,6060,8530,21,33.6,7,15,0
AMM-U-0907,U,Rooftop,C-RAN,3,3,0,3,3,3,0,0,1,18,6060,8530,21,33.6,7,15,0
AMM-U-0908,U,Monopole / greenfield,C-RAN,3,3,0,3,3,3,0,0,1,18,6060,8530,21,33.6,7,15,0
AMM-U-0909,U,Monopole / greenfield,C-RAN,3,3,0,3,3,3,0,0,1,18,6060,8530,21,33.6,7,15,0
AMM-U-0910,U,Monopole / greenfield,C-RAN,3,3,0,3,3,3,0,0,1,18,6060,8530,21,33.6,7,15,0
AMM-U-0911,U,Monopole / greenfield,C-RAN,3,3,0,3,3,3,0,0,1,18,6060,8530,21,33.6,7,15,0
AMM-U-0912,U,Monopole / greenfield,C-RAN,3,3,0,3,3,3,0,0,1,18,6060,8530,21,33.6,7,15,0
AMM-U-0913,U,Monopole / greenfield,C-RAN,3,3,0,3,3,3,0,0,1,18,6060,8530,21,33.6,7,15,0
AMM-U-0914,U,Monopole / greenfield,C-RAN,3,3,0,3,3,3,0,0,1,18,6060,8530,21,33.6,7,15,0
AMM-U-0915,U,Rooftop,C-RAN,3,3,0,3,3,3,0,0,1,18,6060,8530,21,33.6,7,15,0
AMM-U-0916,U,Rooftop,C-RAN,3,3,0,3,3,3,0,0,1,18,6060,8530,21,33.6,7,15,0
AMM-U-0917,U,Rooftop,C-RAN,3,3,0,3,3,3,0,0,1,18,6060,8530,21,33.6,7,15,0
AMM-U-0918,U,Rooftop,C-RAN,3,3,0,3,3,3,0,0,1,18,6060,8530,21,33.6,7,15,0
AMM-U-0919,U,Rooftop,C-RAN,3,3,0,3,3,3,0,0,1,18,6060,8530,21,33.6,7,15,0
AMM-U-0920,U,Rooftop,C-RAN,3,3,0,3,3,3,0,0,1,18,6060,8530,21,33.6,7,15,0
AMM-U-0921,U,Rooftop,C-RAN,3,3,0,3,3,3,0,0,1,18,6060,8530,21,33.6,7,15,0
AMM-U-0922,U,Rooftop,C-RAN,3,3,0,3,3,3,0,0,1,18,6060,8530,21,33.6,7,15,0
AMM-U-0923,U,Rooftop,C-RAN,3,3,0,3,3,3,0,0,1,18,6060,8530,21,33.6,7,15,0
AMM-U-0924,U,Rooftop,C-RAN,3,3,0,3,3,3,0,0,1,18,6060,8530,21,33.6,7,15,0
AMM-U-0925,U,Rooftop,C-RAN,3,3,0,3,3,3,0,0,1,18,6060,8530,21,33.6,7,15,0
AMM-U-0926,U,Rooftop,C-RAN,3,3,0,3,3,3,0,0,1,18,6060,8530,21,33.6,7,15,0
AMM-U-0927,U,Rooftop,C-RAN,3,3,0,3,3,3,0,0,1,18,6060,8530,21,33.6,7,15,0
AMM-U-0928,U,Monopole / greenfield,C-RAN,3,3,0,3,3,3,0,0,1,18,6060,8530,21,33.6,7,15,0
AMM-U-0929,U,Monopole / greenfield,C-RAN,3,3,0,3,3,3,0,0,1,18,6060,8530,21,33.6,7,15,0
AMM-U-0930,U,Monopole / greenfield,C-RAN,3,3,0,3,3,3,0,0,1,18,6060,8530,21,33.6,7,15,0
AMM-U-0931,U,Monopole / greenfield,C-RAN,3,3,0,3,3,3,0,0,1,18,6060,8530,21,33.6,7,15,0
AMM-U-0932,U,Monopole / greenfield,C-RAN,3,3,0,3,3,3,0,0,1,18,6060,8530,21,33.6,7,15,0
AMM-U-0933,U,Monopole / greenfield,C-RAN,3,3,0,3,3,3,0,0,1,18,6060,8530,21,33.6,7,15,0
AMM-U-0934,U,Monopole / greenfield,C-RAN,3,3,0,3,3,3,0,0,1,18,6060,8530,21,33.6,7,15,0
AMM-U-0935,U,Monopole / greenfield,C-RAN,3,3,0,3,3,3,0,0,1,18,6060,8530,21,33.6,7,15,0
AMM-U-0936,U,Monopole / greenfield,C-RAN,3,3,0,3,3,3,0,0,1,18,6060,8530,21,33.6,7,15,0
AMM-U-0937,U,Rooftop,C-RAN,3,3,0,3,3,3,0,0,1,18,6060,8530,21,33.6,7,15,0
AMM-U-0938,U,Rooftop,C-RAN,3,3,0,3,3,3,0,0,1,18,6060,8530,21,33.6,7,15,0
AMM-U-0939,U,Rooftop,C-RAN,3,3,0,3,3,3,0,0,1,18,6060,8530,21,33.6,7,15,0
AMM-U-0940,U,Rooftop,C-RAN,3,3,0,3,3,3,0,0,1,18,6060,8530,21,33.6,7,15,0
AMM-U-0941,U,Rooftop,C-RAN,3,3,0,3,3,3,0,0,1,18,6060,8530,21,33.6,7,15,0
AMM-U-0942,U,Rooftop,C-RAN,3,3,0,3,3,3,0,0,1,18,6060,8530,21,33.6,7,15,0
AMM-U-0943,U,Rooftop,C-RAN,3,3,0,3,3,3,0,0,1,18,6060,8530,21,33.6,7,15,0
AMM-U-0944,U,Rooftop,C-RAN,3,3,0,3,3,3,0,0,1,18,6060,8530,21,33.6,7,15,0
AMM-U-0945,U,Rooftop,C-RAN,3,3,0,3,3,3,0,0,1,18,6060,8530,21,33.6,7,15,0
AMM-U-0946,U,Rooftop,C-RAN,3,3,0,3,3,3,0,0,1,18,6060,8530,21,33.6,7,15,0
AMM-U-0947,U,Rooftop,C-RAN,3,3,0,3,3,3,0,0,1,18,6060,8530,21,33.6,7,15,0
AMM-U-0948,U,Rooftop,C-RAN,3,3,0,3,3,3,0,0,1,18,6060,8530,21,33.6,7,15,0
AMM-U-0949,U,Rooftop,C-RAN,3,3,0,3,3,3,0,0,1,18,6060,8530,21,33.6,7,15,0
AMM-U-0950,U,Rooftop,C-RAN,3,3,0,3,3,3,0,0,1,18,6060,8530,21,33.6,7,15,0
AMM-U-0951,U,Monopole / greenfield,C-RAN,3,3,0,3,3,3,0,0,1,18,6060,8530,21,33.6,7,15,0
AMM-U-0952,U,Monopole / greenfield,C-RAN,3,3,0,3,3,3,0,0,1,18,6060,8530,21,33.6,7,15,0
AMM-U-0953,U,Monopole / greenfield,C-RAN,3,3,0,3,3,3,0,0,1,18,6060,8530,21,33.6,7,15,0
AMM-U-0954,U,Monopole / greenfield,C-RAN,3,3,0,3,3,3,0,0,1,18,6060,8530,21,33.6,7,15,0
AMM-U-0955,U,Monopole / greenfield,C-RAN,3,3,0,3,3,3,0,0,1,18,6060,8530,21,33.6,7,15,0
AMM-U-0956,U,Monopole / greenfield,C-RAN,3,3,0,3,3,3,0,0,1,18,6060,8530,21,33.6,7,15,0
AMM-U-0957,U,Monopole / greenfield,C-RAN,3,3,0,3,3,3,0,0,1,18,6060,8530,21,33.6,7,15,0
AMM-U-0958,U,Monopole / greenfield,C-RAN,3,3,0,3,3,3,0,0,1,18,6060,8530,21,33.6,7,15,0
AMM-U-0959,U,Monopole / greenfield,C-RAN,3,3,0,3,3,3,0,0,1,18,6060,8530,21,33.6,7,15,0
AMM-U-0960,U,Monopole / greenfield,C-RAN,3,3,0,3,3,3,0,0,1,18,6060,8530,21,33.6,7,15,0
AMM-U-0961,U,Rooftop,C-RAN,3,3,0,3,3,3,0,0,1,18,6060,8530,21,33.6,7,15,0
AMM-U-0962,U,Rooftop,C-RAN,3,3,0,3,3,3,0,0,1,18,6060,8530,21,33.6,7,15,0
AMM-U-0963,U,Rooftop,C-RAN,3,3,0,3,3,3,0,0,1,18,6060,8530,21,33.6,7,15,0
AMM-U-0964,U,Rooftop,C-RAN,3,3,0,3,3,3,0,0,1,18,6060,8530,21,33.6,7,15,0
AMM-U-0965,U,Rooftop,C-RAN,3,3,0,3,3,3,0,0,1,18,6060,8530,21,33.6,7,15,0
AMM-U-0966,U,Rooftop,C-RAN,3,3,0,3,3,3,0,0,1,18,6060,8530,21,33.6,7,15,0
AMM-U-0967,U,Rooftop,C-RAN,3,3,0,3,3,3,0,0,1,18,6060,8530,21,33.6,7,15,0
AMM-U-0968,U,Rooftop,C-RAN,3,3,0,3,3,3,0,0,1,18,6060,8530,21,33.6,7,15,0
AMM-U-0969,U,Rooftop,C-RAN,3,3,0,3,3,3,0,0,1,18,6060,8530,21,33.6,7,15,0
AMM-U-0970,U,Rooftop,C-RAN,3,3,0,3,3,3,0,0,1,18,6060,8530,21,33.6,7,15,0
AMM-U-0971,U,Rooftop,C-RAN,3,3,0,3,3,3,0,0,1,18,6060,8530,21,33.6,7,15,0
AMM-U-0972,U,Rooftop,C-RAN,3,3,0,3,3,3,0,0,1,18,6060,8530,21,33.6,7,15,0
AMM-U-0973,U,Rooftop,C-RAN,3,3,0,3,3,3,0,0,1,18,6060,8530,21,33.6,7,15,0
AMM-U-0974,U,Rooftop,C-RAN,3,3,0,3,3,3,0,0,1,18,6060,8530,21,33.6,7,15,0
AMM-U-0975,U,Rooftop,C-RAN,3,3,0,3,3,3,0,0,1,18,6060,8530,21,33.6,7,15,0
AMM-U-0976,U,Monopole / greenfield,C-RAN,3,3,0,3,3,3,0,0,1,18,6060,8530,21,33.6,7,15,0
AMM-U-0977,U,Monopole / greenfield,C-RAN,3,3,0,3,3,3,0,0,1,18,6060,8530,21,33.6,7,15,0
AMM-U-0978,U,Monopole / greenfield,C-RAN,3,3,0,3,3,3,0,0,1,18,6060,8530,21,33.6,7,15,0
AMM-U-0979,U,Monopole / greenfield,C-RAN,3,3,0,3,3,3,0,0,1,18,6060,8530,21,33.6,7,15,0
AMM-U-0980,U,Monopole / greenfield,C-RAN,3,3,0,3,3,3,0,0,1,18,6060,8530,21,33.6,7,15,0
AMM-U-0981,U,Monopole / greenfield,D-RAN,3,3,0,3,3,3,1,1,0,18,6470,9100,21,38.4,8,15,0
AMM-U-0982,U,Monopole / greenfield,C-RAN,3,3,0,3,3,3,0,0,1,18,6060,8530,21,33.6,7,15,0
AMM-U-0983,U,Monopole / greenfield,C-RAN,3,3,0,3,3,3,0,0,1,18,6060,8530,21,33.6,7,15,0
AMM-U-0984,U,Monopole / greenfield,C-RAN,3,3,0,3,3,3,0,0,1,18,6060,8530,21,33.6,7,15,0
AMM-U-0985,U,Monopole / greenfield,C-RAN,3,3,0,3,3,3,0,0,1,18,6060,8530,21,33.6,7,15,0
AMM-U-0986,U,Monopole / greenfield,C-RAN,3,3,0,3,3,3,0,0,1,18,6060,8530,21,33.6,7,15,0
AMM-U-0987,U,Rooftop,C-RAN,3,3,0,3,3,3,0,0,1,18,6060,8530,21,33.6,7,15,0
AMM-U-0988,U,Rooftop,C-RAN,3,3,0,3,3,3,0,0,1,18,6060,8530,21,33.6,7,15,0
AMM-U-0989,U,Rooftop,C-RAN,3,3,0,3,3,3,0,0,1,18,6060,8530,21,33.6,7,15,0
AMM-U-0990,U,Rooftop,C-RAN,3,3,0,3,3,3,0,0,1,18,6060,8530,21,33.6,7,15,0
AMM-U-0991,U,Rooftop,C-RAN,3,3,0,3,3,3,0,0,1,18,6060,8530,21,33.6,7,15,0
AMM-U-0992,U,Rooftop,C-RAN,3,3,0,3,3,3,0,0,1,18,6060,8530,21,33.6,7,15,0
AMM-U-0993,U,Rooftop,C-RAN,3,3,0,3,3,3,0,0,1,18,6060,8530,21,33.6,7,15,0
AMM-U-0994,U,Rooftop,C-RAN,3,3,0,3,3,3,0,0,1,18,6060,8530,21,33.6,7,15,0
AMM-U-0995,U,Rooftop,C-RAN,3,3,0,3,3,3,0,0,1,18,6060,8530,21,33.6,7,15,0
AMM-U-0996,U,Rooftop,C-RAN,3,3,0,3,3,3,0,0,1,18,6060,8530,21,33.6,7,15,0
AMM-U-0997,U,Rooftop,C-RAN,3,3,0,3,3,3,0,0,1,18,6060,8530,21,33.6,7,15,0
AMM-U-0998,U,Rooftop,C-RAN,3,3,0,3,3,3,0,0,1,18,6060,8530,21,33.6,7,15,0
AMM-U-0999,U,Monopole / greenfield,C-RAN,3,3,0,3,3,3,0,0,1,18,6060,8530,21,33.6,7,15,0
AMM-U-1000,U,Monopole / greenfield,C-RAN,3,3,0,3,3,3,0,0,1,18,6060,8530,21,33.6,7,15,0
AMM-U-1001,U,Rooftop,C-RAN,3,3,0,3,3,3,0,0,1,18,6060,8530,21,33.6,7,15,0
AMM-U-1002,U,Monopole / greenfield,C-RAN,3,3,0,3,3,3,0,0,1,18,6060,8530,21,33.6,7,15,0
AMM-U-1003,U,Monopole / greenfield,C-RAN,3,3,0,3,3,3,0,0,1,18,6060,8530,21,33.6,7,15,0
AMM-U-1004,U,Monopole / greenfield,C-RAN,3,3,0,3,3,3,0,0,1,18,6060,8530,21,33.6,7,15,0
AMM-U-1005,U,Monopole / greenfield,C-RAN,3,3,0,3,3,3,0,0,1,18,6060,8530,21,33.6,7,15,0
AMM-U-1006,U,Monopole / greenfield,C-RAN,3,3,0,3,3,3,0,0,1,18,6060,8530,21,33.6,7,15,0
AMM-U-1007,U,Monopole / greenfield,C-RAN,3,3,0,3,3,3,0,0,1,18,6060,8530,21,33.6,7,15,0
AMM-U-1008,U,Monopole / greenfield,D-RAN,3,3,0,3,3,3,1,1,0,18,6470,9100,21,38.4,8,15,0
AMM-U-1009,U,Monopole / greenfield,C-RAN,3,3,0,3,3,3,0,0,1,18,6060,8530,21,33.6,7,15,0
AMM-U-1010,U,Monopole / greenfield,C-RAN,3,3,0,3,3,3,0,0,1,18,6060,8530,21,33.6,7,15,0
AMM-U-1011,U,Monopole / greenfield,C-RAN,3,3,0,3,3,3,0,0,1,18,6060,8530,21,33.6,7,15,0
AMM-U-1012,U,Monopole / greenfield,C-RAN,3,3,0,3,3,3,0,0,1,18,6060,8530,21,33.6,7,15,0
AMM-U-1013,U,Rooftop,C-RAN,3,3,0,3,3,3,0,0,1,18,6060,8530,21,33.6,7,15,0
AMM-U-1014,U,Rooftop,C-RAN,3,3,0,3,3,3,0,0,1,18,6060,8530,21,33.6,7,15,0
AMM-U-1015,U,Rooftop,C-RAN,3,3,0,3,3,3,0,0,1,18,6060,8530,21,33.6,7,15,0
AMM-U-1016,U,Rooftop,C-RAN,3,3,0,3,3,3,0,0,1,18,6060,8530,21,33.6,7,15,0
AMM-U-1017,U,Rooftop,C-RAN,3,3,0,3,3,3,0,0,1,18,6060,8530,21,33.6,7,15,0
AMM-U-1018,U,Rooftop,C-RAN,3,3,0,3,3,3,0,0,1,18,6060,8530,21,33.6,7,15,0
AMM-U-1019,U,Rooftop,C-RAN,3,3,0,3,3,3,0,0,1,18,6060,8530,21,33.6,7,15,0
AMM-U-1020,U,Rooftop,C-RAN,3,3,0,3,3,3,0,0,1,18,6060,8530,21,33.6,7,15,0
AMM-U-1021,U,Rooftop,C-RAN,3,3,0,3,3,3,0,0,1,18,6060,8530,21,33.6,7,15,0
AMM-U-1022,U,Rooftop,C-RAN,3,3,0,3,3,3,0,0,1,18,6060,8530,21,33.6,7,15,0
AMM-U-1023,U,Rooftop,C-RAN,3,3,0,3,3,3,0,0,1,18,6060,8530,21,33.6,7,15,0
AMM-U-1024,U,Rooftop,C-RAN,3,3,0,3,3,3,0,0,1,18,6060,8530,21,33.6,7,15,0
AMM-U-1025,U,Rooftop,C-RAN,3,3,0,3,3,3,0,0,1,18,6060,8530,21,33.6,7,15,0
AMM-U-1026,U,Rooftop,C-RAN,3,3,0,3,3,3,0,0,1,18,6060,8530,21,33.6,7,15,0
AMM-U-1027,U,Rooftop,C-RAN,3,3,0,3,3,3,0,0,1,18,6060,8530,21,33.6,7,15,0
AMM-U-1028,U,Monopole / greenfield,C-RAN,3,3,0,3,3,3,0,0,1,18,6060,8530,21,33.6,7,15,0
AMM-U-1029,U,Monopole / greenfield,C-RAN,3,3,0,3,3,3,0,0,1,18,6060,8530,21,33.6,7,15,0
AMM-U-1030,U,Monopole / greenfield,C-RAN,3,3,0,3,3,3,0,0,1,18,6060,8530,21,33.6,7,15,0
AMM-U-1031,U,Monopole / greenfield,C-RAN,3,3,0,3,3,3,0,0,1,18,6060,8530,21,33.6,7,15,0
AMM-U-1032,U,Monopole / greenfield,C-RAN,3,3,0,3,3,3,0,0,1,18,6060,8530,21,33.6,7,15,0
AMM-U-1033,U,Monopole / greenfield,D-RAN,3,3,0,3,3,3,1,1,0,18,6470,9100,21,38.4,8,15,0
AMM-U-1034,U,Monopole / greenfield,C-RAN,3,3,0,3,3,3,0,0,1,18,6060,8530,21,33.6,7,15,0
AMM-U-1035,U,Monopole / greenfield,C-RAN,3,3,0,3,3,3,0,0,1,18,6060,8530,21,33.6,7,15,0
AMM-U-1036,U,Monopole / greenfield,C-RAN,3,3,0,3,3,3,0,0,1,18,6060,8530,21,33.6,7,15,0
AMM-U-1037,U,Monopole / greenfield,C-RAN,3,3,0,3,3,3,0,0,1,18,6060,8530,21,33.6,7,15,0
AMM-U-1038,U,Rooftop,C-RAN,3,3,0,3,3,3,0,0,1,18,6060,8530,21,33.6,7,15,0
AMM-U-1039,U,Rooftop,C-RAN,3,3,0,3,3,3,0,0,1,18,6060,8530,21,33.6,7,15,0
AMM-U-1040,U,Rooftop,C-RAN,3,3,0,3,3,3,0,0,1,18,6060,8530,21,33.6,7,15,0
AMM-U-1041,U,Rooftop,C-RAN,3,3,0,3,3,3,0,0,1,18,6060,8530,21,33.6,7,15,0
AMM-U-1042,U,Rooftop,C-RAN,3,3,0,3,3,3,0,0,1,18,6060,8530,21,33.6,7,15,0
AMM-U-1043,U,Rooftop,C-RAN,3,3,0,3,3,3,0,0,1,18,6060,8530,21,33.6,7,15,0
AMM-U-1044,U,Rooftop,C-RAN,3,3,0,3,3,3,0,0,1,18,6060,8530,21,33.6,7,15,0
AMM-U-1045,U,Rooftop,C-RAN,3,3,0,3,3,3,0,0,1,18,6060,8530,21,33.6,7,15,0
AMM-U-1046,U,Rooftop,C-RAN,3,3,0,3,3,3,0,0,1,18,6060,8530,21,33.6,7,15,0
AMM-U-1047,U,Rooftop,C-RAN,3,3,0,3,3,3,0,0,1,18,6060,8530,21,33.6,7,15,0
AMM-U-1048,U,Rooftop,C-RAN,3,3,0,3,3,3,0,0,1,18,6060,8530,21,33.6,7,15,0
AMM-U-1049,U,Rooftop,C-RAN,3,3,0,3,3,3,0,0,1,18,6060,8530,21,33.6,7,15,0
AMM-U-1050,U,Rooftop,C-RAN,3,3,0,3,3,3,0,0,1,18,6060,8530,21,33.6,7,15,0
AMM-U-1051,U,Rooftop,C-RAN,3,3,0,3,3,3,0,0,1,18,6060,8530,21,33.6,7,15,0
AMM-U-1052,U,Rooftop,C-RAN,3,3,0,3,3,3,0,0,1,18,6060,8530,21,33.6,7,15,0
AMM-U-1053,U,Rooftop,C-RAN,3,3,0,3,3,3,0,0,1,18,6060,8530,21,33.6,7,15,0
AMM-U-1054,U,Rooftop,C-RAN,3,3,0,3,3,3,0,0,1,18,6060,8530,21,33.6,7,15,0
AMM-U-1055,U,Rooftop,C-RAN,3,3,0,3,3,3,0,0,1,18,6060,8530,21,33.6,7,15,0
AMM-U-1056,U,Rooftop,C-RAN,3,3,0,3,3,3,0,0,1,18,6060,8530,21,33.6,7,15,0
AMM-U-1057,U,Rooftop,C-RAN,3,3,0,3,3,3,0,0,1,18,6060,8530,21,33.6,7,15,0
AMM-U-1058,U,Monopole / greenfield,C-RAN,3,3,0,3,3,3,0,0,1,18,6060,8530,21,33.6,7,15,0
AMM-U-1059,U,Monopole / greenfield,C-RAN,3,3,0,3,3,3,0,0,1,18,6060,8530,21,33.6,7,15,0
AMM-U-1060,U,Monopole / greenfield,C-RAN,3,3,0,3,3,3,0,0,1,18,6060,8530,21,33.6,7,15,0
AMM-U-1061,U,Monopole / greenfield,D-RAN,3,3,0,3,3,3,1,1,0,18,6470,9100,21,38.4,8,15,0
AMM-U-1062,U,Monopole / greenfield,C-RAN,3,3,0,3,3,3,0,0,1,18,6060,8530,21,33.6,7,15,0
AMM-U-1063,U,Monopole / greenfield,C-RAN,3,3,0,3,3,3,0,0,1,18,6060,8530,21,33.6,7,15,0
AMM-U-1064,U,Monopole / greenfield,C-RAN,3,3,0,3,3,3,0,0,1,18,6060,8530,21,33.6,7,15,0
AMM-U-1065,U,Monopole / greenfield,C-RAN,3,3,0,3,3,3,0,0,1,18,6060,8530,21,33.6,7,15,0
AMM-U-1066,U,Monopole / greenfield,C-RAN,3,3,0,3,3,3,0,0,1,18,6060,8530,21,33.6,7,15,0
AMM-U-1067,U,Rooftop,C-RAN,3,3,0,3,3,3,0,0,1,18,6060,8530,21,33.6,7,15,0
AMM-U-1068,U,Rooftop,C-RAN,3,3,0,3,3,3,0,0,1,18,6060,8530,21,33.6,7,15,0
AMM-U-1069,U,Rooftop,C-RAN,3,3,0,3,3,3,0,0,1,18,6060,8530,21,33.6,7,15,0
AMM-U-1070,U,Rooftop,C-RAN,3,3,0,3,3,3,0,0,1,18,6060,8530,21,33.6,7,15,0
AMM-U-1071,U,Rooftop,C-RAN,3,3,0,3,3,3,0,0,1,18,6060,8530,21,33.6,7,15,0
AMM-U-1072,U,Rooftop,C-RAN,3,3,0,3,3,3,0,0,1,18,6060,8530,21,33.6,7,15,0
AMM-U-1073,U,Rooftop,C-RAN,3,3,0,3,3,3,0,0,1,18,6060,8530,21,33.6,7,15,0
AMM-U-1074,U,Rooftop,C-RAN,3,3,0,3,3,3,0,0,1,18,6060,8530,21,33.6,7,15,0
AMM-U-1075,U,Rooftop,C-RAN,3,3,0,3,3,3,0,0,1,18,6060,8530,21,33.6,7,15,0
AMM-U-1076,U,Rooftop,C-RAN,3,3,0,3,3,3,0,0,1,18,6060,8530,21,33.6,7,15,0
AMM-U-1077,U,Rooftop,C-RAN,3,3,0,3,3,3,0,0,1,18,6060,8530,21,33.6,7,15,0
AMM-U-1078,U,Rooftop,C-RAN,3,3,0,3,3,3,0,0,1,18,6060,8530,21,33.6,7,15,0
AMM-U-1079,U,Rooftop,C-RAN,3,3,0,3,3,3,0,0,1,18,6060,8530,21,33.6,7,15,0
AMM-U-1080,U,Rooftop,C-RAN,3,3,0,3,3,3,0,0,1,18,6060,8530,21,33.6,7,15,0
AMM-U-1081,U,Rooftop,C-RAN,3,3,0,3,3,3,0,0,1,18,6060,8530,21,33.6,7,15,0
AMM-U-1082,U,Rooftop,C-RAN,3,3,0,3,3,3,0,0,1,18,6060,8530,21,33.6,7,15,0
AMM-U-1083,U,Rooftop,C-RAN,3,3,0,3,3,3,0,0,1,18,6060,8530,21,33.6,7,15,0
AMM-U-1084,U,Rooftop,C-RAN,3,3,0,3,3,3,0,0,1,18,6060,8530,21,33.6,7,15,0
AMM-U-1085,U,Rooftop,C-RAN,3,3,0,3,3,3,0,0,1,18,6060,8530,21,33.6,7,15,0
AMM-U-1086,U,Rooftop,C-RAN,3,3,0,3,3,3,0,0,1,18,6060,8530,21,33.6,7,15,0
AMM-U-1087,U,Rooftop,C-RAN,3,3,0,3,3,3,0,0,1,18,6060,8530,21,33.6,7,15,0
AMM-U-1088,U,Rooftop,C-RAN,3,3,0,3,3,3,0,0,1,18,6060,8530,21,33.6,7,15,0
AMM-U-1089,U,Rooftop,C-RAN,3,3,0,3,3,3,0,0,1,18,6060,8530,21,33.6,7,15,0
AMM-U-1090,U,Monopole / greenfield,C-RAN,3,3,0,3,3,3,0,0,1,18,6060,8530,21,33.6,7,15,0
AMM-U-1091,U,Monopole / greenfield,C-RAN,3,3,0,3,3,3,0,0,1,18,6060,8530,21,33.6,7,15,0
AMM-U-1092,U,Monopole / greenfield,C-RAN,3,3,0,3,3,3,0,0,1,18,6060,8530,21,33.6,7,15,0
AMM-U-1093,U,Monopole / greenfield,C-RAN,3,3,0,3,3,3,0,0,1,18,6060,8530,21,33.6,7,15,0
AMM-U-1094,U,Monopole / greenfield,C-RAN,3,3,0,3,3,3,0,0,1,18,6060,8530,21,33.6,7,15,0
AMM-U-1095,U,Monopole / greenfield,C-RAN,3,3,0,3,3,3,0,0,1,18,6060,8530,21,33.6,7,15,0
AMM-U-1096,U,Rooftop,C-RAN,3,3,0,3,3,3,0,0,1,18,6060,8530,21,33.6,7,15,0
AMM-U-1097,U,Monopole / greenfield,C-RAN,3,3,0,3,3,3,0,0,1,18,6060,8530,21,33.6,7,15,0
AMM-U-1098,U,Monopole / greenfield,C-RAN,3,3,0,3,3,3,0,0,1,18,6060,8530,21,33.6,7,15,0
AMM-U-1099,U,Rooftop,C-RAN,3,3,0,3,3,3,0,0,1,18,6060,8530,21,33.6,7,15,0
AMM-U-1100,U,Rooftop,C-RAN,3,3,0,3,3,3,0,0,1,18,6060,8530,21,33.6,7,15,0
AMM-U-1101,U,Rooftop,C-RAN,3,3,0,3,3,3,0,0,1,18,6060,8530,21,33.6,7,15,0
AMM-U-1102,U,Rooftop,C-RAN,3,3,0,3,3,3,0,0,1,18,6060,8530,21,33.6,7,15,0
AMM-U-1103,U,Rooftop,C-RAN,3,3,0,3,3,3,0,0,1,18,6060,8530,21,33.6,7,15,0
AMM-U-1104,U,Rooftop,C-RAN,3,3,0,3,3,3,0,0,1,18,6060,8530,21,33.6,7,15,0
AMM-U-1105,U,Rooftop,C-RAN,3,3,0,3,3,3,0,0,1,18,6060,8530,21,33.6,7,15,0
AMM-U-1106,U,Rooftop,C-RAN,3,3,0,3,3,3,0,0,1,18,6060,8530,21,33.6,7,15,0
AMM-U-1107,U,Rooftop,C-RAN,3,3,0,3,3,3,0,0,1,18,6060,8530,21,33.6,7,15,0
AMM-U-1108,U,Rooftop,C-RAN,3,3,0,3,3,3,0,0,1,18,6060,8530,21,33.6,7,15,0
AMM-U-1109,U,Rooftop,C-RAN,3,3,0,3,3,3,0,0,1,18,6060,8530,21,33.6,7,15,0
AMM-U-1110,U,Rooftop,C-RAN,3,3,0,3,3,3,0,0,1,18,6060,8530,21,33.6,7,15,0
AMM-U-1111,U,Rooftop,C-RAN,3,3,0,3,3,3,0,0,1,18,6060,8530,21,33.6,7,15,0
AMM-U-1112,U,Rooftop,C-RAN,3,3,0,3,3,3,0,0,1,18,6060,8530,21,33.6,7,15,0
AMM-U-1113,U,Rooftop,C-RAN,3,3,0,3,3,3,0,0,1,18,6060,8530,21,33.6,7,15,0
AMM-U-1114,U,Rooftop,C-RAN,3,3,0,3,3,3,0,0,1,18,6060,8530,21,33.6,7,15,0
AMM-U-1115,U,Rooftop,C-RAN,3,3,0,3,3,3,0,0,1,18,6060,8530,21,33.6,7,15,0
AMM-U-1116,U,Rooftop,C-RAN,3,3,0,3,3,3,0,0,1,18,6060,8530,21,33.6,7,15,0
AMM-U-1117,U,Rooftop,C-RAN,3,3,0,3,3,3,0,0,1,18,6060,8530,21,33.6,7,15,0
AMM-U-1118,U,Rooftop,C-RAN,3,3,0,3,3,3,0,0,1,18,6060,8530,21,33.6,7,15,0
AMM-U-1119,U,Rooftop,C-RAN,3,3,0,3,3,3,0,0,1,18,6060,8530,21,33.6,7,15,0
AMM-U-1120,U,Rooftop,C-RAN,3,3,0,3,3,3,0,0,1,18,6060,8530,21,33.6,7,15,0
AMM-U-1121,U,Rooftop,C-RAN,3,3,0,3,3,3,0,0,1,18,6060,8530,21,33.6,7,15,0
AMM-U-1122,U,Rooftop,C-RAN,3,3,0,3,3,3,0,0,1,18,6060,8530,21,33.6,7,15,0
AMM-U-1123,U,Rooftop,C-RAN,3,3,0,3,3,3,0,0,1,18,6060,8530,21,33.6,7,15,0
AMM-U-1124,U,Rooftop,C-RAN,3,3,0,3,3,3,0,0,1,18,6060,8530,21,33.6,7,15,0
AMM-U-1125,U,Rooftop,C-RAN,3,3,0,3,3,3,0,0,1,18,6060,8530,21,33.6,7,15,0
AMM-U-1126,U,Rooftop,C-RAN,3,3,0,3,3,3,0,0,1,18,6060,8530,21,33.6,7,15,0
AMM-U-1127,U,Rooftop,C-RAN,3,3,0,3,3,3,0,0,1,18,6060,8530,21,33.6,7,15,0
AMM-U-1128,U,Monopole / greenfield,C-RAN,3,3,0,3,3,3,0,0,1,18,6060,8530,21,33.6,7,15,0
AMM-U-1129,U,Rooftop,C-RAN,3,3,0,3,3,3,0,0,1,18,6060,8530,21,33.6,7,15,0
AMM-U-1130,U,Rooftop,C-RAN,3,3,0,3,3,3,0,0,1,18,6060,8530,21,33.6,7,15,0
AMM-U-1131,U,Rooftop,C-RAN,3,3,0,3,3,3,0,0,1,18,6060,8530,21,33.6,7,15,0
AMM-U-1132,U,Rooftop,C-RAN,3,3,0,3,3,3,0,0,1,18,6060,8530,21,33.6,7,15,0
AMM-U-1133,U,Rooftop,C-RAN,3,3,0,3,3,3,0,0,1,18,6060,8530,21,33.6,7,15,0
AMM-U-1134,U,Rooftop,C-RAN,3,3,0,3,3,3,0,0,1,18,6060,8530,21,33.6,7,15,0
AMM-U-1135,U,Rooftop,C-RAN,3,3,0,3,3,3,0,0,1,18,6060,8530,21,33.6,7,15,0
AMM-U-1136,U,Rooftop,C-RAN,3,3,0,3,3,3,0,0,1,18,6060,8530,21,33.6,7,15,0
AMM-U-1137,U,Rooftop,C-RAN,3,3,0,3,3,3,0,0,1,18,6060,8530,21,33.6,7,15,0
AMM-U-1138,U,Rooftop,C-RAN,3,3,0,3,3,3,0,0,1,18,6060,8530,21,33.6,7,15,0
AMM-U-1139,U,Rooftop,C-RAN,3,3,0,3,3,3,0,0,1,18,6060,8530,21,33.6,7,15,0
AMM-U-1140,U,Rooftop,C-RAN,3,3,0,3,3,3,0,0,1,18,6060,8530,21,33.6,7,15,0
AMM-U-1141,U,Rooftop,C-RAN,3,3,0,3,3,3,0,0,1,18,6060,8530,21,33.6,7,15,0
AMM-U-1142,U,Rooftop,C-RAN,3,3,0,3,3,3,0,0,1,18,6060,8530,21,33.6,7,15,0
AMM-U-1143,U,Rooftop,C-RAN,3,3,0,3,3,3,0,0,1,18,6060,8530,21,33.6,7,15,0
AMM-U-1144,U,Rooftop,C-RAN,3,3,0,3,3,3,0,0,1,18,6060,8530,21,33.6,7,15,0
AMM-U-1145,U,Rooftop,C-RAN,3,3,0,3,3,3,0,0,1,18,6060,8530,21,33.6,7,15,0
AMM-U-1146,U,Rooftop,C-RAN,3,3,0,3,3,3,0,0,1,18,6060,8530,21,33.6,7,15,0
AMM-U-1147,U,Rooftop,C-RAN,3,3,0,3,3,3,0,0,1,18,6060,8530,21,33.6,7,15,0
AMM-U-1148,U,Rooftop,C-RAN,3,3,0,3,3,3,0,0,1,18,6060,8530,21,33.6,7,15,0
AMM-U-1149,U,Rooftop,C-RAN,3,3,0,3,3,3,0,0,1,18,6060,8530,21,33.6,7,15,0
AMM-U-1150,U,Rooftop,C-RAN,3,3,0,3,3,3,0,0,1,18,6060,8530,21,33.6,7,15,0
AMM-U-1151,U,Rooftop,C-RAN,3,3,0,3,3,3,0,0,1,18,6060,8530,21,33.6,7,15,0
AMM-U-1152,U,Rooftop,C-RAN,3,3,0,3,3,3,0,0,1,18,6060,8530,21,33.6,7,15,0
AMM-U-1153,U,Rooftop,C-RAN,3,3,0,3,3,3,0,0,1,18,6060,8530,21,33.6,7,15,0
AMM-U-1154,U,Rooftop,C-RAN,3,3,0,3,3,3,0,0,1,18,6060,8530,21,33.6,7,15,0
AMM-U-1155,U,Rooftop,C-RAN,3,3,0,3,3,3,0,0,1,18,6060,8530,21,33.6,7,15,0
AMM-U-1156,U,Rooftop,C-RAN,3,3,0,3,3,3,0,0,1,18,6060,8530,21,33.6,7,15,0
AMM-U-1157,U,Rooftop,C-RAN,3,3,0,3,3,3,0,0,1,18,6060,8530,21,33.6,7,15,0
AMM-U-1158,U,Rooftop,C-RAN,3,3,0,3,3,3,0,0,1,18,6060,8530,21,33.6,7,15,0
AMM-U-1159,U,Rooftop,C-RAN,3,3,0,3,3,3,0,0,1,18,6060,8530,21,33.6,7,15,0
AMM-U-1160,U,Rooftop,C-RAN,3,3,0,3,3,3,0,0,1,18,6060,8530,21,33.6,7,15,0
AMM-U-1161,U,Rooftop,C-RAN,3,3,0,3,3,3,0,0,1,18,6060,8530,21,33.6,7,15,0
AMM-U-1162,U,Rooftop,C-RAN,3,3,0,3,3,3,0,0,1,18,6060,8530,21,33.6,7,15,0
AMM-U-1163,U,Rooftop,C-RAN,3,3,0,3,3,3,0,0,1,18,6060,8530,21,33.6,7,15,0
AMM-U-1164,U,Rooftop,C-RAN,3,3,0,3,3,3,0,0,1,18,6060,8530,21,33.6,7,15,0
AMM-U-1165,U,Rooftop,C-RAN,3,3,0,3,3,3,0,0,1,18,6060,8530,21,33.6,7,15,0
AMM-U-1166,U,Rooftop,C-RAN,3,3,0,3,3,3,0,0,1,18,6060,8530,21,33.6,7,15,0
AMM-U-1167,U,Rooftop,C-RAN,3,3,0,3,3,3,0,0,1,18,6060,8530,21,33.6,7,15,0
AMM-U-1168,U,Rooftop,C-RAN,3,3,0,3,3,3,0,0,1,18,6060,8530,21,33.6,7,15,0
AMM-U-1169,U,Rooftop,C-RAN,3,3,0,3,3,3,0,0,1,18,6060,8530,21,33.6,7,15,0
AMM-U-1170,U,Rooftop,C-RAN,3,3,0,3,3,3,0,0,1,18,6060,8530,21,33.6,7,15,0
AMM-U-1171,U,Monopole / greenfield,C-RAN,3,3,0,3,3,3,0,0,1,18,6060,8530,21,33.6,7,15,0
AMM-U-1172,U,Rooftop,C-RAN,3,3,0,3,3,3,0,0,1,18,6060,8530,21,33.6,7,15,0
AMM-U-1173,U,Rooftop,C-RAN,3,3,0,3,3,3,0,0,1,18,6060,8530,21,33.6,7,15,0
AMM-U-1174,U,Rooftop,C-RAN,3,3,0,3,3,3,0,0,1,18,6060,8530,21,33.6,7,15,0
AMM-U-1175,U,Rooftop,C-RAN,3,3,0,3,3,3,0,0,1,18,6060,8530,21,33.6,7,15,0
AMM-U-1176,U,Rooftop,C-RAN,3,3,0,3,3,3,0,0,1,18,6060,8530,21,33.6,7,15,0
AMM-U-1177,U,Rooftop,C-RAN,3,3,0,3,3,3,0,0,1,18,6060,8530,21,33.6,7,15,0
AMM-U-1178,U,Rooftop,C-RAN,3,3,0,3,3,3,0,0,1,18,6060,8530,21,33.6,7,15,0
AMM-U-1179,U,Rooftop,C-RAN,3,3,0,3,3,3,0,0,1,18,6060,8530,21,33.6,7,15,0
AMM-U-1180,U,Rooftop,C-RAN,3,3,0,3,3,3,0,0,1,18,6060,8530,21,33.6,7,15,0
AMM-U-1181,U,Rooftop,C-RAN,3,3,0,3,3,3,0,0,1,18,6060,8530,21,33.6,7,15,0
AMM-U-1182,U,Rooftop,C-RAN,3,3,0,3,3,3,0,0,1,18,6060,8530,21,33.6,7,15,0
AMM-U-1183,U,Rooftop,C-RAN,3,3,0,3,3,3,0,0,1,18,6060,8530,21,33.6,7,15,0
AMM-U-1184,U,Rooftop,C-RAN,3,3,0,3,3,3,0,0,1,18,6060,8530,21,33.6,7,15,0
AMM-U-1185,U,Rooftop,C-RAN,3,3,0,3,3,3,0,0,1,18,6060,8530,21,33.6,7,15,0
AMM-U-1186,U,Rooftop,C-RAN,3,3,0,3,3,3,0,0,1,18,6060,8530,21,33.6,7,15,0
AMM-U-1187,U,Rooftop,C-RAN,3,3,0,3,3,3,0,0,1,18,6060,8530,21,33.6,7,15,0
AMM-U-1188,U,Rooftop,C-RAN,3,3,0,3,3,3,0,0,1,18,6060,8530,21,33.6,7,15,0
AMM-U-1189,U,Rooftop,C-RAN,3,3,0,3,3,3,0,0,1,18,6060,8530,21,33.6,7,15,0
AMM-U-1190,U,Rooftop,C-RAN,3,3,0,3,3,3,0,0,1,18,6060,8530,21,33.6,7,15,0
AMM-U-1191,U,Rooftop,C-RAN,3,3,0,3,3,3,0,0,1,18,6060,8530,21,33.6,7,15,0
AMM-U-1192,U,Rooftop,C-RAN,3,3,0,3,3,3,0,0,1,18,6060,8530,21,33.6,7,15,0
AMM-U-1193,U,Rooftop,C-RAN,3,3,0,3,3,3,0,0,1,18,6060,8530,21,33.6,7,15,0
AMM-U-1194,U,Rooftop,C-RAN,3,3,0,3,3,3,0,0,1,18,6060,8530,21,33.6,7,15,0
AMM-U-1195,U,Rooftop,C-RAN,3,3,0,3,3,3,0,0,1,18,6060,8530,21,33.6,7,15,0
AMM-U-1196,U,Rooftop,C-RAN,3,3,0,3,3,3,0,0,1,18,6060,8530,21,33.6,7,15,0
AMM-U-1197,U,Rooftop,C-RAN,3,3,0,3,3,3,0,0,1,18,6060,8530,21,33.6,7,15,0
AMM-U-1198,U,Rooftop,C-RAN,3,3,0,3,3,3,0,0,1,18,6060,8530,21,33.6,7,15,0
AMM-U-1199,U,Rooftop,C-RAN,3,3,0,3,3,3,0,0,1,18,6060,8530,21,33.6,7,15,0
AMM-U-1200,U,Rooftop,C-RAN,3,3,0,3,3,3,0,0,1,18,6060,8530,21,33.6,7,15,0
AMM-U-1201,U,Rooftop,C-RAN,3,3,0,3,3,3,0,0,1,18,6060,8530,21,33.6,7,15,0
AMM-U-1202,U,Rooftop,C-RAN,3,3,0,3,3,3,0,0,1,18,6060,8530,21,33.6,7,15,0
AMM-U-1203,U,Rooftop,C-RAN,3,3,0,3,3,3,0,0,1,18,6060,8530,21,33.6,7,15,0
AMM-U-1204,U,Rooftop,C-RAN,3,3,0,3,3,3,0,0,1,18,6060,8530,21,33.6,7,15,0
AMM-U-1205,U,Rooftop,C-RAN,3,3,0,3,3,3,0,0,1,18,6060,8530,21,33.6,7,15,0
AMM-U-1206,U,Rooftop,C-RAN,3,3,0,3,3,3,0,0,1,18,6060,8530,21,33.6,7,15,0
AMM-U-1207,U,Rooftop,C-RAN,3,3,0,3,3,3,0,0,1,18,6060,8530,21,33.6,7,15,0
AMM-U-1208,U,Rooftop,C-RAN,3,3,0,3,3,3,0,0,1,18,6060,8530,21,33.6,7,15,0
AMM-U-1209,U,Rooftop,C-RAN,3,3,0,3,3,3,0,0,1,18,6060,8530,21,33.6,7,15,0
AMM-U-1210,U,Rooftop,C-RAN,3,3,0,3,3,3,0,0,1,18,6060,8530,21,33.6,7,15,0
AMM-U-1211,U,Rooftop,C-RAN,3,3,0,3,3,3,0,0,1,18,6060,8530,21,33.6,7,15,0
AMM-U-1212,U,Rooftop,C-RAN,3,3,0,3,3,3,0,0,1,18,6060,8530,21,33.6,7,15,0
AMM-U-1213,U,Rooftop,C-RAN,3,3,0,3,3,3,0,0,1,18,6060,8530,21,33.6,7,15,0
AMM-U-1214,U,Rooftop,C-RAN,3,3,0,3,3,3,0,0,1,18,6060,8530,21,33.6,7,15,0
AMM-U-1215,U,Monopole / greenfield,C-RAN,3,3,0,3,3,3,0,0,1,18,6060,8530,21,33.6,7,15,0
AMM-U-1216,U,Monopole / greenfield,C-RAN,3,3,0,3,3,3,0,0,1,18,6060,8530,21,33.6,7,15,0
AMM-U-1217,U,Rooftop,C-RAN,3,3,0,3,3,3,0,0,1,18,6060,8530,21,33.6,7,15,0
AMM-U-1218,U,Rooftop,C-RAN,3,3,0,3,3,3,0,0,1,18,6060,8530,21,33.6,7,15,0
AMM-U-1219,U,Rooftop,C-RAN,3,3,0,3,3,3,0,0,1,18,6060,8530,21,33.6,7,15,0
AMM-U-1220,U,Rooftop,C-RAN,3,3,0,3,3,3,0,0,1,18,6060,8530,21,33.6,7,15,0
AMM-U-1221,U,Rooftop,C-RAN,3,3,0,3,3,3,0,0,1,18,6060,8530,21,33.6,7,15,0
AMM-U-1222,U,Rooftop,C-RAN,3,3,0,3,3,3,0,0,1,18,6060,8530,21,33.6,7,15,0
AMM-U-1223,U,Rooftop,C-RAN,3,3,0,3,3,3,0,0,1,18,6060,8530,21,33.6,7,15,0
AMM-U-1224,U,Rooftop,C-RAN,3,3,0,3,3,3,0,0,1,18,6060,8530,21,33.6,7,15,0
AMM-U-1225,U,Rooftop,C-RAN,3,3,0,3,3,3,0,0,1,18,6060,8530,21,33.6,7,15,0
AMM-U-1226,U,Rooftop,C-RAN,3,3,0,3,3,3,0,0,1,18,6060,8530,21,33.6,7,15,0
AMM-U-1227,U,Rooftop,C-RAN,3,3,0,3,3,3,0,0,1,18,6060,8530,21,33.6,7,15,0
AMM-U-1228,U,Rooftop,C-RAN,3,3,0,3,3,3,0,0,1,18,6060,8530,21,33.6,7,15,0
AMM-U-1229,U,Rooftop,C-RAN,3,3,0,3,3,3,0,0,1,18,6060,8530,21,33.6,7,15,0
AMM-U-1230,U,Rooftop,C-RAN,3,3,0,3,3,3,0,0,1,18,6060,8530,21,33.6,7,15,0
AMM-U-1231,U,Rooftop,C-RAN,3,3,0,3,3,3,0,0,1,18,6060,8530,21,33.6,7,15,0
AMM-U-1232,U,Rooftop,C-RAN,3,3,0,3,3,3,0,0,1,18,6060,8530,21,33.6,7,15,0
AMM-U-1233,U,Rooftop,C-RAN,3,3,0,3,3,3,0,0,1,18,6060,8530,21,33.6,7,15,0
AMM-U-1234,U,Rooftop,C-RAN,3,3,0,3,3,3,0,0,1,18,6060,8530,21,33.6,7,15,0
AMM-U-1235,U,Rooftop,C-RAN,3,3,0,3,3,3,0,0,1,18,6060,8530,21,33.6,7,15,0
AMM-U-1236,U,Rooftop,C-RAN,3,3,0,3,3,3,0,0,1,18,6060,8530,21,33.6,7,15,0
AMM-U-1237,U,Rooftop,C-RAN,3,3,0,3,3,3,0,0,1,18,6060,8530,21,33.6,7,15,0
AMM-U-1238,U,Rooftop,C-RAN,3,3,0,3,3,3,0,0,1,18,6060,8530,21,33.6,7,15,0
AMM-U-1239,U,Rooftop,C-RAN,3,3,0,3,3,3,0,0,1,18,6060,8530,21,33.6,7,15,0
AMM-U-1240,U,Rooftop,C-RAN,3,3,0,3,3,3,0,0,1,18,6060,8530,21,33.6,7,15,0
AMM-U-1241,U,Rooftop,C-RAN,3,3,0,3,3,3,0,0,1,18,6060,8530,21,33.6,7,15,0
AMM-U-1242,U,Rooftop,C-RAN,3,3,0,3,3,3,0,0,1,18,6060,8530,21,33.6,7,15,0
AMM-U-1243,U,Rooftop,C-RAN,3,3,0,3,3,3,0,0,1,18,6060,8530,21,33.6,7,15,0
AMM-U-1244,U,Rooftop,C-RAN,3,3,0,3,3,3,0,0,1,18,6060,8530,21,33.6,7,15,0
AMM-U-1245,U,Rooftop,C-RAN,3,3,0,3,3,3,0,0,1,18,6060,8530,21,33.6,7,15,0
AMM-U-1246,U,Rooftop,C-RAN,3,3,0,3,3,3,0,0,1,18,6060,8530,21,33.6,7,15,0
AMM-U-1247,U,Rooftop,C-RAN,3,3,0,3,3,3,0,0,1,18,6060,8530,21,33.6,7,15,0
AMM-U-1248,U,Rooftop,C-RAN,3,3,0,3,3,3,0,0,1,18,6060,8530,21,33.6,7,15,0
AMM-U-1249,U,Rooftop,C-RAN,3,3,0,3,3,3,0,0,1,18,6060,8530,21,33.6,7,15,0
AMM-U-1250,U,Rooftop,C-RAN,3,3,0,3,3,3,0,0,1,18,6060,8530,21,33.6,7,15,0
AMM-U-1251,U,Rooftop,C-RAN,3,3,0,3,3,3,0,0,1,18,6060,8530,21,33.6,7,15,0
AMM-U-1252,U,Rooftop,C-RAN,3,3,0,3,3,3,0,0,1,18,6060,8530,21,33.6,7,15,0
AMM-U-1253,U,Rooftop,C-RAN,3,3,0,3,3,3,0,0,1,18,6060,8530,21,33.6,7,15,0
AMM-U-1254,U,Rooftop,C-RAN,3,3,0,3,3,3,0,0,1,18,6060,8530,21,33.6,7,15,0
AMM-U-1255,U,Rooftop,C-RAN,3,3,0,3,3,3,0,0,1,18,6060,8530,21,33.6,7,15,0
AMM-U-1256,U,Rooftop,C-RAN,3,3,0,3,3,3,0,0,1,18,6060,8530,21,33.6,7,15,0
AMM-U-1257,U,Rooftop,C-RAN,3,3,0,3,3,3,0,0,1,18,6060,8530,21,33.6,7,15,0
AMM-U-1258,U,Rooftop,C-RAN,3,3,0,3,3,3,0,0,1,18,6060,8530,21,33.6,7,15,0
AMM-U-1259,U,Monopole / greenfield,C-RAN,3,3,0,3,3,3,0,0,1,18,6060,8530,21,33.6,7,15,0
AMM-U-1260,U,Monopole / greenfield,C-RAN,3,3,0,3,3,3,0,0,1,18,6060,8530,21,33.6,7,15,0
AMM-U-1261,U,Rooftop,C-RAN,3,3,0,3,3,3,0,0,1,18,6060,8530,21,33.6,7,15,0
AMM-U-1262,U,Rooftop,C-RAN,3,3,0,3,3,3,0,0,1,18,6060,8530,21,33.6,7,15,0
AMM-U-1263,U,Rooftop,C-RAN,3,3,0,3,3,3,0,0,1,18,6060,8530,21,33.6,7,15,0
AMM-U-1264,U,Rooftop,C-RAN,3,3,0,3,3,3,0,0,1,18,6060,8530,21,33.6,7,15,0
AMM-U-1265,U,Rooftop,C-RAN,3,3,0,3,3,3,0,0,1,18,6060,8530,21,33.6,7,15,0
AMM-U-1266,U,Rooftop,C-RAN,3,3,0,3,3,3,0,0,1,18,6060,8530,21,33.6,7,15,0
AMM-U-1267,U,Rooftop,C-RAN,3,3,0,3,3,3,0,0,1,18,6060,8530,21,33.6,7,15,0
AMM-U-1268,U,Rooftop,C-RAN,3,3,0,3,3,3,0,0,1,18,6060,8530,21,33.6,7,15,0
AMM-U-1269,U,Rooftop,C-RAN,3,3,0,3,3,3,0,0,1,18,6060,8530,21,33.6,7,15,0
AMM-U-1270,U,Rooftop,C-RAN,3,3,0,3,3,3,0,0,1,18,6060,8530,21,33.6,7,15,0
AMM-U-1271,U,Rooftop,C-RAN,3,3,0,3,3,3,0,0,1,18,6060,8530,21,33.6,7,15,0
AMM-U-1272,U,Rooftop,C-RAN,3,3,0,3,3,3,0,0,1,18,6060,8530,21,33.6,7,15,0
AMM-U-1273,U,Rooftop,C-RAN,3,3,0,3,3,3,0,0,1,18,6060,8530,21,33.6,7,15,0
AMM-U-1274,U,Rooftop,C-RAN,3,3,0,3,3,3,0,0,1,18,6060,8530,21,33.6,7,15,0
AMM-U-1275,U,Rooftop,C-RAN,3,3,0,3,3,3,0,0,1,18,6060,8530,21,33.6,7,15,0
AMM-U-1276,U,Rooftop,C-RAN,3,3,0,3,3,3,0,0,1,18,6060,8530,21,33.6,7,15,0
AMM-U-1277,U,Rooftop,C-RAN,3,3,0,3,3,3,0,0,1,18,6060,8530,21,33.6,7,15,0
AMM-U-1278,U,Rooftop,C-RAN,3,3,0,3,3,3,0,0,1,18,6060,8530,21,33.6,7,15,0
AMM-U-1279,U,Rooftop,C-RAN,3,3,0,3,3,3,0,0,1,18,6060,8530,21,33.6,7,15,0
AMM-U-1280,U,Rooftop,C-RAN,3,3,0,3,3,3,0,0,1,18,6060,8530,21,33.6,7,15,0
AMM-U-1281,U,Rooftop,C-RAN,3,3,0,3,3,3,0,0,1,18,6060,8530,21,33.6,7,15,0
AMM-U-1282,U,Rooftop,C-RAN,3,3,0,3,3,3,0,0,1,18,6060,8530,21,33.6,7,15,0
AMM-U-1283,U,Rooftop,C-RAN,3,3,0,3,3,3,0,0,1,18,6060,8530,21,33.6,7,15,0
AMM-U-1284,U,Rooftop,C-RAN,3,3,0,3,3,3,0,0,1,18,6060,8530,21,33.6,7,15,0
AMM-U-1285,U,Rooftop,C-RAN,3,3,0,3,3,3,0,0,1,18,6060,8530,21,33.6,7,15,0
AMM-U-1286,U,Rooftop,C-RAN,3,3,0,3,3,3,0,0,1,18,6060,8530,21,33.6,7,15,0
AMM-U-1287,U,Rooftop,C-RAN,3,3,0,3,3,3,0,0,1,18,6060,8530,21,33.6,7,15,0
AMM-U-1288,U,Rooftop,C-RAN,3,3,0,3,3,3,0,0,1,18,6060,8530,21,33.6,7,15,0
AMM-U-1289,U,Rooftop,C-RAN,3,3,0,3,3,3,0,0,1,18,6060,8530,21,33.6,7,15,0
AMM-U-1290,U,Rooftop,C-RAN,3,3,0,3,3,3,0,0,1,18,6060,8530,21,33.6,7,15,0
AMM-U-1291,U,Rooftop,C-RAN,3,3,0,3,3,3,0,0,1,18,6060,8530,21,33.6,7,15,0
AMM-U-1292,U,Rooftop,C-RAN,3,3,0,3,3,3,0,0,1,18,6060,8530,21,33.6,7,15,0
AMM-U-1293,U,Rooftop,C-RAN,3,3,0,3,3,3,0,0,1,18,6060,8530,21,33.6,7,15,0
AMM-U-1294,U,Rooftop,C-RAN,3,3,0,3,3,3,0,0,1,18,6060,8530,21,33.6,7,15,0
AMM-U-1295,U,Rooftop,C-RAN,3,3,0,3,3,3,0,0,1,18,6060,8530,21,33.6,7,15,0
AMM-U-1296,U,Rooftop,C-RAN,3,3,0,3,3,3,0,0,1,18,6060,8530,21,33.6,7,15,0
AMM-U-1297,U,Rooftop,C-RAN,3,3,0,3,3,3,0,0,1,18,6060,8530,21,33.6,7,15,0
AMM-U-1298,U,Rooftop,C-RAN,3,3,0,3,3,3,0,0,1,18,6060,8530,21,33.6,7,15,0
AMM-U-1299,U,Rooftop,C-RAN,3,3,0,3,3,3,0,0,1,18,6060,8530,21,33.6,7,15,0
AMM-U-1300,U,Rooftop,C-RAN,3,3,0,3,3,3,0,0,1,18,6060,8530,21,33.6,7,15,0
AMM-U-1301,U,Rooftop,C-RAN,3,3,0,3,3,3,0,0,1,18,6060,8530,21,33.6,7,15,0
AMM-U-1302,U,Monopole / greenfield,C-RAN,3,3,0,3,3,3,0,0,1,18,6060,8530,21,33.6,7,15,0
AMM-U-1303,U,Monopole / greenfield,C-RAN,3,3,0,3,3,3,0,0,1,18,6060,8530,21,33.6,7,15,0
AMM-U-1304,U,Monopole / greenfield,C-RAN,3,3,0,3,3,3,0,0,1,18,6060,8530,21,33.6,7,15,0
AMM-U-1305,U,Monopole / greenfield,C-RAN,3,3,0,3,3,3,0,0,1,18,6060,8530,21,33.6,7,15,0
AMM-U-1306,U,Monopole / greenfield,C-RAN,3,3,0,3,3,3,0,0,1,18,6060,8530,21,33.6,7,15,0
AMM-U-1307,U,Rooftop,C-RAN,3,3,0,3,3,3,0,0,1,18,6060,8530,21,33.6,7,15,0
AMM-U-1308,U,Rooftop,C-RAN,3,3,0,3,3,3,0,0,1,18,6060,8530,21,33.6,7,15,0
AMM-U-1309,U,Rooftop,C-RAN,3,3,0,3,3,3,0,0,1,18,6060,8530,21,33.6,7,15,0
AMM-U-1310,U,Rooftop,C-RAN,3,3,0,3,3,3,0,0,1,18,6060,8530,21,33.6,7,15,0
AMM-U-1311,U,Rooftop,C-RAN,3,3,0,3,3,3,0,0,1,18,6060,8530,21,33.6,7,15,0
AMM-U-1312,U,Rooftop,C-RAN,3,3,0,3,3,3,0,0,1,18,6060,8530,21,33.6,7,15,0
AMM-U-1313,U,Rooftop,C-RAN,3,3,0,3,3,3,0,0,1,18,6060,8530,21,33.6,7,15,0
AMM-U-1314,U,Rooftop,C-RAN,3,3,0,3,3,3,0,0,1,18,6060,8530,21,33.6,7,15,0
AMM-U-1315,U,Rooftop,C-RAN,3,3,0,3,3,3,0,0,1,18,6060,8530,21,33.6,7,15,0
AMM-U-1316,U,Rooftop,C-RAN,3,3,0,3,3,3,0,0,1,18,6060,8530,21,33.6,7,15,0
AMM-U-1317,U,Rooftop,C-RAN,3,3,0,3,3,3,0,0,1,18,6060,8530,21,33.6,7,15,0
AMM-U-1318,U,Rooftop,C-RAN,3,3,0,3,3,3,0,0,1,18,6060,8530,21,33.6,7,15,0
AMM-U-1319,U,Rooftop,C-RAN,3,3,0,3,3,3,0,0,1,18,6060,8530,21,33.6,7,15,0
AMM-U-1320,U,Rooftop,C-RAN,3,3,0,3,3,3,0,0,1,18,6060,8530,21,33.6,7,15,0
AMM-U-1321,U,Rooftop,C-RAN,3,3,0,3,3,3,0,0,1,18,6060,8530,21,33.6,7,15,0
AMM-U-1322,U,Rooftop,C-RAN,3,3,0,3,3,3,0,0,1,18,6060,8530,21,33.6,7,15,0
AMM-U-1323,U,Rooftop,C-RAN,3,3,0,3,3,3,0,0,1,18,6060,8530,21,33.6,7,15,0
AMM-U-1324,U,Monopole / greenfield,C-RAN,3,3,0,3,3,3,0,0,1,18,6060,8530,21,33.6,7,15,0
AMM-U-1325,U,Monopole / greenfield,C-RAN,3,3,0,3,3,3,0,0,1,18,6060,8530,21,33.6,7,15,0
AMM-U-1326,U,Monopole / greenfield,C-RAN,3,3,0,3,3,3,0,0,1,18,6060,8530,21,33.6,7,15,0
AMM-U-1327,U,Monopole / greenfield,C-RAN,3,3,0,3,3,3,0,0,1,18,6060,8530,21,33.6,7,15,0
AMM-U-1328,U,Rooftop,C-RAN,3,3,0,3,3,3,0,0,1,18,6060,8530,21,33.6,7,15,0
AMM-U-1329,U,Rooftop,C-RAN,3,3,0,3,3,3,0,0,1,18,6060,8530,21,33.6,7,15,0
AMM-U-1330,U,Rooftop,C-RAN,3,3,0,3,3,3,0,0,1,18,6060,8530,21,33.6,7,15,0
AMM-U-1331,U,Rooftop,C-RAN,3,3,0,3,3,3,0,0,1,18,6060,8530,21,33.6,7,15,0
AMM-U-1332,U,Rooftop,C-RAN,3,3,0,3,3,3,0,0,1,18,6060,8530,21,33.6,7,15,0
AMM-U-1333,U,Rooftop,C-RAN,3,3,0,3,3,3,0,0,1,18,6060,8530,21,33.6,7,15,0
AMM-U-1334,U,Rooftop,C-RAN,3,3,0,3,3,3,0,0,1,18,6060,8530,21,33.6,7,15,0
AMM-U-1335,U,Rooftop,C-RAN,3,3,0,3,3,3,0,0,1,18,6060,8530,21,33.6,7,15,0
AMM-U-1336,U,Rooftop,C-RAN,3,3,0,3,3,3,0,0,1,18,6060,8530,21,33.6,7,15,0
AMM-U-1337,U,Rooftop,C-RAN,3,3,0,3,3,3,0,0,1,18,6060,8530,21,33.6,7,15,0
AMM-U-1338,U,Rooftop,C-RAN,3,3,0,3,3,3,0,0,1,18,6060,8530,21,33.6,7,15,0
AMM-U-1339,U,Rooftop,C-RAN,3,3,0,3,3,3,0,0,1,18,6060,8530,21,33.6,7,15,0
AMM-U-1340,U,Rooftop,C-RAN,3,3,0,3,3,3,0,0,1,18,6060,8530,21,33.6,7,15,0
AMM-U-1341,U,Monopole / greenfield,C-RAN,3,3,0,3,3,3,0,0,1,18,6060,8530,21,33.6,7,15,0
AMM-U-1342,U,Monopole / greenfield,C-RAN,3,3,0,3,3,3,0,0,1,18,6060,8530,21,33.6,7,15,0
AMM-U-1343,U,Monopole / greenfield,C-RAN,3,3,0,3,3,3,0,0,1,18,6060,8530,21,33.6,7,15,0
AMM-U-1344,U,Monopole / greenfield,C-RAN,3,3,0,3,3,3,0,0,1,18,6060,8530,21,33.6,7,15,0
AMM-U-1345,U,Rooftop,C-RAN,3,3,0,3,3,3,0,0,1,18,6060,8530,21,33.6,7,15,0
AMM-U-1346,U,Rooftop,C-RAN,3,3,0,3,3,3,0,0,1,18,6060,8530,21,33.6,7,15,0
AMM-U-1347,U,Rooftop,C-RAN,3,3,0,3,3,3,0,0,1,18,6060,8530,21,33.6,7,15,0
AMM-U-1348,U,Rooftop,C-RAN,3,3,0,3,3,3,0,0,1,18,6060,8530,21,33.6,7,15,0
AMM-U-1349,U,Monopole / greenfield,C-RAN,3,3,0,3,3,3,0,0,1,18,6060,8530,21,33.6,7,15,0
AMM-U-1350,U,Monopole / greenfield,C-RAN,3,3,0,3,3,3,0,0,1,18,6060,8530,21,33.6,7,15,0
AMM-U-1351,U,Monopole / greenfield,C-RAN,3,3,0,3,3,3,0,0,1,18,6060,8530,21,33.6,7,15,0
AMM-U-1352,U,Monopole / greenfield,C-RAN,3,3,0,3,3,3,0,0,1,18,6060,8530,21,33.6,7,15,0
AMM-U-1353,U,Monopole / greenfield,C-RAN,3,3,0,3,3,3,0,0,1,18,6060,8530,21,33.6,7,15,0
AMM-U-1354,U,Monopole / greenfield,C-RAN,3,3,0,3,3,3,0,0,1,18,6060,8530,21,33.6,7,15,0
AMM-U-1355,U,Monopole / greenfield,C-RAN,3,3,0,3,3,3,0,0,1,18,6060,8530,21,33.6,7,15,0
AMM-U-1356,U,Rooftop,C-RAN,3,3,0,3,3,3,0,0,1,18,6060,8530,21,33.6,7,15,0
AMM-U-1357,U,Rooftop,C-RAN,3,3,0,3,3,3,0,0,1,18,6060,8530,21,33.6,7,15,0
AMM-U-1358,U,Rooftop,C-RAN,3,3,0,3,3,3,0,0,1,18,6060,8530,21,33.6,7,15,0
AMM-U-1359,U,Rooftop,C-RAN,3,3,0,3,3,3,0,0,1,18,6060,8530,21,33.6,7,15,0
AMM-U-1360,U,Rooftop,C-RAN,3,3,0,3,3,3,0,0,1,18,6060,8530,21,33.6,7,15,0
AMM-U-1361,U,Rooftop,C-RAN,3,3,0,3,3,3,0,0,1,18,6060,8530,21,33.6,7,15,0
AMM-U-1362,U,Rooftop,C-RAN,3,3,0,3,3,3,0,0,1,18,6060,8530,21,33.6,7,15,0
AMM-U-1363,U,Rooftop,C-RAN,3,3,0,3,3,3,0,0,1,18,6060,8530,21,33.6,7,15,0
AMM-U-1364,U,Rooftop,C-RAN,3,3,0,3,3,3,0,0,1,18,6060,8530,21,33.6,7,15,0
AMM-U-1365,U,Rooftop,C-RAN,3,3,0,3,3,3,0,0,1,18,6060,8530,21,33.6,7,15,0
AMM-U-1366,U,Rooftop,C-RAN,3,3,0,3,3,3,0,0,1,18,6060,8530,21,33.6,7,15,0
AMM-U-1367,U,Rooftop,C-RAN,3,3,0,3,3,3,0,0,1,18,6060,8530,21,33.6,7,15,0
AMM-U-1368,U,Rooftop,C-RAN,3,3,0,3,3,3,0,0,1,18,6060,8530,21,33.6,7,15,0
AMM-U-1369,U,Rooftop,C-RAN,3,3,0,3,3,3,0,0,1,18,6060,8530,21,33.6,7,15,0
AMM-U-1370,U,Rooftop,C-RAN,3,3,0,3,3,3,0,0,1,18,6060,8530,21,33.6,7,15,0
AMM-U-1371,U,Rooftop,C-RAN,3,3,0,3,3,3,0,0,1,18,6060,8530,21,33.6,7,15,0
AMM-U-1372,U,Rooftop,C-RAN,3,3,0,3,3,3,0,0,1,18,6060,8530,21,33.6,7,15,0
AMM-U-1373,U,Rooftop,C-RAN,3,3,0,3,3,3,0,0,1,18,6060,8530,21,33.6,7,15,0
AMM-U-1374,U,Monopole / greenfield,C-RAN,3,3,0,3,3,3,0,0,1,18,6060,8530,21,33.6,7,15,0
AMM-U-1375,U,Monopole / greenfield,C-RAN,3,3,0,3,3,3,0,0,1,18,6060,8530,21,33.6,7,15,0
AMM-U-1376,U,Monopole / greenfield,C-RAN,3,3,0,3,3,3,0,0,1,18,6060,8530,21,33.6,7,15,0
AMM-U-1377,U,Monopole / greenfield,C-RAN,3,3,0,3,3,3,0,0,1,18,6060,8530,21,33.6,7,15,0
AMM-U-1378,U,Monopole / greenfield,C-RAN,3,3,0,3,3,3,0,0,1,18,6060,8530,21,33.6,7,15,0
AMM-U-1379,U,Rooftop,C-RAN,3,3,0,3,3,3,0,0,1,18,6060,8530,21,33.6,7,15,0
AMM-U-1380,U,Rooftop,C-RAN,3,3,0,3,3,3,0,0,1,18,6060,8530,21,33.6,7,15,0
AMM-U-1381,U,Rooftop,C-RAN,3,3,0,3,3,3,0,0,1,18,6060,8530,21,33.6,7,15,0
AMM-U-1382,U,Rooftop,C-RAN,3,3,0,3,3,3,0,0,1,18,6060,8530,21,33.6,7,15,0
AMM-U-1383,U,Rooftop,C-RAN,3,3,0,3,3,3,0,0,1,18,6060,8530,21,33.6,7,15,0
AMM-U-1384,U,Rooftop,C-RAN,3,3,0,3,3,3,0,0,1,18,6060,8530,21,33.6,7,15,0
AMM-U-1385,U,Rooftop,C-RAN,3,3,0,3,3,3,0,0,1,18,6060,8530,21,33.6,7,15,0
AMM-U-1386,U,Rooftop,C-RAN,3,3,0,3,3,3,0,0,1,18,6060,8530,21,33.6,7,15,0
AMM-U-1387,U,Rooftop,D-RAN,3,3,0,3,3,3,1,1,0,18,6470,9100,21,38.4,8,15,0
AMM-U-1388,U,Rooftop,C-RAN,3,3,0,3,3,3,0,0,1,18,6060,8530,21,33.6,7,15,0
AMM-U-1389,U,Monopole / greenfield,C-RAN,3,3,0,3,3,3,0,0,1,18,6060,8530,21,33.6,7,15,0
AMM-U-1390,U,Monopole / greenfield,C-RAN,3,3,0,3,3,3,0,0,1,18,6060,8530,21,33.6,7,15,0
AMM-U-1391,U,Rooftop,C-RAN,3,3,0,3,3,3,0,0,1,18,6060,8530,21,33.6,7,15,0
AMM-U-1392,U,Rooftop,C-RAN,3,3,0,3,3,3,0,0,1,18,6060,8530,21,33.6,7,15,0
AMM-U-1393,U,Rooftop,C-RAN,3,3,0,3,3,3,0,0,1,18,6060,8530,21,33.6,7,15,0
AMM-U-1394,U,Rooftop,C-RAN,3,3,0,3,3,3,0,0,1,18,6060,8530,21,33.6,7,15,0
AMM-U-1395,U,Rooftop,C-RAN,3,3,0,3,3,3,0,0,1,18,6060,8530,21,33.6,7,15,0
AMM-U-1396,U,Monopole / greenfield,C-RAN,3,3,0,3,3,3,0,0,1,18,6060,8530,21,33.6,7,15,0
AMM-U-1397,U,Monopole / greenfield,C-RAN,3,3,0,3,3,3,0,0,1,18,6060,8530,21,33.6,7,15,0
AMM-U-1398,U,Monopole / greenfield,C-RAN,3,3,0,3,3,3,0,0,1,18,6060,8530,21,33.6,7,15,0
AMM-U-1399,U,Monopole / greenfield,C-RAN,3,3,0,3,3,3,0,0,1,18,6060,8530,21,33.6,7,15,0
AMM-U-1400,U,Monopole / greenfield,C-RAN,3,3,0,3,3,3,0,0,1,18,6060,8530,21,33.6,7,15,0
AMM-U-1401,U,Monopole / greenfield,C-RAN,3,3,0,3,3,3,0,0,1,18,6060,8530,21,33.6,7,15,0
AMM-U-1402,U,Monopole / greenfield,C-RAN,3,3,0,3,3,3,0,0,1,18,6060,8530,21,33.6,7,15,0
AMM-U-1403,U,Monopole / greenfield,C-RAN,3,3,0,3,3,3,0,0,1,18,6060,8530,21,33.6,7,15,0
AMM-U-1404,U,Rooftop,C-RAN,3,3,0,3,3,3,0,0,1,18,6060,8530,21,33.6,7,15,0
AMM-U-1405,U,Rooftop,C-RAN,3,3,0,3,3,3,0,0,1,18,6060,8530,21,33.6,7,15,0
AMM-U-1406,U,Rooftop,C-RAN,3,3,0,3,3,3,0,0,1,18,6060,8530,21,33.6,7,15,0
AMM-U-1407,U,Rooftop,C-RAN,3,3,0,3,3,3,0,0,1,18,6060,8530,21,33.6,7,15,0
AMM-U-1408,U,Rooftop,C-RAN,3,3,0,3,3,3,0,0,1,18,6060,8530,21,33.6,7,15,0
AMM-U-1409,U,Rooftop,C-RAN,3,3,0,3,3,3,0,0,1,18,6060,8530,21,33.6,7,15,0
AMM-U-1410,U,Rooftop,C-RAN,3,3,0,3,3,3,0,0,1,18,6060,8530,21,33.6,7,15,0
AMM-U-1411,U,Rooftop,C-RAN,3,3,0,3,3,3,0,0,1,18,6060,8530,21,33.6,7,15,0
AMM-U-1412,U,Rooftop,C-RAN,3,3,0,3,3,3,0,0,1,18,6060,8530,21,33.6,7,15,0
AMM-U-1413,U,Rooftop,C-RAN,3,3,0,3,3,3,0,0,1,18,6060,8530,21,33.6,7,15,0
AMM-U-1414,U,Rooftop,C-RAN,3,3,0,3,3,3,0,0,1,18,6060,8530,21,33.6,7,15,0
AMM-U-1415,U,Rooftop,C-RAN,3,3,0,3,3,3,0,0,1,18,6060,8530,21,33.6,7,15,0
AMM-U-1416,U,Rooftop,C-RAN,3,3,0,3,3,3,0,0,1,18,6060,8530,21,33.6,7,15,0
AMM-U-1417,U,Rooftop,C-RAN,3,3,0,3,3,3,0,0,1,18,6060,8530,21,33.6,7,15,0
AMM-U-1418,U,Rooftop,C-RAN,3,3,0,3,3,3,0,0,1,18,6060,8530,21,33.6,7,15,0
AMM-U-1419,U,Rooftop,C-RAN,3,3,0,3,3,3,0,0,1,18,6060,8530,21,33.6,7,15,0
AMM-U-1420,U,Rooftop,C-RAN,3,3,0,3,3,3,0,0,1,18,6060,8530,21,33.6,7,15,0
AMM-U-1421,U,Rooftop,C-RAN,3,3,0,3,3,3,0,0,1,18,6060,8530,21,33.6,7,15,0
AMM-U-1422,U,Monopole / greenfield,C-RAN,3,3,0,3,3,3,0,0,1,18,6060,8530,21,33.6,7,15,0
AMM-U-1423,U,Monopole / greenfield,C-RAN,3,3,0,3,3,3,0,0,1,18,6060,8530,21,33.6,7,15,0
AMM-U-1424,U,Monopole / greenfield,C-RAN,3,3,0,3,3,3,0,0,1,18,6060,8530,21,33.6,7,15,0
AMM-U-1425,U,Monopole / greenfield,C-RAN,3,3,0,3,3,3,0,0,1,18,6060,8530,21,33.6,7,15,0
AMM-U-1426,U,Monopole / greenfield,C-RAN,3,3,0,3,3,3,0,0,1,18,6060,8530,21,33.6,7,15,0
AMM-U-1427,U,Rooftop,C-RAN,3,3,0,3,3,3,0,0,1,18,6060,8530,21,33.6,7,15,0
AMM-U-1428,U,Rooftop,C-RAN,3,3,0,3,3,3,0,0,1,18,6060,8530,21,33.6,7,15,0
AMM-U-1429,U,Rooftop,C-RAN,3,3,0,3,3,3,0,0,1,18,6060,8530,21,33.6,7,15,0
AMM-U-1430,U,Rooftop,C-RAN,3,3,0,3,3,3,0,0,1,18,6060,8530,21,33.6,7,15,0
AMM-U-1431,U,Rooftop,C-RAN,3,3,0,3,3,3,0,0,1,18,6060,8530,21,33.6,7,15,0
AMM-U-1432,U,Rooftop,D-RAN,3,3,0,3,3,3,1,1,0,18,6470,9100,21,38.4,8,15,0
AMM-U-1433,U,Rooftop,D-RAN,3,3,0,3,3,3,1,1,0,18,6470,9100,21,38.4,8,15,0
AMM-U-1434,U,Monopole / greenfield,D-RAN,3,3,0,3,3,3,1,1,0,18,6470,9100,21,38.4,8,15,0
AMM-U-1435,U,Rooftop,C-RAN,3,3,0,3,3,3,0,0,1,18,6060,8530,21,33.6,7,15,0
AMM-U-1436,U,Rooftop,C-RAN,3,3,0,3,3,3,0,0,1,18,6060,8530,21,33.6,7,15,0
AMM-U-1437,U,Rooftop,C-RAN,3,3,0,3,3,3,0,0,1,18,6060,8530,21,33.6,7,15,0
AMM-U-1438,U,Rooftop,C-RAN,3,3,0,3,3,3,0,0,1,18,6060,8530,21,33.6,7,15,0
AMM-U-1439,U,Rooftop,C-RAN,3,3,0,3,3,3,0,0,1,18,6060,8530,21,33.6,7,15,0
AMM-U-1440,U,Rooftop,C-RAN,3,3,0,3,3,3,0,0,1,18,6060,8530,21,33.6,7,15,0
AMM-U-1441,U,Monopole / greenfield,C-RAN,3,3,0,3,3,3,0,0,1,18,6060,8530,21,33.6,7,15,0
AMM-U-1442,U,Monopole / greenfield,C-RAN,3,3,0,3,3,3,0,0,1,18,6060,8530,21,33.6,7,15,0
AMM-U-1443,U,Monopole / greenfield,C-RAN,3,3,0,3,3,3,0,0,1,18,6060,8530,21,33.6,7,15,0
AMM-U-1444,U,Monopole / greenfield,C-RAN,3,3,0,3,3,3,0,0,1,18,6060,8530,21,33.6,7,15,0
AMM-U-1445,U,Monopole / greenfield,C-RAN,3,3,0,3,3,3,0,0,1,18,6060,8530,21,33.6,7,15,0
AMM-U-1446,U,Monopole / greenfield,C-RAN,3,3,0,3,3,3,0,0,1,18,6060,8530,21,33.6,7,15,0
AMM-U-1447,U,Monopole / greenfield,C-RAN,3,3,0,3,3,3,0,0,1,18,6060,8530,21,33.6,7,15,0
AMM-U-1448,U,Monopole / greenfield,C-RAN,3,3,0,3,3,3,0,0,1,18,6060,8530,21,33.6,7,15,0
AMM-U-1449,U,Monopole / greenfield,C-RAN,3,3,0,3,3,3,0,0,1,18,6060,8530,21,33.6,7,15,0
AMM-U-1450,U,Monopole / greenfield,C-RAN,3,3,0,3,3,3,0,0,1,18,6060,8530,21,33.6,7,15,0
AMM-U-1451,U,Rooftop,C-RAN,3,3,0,3,3,3,0,0,1,18,6060,8530,21,33.6,7,15,0
AMM-U-1452,U,Rooftop,C-RAN,3,3,0,3,3,3,0,0,1,18,6060,8530,21,33.6,7,15,0
AMM-U-1453,U,Rooftop,C-RAN,3,3,0,3,3,3,0,0,1,18,6060,8530,21,33.6,7,15,0
AMM-U-1454,U,Rooftop,C-RAN,3,3,0,3,3,3,0,0,1,18,6060,8530,21,33.6,7,15,0
AMM-U-1455,U,Rooftop,C-RAN,3,3,0,3,3,3,0,0,1,18,6060,8530,21,33.6,7,15,0
AMM-U-1456,U,Rooftop,C-RAN,3,3,0,3,3,3,0,0,1,18,6060,8530,21,33.6,7,15,0
AMM-U-1457,U,Rooftop,C-RAN,3,3,0,3,3,3,0,0,1,18,6060,8530,21,33.6,7,15,0
AMM-U-1458,U,Rooftop,C-RAN,3,3,0,3,3,3,0,0,1,18,6060,8530,21,33.6,7,15,0
AMM-U-1459,U,Rooftop,C-RAN,3,3,0,3,3,3,0,0,1,18,6060,8530,21,33.6,7,15,0
AMM-U-1460,U,Rooftop,C-RAN,3,3,0,3,3,3,0,0,1,18,6060,8530,21,33.6,7,15,0
AMM-U-1461,U,Rooftop,C-RAN,3,3,0,3,3,3,0,0,1,18,6060,8530,21,33.6,7,15,0
AMM-U-1462,U,Rooftop,C-RAN,3,3,0,3,3,3,0,0,1,18,6060,8530,21,33.6,7,15,0
AMM-U-1463,U,Rooftop,C-RAN,3,3,0,3,3,3,0,0,1,18,6060,8530,21,33.6,7,15,0
AMM-U-1464,U,Rooftop,C-RAN,3,3,0,3,3,3,0,0,1,18,6060,8530,21,33.6,7,15,0
AMM-U-1465,U,Rooftop,C-RAN,3,3,0,3,3,3,0,0,1,18,6060,8530,21,33.6,7,15,0
AMM-U-1466,U,Rooftop,C-RAN,3,3,0,3,3,3,0,0,1,18,6060,8530,21,33.6,7,15,0
AMM-U-1467,U,Monopole / greenfield,C-RAN,3,3,0,3,3,3,0,0,1,18,6060,8530,21,33.6,7,15,0
AMM-U-1468,U,Monopole / greenfield,C-RAN,3,3,0,3,3,3,0,0,1,18,6060,8530,21,33.6,7,15,0
AMM-U-1469,U,Monopole / greenfield,C-RAN,3,3,0,3,3,3,0,0,1,18,6060,8530,21,33.6,7,15,0
AMM-U-1470,U,Monopole / greenfield,C-RAN,3,3,0,3,3,3,0,0,1,18,6060,8530,21,33.6,7,15,0
AMM-U-1471,U,Monopole / greenfield,C-RAN,3,3,0,3,3,3,0,0,1,18,6060,8530,21,33.6,7,15,0
AMM-U-1472,U,Monopole / greenfield,C-RAN,3,3,0,3,3,3,0,0,1,18,6060,8530,21,33.6,7,15,0
AMM-U-1473,U,Monopole / greenfield,C-RAN,3,3,0,3,3,3,0,0,1,18,6060,8530,21,33.6,7,15,0
AMM-U-1474,U,Monopole / greenfield,C-RAN,3,3,0,3,3,3,0,0,1,18,6060,8530,21,33.6,7,15,0
AMM-U-1475,U,Rooftop,C-RAN,3,3,0,3,3,3,0,0,1,18,6060,8530,21,33.6,7,15,0
AMM-U-1476,U,Rooftop,D-RAN,3,3,0,3,3,3,1,1,0,18,6470,9100,21,38.4,8,15,0
AMM-U-1477,U,Rooftop,D-RAN,3,3,0,3,3,3,1,1,0,18,6470,9100,21,38.4,8,15,0
AMM-U-1478,U,Rooftop,D-RAN,3,3,0,3,3,3,1,1,0,18,6470,9100,21,38.4,8,15,0
AMM-U-1479,U,Rooftop,D-RAN,3,3,0,3,3,3,1,1,0,18,6470,9100,21,38.4,8,15,0
AMM-U-1480,U,Rooftop,D-RAN,3,3,0,3,3,3,1,1,0,18,6470,9100,21,38.4,8,15,0
AMM-U-1481,U,Rooftop,C-RAN,3,3,0,3,3,3,0,0,1,18,6060,8530,21,33.6,7,15,0
AMM-U-1482,U,Rooftop,C-RAN,3,3,0,3,3,3,0,0,1,18,6060,8530,21,33.6,7,15,0
AMM-U-1483,U,Rooftop,C-RAN,3,3,0,3,3,3,0,0,1,18,6060,8530,21,33.6,7,15,0
AMM-U-1484,U,Rooftop,C-RAN,3,3,0,3,3,3,0,0,1,18,6060,8530,21,33.6,7,15,0
AMM-U-1485,U,Rooftop,C-RAN,3,3,0,3,3,3,0,0,1,18,6060,8530,21,33.6,7,15,0
AMM-U-1486,U,Rooftop,C-RAN,3,3,0,3,3,3,0,0,1,18,6060,8530,21,33.6,7,15,0
AMM-U-1487,U,Rooftop,C-RAN,3,3,0,3,3,3,0,0,1,18,6060,8530,21,33.6,7,15,0
AMM-U-1488,U,Rooftop,C-RAN,3,3,0,3,3,3,0,0,1,18,6060,8530,21,33.6,7,15,0
AMM-U-1489,U,Rooftop,C-RAN,3,3,0,3,3,3,0,0,1,18,6060,8530,21,33.6,7,15,0
AMM-U-1490,U,Rooftop,C-RAN,3,3,0,3,3,3,0,0,1,18,6060,8530,21,33.6,7,15,0
AMM-U-1491,U,Rooftop,C-RAN,3,3,0,3,3,3,0,0,1,18,6060,8530,21,33.6,7,15,0
AMM-U-1492,U,Monopole / greenfield,C-RAN,3,3,0,3,3,3,0,0,1,18,6060,8530,21,33.6,7,15,0
AMM-U-1493,U,Monopole / greenfield,C-RAN,3,3,0,3,3,3,0,0,1,18,6060,8530,21,33.6,7,15,0
AMM-U-1494,U,Monopole / greenfield,C-RAN,3,3,0,3,3,3,0,0,1,18,6060,8530,21,33.6,7,15,0
AMM-U-1495,U,Monopole / greenfield,C-RAN,3,3,0,3,3,3,0,0,1,18,6060,8530,21,33.6,7,15,0
AMM-U-1496,U,Monopole / greenfield,C-RAN,3,3,0,3,3,3,0,0,1,18,6060,8530,21,33.6,7,15,0
AMM-U-1497,U,Rooftop,C-RAN,3,3,0,3,3,3,0,0,1,18,6060,8530,21,33.6,7,15,0
AMM-U-1498,U,Rooftop,C-RAN,3,3,0,3,3,3,0,0,1,18,6060,8530,21,33.6,7,15,0
AMM-U-1499,U,Rooftop,C-RAN,3,3,0,3,3,3,0,0,1,18,6060,8530,21,33.6,7,15,0
AMM-U-1500,U,Rooftop,C-RAN,3,3,0,3,3,3,0,0,1,18,6060,8530,21,33.6,7,15,0
AMM-U-1501,U,Rooftop,C-RAN,3,3,0,3,3,3,0,0,1,18,6060,8530,21,33.6,7,15,0
AMM-U-1502,U,Rooftop,C-RAN,3,3,0,3,3,3,0,0,1,18,6060,8530,21,33.6,7,15,0
AMM-U-1503,U,Rooftop,C-RAN,3,3,0,3,3,3,0,0,1,18,6060,8530,21,33.6,7,15,0
AMM-U-1504,U,Rooftop,C-RAN,3,3,0,3,3,3,0,0,1,18,6060,8530,21,33.6,7,15,0
AMM-U-1505,U,Rooftop,C-RAN,3,3,0,3,3,3,0,0,1,18,6060,8530,21,33.6,7,15,0
AMM-U-1506,U,Rooftop,C-RAN,3,3,0,3,3,3,0,0,1,18,6060,8530,21,33.6,7,15,0
AMM-U-1507,U,Rooftop,C-RAN,3,3,0,3,3,3,0,0,1,18,6060,8530,21,33.6,7,15,0
AMM-U-1508,U,Rooftop,C-RAN,3,3,0,3,3,3,0,0,1,18,6060,8530,21,33.6,7,15,0
AMM-U-1509,U,Rooftop,C-RAN,3,3,0,3,3,3,0,0,1,18,6060,8530,21,33.6,7,15,0
AMM-U-1510,U,Rooftop,C-RAN,3,3,0,3,3,3,0,0,1,18,6060,8530,21,33.6,7,15,0
AMM-U-1511,U,Rooftop,C-RAN,3,3,0,3,3,3,0,0,1,18,6060,8530,21,33.6,7,15,0
AMM-U-1512,U,Monopole / greenfield,C-RAN,3,3,0,3,3,3,0,0,1,18,6060,8530,21,33.6,7,15,0
AMM-U-1513,U,Monopole / greenfield,C-RAN,3,3,0,3,3,3,0,0,1,18,6060,8530,21,33.6,7,15,0
AMM-U-1514,U,Monopole / greenfield,C-RAN,3,3,0,3,3,3,0,0,1,18,6060,8530,21,33.6,7,15,0
AMM-U-1515,U,Monopole / greenfield,C-RAN,3,3,0,3,3,3,0,0,1,18,6060,8530,21,33.6,7,15,0
AMM-U-1516,U,Monopole / greenfield,C-RAN,3,3,0,3,3,3,0,0,1,18,6060,8530,21,33.6,7,15,0
AMM-U-1517,U,Monopole / greenfield,C-RAN,3,3,0,3,3,3,0,0,1,18,6060,8530,21,33.6,7,15,0
AMM-U-1518,U,Monopole / greenfield,C-RAN,3,3,0,3,3,3,0,0,1,18,6060,8530,21,33.6,7,15,0
AMM-U-1519,U,Monopole / greenfield,C-RAN,3,3,0,3,3,3,0,0,1,18,6060,8530,21,33.6,7,15,0
AMM-U-1520,U,Monopole / greenfield,C-RAN,3,3,0,3,3,3,0,0,1,18,6060,8530,21,33.6,7,15,0
AMM-U-1521,U,Monopole / greenfield,D-RAN,3,3,0,3,3,3,1,1,0,18,6470,9100,21,38.4,8,15,0
AMM-U-1522,U,Monopole / greenfield,D-RAN,3,3,0,3,3,3,1,1,0,18,6470,9100,21,38.4,8,15,0
AMM-U-1523,U,Rooftop,D-RAN,3,3,0,3,3,3,1,1,0,18,6470,9100,21,38.4,8,15,0
AMM-U-1524,U,Rooftop,C-RAN,3,3,0,3,3,3,0,0,1,18,6060,8530,21,33.6,7,15,0
AMM-U-1525,U,Rooftop,C-RAN,3,3,0,3,3,3,0,0,1,18,6060,8530,21,33.6,7,15,0
AMM-U-1526,U,Rooftop,C-RAN,3,3,0,3,3,3,0,0,1,18,6060,8530,21,33.6,7,15,0
AMM-U-1527,U,Rooftop,C-RAN,3,3,0,3,3,3,0,0,1,18,6060,8530,21,33.6,7,15,0
AMM-U-1528,U,Rooftop,C-RAN,3,3,0,3,3,3,0,0,1,18,6060,8530,21,33.6,7,15,0
AMM-U-1529,U,Rooftop,C-RAN,3,3,0,3,3,3,0,0,1,18,6060,8530,21,33.6,7,15,0
AMM-U-1530,U,Rooftop,C-RAN,3,3,0,3,3,3,0,0,1,18,6060,8530,21,33.6,7,15,0
AMM-U-1531,U,Rooftop,C-RAN,3,3,0,3,3,3,0,0,1,18,6060,8530,21,33.6,7,15,0
AMM-U-1532,U,Rooftop,C-RAN,3,3,0,3,3,3,0,0,1,18,6060,8530,21,33.6,7,15,0
AMM-U-1533,U,Rooftop,C-RAN,3,3,0,3,3,3,0,0,1,18,6060,8530,21,33.6,7,15,0
AMM-U-1534,U,Rooftop,C-RAN,3,3,0,3,3,3,0,0,1,18,6060,8530,21,33.6,7,15,0
AMM-U-1535,U,Rooftop,C-RAN,3,3,0,3,3,3,0,0,1,18,6060,8530,21,33.6,7,15,0
AMM-U-1536,U,Monopole / greenfield,C-RAN,3,3,0,3,3,3,0,0,1,18,6060,8530,21,33.6,7,15,0
AMM-U-1537,U,Monopole / greenfield,C-RAN,3,3,0,3,3,3,0,0,1,18,6060,8530,21,33.6,7,15,0
AMM-U-1538,U,Rooftop,C-RAN,3,3,0,3,3,3,0,0,1,18,6060,8530,21,33.6,7,15,0
AMM-U-1539,U,Rooftop,C-RAN,3,3,0,3,3,3,0,0,1,18,6060,8530,21,33.6,7,15,0
AMM-U-1540,U,Rooftop,C-RAN,3,3,0,3,3,3,0,0,1,18,6060,8530,21,33.6,7,15,0
AMM-U-1541,U,Rooftop,C-RAN,3,3,0,3,3,3,0,0,1,18,6060,8530,21,33.6,7,15,0
AMM-U-1542,U,Rooftop,C-RAN,3,3,0,3,3,3,0,0,1,18,6060,8530,21,33.6,7,15,0
AMM-U-1543,U,Rooftop,C-RAN,3,3,0,3,3,3,0,0,1,18,6060,8530,21,33.6,7,15,0
AMM-U-1544,U,Rooftop,C-RAN,3,3,0,3,3,3,0,0,1,18,6060,8530,21,33.6,7,15,0
AMM-U-1545,U,Rooftop,C-RAN,3,3,0,3,3,3,0,0,1,18,6060,8530,21,33.6,7,15,0
AMM-U-1546,U,Rooftop,C-RAN,3,3,0,3,3,3,0,0,1,18,6060,8530,21,33.6,7,15,0
AMM-U-1547,U,Rooftop,C-RAN,3,3,0,3,3,3,0,0,1,18,6060,8530,21,33.6,7,15,0
AMM-U-1548,U,Rooftop,C-RAN,3,3,0,3,3,3,0,0,1,18,6060,8530,21,33.6,7,15,0
AMM-U-1549,U,Rooftop,C-RAN,3,3,0,3,3,3,0,0,1,18,6060,8530,21,33.6,7,15,0
AMM-U-1550,U,Rooftop,C-RAN,3,3,0,3,3,3,0,0,1,18,6060,8530,21,33.6,7,15,0
AMM-U-1551,U,Rooftop,C-RAN,3,3,0,3,3,3,0,0,1,18,6060,8530,21,33.6,7,15,0
AMM-U-1552,U,Rooftop,C-RAN,3,3,0,3,3,3,0,0,1,18,6060,8530,21,33.6,7,15,0
AMM-U-1553,U,Rooftop,C-RAN,3,3,0,3,3,3,0,0,1,18,6060,8530,21,33.6,7,15,0
AMM-U-1554,U,Rooftop,C-RAN,3,3,0,3,3,3,0,0,1,18,6060,8530,21,33.6,7,15,0
AMM-U-1555,U,Monopole / greenfield,C-RAN,3,3,0,3,3,3,0,0,1,18,6060,8530,21,33.6,7,15,0
AMM-U-1556,U,Monopole / greenfield,C-RAN,3,3,0,3,3,3,0,0,1,18,6060,8530,21,33.6,7,15,0
AMM-U-1557,U,Monopole / greenfield,C-RAN,3,3,0,3,3,3,0,0,1,18,6060,8530,21,33.6,7,15,0
AMM-U-1558,U,Monopole / greenfield,C-RAN,3,3,0,3,3,3,0,0,1,18,6060,8530,21,33.6,7,15,0
AMM-U-1559,U,Monopole / greenfield,C-RAN,3,3,0,3,3,3,0,0,1,18,6060,8530,21,33.6,7,15,0
AMM-U-1560,U,Monopole / greenfield,C-RAN,3,3,0,3,3,3,0,0,1,18,6060,8530,21,33.6,7,15,0
AMM-U-1561,U,Monopole / greenfield,C-RAN,3,3,0,3,3,3,0,0,1,18,6060,8530,21,33.6,7,15,0
AMM-U-1562,U,Monopole / greenfield,C-RAN,3,3,0,3,3,3,0,0,1,18,6060,8530,21,33.6,7,15,0
AMM-U-1563,U,Monopole / greenfield,C-RAN,3,3,0,3,3,3,0,0,1,18,6060,8530,21,33.6,7,15,0
AMM-U-1564,U,Monopole / greenfield,C-RAN,3,3,0,3,3,3,0,0,1,18,6060,8530,21,33.6,7,15,0
AMM-U-1565,U,Monopole / greenfield,D-RAN,3,3,0,3,3,3,1,1,0,18,6470,9100,21,38.4,8,15,0
AMM-U-1566,U,Rooftop,D-RAN,3,3,0,3,3,3,1,1,0,18,6470,9100,21,38.4,8,15,0
AMM-U-1567,U,Rooftop,D-RAN,3,3,0,3,3,3,1,1,0,18,6470,9100,21,38.4,8,15,0
AMM-U-1568,U,Rooftop,C-RAN,3,3,0,3,3,3,0,0,1,18,6060,8530,21,33.6,7,15,0
AMM-U-1569,U,Rooftop,C-RAN,3,3,0,3,3,3,0,0,1,18,6060,8530,21,33.6,7,15,0
AMM-U-1570,U,Rooftop,C-RAN,3,3,0,3,3,3,0,0,1,18,6060,8530,21,33.6,7,15,0
AMM-U-1571,U,Rooftop,C-RAN,3,3,0,3,3,3,0,0,1,18,6060,8530,21,33.6,7,15,0
AMM-U-1572,U,Rooftop,C-RAN,3,3,0,3,3,3,0,0,1,18,6060,8530,21,33.6,7,15,0
AMM-U-1573,U,Rooftop,C-RAN,3,3,0,3,3,3,0,0,1,18,6060,8530,21,33.6,7,15,0
AMM-U-1574,U,Rooftop,C-RAN,3,3,0,3,3,3,0,0,1,18,6060,8530,21,33.6,7,15,0
AMM-U-1575,U,Rooftop,C-RAN,3,3,0,3,3,3,0,0,1,18,6060,8530,21,33.6,7,15,0
AMM-U-1576,U,Rooftop,C-RAN,3,3,0,3,3,3,0,0,1,18,6060,8530,21,33.6,7,15,0
AMM-U-1577,U,Rooftop,C-RAN,3,3,0,3,3,3,0,0,1,18,6060,8530,21,33.6,7,15,0
AMM-U-1578,U,Rooftop,C-RAN,3,3,0,3,3,3,0,0,1,18,6060,8530,21,33.6,7,15,0
AMM-U-1579,U,Rooftop,C-RAN,3,3,0,3,3,3,0,0,1,18,6060,8530,21,33.6,7,15,0
SAL-U-0001,U,Monopole / greenfield,C-RAN,3,3,0,3,3,3,0,0,1,18,6060,8530,21,33.6,7,15,0
SAL-U-0002,U,Monopole / greenfield,C-RAN,3,3,0,3,3,3,0,0,1,18,6060,8530,21,33.6,7,15,0
SAL-U-0003,U,Monopole / greenfield,C-RAN,3,3,0,3,3,3,0,0,1,18,6060,8530,21,33.6,7,15,0
SAL-U-0004,U,Monopole / greenfield,C-RAN,3,3,0,3,3,3,0,0,1,18,6060,8530,21,33.6,7,15,0
AMM-U-1580,U,Rooftop,C-RAN,3,3,0,3,3,3,0,0,1,18,6060,8530,21,33.6,7,15,0
AMM-U-1581,U,Rooftop,C-RAN,3,3,0,3,3,3,0,0,1,18,6060,8530,21,33.6,7,15,0
AMM-U-1582,U,Rooftop,C-RAN,3,3,0,3,3,3,0,0,1,18,6060,8530,21,33.6,7,15,0
AMM-U-1583,U,Rooftop,C-RAN,3,3,0,3,3,3,0,0,1,18,6060,8530,21,33.6,7,15,0
AMM-U-1584,U,Rooftop,C-RAN,3,3,0,3,3,3,0,0,1,18,6060,8530,21,33.6,7,15,0
AMM-U-1585,U,Rooftop,C-RAN,3,3,0,3,3,3,0,0,1,18,6060,8530,21,33.6,7,15,0
AMM-U-1586,U,Rooftop,C-RAN,3,3,0,3,3,3,0,0,1,18,6060,8530,21,33.6,7,15,0
AMM-U-1587,U,Rooftop,C-RAN,3,3,0,3,3,3,0,0,1,18,6060,8530,21,33.6,7,15,0
AMM-U-1588,U,Rooftop,C-RAN,3,3,0,3,3,3,0,0,1,18,6060,8530,21,33.6,7,15,0
AMM-U-1589,U,Rooftop,C-RAN,3,3,0,3,3,3,0,0,1,18,6060,8530,21,33.6,7,15,0
AMM-U-1590,U,Rooftop,C-RAN,3,3,0,3,3,3,0,0,1,18,6060,8530,21,33.6,7,15,0
AMM-U-1591,U,Rooftop,C-RAN,3,3,0,3,3,3,0,0,1,18,6060,8530,21,33.6,7,15,0
AMM-U-1592,U,Rooftop,C-RAN,3,3,0,3,3,3,0,0,1,18,6060,8530,21,33.6,7,15,0
AMM-U-1593,U,Rooftop,C-RAN,3,3,0,3,3,3,0,0,1,18,6060,8530,21,33.6,7,15,0
AMM-U-1594,U,Rooftop,C-RAN,3,3,0,3,3,3,0,0,1,18,6060,8530,21,33.6,7,15,0
AMM-U-1595,U,Rooftop,C-RAN,3,3,0,3,3,3,0,0,1,18,6060,8530,21,33.6,7,15,0
AMM-U-1596,U,Rooftop,C-RAN,3,3,0,3,3,3,0,0,1,18,6060,8530,21,33.6,7,15,0
AMM-U-1597,U,Rooftop,C-RAN,3,3,0,3,3,3,0,0,1,18,6060,8530,21,33.6,7,15,0
AMM-U-1598,U,Monopole / greenfield,C-RAN,3,3,0,3,3,3,0,0,1,18,6060,8530,21,33.6,7,15,0
AMM-U-1599,U,Monopole / greenfield,C-RAN,3,3,0,3,3,3,0,0,1,18,6060,8530,21,33.6,7,15,0
AMM-U-1600,U,Monopole / greenfield,C-RAN,3,3,0,3,3,3,0,0,1,18,6060,8530,21,33.6,7,15,0
AMM-U-1601,U,Monopole / greenfield,C-RAN,3,3,0,3,3,3,0,0,1,18,6060,8530,21,33.6,7,15,0
AMM-U-1602,U,Monopole / greenfield,C-RAN,3,3,0,3,3,3,0,0,1,18,6060,8530,21,33.6,7,15,0
AMM-U-1603,U,Monopole / greenfield,C-RAN,3,3,0,3,3,3,0,0,1,18,6060,8530,21,33.6,7,15,0
AMM-U-1604,U,Rooftop,C-RAN,3,3,0,3,3,3,0,0,1,18,6060,8530,21,33.6,7,15,0
AMM-U-1605,U,Monopole / greenfield,C-RAN,3,3,0,3,3,3,0,0,1,18,6060,8530,21,33.6,7,15,0
AMM-U-1606,U,Monopole / greenfield,C-RAN,3,3,0,3,3,3,0,0,1,18,6060,8530,21,33.6,7,15,0
AMM-U-1607,U,Rooftop,D-RAN,3,3,0,3,3,3,1,1,0,18,6470,9100,21,38.4,8,15,0
AMM-U-1608,U,Rooftop,C-RAN,3,3,0,3,3,3,0,0,1,18,6060,8530,21,33.6,7,15,0
AMM-U-1609,U,Rooftop,C-RAN,3,3,0,3,3,3,0,0,1,18,6060,8530,21,33.6,7,15,0
AMM-U-1610,U,Rooftop,C-RAN,3,3,0,3,3,3,0,0,1,18,6060,8530,21,33.6,7,15,0
AMM-U-1611,U,Rooftop,C-RAN,3,3,0,3,3,3,0,0,1,18,6060,8530,21,33.6,7,15,0
AMM-U-1612,U,Rooftop,C-RAN,3,3,0,3,3,3,0,0,1,18,6060,8530,21,33.6,7,15,0
AMM-U-1613,U,Rooftop,C-RAN,3,3,0,3,3,3,0,0,1,18,6060,8530,21,33.6,7,15,0
AMM-U-1614,U,Rooftop,C-RAN,3,3,0,3,3,3,0,0,1,18,6060,8530,21,33.6,7,15,0
AMM-U-1615,U,Rooftop,C-RAN,3,3,0,3,3,3,0,0,1,18,6060,8530,21,33.6,7,15,0
AMM-U-1616,U,Rooftop,C-RAN,3,3,0,3,3,3,0,0,1,18,6060,8530,21,33.6,7,15,0
AMM-U-1617,U,Rooftop,C-RAN,3,3,0,3,3,3,0,0,1,18,6060,8530,21,33.6,7,15,0
AMM-U-1618,U,Rooftop,C-RAN,3,3,0,3,3,3,0,0,1,18,6060,8530,21,33.6,7,15,0
AMM-U-1619,U,Rooftop,C-RAN,3,3,0,3,3,3,0,0,1,18,6060,8530,21,33.6,7,15,0
AMM-U-1620,U,Rooftop,C-RAN,3,3,0,3,3,3,0,0,1,18,6060,8530,21,33.6,7,15,0
SAL-U-0005,U,Rooftop,C-RAN,3,3,0,3,3,3,0,0,1,18,6060,8530,21,33.6,7,15,0
SAL-U-0006,U,Rooftop,C-RAN,3,3,0,3,3,3,0,0,1,18,6060,8530,21,33.6,7,15,0
SAL-U-0007,U,Rooftop,C-RAN,3,3,0,3,3,3,0,0,1,18,6060,8530,21,33.6,7,15,0
SAL-U-0008,U,Monopole / greenfield,C-RAN,3,3,0,3,3,3,0,0,1,18,6060,8530,21,33.6,7,15,0
SAL-U-0009,U,Monopole / greenfield,C-RAN,3,3,0,3,3,3,0,0,1,18,6060,8530,21,33.6,7,15,0
SAL-U-0010,U,Monopole / greenfield,C-RAN,3,3,0,3,3,3,0,0,1,18,6060,8530,21,33.6,7,15,0
SAL-U-0011,U,Monopole / greenfield,C-RAN,3,3,0,3,3,3,0,0,1,18,6060,8530,21,33.6,7,15,0
AMM-U-1621,U,Rooftop,C-RAN,3,3,0,3,3,3,0,0,1,18,6060,8530,21,33.6,7,15,0
AMM-U-1622,U,Rooftop,C-RAN,3,3,0,3,3,3,0,0,1,18,6060,8530,21,33.6,7,15,0
AMM-U-1623,U,Rooftop,C-RAN,3,3,0,3,3,3,0,0,1,18,6060,8530,21,33.6,7,15,0
AMM-U-1624,U,Rooftop,C-RAN,3,3,0,3,3,3,0,0,1,18,6060,8530,21,33.6,7,15,0
AMM-U-1625,U,Rooftop,C-RAN,3,3,0,3,3,3,0,0,1,18,6060,8530,21,33.6,7,15,0
AMM-U-1626,U,Rooftop,C-RAN,3,3,0,3,3,3,0,0,1,18,6060,8530,21,33.6,7,15,0
AMM-U-1627,U,Rooftop,C-RAN,3,3,0,3,3,3,0,0,1,18,6060,8530,21,33.6,7,15,0
AMM-U-1628,U,Rooftop,C-RAN,3,3,0,3,3,3,0,0,1,18,6060,8530,21,33.6,7,15,0
AMM-U-1629,U,Rooftop,C-RAN,3,3,0,3,3,3,0,0,1,18,6060,8530,21,33.6,7,15,0
AMM-U-1630,U,Rooftop,C-RAN,3,3,0,3,3,3,0,0,1,18,6060,8530,21,33.6,7,15,0
AMM-U-1631,U,Rooftop,C-RAN,3,3,0,3,3,3,0,0,1,18,6060,8530,21,33.6,7,15,0
AMM-U-1632,U,Rooftop,C-RAN,3,3,0,3,3,3,0,0,1,18,6060,8530,21,33.6,7,15,0
AMM-U-1633,U,Rooftop,C-RAN,3,3,0,3,3,3,0,0,1,18,6060,8530,21,33.6,7,15,0
AMM-U-1634,U,Rooftop,C-RAN,3,3,0,3,3,3,0,0,1,18,6060,8530,21,33.6,7,15,0
AMM-U-1635,U,Rooftop,C-RAN,3,3,0,3,3,3,0,0,1,18,6060,8530,21,33.6,7,15,0
AMM-U-1636,U,Rooftop,C-RAN,3,3,0,3,3,3,0,0,1,18,6060,8530,21,33.6,7,15,0
AMM-U-1637,U,Monopole / greenfield,C-RAN,3,3,0,3,3,3,0,0,1,18,6060,8530,21,33.6,7,15,0
AMM-U-1638,U,Monopole / greenfield,C-RAN,3,3,0,3,3,3,0,0,1,18,6060,8530,21,33.6,7,15,0
AMM-U-1639,U,Rooftop,C-RAN,3,3,0,3,3,3,0,0,1,18,6060,8530,21,33.6,7,15,0
AMM-U-1640,U,Monopole / greenfield,C-RAN,3,3,0,3,3,3,0,0,1,18,6060,8530,21,33.6,7,15,0
AMM-U-1641,U,Monopole / greenfield,C-RAN,3,3,0,3,3,3,0,0,1,18,6060,8530,21,33.6,7,15,0
AMM-U-1642,U,Monopole / greenfield,C-RAN,3,3,0,3,3,3,0,0,1,18,6060,8530,21,33.6,7,15,0
AMM-U-1643,U,Monopole / greenfield,C-RAN,3,3,0,3,3,3,0,0,1,18,6060,8530,21,33.6,7,15,0
AMM-U-1644,U,Monopole / greenfield,C-RAN,3,3,0,3,3,3,0,0,1,18,6060,8530,21,33.6,7,15,0
AMM-U-1645,U,Monopole / greenfield,C-RAN,3,3,0,3,3,3,0,0,1,18,6060,8530,21,33.6,7,15,0
AMM-U-1646,U,Rooftop,C-RAN,3,3,0,3,3,3,0,0,1,18,6060,8530,21,33.6,7,15,0
AMM-U-1647,U,Rooftop,C-RAN,3,3,0,3,3,3,0,0,1,18,6060,8530,21,33.6,7,15,0
AMM-U-1648,U,Rooftop,C-RAN,3,3,0,3,3,3,0,0,1,18,6060,8530,21,33.6,7,15,0
AMM-U-1649,U,Rooftop,C-RAN,3,3,0,3,3,3,0,0,1,18,6060,8530,21,33.6,7,15,0
AMM-U-1650,U,Rooftop,C-RAN,3,3,0,3,3,3,0,0,1,18,6060,8530,21,33.6,7,15,0
AMM-U-1651,U,Rooftop,C-RAN,3,3,0,3,3,3,0,0,1,18,6060,8530,21,33.6,7,15,0
AMM-U-1652,U,Rooftop,C-RAN,3,3,0,3,3,3,0,0,1,18,6060,8530,21,33.6,7,15,0
AMM-U-1653,U,Rooftop,C-RAN,3,3,0,3,3,3,0,0,1,18,6060,8530,21,33.6,7,15,0
AMM-U-1654,U,Rooftop,C-RAN,3,3,0,3,3,3,0,0,1,18,6060,8530,21,33.6,7,15,0
AMM-U-1655,U,Rooftop,C-RAN,3,3,0,3,3,3,0,0,1,18,6060,8530,21,33.6,7,15,0
AMM-U-1656,U,Rooftop,C-RAN,3,3,0,3,3,3,0,0,1,18,6060,8530,21,33.6,7,15,0
AMM-U-1657,U,Rooftop,C-RAN,3,3,0,3,3,3,0,0,1,18,6060,8530,21,33.6,7,15,0
AMM-U-1658,U,Rooftop,C-RAN,3,3,0,3,3,3,0,0,1,18,6060,8530,21,33.6,7,15,0
AMM-U-1659,U,Rooftop,C-RAN,3,3,0,3,3,3,0,0,1,18,6060,8530,21,33.6,7,15,0
AMM-U-1660,U,Rooftop,C-RAN,3,3,0,3,3,3,0,0,1,18,6060,8530,21,33.6,7,15,0
AMM-U-1661,U,Rooftop,C-RAN,3,3,0,3,3,3,0,0,1,18,6060,8530,21,33.6,7,15,0
AMM-U-1662,U,Monopole / greenfield,C-RAN,3,3,0,3,3,3,0,0,1,18,6060,8530,21,33.6,7,15,0
AMM-U-1663,U,Rooftop,C-RAN,3,3,0,3,3,3,0,0,1,18,6060,8530,21,33.6,7,15,0
AMM-U-1664,U,Monopole / greenfield,C-RAN,3,3,0,3,3,3,0,0,1,18,6060,8530,21,33.6,7,15,0
SAL-U-0012,U,Monopole / greenfield,C-RAN,3,3,0,3,3,3,0,0,1,18,6060,8530,21,33.6,7,15,0
SAL-U-0013,U,Rooftop,C-RAN,3,3,0,3,3,3,0,0,1,18,6060,8530,21,33.6,7,15,0
SAL-U-0014,U,Rooftop,C-RAN,3,3,0,3,3,3,0,0,1,18,6060,8530,21,33.6,7,15,0
SAL-U-0015,U,Rooftop,C-RAN,3,3,0,3,3,3,0,0,1,18,6060,8530,21,33.6,7,15,0
SAL-U-0016,U,Rooftop,C-RAN,3,3,0,3,3,3,0,0,1,18,6060,8530,21,33.6,7,15,0
SAL-U-0017,U,Rooftop,C-RAN,3,3,0,3,3,3,0,0,1,18,6060,8530,21,33.6,7,15,0
SAL-U-0018,U,Rooftop,C-RAN,3,3,0,3,3,3,0,0,1,18,6060,8530,21,33.6,7,15,0
SAL-U-0019,U,Monopole / greenfield,C-RAN,3,3,0,3,3,3,0,0,1,18,6060,8530,21,33.6,7,15,0
SAL-U-0020,U,Monopole / greenfield,C-RAN,3,3,0,3,3,3,0,0,1,18,6060,8530,21,33.6,7,15,0
SAL-U-0021,U,Monopole / greenfield,C-RAN,3,3,0,3,3,3,0,0,1,18,6060,8530,21,33.6,7,15,0
AMM-U-1665,U,Rooftop,C-RAN,3,3,0,3,3,3,0,0,1,18,6060,8530,21,33.6,7,15,0
AMM-U-1666,U,Rooftop,D-RAN,3,3,0,3,3,3,1,1,0,18,6470,9100,21,38.4,8,15,0
AMM-U-1667,U,Rooftop,C-RAN,3,3,0,3,3,3,0,0,1,18,6060,8530,21,33.6,7,15,0
AMM-U-1668,U,Rooftop,C-RAN,3,3,0,3,3,3,0,0,1,18,6060,8530,21,33.6,7,15,0
AMM-U-1669,U,Rooftop,C-RAN,3,3,0,3,3,3,0,0,1,18,6060,8530,21,33.6,7,15,0
AMM-U-1670,U,Rooftop,C-RAN,3,3,0,3,3,3,0,0,1,18,6060,8530,21,33.6,7,15,0
AMM-U-1671,U,Rooftop,C-RAN,3,3,0,3,3,3,0,0,1,18,6060,8530,21,33.6,7,15,0
AMM-U-1672,U,Rooftop,C-RAN,3,3,0,3,3,3,0,0,1,18,6060,8530,21,33.6,7,15,0
AMM-U-1673,U,Rooftop,C-RAN,3,3,0,3,3,3,0,0,1,18,6060,8530,21,33.6,7,15,0
AMM-U-1674,U,Rooftop,C-RAN,3,3,0,3,3,3,0,0,1,18,6060,8530,21,33.6,7,15,0
AMM-U-1675,U,Rooftop,C-RAN,3,3,0,3,3,3,0,0,1,18,6060,8530,21,33.6,7,15,0
AMM-U-1676,U,Rooftop,C-RAN,3,3,0,3,3,3,0,0,1,18,6060,8530,21,33.6,7,15,0
AMM-U-1677,U,Rooftop,C-RAN,3,3,0,3,3,3,0,0,1,18,6060,8530,21,33.6,7,15,0
AMM-U-1678,U,Rooftop,C-RAN,3,3,0,3,3,3,0,0,1,18,6060,8530,21,33.6,7,15,0
AMM-U-1679,U,Rooftop,C-RAN,3,3,0,3,3,3,0,0,1,18,6060,8530,21,33.6,7,15,0
AMM-U-1680,U,Monopole / greenfield,C-RAN,3,3,0,3,3,3,0,0,1,18,6060,8530,21,33.6,7,15,0
AMM-U-1681,U,Monopole / greenfield,C-RAN,3,3,0,3,3,3,0,0,1,18,6060,8530,21,33.6,7,15,0
AMM-U-1682,U,Rooftop,C-RAN,3,3,0,3,3,3,0,0,1,18,6060,8530,21,33.6,7,15,0
AMM-U-1683,U,Rooftop,C-RAN,3,3,0,3,3,3,0,0,1,18,6060,8530,21,33.6,7,15,0
AMM-U-1684,U,Monopole / greenfield,C-RAN,3,3,0,3,3,3,0,0,1,18,6060,8530,21,33.6,7,15,0
AMM-U-1685,U,Rooftop,C-RAN,3,3,0,3,3,3,0,0,1,18,6060,8530,21,33.6,7,15,0
AMM-U-1686,U,Rooftop,C-RAN,3,3,0,3,3,3,0,0,1,18,6060,8530,21,33.6,7,15,0
AMM-U-1687,U,Monopole / greenfield,C-RAN,3,3,0,3,3,3,0,0,1,18,6060,8530,21,33.6,7,15,0
AMM-U-1688,U,Rooftop,C-RAN,3,3,0,3,3,3,0,0,1,18,6060,8530,21,33.6,7,15,0
AMM-U-1689,U,Rooftop,C-RAN,3,3,0,3,3,3,0,0,1,18,6060,8530,21,33.6,7,15,0
AMM-U-1690,U,Rooftop,C-RAN,3,3,0,3,3,3,0,0,1,18,6060,8530,21,33.6,7,15,0
AMM-U-1691,U,Rooftop,C-RAN,3,3,0,3,3,3,0,0,1,18,6060,8530,21,33.6,7,15,0
AMM-U-1692,U,Rooftop,C-RAN,3,3,0,3,3,3,0,0,1,18,6060,8530,21,33.6,7,15,0
AMM-U-1693,U,Rooftop,C-RAN,3,3,0,3,3,3,0,0,1,18,6060,8530,21,33.6,7,15,0
AMM-U-1694,U,Rooftop,C-RAN,3,3,0,3,3,3,0,0,1,18,6060,8530,21,33.6,7,15,0
AMM-U-1695,U,Rooftop,C-RAN,3,3,0,3,3,3,0,0,1,18,6060,8530,21,33.6,7,15,0
AMM-U-1696,U,Rooftop,C-RAN,3,3,0,3,3,3,0,0,1,18,6060,8530,21,33.6,7,15,0
AMM-U-1697,U,Rooftop,C-RAN,3,3,0,3,3,3,0,0,1,18,6060,8530,21,33.6,7,15,0
AMM-U-1698,U,Rooftop,C-RAN,3,3,0,3,3,3,0,0,1,18,6060,8530,21,33.6,7,15,0
AMM-U-1699,U,Rooftop,C-RAN,3,3,0,3,3,3,0,0,1,18,6060,8530,21,33.6,7,15,0
AMM-U-1700,U,Rooftop,C-RAN,3,3,0,3,3,3,0,0,1,18,6060,8530,21,33.6,7,15,0
AMM-U-1701,U,Rooftop,C-RAN,3,3,0,3,3,3,0,0,1,18,6060,8530,21,33.6,7,15,0
AMM-U-1702,U,Rooftop,C-RAN,3,3,0,3,3,3,0,0,1,18,6060,8530,21,33.6,7,15,0
AMM-U-1703,U,Rooftop,C-RAN,3,3,0,3,3,3,0,0,1,18,6060,8530,21,33.6,7,15,0
AMM-U-1704,U,Rooftop,C-RAN,3,3,0,3,3,3,0,0,1,18,6060,8530,21,33.6,7,15,0
AMM-U-1705,U,Monopole / greenfield,C-RAN,3,3,0,3,3,3,0,0,1,18,6060,8530,21,33.6,7,15,0
AMM-U-1706,U,Monopole / greenfield,C-RAN,3,3,0,3,3,3,0,0,1,18,6060,8530,21,33.6,7,15,0
SAL-U-0022,U,Monopole / greenfield,C-RAN,3,3,0,3,3,3,0,0,1,18,6060,8530,21,33.6,7,15,0
SAL-U-0023,U,Rooftop,C-RAN,3,3,0,3,3,3,0,0,1,18,6060,8530,21,33.6,7,15,0
SAL-U-0024,U,Rooftop,C-RAN,3,3,0,3,3,3,0,0,1,18,6060,8530,21,33.6,7,15,0
SAL-U-0025,U,Rooftop,C-RAN,3,3,0,3,3,3,0,0,1,18,6060,8530,21,33.6,7,15,0
SAL-U-0026,U,Rooftop,C-RAN,3,3,0,3,3,3,0,0,1,18,6060,8530,21,33.6,7,15,0
SAL-U-0027,U,Rooftop,C-RAN,3,3,0,3,3,3,0,0,1,18,6060,8530,21,33.6,7,15,0
SAL-U-0028,U,Rooftop,C-RAN,3,3,0,3,3,3,0,0,1,18,6060,8530,21,33.6,7,15,0
SAL-U-0029,U,Rooftop,C-RAN,3,3,0,3,3,3,0,0,1,18,6060,8530,21,33.6,7,15,0
SAL-U-0030,U,Rooftop,C-RAN,3,3,0,3,3,3,0,0,1,18,6060,8530,21,33.6,7,15,0
SAL-U-0031,U,Monopole / greenfield,C-RAN,3,3,0,3,3,3,0,0,1,18,6060,8530,21,33.6,7,15,0
SAL-U-0032,U,Monopole / greenfield,C-RAN,3,3,0,3,3,3,0,0,1,18,6060,8530,21,33.6,7,15,0
AMM-U-1707,U,Rooftop,D-RAN,3,3,0,3,3,3,1,1,0,18,6470,9100,21,38.4,8,15,0
AMM-U-1708,U,Rooftop,D-RAN,3,3,0,3,3,3,1,1,0,18,6470,9100,21,38.4,8,15,0
AMM-U-1709,U,Rooftop,D-RAN,3,3,0,3,3,3,1,1,0,18,6470,9100,21,38.4,8,15,0
AMM-U-1710,U,Rooftop,C-RAN,3,3,0,3,3,3,0,0,1,18,6060,8530,21,33.6,7,15,0
AMM-U-1711,U,Rooftop,C-RAN,3,3,0,3,3,3,0,0,1,18,6060,8530,21,33.6,7,15,0
AMM-U-1712,U,Rooftop,C-RAN,3,3,0,3,3,3,0,0,1,18,6060,8530,21,33.6,7,15,0
AMM-U-1713,U,Rooftop,C-RAN,3,3,0,3,3,3,0,0,1,18,6060,8530,21,33.6,7,15,0
AMM-U-1714,U,Rooftop,C-RAN,3,3,0,3,3,3,0,0,1,18,6060,8530,21,33.6,7,15,0
AMM-U-1715,U,Rooftop,C-RAN,3,3,0,3,3,3,0,0,1,18,6060,8530,21,33.6,7,15,0
AMM-U-1716,U,Rooftop,C-RAN,3,3,0,3,3,3,0,0,1,18,6060,8530,21,33.6,7,15,0
AMM-U-1717,U,Rooftop,C-RAN,3,3,0,3,3,3,0,0,1,18,6060,8530,21,33.6,7,15,0
AMM-U-1718,U,Rooftop,C-RAN,3,3,0,3,3,3,0,0,1,18,6060,8530,21,33.6,7,15,0
AMM-U-1719,U,Rooftop,C-RAN,3,3,0,3,3,3,0,0,1,18,6060,8530,21,33.6,7,15,0
AMM-U-1720,U,Rooftop,C-RAN,3,3,0,3,3,3,0,0,1,18,6060,8530,21,33.6,7,15,0
AMM-U-1721,U,Rooftop,C-RAN,3,3,0,3,3,3,0,0,1,18,6060,8530,21,33.6,7,15,0
AMM-U-1722,U,Monopole / greenfield,D-RAN,3,3,0,3,3,3,1,1,0,18,6470,9100,21,38.4,8,15,0
AMM-U-1723,U,Monopole / greenfield,D-RAN,3,3,0,3,3,3,1,1,0,18,6470,9100,21,38.4,8,15,0
AMM-U-1724,U,Monopole / greenfield,D-RAN,3,3,0,3,3,3,1,1,0,18,6470,9100,21,38.4,8,15,0
AMM-U-1725,U,Monopole / greenfield,D-RAN,3,3,0,3,3,3,1,1,0,18,6470,9100,21,38.4,8,15,0
AMM-U-1726,U,Rooftop,C-RAN,3,3,0,3,3,3,0,0,1,18,6060,8530,21,33.6,7,15,0
AMM-U-1727,U,Rooftop,C-RAN,3,3,0,3,3,3,0,0,1,18,6060,8530,21,33.6,7,15,0
AMM-U-1728,U,Rooftop,C-RAN,3,3,0,3,3,3,0,0,1,18,6060,8530,21,33.6,7,15,0
AMM-U-1729,U,Rooftop,C-RAN,3,3,0,3,3,3,0,0,1,18,6060,8530,21,33.6,7,15,0
AMM-U-1730,U,Rooftop,C-RAN,3,3,0,3,3,3,0,0,1,18,6060,8530,21,33.6,7,15,0
AMM-U-1731,U,Rooftop,C-RAN,3,3,0,3,3,3,0,0,1,18,6060,8530,21,33.6,7,15,0
AMM-U-1732,U,Rooftop,C-RAN,3,3,0,3,3,3,0,0,1,18,6060,8530,21,33.6,7,15,0
AMM-U-1733,U,Rooftop,C-RAN,3,3,0,3,3,3,0,0,1,18,6060,8530,21,33.6,7,15,0
AMM-U-1734,U,Rooftop,C-RAN,3,3,0,3,3,3,0,0,1,18,6060,8530,21,33.6,7,15,0
AMM-U-1735,U,Rooftop,C-RAN,3,3,0,3,3,3,0,0,1,18,6060,8530,21,33.6,7,15,0
AMM-U-1736,U,Rooftop,C-RAN,3,3,0,3,3,3,0,0,1,18,6060,8530,21,33.6,7,15,0
AMM-U-1737,U,Rooftop,C-RAN,3,3,0,3,3,3,0,0,1,18,6060,8530,21,33.6,7,15,0
AMM-U-1738,U,Rooftop,C-RAN,3,3,0,3,3,3,0,0,1,18,6060,8530,21,33.6,7,15,0
AMM-U-1739,U,Rooftop,C-RAN,3,3,0,3,3,3,0,0,1,18,6060,8530,21,33.6,7,15,0
AMM-U-1740,U,Rooftop,C-RAN,3,3,0,3,3,3,0,0,1,18,6060,8530,21,33.6,7,15,0
AMM-U-1741,U,Rooftop,C-RAN,3,3,0,3,3,3,0,0,1,18,6060,8530,21,33.6,7,15,0
AMM-U-1742,U,Rooftop,C-RAN,3,3,0,3,3,3,0,0,1,18,6060,8530,21,33.6,7,15,0
AMM-U-1743,U,Rooftop,C-RAN,3,3,0,3,3,3,0,0,1,18,6060,8530,21,33.6,7,15,0
AMM-U-1744,U,Rooftop,C-RAN,3,3,0,3,3,3,0,0,1,18,6060,8530,21,33.6,7,15,0
AMM-U-1745,U,Rooftop,C-RAN,3,3,0,3,3,3,0,0,1,18,6060,8530,21,33.6,7,15,0
AMM-U-1746,U,Rooftop,C-RAN,3,3,0,3,3,3,0,0,1,18,6060,8530,21,33.6,7,15,0
AMM-U-1747,U,Monopole / greenfield,C-RAN,3,3,0,3,3,3,0,0,1,18,6060,8530,21,33.6,7,15,0
SAL-U-0033,U,Rooftop,C-RAN,3,3,0,3,3,3,0,0,1,18,6060,8530,21,33.6,7,15,0
SAL-U-0034,U,Rooftop,C-RAN,3,3,0,3,3,3,0,0,1,18,6060,8530,21,33.6,7,15,0
SAL-U-0035,U,Rooftop,C-RAN,3,3,0,3,3,3,0,0,1,18,6060,8530,21,33.6,7,15,0
SAL-U-0036,U,Rooftop,C-RAN,3,3,0,3,3,3,0,0,1,18,6060,8530,21,33.6,7,15,0
SAL-U-0037,U,Rooftop,C-RAN,3,3,0,3,3,3,0,0,1,18,6060,8530,21,33.6,7,15,0
SAL-U-0038,U,Rooftop,C-RAN,3,3,0,3,3,3,0,0,1,18,6060,8530,21,33.6,7,15,0
SAL-U-0039,U,Rooftop,C-RAN,3,3,0,3,3,3,0,0,1,18,6060,8530,21,33.6,7,15,0
SAL-U-0040,U,Rooftop,C-RAN,3,3,0,3,3,3,0,0,1,18,6060,8530,21,33.6,7,15,0
SAL-U-0041,U,Monopole / greenfield,C-RAN,3,3,0,3,3,3,0,0,1,18,6060,8530,21,33.6,7,15,0
SAL-U-0042,U,Monopole / greenfield,C-RAN,3,3,0,3,3,3,0,0,1,18,6060,8530,21,33.6,7,15,0
AMM-U-1748,U,Rooftop,D-RAN,3,3,0,3,3,3,1,1,0,18,6470,9100,21,38.4,8,15,0
AMM-U-1749,U,Rooftop,D-RAN,3,3,0,3,3,3,1,1,0,18,6470,9100,21,38.4,8,15,0
AMM-U-1750,U,Rooftop,D-RAN,3,3,0,3,3,3,1,1,0,18,6470,9100,21,38.4,8,15,0
AMM-U-1751,U,Rooftop,C-RAN,3,3,0,3,3,3,0,0,1,18,6060,8530,21,33.6,7,15,0
AMM-U-1752,U,Rooftop,C-RAN,3,3,0,3,3,3,0,0,1,18,6060,8530,21,33.6,7,15,0
AMM-U-1753,U,Monopole / greenfield,C-RAN,3,3,0,3,3,3,0,0,1,18,6060,8530,21,33.6,7,15,0
AMM-U-1754,U,Rooftop,C-RAN,3,3,0,3,3,3,0,0,1,18,6060,8530,21,33.6,7,15,0
AMM-U-1755,U,Rooftop,C-RAN,3,3,0,3,3,3,0,0,1,18,6060,8530,21,33.6,7,15,0
AMM-U-1756,U,Rooftop,C-RAN,3,3,0,3,3,3,0,0,1,18,6060,8530,21,33.6,7,15,0
AMM-U-1757,U,Rooftop,C-RAN,3,3,0,3,3,3,0,0,1,18,6060,8530,21,33.6,7,15,0
AMM-U-1758,U,Monopole / greenfield,C-RAN,3,3,0,3,3,3,0,0,1,18,6060,8530,21,33.6,7,15,0
AMM-U-1759,U,Rooftop,C-RAN,3,3,0,3,3,3,0,0,1,18,6060,8530,21,33.6,7,15,0
AMM-U-1760,U,Rooftop,C-RAN,3,3,0,3,3,3,0,0,1,18,6060,8530,21,33.6,7,15,0
AMM-U-1761,U,Monopole / greenfield,C-RAN,3,3,0,3,3,3,0,0,1,18,6060,8530,21,33.6,7,15,0
AMM-U-1762,U,Monopole / greenfield,D-RAN,3,3,0,3,3,3,1,1,0,18,6470,9100,21,38.4,8,15,0
AMM-U-1763,U,Monopole / greenfield,D-RAN,3,3,0,3,3,3,1,1,0,18,6470,9100,21,38.4,8,15,0
AMM-U-1764,U,Monopole / greenfield,D-RAN,3,3,0,3,3,3,1,1,0,18,6470,9100,21,38.4,8,15,0
AMM-U-1765,U,Monopole / greenfield,D-RAN,3,3,0,3,3,3,1,1,0,18,6470,9100,21,38.4,8,15,0
AMM-U-1766,U,Monopole / greenfield,D-RAN,3,3,0,3,3,3,1,1,0,18,6470,9100,21,38.4,8,15,0
AMM-U-1767,U,Rooftop,C-RAN,3,3,0,3,3,3,0,0,1,18,6060,8530,21,33.6,7,15,0
AMM-U-1768,U,Rooftop,C-RAN,3,3,0,3,3,3,0,0,1,18,6060,8530,21,33.6,7,15,0
AMM-U-1769,U,Rooftop,C-RAN,3,3,0,3,3,3,0,0,1,18,6060,8530,21,33.6,7,15,0
AMM-U-1770,U,Rooftop,C-RAN,3,3,0,3,3,3,0,0,1,18,6060,8530,21,33.6,7,15,0
AMM-U-1771,U,Rooftop,C-RAN,3,3,0,3,3,3,0,0,1,18,6060,8530,21,33.6,7,15,0
AMM-U-1772,U,Rooftop,C-RAN,3,3,0,3,3,3,0,0,1,18,6060,8530,21,33.6,7,15,0
AMM-U-1773,U,Rooftop,C-RAN,3,3,0,3,3,3,0,0,1,18,6060,8530,21,33.6,7,15,0
AMM-U-1774,U,Rooftop,C-RAN,3,3,0,3,3,3,0,0,1,18,6060,8530,21,33.6,7,15,0
AMM-U-1775,U,Rooftop,C-RAN,3,3,0,3,3,3,0,0,1,18,6060,8530,21,33.6,7,15,0
AMM-U-1776,U,Rooftop,C-RAN,3,3,0,3,3,3,0,0,1,18,6060,8530,21,33.6,7,15,0
AMM-U-1777,U,Rooftop,C-RAN,3,3,0,3,3,3,0,0,1,18,6060,8530,21,33.6,7,15,0
AMM-U-1778,U,Rooftop,C-RAN,3,3,0,3,3,3,0,0,1,18,6060,8530,21,33.6,7,15,0
AMM-U-1779,U,Rooftop,C-RAN,3,3,0,3,3,3,0,0,1,18,6060,8530,21,33.6,7,15,0
AMM-U-1780,U,Rooftop,C-RAN,3,3,0,3,3,3,0,0,1,18,6060,8530,21,33.6,7,15,0
AMM-U-1781,U,Rooftop,C-RAN,3,3,0,3,3,3,0,0,1,18,6060,8530,21,33.6,7,15,0
AMM-U-1782,U,Rooftop,C-RAN,3,3,0,3,3,3,0,0,1,18,6060,8530,21,33.6,7,15,0
AMM-U-1783,U,Monopole / greenfield,C-RAN,3,3,0,3,3,3,0,0,1,18,6060,8530,21,33.6,7,15,0
AMM-U-1784,U,Monopole / greenfield,D-RAN,3,3,0,3,3,3,1,1,0,18,6470,9100,21,38.4,8,15,0
AMM-U-1785,U,Monopole / greenfield,D-RAN,3,3,0,3,3,3,1,1,0,18,6470,9100,21,38.4,8,15,0
SAL-U-0043,U,Rooftop,C-RAN,3,3,0,3,3,3,0,0,1,18,6060,8530,21,33.6,7,15,0
SAL-U-0044,U,Rooftop,C-RAN,3,3,0,3,3,3,0,0,1,18,6060,8530,21,33.6,7,15,0
SAL-U-0045,U,Rooftop,C-RAN,3,3,0,3,3,3,0,0,1,18,6060,8530,21,33.6,7,15,0
SAL-U-0046,U,Rooftop,C-RAN,3,3,0,3,3,3,0,0,1,18,6060,8530,21,33.6,7,15,0
SAL-U-0047,U,Rooftop,C-RAN,3,3,0,3,3,3,0,0,1,18,6060,8530,21,33.6,7,15,0
SAL-U-0048,U,Rooftop,C-RAN,3,3,0,3,3,3,0,0,1,18,6060,8530,21,33.6,7,15,0
SAL-U-0049,U,Rooftop,C-RAN,3,3,0,3,3,3,0,0,1,18,6060,8530,21,33.6,7,15,0
SAL-U-0050,U,Rooftop,C-RAN,3,3,0,3,3,3,0,0,1,18,6060,8530,21,33.6,7,15,0
SAL-U-0051,U,Rooftop,C-RAN,3,3,0,3,3,3,0,0,1,18,6060,8530,21,33.6,7,15,0
SAL-U-0052,U,Monopole / greenfield,C-RAN,3,3,0,3,3,3,0,0,1,18,6060,8530,21,33.6,7,15,0
SAL-U-0053,U,Monopole / greenfield,C-RAN,3,3,0,3,3,3,0,0,1,18,6060,8530,21,33.6,7,15,0
AMM-U-1786,U,Rooftop,D-RAN,3,3,0,3,3,3,1,1,0,18,6470,9100,21,38.4,8,15,0
AMM-U-1787,U,Rooftop,D-RAN,3,3,0,3,3,3,1,1,0,18,6470,9100,21,38.4,8,15,0
AMM-U-1788,U,Rooftop,D-RAN,3,3,0,3,3,3,1,1,0,18,6470,9100,21,38.4,8,15,0
AMM-U-1789,U,Monopole / greenfield,C-RAN,3,3,0,3,3,3,0,0,1,18,6060,8530,21,33.6,7,15,0
AMM-U-1790,U,Monopole / greenfield,C-RAN,3,3,0,3,3,3,0,0,1,18,6060,8530,21,33.6,7,15,0
AMM-U-1791,U,Monopole / greenfield,C-RAN,3,3,0,3,3,3,0,0,1,18,6060,8530,21,33.6,7,15,0
AMM-U-1792,U,Monopole / greenfield,C-RAN,3,3,0,3,3,3,0,0,1,18,6060,8530,21,33.6,7,15,0
AMM-U-1793,U,Monopole / greenfield,C-RAN,3,3,0,3,3,3,0,0,1,18,6060,8530,21,33.6,7,15,0
AMM-U-1794,U,Rooftop,C-RAN,3,3,0,3,3,3,0,0,1,18,6060,8530,21,33.6,7,15,0
AMM-U-1795,U,Monopole / greenfield,C-RAN,3,3,0,3,3,3,0,0,1,18,6060,8530,21,33.6,7,15,0
AMM-U-1796,U,Rooftop,C-RAN,3,3,0,3,3,3,0,0,1,18,6060,8530,21,33.6,7,15,0
AMM-U-1797,U,Rooftop,C-RAN,3,3,0,3,3,3,0,0,1,18,6060,8530,21,33.6,7,15,0
AMM-U-1798,U,Monopole / greenfield,C-RAN,3,3,0,3,3,3,0,0,1,18,6060,8530,21,33.6,7,15,0
AMM-U-1799,U,Rooftop,D-RAN,3,3,0,3,3,3,1,1,0,18,6470,9100,21,38.4,8,15,0
AMM-U-1800,U,Monopole / greenfield,D-RAN,3,3,0,3,3,3,1,1,0,18,6470,9100,21,38.4,8,15,0
AMM-U-1801,U,Monopole / greenfield,D-RAN,3,3,0,3,3,3,1,1,0,18,6470,9100,21,38.4,8,15,0
AMM-U-1802,U,Rooftop,C-RAN,3,3,0,3,3,3,0,0,1,18,6060,8530,21,33.6,7,15,0
AMM-U-1803,U,Rooftop,C-RAN,3,3,0,3,3,3,0,0,1,18,6060,8530,21,33.6,7,15,0
AMM-U-1804,U,Rooftop,C-RAN,3,3,0,3,3,3,0,0,1,18,6060,8530,21,33.6,7,15,0
AMM-U-1805,U,Rooftop,C-RAN,3,3,0,3,3,3,0,0,1,18,6060,8530,21,33.6,7,15,0
AMM-U-1806,U,Rooftop,C-RAN,3,3,0,3,3,3,0,0,1,18,6060,8530,21,33.6,7,15,0
AMM-U-1807,U,Rooftop,C-RAN,3,3,0,3,3,3,0,0,1,18,6060,8530,21,33.6,7,15,0
AMM-U-1808,U,Rooftop,C-RAN,3,3,0,3,3,3,0,0,1,18,6060,8530,21,33.6,7,15,0
AMM-U-1809,U,Rooftop,C-RAN,3,3,0,3,3,3,0,0,1,18,6060,8530,21,33.6,7,15,0
AMM-U-1810,U,Rooftop,C-RAN,3,3,0,3,3,3,0,0,1,18,6060,8530,21,33.6,7,15,0
AMM-U-1811,U,Rooftop,C-RAN,3,3,0,3,3,3,0,0,1,18,6060,8530,21,33.6,7,15,0
AMM-U-1812,U,Rooftop,C-RAN,3,3,0,3,3,3,0,0,1,18,6060,8530,21,33.6,7,15,0
AMM-U-1813,U,Monopole / greenfield,C-RAN,3,3,0,3,3,3,0,0,1,18,6060,8530,21,33.6,7,15,0
AMM-U-1814,U,Monopole / greenfield,D-RAN,3,3,0,3,3,3,1,1,0,18,6470,9100,21,38.4,8,15,0
AMM-U-1815,U,Monopole / greenfield,D-RAN,3,3,0,3,3,3,1,1,0,18,6470,9100,21,38.4,8,15,0
SAL-U-0054,U,Rooftop,C-RAN,3,3,0,3,3,3,0,0,1,18,6060,8530,21,33.6,7,15,0
SAL-U-0055,U,Rooftop,C-RAN,3,3,0,3,3,3,0,0,1,18,6060,8530,21,33.6,7,15,0
SAL-U-0056,U,Rooftop,C-RAN,3,3,0,3,3,3,0,0,1,18,6060,8530,21,33.6,7,15,0
SAL-U-0057,U,Rooftop,C-RAN,3,3,0,3,3,3,0,0,1,18,6060,8530,21,33.6,7,15,0
SAL-U-0058,U,Rooftop,C-RAN,3,3,0,3,3,3,0,0,1,18,6060,8530,21,33.6,7,15,0
SAL-U-0059,U,Rooftop,C-RAN,3,3,0,3,3,3,0,0,1,18,6060,8530,21,33.6,7,15,0
SAL-U-0060,U,Rooftop,C-RAN,3,3,0,3,3,3,0,0,1,18,6060,8530,21,33.6,7,15,0
SAL-U-0061,U,Rooftop,C-RAN,3,3,0,3,3,3,0,0,1,18,6060,8530,21,33.6,7,15,0
SAL-U-0062,U,Monopole / greenfield,C-RAN,3,3,0,3,3,3,0,0,1,18,6060,8530,21,33.6,7,15,0
SAL-U-0063,U,Monopole / greenfield,C-RAN,3,3,0,3,3,3,0,0,1,18,6060,8530,21,33.6,7,15,0
AMM-U-1816,U,Monopole / greenfield,C-RAN,3,3,0,3,3,3,0,0,1,18,6060,8530,21,33.6,7,15,0
AMM-U-1817,U,Monopole / greenfield,C-RAN,3,3,0,3,3,3,0,0,1,18,6060,8530,21,33.6,7,15,0
AMM-U-1818,U,Monopole / greenfield,C-RAN,3,3,0,3,3,3,0,0,1,18,6060,8530,21,33.6,7,15,0
AMM-U-1819,U,Monopole / greenfield,C-RAN,3,3,0,3,3,3,0,0,1,18,6060,8530,21,33.6,7,15,0
AMM-U-1820,U,Monopole / greenfield,C-RAN,3,3,0,3,3,3,0,0,1,18,6060,8530,21,33.6,7,15,0
AMM-U-1821,U,Monopole / greenfield,C-RAN,3,3,0,3,3,3,0,0,1,18,6060,8530,21,33.6,7,15,0
AMM-U-1822,U,Rooftop,C-RAN,3,3,0,3,3,3,0,0,1,18,6060,8530,21,33.6,7,15,0
AMM-U-1823,U,Rooftop,C-RAN,3,3,0,3,3,3,0,0,1,18,6060,8530,21,33.6,7,15,0
AMM-U-1824,U,Rooftop,C-RAN,3,3,0,3,3,3,0,0,1,18,6060,8530,21,33.6,7,15,0
AMM-U-1825,U,Rooftop,D-RAN,3,3,0,3,3,3,1,1,0,18,6470,9100,21,38.4,8,15,0
AMM-U-1826,U,Rooftop,D-RAN,3,3,0,3,3,3,1,1,0,18,6470,9100,21,38.4,8,15,0
AMM-U-1827,U,Rooftop,C-RAN,3,3,0,3,3,3,0,0,1,18,6060,8530,21,33.6,7,15,0
AMM-U-1828,U,Rooftop,C-RAN,3,3,0,3,3,3,0,0,1,18,6060,8530,21,33.6,7,15,0
AMM-U-1829,U,Rooftop,C-RAN,3,3,0,3,3,3,0,0,1,18,6060,8530,21,33.6,7,15,0
AMM-U-1830,U,Rooftop,C-RAN,3,3,0,3,3,3,0,0,1,18,6060,8530,21,33.6,7,15,0
AMM-U-1831,U,Rooftop,C-RAN,3,3,0,3,3,3,0,0,1,18,6060,8530,21,33.6,7,15,0
AMM-U-1832,U,Rooftop,C-RAN,3,3,0,3,3,3,0,0,1,18,6060,8530,21,33.6,7,15,0
AMM-U-1833,U,Rooftop,C-RAN,3,3,0,3,3,3,0,0,1,18,6060,8530,21,33.6,7,15,0
AMM-U-1834,U,Rooftop,C-RAN,3,3,0,3,3,3,0,0,1,18,6060,8530,21,33.6,7,15,0
AMM-U-1835,U,Rooftop,C-RAN,3,3,0,3,3,3,0,0,1,18,6060,8530,21,33.6,7,15,0
AMM-U-1836,U,Rooftop,C-RAN,3,3,0,3,3,3,0,0,1,18,6060,8530,21,33.6,7,15,0
AMM-U-1837,U,Rooftop,C-RAN,3,3,0,3,3,3,0,0,1,18,6060,8530,21,33.6,7,15,0
AMM-U-1838,U,Monopole / greenfield,C-RAN,3,3,0,3,3,3,0,0,1,18,6060,8530,21,33.6,7,15,0
AMM-U-1839,U,Monopole / greenfield,C-RAN,3,3,0,3,3,3,0,0,1,18,6060,8530,21,33.6,7,15,0
AMM-U-1840,U,Monopole / greenfield,D-RAN,3,3,0,3,3,3,1,1,0,18,6470,9100,21,38.4,8,15,0
AMM-U-1841,U,Monopole / greenfield,D-RAN,3,3,0,3,3,3,1,1,0,18,6470,9100,21,38.4,8,15,0
SAL-U-0064,U,Monopole / greenfield,C-RAN,3,3,0,3,3,3,0,0,1,18,6060,8530,21,33.6,7,15,0
SAL-U-0065,U,Rooftop,C-RAN,3,3,0,3,3,3,0,0,1,18,6060,8530,21,33.6,7,15,0
SAL-U-0066,U,Rooftop,C-RAN,3,3,0,3,3,3,0,0,1,18,6060,8530,21,33.6,7,15,0
SAL-U-0067,U,Rooftop,C-RAN,3,3,0,3,3,3,0,0,1,18,6060,8530,21,33.6,7,15,0
SAL-U-0068,U,Rooftop,C-RAN,3,3,0,3,3,3,0,0,1,18,6060,8530,21,33.6,7,15,0
SAL-U-0069,U,Rooftop,C-RAN,3,3,0,3,3,3,0,0,1,18,6060,8530,21,33.6,7,15,0
SAL-U-0070,U,Rooftop,C-RAN,3,3,0,3,3,3,0,0,1,18,6060,8530,21,33.6,7,15,0
SAL-U-0071,U,Monopole / greenfield,C-RAN,3,3,0,3,3,3,0,0,1,18,6060,8530,21,33.6,7,15,0
SAL-U-0072,U,Monopole / greenfield,C-RAN,3,3,0,3,3,3,0,0,1,18,6060,8530,21,33.6,7,15,0
AMM-U-1842,U,Rooftop,D-RAN,3,3,0,3,3,3,1,1,0,18,6470,9100,21,38.4,8,15,0
AMM-U-1843,U,Rooftop,D-RAN,3,3,0,3,3,3,1,1,0,18,6470,9100,21,38.4,8,15,0
AMM-U-1844,U,Rooftop,C-RAN,3,3,0,3,3,3,0,0,1,18,6060,8530,21,33.6,7,15,0
AMM-U-1845,U,Rooftop,C-RAN,3,3,0,3,3,3,0,0,1,18,6060,8530,21,33.6,7,15,0
AMM-U-1846,U,Rooftop,C-RAN,3,3,0,3,3,3,0,0,1,18,6060,8530,21,33.6,7,15,0
AMM-U-1847,U,Rooftop,C-RAN,3,3,0,3,3,3,0,0,1,18,6060,8530,21,33.6,7,15,0
AMM-U-1848,U,Rooftop,C-RAN,3,3,0,3,3,3,0,0,1,18,6060,8530,21,33.6,7,15,0
AMM-U-1849,U,Rooftop,C-RAN,3,3,0,3,3,3,0,0,1,18,6060,8530,21,33.6,7,15,0
AMM-U-1850,U,Rooftop,C-RAN,3,3,0,3,3,3,0,0,1,18,6060,8530,21,33.6,7,15,0
AMM-U-1851,U,Rooftop,C-RAN,3,3,0,3,3,3,0,0,1,18,6060,8530,21,33.6,7,15,0
AMM-U-1852,U,Rooftop,C-RAN,3,3,0,3,3,3,0,0,1,18,6060,8530,21,33.6,7,15,0
AMM-U-1853,U,Rooftop,C-RAN,3,3,0,3,3,3,0,0,1,18,6060,8530,21,33.6,7,15,0
AMM-U-1854,U,Rooftop,C-RAN,3,3,0,3,3,3,0,0,1,18,6060,8530,21,33.6,7,15,0
AMM-U-1855,U,Monopole / greenfield,C-RAN,3,3,0,3,3,3,0,0,1,18,6060,8530,21,33.6,7,15,0
AMM-U-1856,U,Monopole / greenfield,C-RAN,3,3,0,3,3,3,0,0,1,18,6060,8530,21,33.6,7,15,0
AMM-U-1857,U,Monopole / greenfield,D-RAN,3,3,0,3,3,3,1,1,0,18,6470,9100,21,38.4,8,15,0
AMM-U-1858,U,Monopole / greenfield,D-RAN,3,3,0,3,3,3,1,1,0,18,6470,9100,21,38.4,8,15,0
AMM-U-1859,U,Monopole / greenfield,D-RAN,3,3,0,3,3,3,1,1,0,18,6470,9100,21,38.4,8,15,0
SAL-U-0073,U,Rooftop,C-RAN,3,3,0,3,3,3,0,0,1,18,6060,8530,21,33.6,7,15,0
SAL-U-0074,U,Rooftop,C-RAN,3,3,0,3,3,3,0,0,1,18,6060,8530,21,33.6,7,15,0
SAL-U-0075,U,Rooftop,C-RAN,3,3,0,3,3,3,0,0,1,18,6060,8530,21,33.6,7,15,0
SAL-U-0076,U,Rooftop,C-RAN,3,3,0,3,3,3,0,0,1,18,6060,8530,21,33.6,7,15,0
SAL-U-0077,U,Rooftop,C-RAN,3,3,0,3,3,3,0,0,1,18,6060,8530,21,33.6,7,15,0
SAL-U-0078,U,Monopole / greenfield,C-RAN,3,3,0,3,3,3,0,0,1,18,6060,8530,21,33.6,7,15,0
SAL-U-0079,U,Monopole / greenfield,C-RAN,3,3,0,3,3,3,0,0,1,18,6060,8530,21,33.6,7,15,0
AMM-U-1860,U,Rooftop,C-RAN,3,3,0,3,3,3,0,0,1,18,6060,8530,21,33.6,7,15,0
AMM-U-1861,U,Rooftop,C-RAN,3,3,0,3,3,3,0,0,1,18,6060,8530,21,33.6,7,15,0
AMM-U-1862,U,Rooftop,C-RAN,3,3,0,3,3,3,0,0,1,18,6060,8530,21,33.6,7,15,0
AMM-U-1863,U,Rooftop,C-RAN,3,3,0,3,3,3,0,0,1,18,6060,8530,21,33.6,7,15,0
AMM-U-1864,U,Rooftop,C-RAN,3,3,0,3,3,3,0,0,1,18,6060,8530,21,33.6,7,15,0
AMM-U-1865,U,Rooftop,C-RAN,3,3,0,3,3,3,0,0,1,18,6060,8530,21,33.6,7,15,0
AMM-U-1866,U,Rooftop,C-RAN,3,3,0,3,3,3,0,0,1,18,6060,8530,21,33.6,7,15,0
AMM-U-1867,U,Rooftop,C-RAN,3,3,0,3,3,3,0,0,1,18,6060,8530,21,33.6,7,15,0
AMM-U-1868,U,Rooftop,C-RAN,3,3,0,3,3,3,0,0,1,18,6060,8530,21,33.6,7,15,0
AMM-U-1869,U,Rooftop,C-RAN,3,3,0,3,3,3,0,0,1,18,6060,8530,21,33.6,7,15,0
AMM-U-1870,U,Monopole / greenfield,C-RAN,3,3,0,3,3,3,0,0,1,18,6060,8530,21,33.6,7,15,0
AMM-U-1871,U,Monopole / greenfield,C-RAN,3,3,0,3,3,3,0,0,1,18,6060,8530,21,33.6,7,15,0
AMM-U-1872,U,Monopole / greenfield,C-RAN,3,3,0,3,3,3,0,0,1,18,6060,8530,21,33.6,7,15,0
AMM-U-1873,U,Monopole / greenfield,C-RAN,3,3,0,3,3,3,0,0,1,18,6060,8530,21,33.6,7,15,0
AMM-U-1874,U,Monopole / greenfield,D-RAN,3,3,0,3,3,3,1,1,0,18,6470,9100,21,38.4,8,15,0
AMM-U-1875,U,Monopole / greenfield,D-RAN,3,3,0,3,3,3,1,1,0,18,6470,9100,21,38.4,8,15,0
SAL-U-0080,U,Rooftop,C-RAN,3,3,0,3,3,3,0,0,1,18,6060,8530,21,33.6,7,15,0
SAL-U-0081,U,Rooftop,C-RAN,3,3,0,3,3,3,0,0,1,18,6060,8530,21,33.6,7,15,0
SAL-U-0082,U,Rooftop,C-RAN,3,3,0,3,3,3,0,0,1,18,6060,8530,21,33.6,7,15,0
AMM-U-1876,U,Monopole / greenfield,C-RAN,3,3,0,3,3,3,0,0,1,18,6060,8530,21,33.6,7,15,0
AMM-U-1877,U,Rooftop,C-RAN,3,3,0,3,3,3,0,0,1,18,6060,8530,21,33.6,7,15,0
AMM-U-1878,U,Rooftop,C-RAN,3,3,0,3,3,3,0,0,1,18,6060,8530,21,33.6,7,15,0
AMM-U-1879,U,Rooftop,C-RAN,3,3,0,3,3,3,0,0,1,18,6060,8530,21,33.6,7,15,0
AMM-U-1880,U,Rooftop,C-RAN,3,3,0,3,3,3,0,0,1,18,6060,8530,21,33.6,7,15,0
AMM-U-1881,U,Rooftop,C-RAN,3,3,0,3,3,3,0,0,1,18,6060,8530,21,33.6,7,15,0
AMM-U-1882,U,Rooftop,C-RAN,3,3,0,3,3,3,0,0,1,18,6060,8530,21,33.6,7,15,0
AMM-U-1883,U,Rooftop,C-RAN,3,3,0,3,3,3,0,0,1,18,6060,8530,21,33.6,7,15,0
AMM-U-1884,U,Rooftop,C-RAN,3,3,0,3,3,3,0,0,1,18,6060,8530,21,33.6,7,15,0
AMM-U-1885,U,Rooftop,C-RAN,3,3,0,3,3,3,0,0,1,18,6060,8530,21,33.6,7,15,0
AMM-U-1886,U,Monopole / greenfield,C-RAN,3,3,0,3,3,3,0,0,1,18,6060,8530,21,33.6,7,15,0
AMM-U-1887,U,Monopole / greenfield,C-RAN,3,3,0,3,3,3,0,0,1,18,6060,8530,21,33.6,7,15,0
AMM-U-1888,U,Monopole / greenfield,C-RAN,3,3,0,3,3,3,0,0,1,18,6060,8530,21,33.6,7,15,0
AMM-U-1889,U,Monopole / greenfield,C-RAN,3,3,0,3,3,3,0,0,1,18,6060,8530,21,33.6,7,15,0
AMM-U-1890,U,Rooftop,C-RAN,3,3,0,3,3,3,0,0,1,18,6060,8530,21,33.6,7,15,0
AMM-U-1891,U,Monopole / greenfield,D-RAN,3,3,0,3,3,3,1,1,0,18,6470,9100,21,38.4,8,15,0
AMM-U-1892,U,Monopole / greenfield,D-RAN,3,3,0,3,3,3,1,1,0,18,6470,9100,21,38.4,8,15,0
AMM-U-1893,U,Rooftop,C-RAN,3,3,0,3,3,3,0,0,1,18,6060,8530,21,33.6,7,15,0
AMM-U-1894,U,Rooftop,C-RAN,3,3,0,3,3,3,0,0,1,18,6060,8530,21,33.6,7,15,0
AMM-U-1895,U,Rooftop,C-RAN,3,3,0,3,3,3,0,0,1,18,6060,8530,21,33.6,7,15,0
AMM-U-1896,U,Rooftop,C-RAN,3,3,0,3,3,3,0,0,1,18,6060,8530,21,33.6,7,15,0
AMM-U-1897,U,Rooftop,C-RAN,3,3,0,3,3,3,0,0,1,18,6060,8530,21,33.6,7,15,0
AMM-U-1898,U,Rooftop,C-RAN,3,3,0,3,3,3,0,0,1,18,6060,8530,21,33.6,7,15,0
AMM-U-1899,U,Rooftop,C-RAN,3,3,0,3,3,3,0,0,1,18,6060,8530,21,33.6,7,15,0
AMM-U-1900,U,Rooftop,C-RAN,3,3,0,3,3,3,0,0,1,18,6060,8530,21,33.6,7,15,0
AMM-U-1901,U,Rooftop,C-RAN,3,3,0,3,3,3,0,0,1,18,6060,8530,21,33.6,7,15,0
AMM-U-1902,U,Rooftop,C-RAN,3,3,0,3,3,3,0,0,1,18,6060,8530,21,33.6,7,15,0
AMM-U-1903,U,Monopole / greenfield,C-RAN,3,3,0,3,3,3,0,0,1,18,6060,8530,21,33.6,7,15,0
AMM-U-1904,U,Monopole / greenfield,C-RAN,3,3,0,3,3,3,0,0,1,18,6060,8530,21,33.6,7,15,0
AMM-U-1905,U,Monopole / greenfield,C-RAN,3,3,0,3,3,3,0,0,1,18,6060,8530,21,33.6,7,15,0
AMM-U-1906,U,Rooftop,C-RAN,3,3,0,3,3,3,0,0,1,18,6060,8530,21,33.6,7,15,0
AMM-U-1907,U,Rooftop,C-RAN,3,3,0,3,3,3,0,0,1,18,6060,8530,21,33.6,7,15,0
AMM-U-1908,U,Rooftop,C-RAN,3,3,0,3,3,3,0,0,1,18,6060,8530,21,33.6,7,15,0
AMM-U-1909,U,Monopole / greenfield,D-RAN,3,3,0,3,3,3,1,1,0,18,6470,9100,21,38.4,8,15,0
AMM-U-1910,U,Rooftop,D-RAN,3,3,0,3,3,3,1,1,0,18,6470,9100,21,38.4,8,15,0
AMM-U-1911,U,Rooftop,C-RAN,3,3,0,3,3,3,0,0,1,18,6060,8530,21,33.6,7,15,0
AMM-U-1912,U,Rooftop,C-RAN,3,3,0,3,3,3,0,0,1,18,6060,8530,21,33.6,7,15,0
AMM-U-1913,U,Rooftop,C-RAN,3,3,0,3,3,3,0,0,1,18,6060,8530,21,33.6,7,15,0
AMM-U-1914,U,Rooftop,C-RAN,3,3,0,3,3,3,0,0,1,18,6060,8530,21,33.6,7,15,0
AMM-U-1915,U,Rooftop,C-RAN,3,3,0,3,3,3,0,0,1,18,6060,8530,21,33.6,7,15,0
AMM-U-1916,U,Rooftop,C-RAN,3,3,0,3,3,3,0,0,1,18,6060,8530,21,33.6,7,15,0
AMM-U-1917,U,Rooftop,C-RAN,3,3,0,3,3,3,0,0,1,18,6060,8530,21,33.6,7,15,0
AMM-U-1918,U,Rooftop,C-RAN,3,3,0,3,3,3,0,0,1,18,6060,8530,21,33.6,7,15,0
AMM-U-1919,U,Rooftop,C-RAN,3,3,0,3,3,3,0,0,1,18,6060,8530,21,33.6,7,15,0
AMM-U-1920,U,Rooftop,C-RAN,3,3,0,3,3,3,0,0,1,18,6060,8530,21,33.6,7,15,0
AMM-U-1921,U,Monopole / greenfield,C-RAN,3,3,0,3,3,3,0,0,1,18,6060,8530,21,33.6,7,15,0
AMM-U-1922,U,Rooftop,C-RAN,3,3,0,3,3,3,0,0,1,18,6060,8530,21,33.6,7,15,0
AMM-U-1923,U,Monopole / greenfield,C-RAN,3,3,0,3,3,3,0,0,1,18,6060,8530,21,33.6,7,15,0
AMM-U-1924,U,Rooftop,C-RAN,3,3,0,3,3,3,0,0,1,18,6060,8530,21,33.6,7,15,0
AMM-U-1925,U,Monopole / greenfield,C-RAN,3,3,0,3,3,3,0,0,1,18,6060,8530,21,33.6,7,15,0
AMM-U-1926,U,Monopole / greenfield,C-RAN,3,3,0,3,3,3,0,0,1,18,6060,8530,21,33.6,7,15,0
AMM-U-1927,U,Monopole / greenfield,C-RAN,3,3,0,3,3,3,0,0,1,18,6060,8530,21,33.6,7,15,0
AMM-U-1928,U,Rooftop,C-RAN,3,3,0,3,3,3,0,0,1,18,6060,8530,21,33.6,7,15,0
AMM-U-1929,U,Rooftop,C-RAN,3,3,0,3,3,3,0,0,1,18,6060,8530,21,33.6,7,15,0
AMM-U-1930,U,Rooftop,C-RAN,3,3,0,3,3,3,0,0,1,18,6060,8530,21,33.6,7,15,0
AMM-U-1931,U,Monopole / greenfield,C-RAN,3,3,0,3,3,3,0,0,1,18,6060,8530,21,33.6,7,15,0
AMM-U-1932,U,Rooftop,D-RAN,3,3,0,3,3,3,1,1,0,18,6470,9100,21,38.4,8,15,0
AMM-U-1933,U,Rooftop,D-RAN,3,3,0,3,3,3,1,1,0,18,6470,9100,21,38.4,8,15,0
AMM-U-1934,U,Rooftop,C-RAN,3,3,0,3,3,3,0,0,1,18,6060,8530,21,33.6,7,15,0
AMM-U-1935,U,Rooftop,C-RAN,3,3,0,3,3,3,0,0,1,18,6060,8530,21,33.6,7,15,0
AMM-U-1936,U,Rooftop,C-RAN,3,3,0,3,3,3,0,0,1,18,6060,8530,21,33.6,7,15,0
AMM-U-1937,U,Rooftop,C-RAN,3,3,0,3,3,3,0,0,1,18,6060,8530,21,33.6,7,15,0
AMM-U-1938,U,Rooftop,C-RAN,3,3,0,3,3,3,0,0,1,18,6060,8530,21,33.6,7,15,0
AMM-U-1939,U,Rooftop,C-RAN,3,3,0,3,3,3,0,0,1,18,6060,8530,21,33.6,7,15,0
AMM-U-1940,U,Rooftop,C-RAN,3,3,0,3,3,3,0,0,1,18,6060,8530,21,33.6,7,15,0
AMM-U-1941,U,Rooftop,C-RAN,3,3,0,3,3,3,0,0,1,18,6060,8530,21,33.6,7,15,0
AMM-U-1942,U,Rooftop,C-RAN,3,3,0,3,3,3,0,0,1,18,6060,8530,21,33.6,7,15,0
AMM-U-1943,U,Monopole / greenfield,C-RAN,3,3,0,3,3,3,0,0,1,18,6060,8530,21,33.6,7,15,0
AMM-U-1944,U,Monopole / greenfield,C-RAN,3,3,0,3,3,3,0,0,1,18,6060,8530,21,33.6,7,15,0
AMM-U-1945,U,Rooftop,C-RAN,3,3,0,3,3,3,0,0,1,18,6060,8530,21,33.6,7,15,0
AMM-U-1946,U,Monopole / greenfield,C-RAN,3,3,0,3,3,3,0,0,1,18,6060,8530,21,33.6,7,15,0
AMM-U-1947,U,Monopole / greenfield,C-RAN,3,3,0,3,3,3,0,0,1,18,6060,8530,21,33.6,7,15,0
AMM-U-1948,U,Monopole / greenfield,C-RAN,3,3,0,3,3,3,0,0,1,18,6060,8530,21,33.6,7,15,0
AMM-U-1949,U,Monopole / greenfield,C-RAN,3,3,0,3,3,3,0,0,1,18,6060,8530,21,33.6,7,15,0
AMM-U-1950,U,Monopole / greenfield,C-RAN,3,3,0,3,3,3,0,0,1,18,6060,8530,21,33.6,7,15,0
AMM-U-1951,U,Rooftop,C-RAN,3,3,0,3,3,3,0,0,1,18,6060,8530,21,33.6,7,15,0
AMM-U-1952,U,Rooftop,C-RAN,3,3,0,3,3,3,0,0,1,18,6060,8530,21,33.6,7,15,0
AMM-U-1953,U,Rooftop,C-RAN,3,3,0,3,3,3,0,0,1,18,6060,8530,21,33.6,7,15,0
AMM-U-1954,U,Monopole / greenfield,C-RAN,3,3,0,3,3,3,0,0,1,18,6060,8530,21,33.6,7,15,0
AMM-U-1955,U,Rooftop,D-RAN,3,3,0,3,3,3,1,1,0,18,6470,9100,21,38.4,8,15,0
AMM-U-1956,U,Rooftop,C-RAN,3,3,0,3,3,3,0,0,1,18,6060,8530,21,33.6,7,15,0
AMM-U-1957,U,Rooftop,C-RAN,3,3,0,3,3,3,0,0,1,18,6060,8530,21,33.6,7,15,0
AMM-U-1958,U,Rooftop,C-RAN,3,3,0,3,3,3,0,0,1,18,6060,8530,21,33.6,7,15,0
AMM-U-1959,U,Rooftop,C-RAN,3,3,0,3,3,3,0,0,1,18,6060,8530,21,33.6,7,15,0
AMM-U-1960,U,Rooftop,C-RAN,3,3,0,3,3,3,0,0,1,18,6060,8530,21,33.6,7,15,0
AMM-U-1961,U,Rooftop,C-RAN,3,3,0,3,3,3,0,0,1,18,6060,8530,21,33.6,7,15,0
AMM-U-1962,U,Rooftop,C-RAN,3,3,0,3,3,3,0,0,1,18,6060,8530,21,33.6,7,15,0
AMM-U-1963,U,Rooftop,C-RAN,3,3,0,3,3,3,0,0,1,18,6060,8530,21,33.6,7,15,0
AMM-U-1964,U,Rooftop,C-RAN,3,3,0,3,3,3,0,0,1,18,6060,8530,21,33.6,7,15,0
AMM-U-1965,U,Rooftop,C-RAN,3,3,0,3,3,3,0,0,1,18,6060,8530,21,33.6,7,15,0
AMM-U-1966,U,Monopole / greenfield,C-RAN,3,3,0,3,3,3,0,0,1,18,6060,8530,21,33.6,7,15,0
AMM-U-1967,U,Monopole / greenfield,C-RAN,3,3,0,3,3,3,0,0,1,18,6060,8530,21,33.6,7,15,0
AMM-U-1968,U,Monopole / greenfield,C-RAN,3,3,0,3,3,3,0,0,1,18,6060,8530,21,33.6,7,15,0
AMM-U-1969,U,Monopole / greenfield,C-RAN,3,3,0,3,3,3,0,0,1,18,6060,8530,21,33.6,7,15,0
AMM-U-1970,U,Monopole / greenfield,C-RAN,3,3,0,3,3,3,0,0,1,18,6060,8530,21,33.6,7,15,0
AMM-U-1971,U,Monopole / greenfield,C-RAN,3,3,0,3,3,3,0,0,1,18,6060,8530,21,33.6,7,15,0
AMM-U-1972,U,Monopole / greenfield,C-RAN,3,3,0,3,3,3,0,0,1,18,6060,8530,21,33.6,7,15,0
AMM-U-1973,U,Rooftop,C-RAN,3,3,0,3,3,3,0,0,1,18,6060,8530,21,33.6,7,15,0
AMM-U-1974,U,Rooftop,C-RAN,3,3,0,3,3,3,0,0,1,18,6060,8530,21,33.6,7,15,0
AMM-U-1975,U,Rooftop,C-RAN,3,3,0,3,3,3,0,0,1,18,6060,8530,21,33.6,7,15,0
AMM-U-1976,U,Rooftop,C-RAN,3,3,0,3,3,3,0,0,1,18,6060,8530,21,33.6,7,15,0
AMM-U-1977,U,Rooftop,C-RAN,3,3,0,3,3,3,0,0,1,18,6060,8530,21,33.6,7,15,0
AMM-U-1978,U,Monopole / greenfield,C-RAN,3,3,0,3,3,3,0,0,1,18,6060,8530,21,33.6,7,15,0
AMM-U-1979,U,Rooftop,D-RAN,3,3,0,3,3,3,1,1,0,18,6470,9100,21,38.4,8,15,0
AMM-U-1980,U,Rooftop,D-RAN,3,3,0,3,3,3,1,1,0,18,6470,9100,21,38.4,8,15,0
AMM-U-1981,U,Rooftop,C-RAN,3,3,0,3,3,3,0,0,1,18,6060,8530,21,33.6,7,15,0
AMM-U-1982,U,Rooftop,C-RAN,3,3,0,3,3,3,0,0,1,18,6060,8530,21,33.6,7,15,0
AMM-U-1983,U,Rooftop,C-RAN,3,3,0,3,3,3,0,0,1,18,6060,8530,21,33.6,7,15,0
AMM-U-1984,U,Rooftop,C-RAN,3,3,0,3,3,3,0,0,1,18,6060,8530,21,33.6,7,15,0
AMM-U-1985,U,Rooftop,C-RAN,3,3,0,3,3,3,0,0,1,18,6060,8530,21,33.6,7,15,0
AMM-U-1986,U,Rooftop,C-RAN,3,3,0,3,3,3,0,0,1,18,6060,8530,21,33.6,7,15,0
AMM-U-1987,U,Rooftop,C-RAN,3,3,0,3,3,3,0,0,1,18,6060,8530,21,33.6,7,15,0
AMM-U-1988,U,Rooftop,C-RAN,3,3,0,3,3,3,0,0,1,18,6060,8530,21,33.6,7,15,0
AMM-U-1989,U,Rooftop,C-RAN,3,3,0,3,3,3,0,0,1,18,6060,8530,21,33.6,7,15,0
AMM-U-1990,U,Rooftop,C-RAN,3,3,0,3,3,3,0,0,1,18,6060,8530,21,33.6,7,15,0
AMM-U-1991,U,Monopole / greenfield,C-RAN,3,3,0,3,3,3,0,0,1,18,6060,8530,21,33.6,7,15,0
AMM-U-1992,U,Monopole / greenfield,C-RAN,3,3,0,3,3,3,0,0,1,18,6060,8530,21,33.6,7,15,0
AMM-U-1993,U,Monopole / greenfield,C-RAN,3,3,0,3,3,3,0,0,1,18,6060,8530,21,33.6,7,15,0
AMM-U-1994,U,Monopole / greenfield,C-RAN,3,3,0,3,3,3,0,0,1,18,6060,8530,21,33.6,7,15,0
AMM-U-1995,U,Monopole / greenfield,C-RAN,3,3,0,3,3,3,0,0,1,18,6060,8530,21,33.6,7,15,0
AMM-U-1996,U,Monopole / greenfield,C-RAN,3,3,0,3,3,3,0,0,1,18,6060,8530,21,33.6,7,15,0
AMM-U-1997,U,Monopole / greenfield,C-RAN,3,3,0,3,3,3,0,0,1,18,6060,8530,21,33.6,7,15,0
AMM-U-1998,U,Monopole / greenfield,C-RAN,3,3,0,3,3,3,0,0,1,18,6060,8530,21,33.6,7,15,0
AMM-U-1999,U,Monopole / greenfield,C-RAN,3,3,0,3,3,3,0,0,1,18,6060,8530,21,33.6,7,15,0
AMM-U-2000,U,Rooftop,C-RAN,3,3,0,3,3,3,0,0,1,18,6060,8530,21,33.6,7,15,0
AMM-U-2001,U,Rooftop,C-RAN,3,3,0,3,3,3,0,0,1,18,6060,8530,21,33.6,7,15,0
AMM-U-2002,U,Rooftop,C-RAN,3,3,0,3,3,3,0,0,1,18,6060,8530,21,33.6,7,15,0
AMM-U-2003,U,Monopole / greenfield,C-RAN,3,3,0,3,3,3,0,0,1,18,6060,8530,21,33.6,7,15,0
AMM-U-2004,U,Rooftop,D-RAN,3,3,0,3,3,3,1,1,0,18,6470,9100,21,38.4,8,15,0
AMM-U-2005,U,Rooftop,D-RAN,3,3,0,3,3,3,1,1,0,18,6470,9100,21,38.4,8,15,0
AMM-U-2006,U,Rooftop,C-RAN,3,3,0,3,3,3,0,0,1,18,6060,8530,21,33.6,7,15,0
AMM-U-2007,U,Rooftop,C-RAN,3,3,0,3,3,3,0,0,1,18,6060,8530,21,33.6,7,15,0
AMM-U-2008,U,Rooftop,C-RAN,3,3,0,3,3,3,0,0,1,18,6060,8530,21,33.6,7,15,0
AMM-U-2009,U,Rooftop,C-RAN,3,3,0,3,3,3,0,0,1,18,6060,8530,21,33.6,7,15,0
AMM-U-2010,U,Rooftop,C-RAN,3,3,0,3,3,3,0,0,1,18,6060,8530,21,33.6,7,15,0
AMM-U-2011,U,Rooftop,C-RAN,3,3,0,3,3,3,0,0,1,18,6060,8530,21,33.6,7,15,0
AMM-U-2012,U,Rooftop,C-RAN,3,3,0,3,3,3,0,0,1,18,6060,8530,21,33.6,7,15,0
AMM-U-2013,U,Rooftop,C-RAN,3,3,0,3,3,3,0,0,1,18,6060,8530,21,33.6,7,15,0
AMM-U-2014,U,Rooftop,C-RAN,3,3,0,3,3,3,0,0,1,18,6060,8530,21,33.6,7,15,0
AMM-U-2015,U,Rooftop,C-RAN,3,3,0,3,3,3,0,0,1,18,6060,8530,21,33.6,7,15,0
AMM-U-2016,U,Monopole / greenfield,C-RAN,3,3,0,3,3,3,0,0,1,18,6060,8530,21,33.6,7,15,0
AMM-U-2017,U,Monopole / greenfield,C-RAN,3,3,0,3,3,3,0,0,1,18,6060,8530,21,33.6,7,15,0
AMM-U-2018,U,Monopole / greenfield,C-RAN,3,3,0,3,3,3,0,0,1,18,6060,8530,21,33.6,7,15,0
AMM-U-2019,U,Monopole / greenfield,C-RAN,3,3,0,3,3,3,0,0,1,18,6060,8530,21,33.6,7,15,0
AMM-U-2020,U,Monopole / greenfield,C-RAN,3,3,0,3,3,3,0,0,1,18,6060,8530,21,33.6,7,15,0
AMM-U-2021,U,Monopole / greenfield,C-RAN,3,3,0,3,3,3,0,0,1,18,6060,8530,21,33.6,7,15,0
AMM-U-2022,U,Monopole / greenfield,C-RAN,3,3,0,3,3,3,0,0,1,18,6060,8530,21,33.6,7,15,0
AMM-U-2023,U,Monopole / greenfield,C-RAN,3,3,0,3,3,3,0,0,1,18,6060,8530,21,33.6,7,15,0
AMM-U-2024,U,Monopole / greenfield,C-RAN,3,3,0,3,3,3,0,0,1,18,6060,8530,21,33.6,7,15,0
AMM-U-2025,U,Rooftop,C-RAN,3,3,0,3,3,3,0,0,1,18,6060,8530,21,33.6,7,15,0
AMM-U-2026,U,Monopole / greenfield,C-RAN,3,3,0,3,3,3,0,0,1,18,6060,8530,21,33.6,7,15,0
AMM-U-2027,U,Monopole / greenfield,D-RAN,3,3,0,3,3,3,1,1,0,18,6470,9100,21,38.4,8,15,0
AMM-U-2028,U,Monopole / greenfield,C-RAN,3,3,0,3,3,3,0,0,1,18,6060,8530,21,33.6,7,15,0
AMM-U-2029,U,Rooftop,C-RAN,3,3,0,3,3,3,0,0,1,18,6060,8530,21,33.6,7,15,0
AMM-U-2030,U,Rooftop,C-RAN,3,3,0,3,3,3,0,0,1,18,6060,8530,21,33.6,7,15,0
AMM-U-2031,U,Rooftop,C-RAN,3,3,0,3,3,3,0,0,1,18,6060,8530,21,33.6,7,15,0
AMM-U-2032,U,Rooftop,C-RAN,3,3,0,3,3,3,0,0,1,18,6060,8530,21,33.6,7,15,0
AMM-U-2033,U,Rooftop,C-RAN,3,3,0,3,3,3,0,0,1,18,6060,8530,21,33.6,7,15,0
AMM-U-2034,U,Rooftop,C-RAN,3,3,0,3,3,3,0,0,1,18,6060,8530,21,33.6,7,15,0
AMM-U-2035,U,Rooftop,C-RAN,3,3,0,3,3,3,0,0,1,18,6060,8530,21,33.6,7,15,0
AMM-U-2036,U,Rooftop,C-RAN,3,3,0,3,3,3,0,0,1,18,6060,8530,21,33.6,7,15,0
AMM-U-2037,U,Rooftop,C-RAN,3,3,0,3,3,3,0,0,1,18,6060,8530,21,33.6,7,15,0
AMM-U-2038,U,Rooftop,C-RAN,3,3,0,3,3,3,0,0,1,18,6060,8530,21,33.6,7,15,0
AMM-U-2039,U,Monopole / greenfield,C-RAN,3,3,0,3,3,3,0,0,1,18,6060,8530,21,33.6,7,15,0
AMM-U-2040,U,Monopole / greenfield,C-RAN,3,3,0,3,3,3,0,0,1,18,6060,8530,21,33.6,7,15,0
AMM-U-2041,U,Monopole / greenfield,C-RAN,3,3,0,3,3,3,0,0,1,18,6060,8530,21,33.6,7,15,0
AMM-U-2042,U,Monopole / greenfield,C-RAN,3,3,0,3,3,3,0,0,1,18,6060,8530,21,33.6,7,15,0
AMM-U-2043,U,Monopole / greenfield,D-RAN,3,3,0,3,3,3,1,1,0,18,6470,9100,21,38.4,8,15,0
AMM-U-2044,U,Monopole / greenfield,C-RAN,3,3,0,3,3,3,0,0,1,18,6060,8530,21,33.6,7,15,0
AMM-U-2045,U,Monopole / greenfield,C-RAN,3,3,0,3,3,3,0,0,1,18,6060,8530,21,33.6,7,15,0
AMM-U-2046,U,Monopole / greenfield,C-RAN,3,3,0,3,3,3,0,0,1,18,6060,8530,21,33.6,7,15,0
AMM-U-2047,U,Monopole / greenfield,C-RAN,3,3,0,3,3,3,0,0,1,18,6060,8530,21,33.6,7,15,0
AMM-U-2048,U,Monopole / greenfield,C-RAN,3,3,0,3,3,3,0,0,1,18,6060,8530,21,33.6,7,15,0
AMM-U-2049,U,Monopole / greenfield,D-RAN,3,3,0,3,3,3,1,1,0,18,6470,9100,21,38.4,8,15,0
AMM-U-2050,U,Monopole / greenfield,D-RAN,3,3,0,3,3,3,1,1,0,18,6470,9100,21,38.4,8,15,0
AMM-U-2051,U,Monopole / greenfield,C-RAN,3,3,0,3,3,3,0,0,1,18,6060,8530,21,33.6,7,15,0
AMM-U-2052,U,Monopole / greenfield,C-RAN,3,3,0,3,3,3,0,0,1,18,6060,8530,21,33.6,7,15,0
AMM-U-2053,U,Rooftop,C-RAN,3,3,0,3,3,3,0,0,1,18,6060,8530,21,33.6,7,15,0
AMM-U-2054,U,Rooftop,C-RAN,3,3,0,3,3,3,0,0,1,18,6060,8530,21,33.6,7,15,0
AMM-U-2055,U,Rooftop,C-RAN,3,3,0,3,3,3,0,0,1,18,6060,8530,21,33.6,7,15,0
AMM-U-2056,U,Rooftop,C-RAN,3,3,0,3,3,3,0,0,1,18,6060,8530,21,33.6,7,15,0
AMM-U-2057,U,Rooftop,C-RAN,3,3,0,3,3,3,0,0,1,18,6060,8530,21,33.6,7,15,0
AMM-U-2058,U,Rooftop,C-RAN,3,3,0,3,3,3,0,0,1,18,6060,8530,21,33.6,7,15,0
AMM-U-2059,U,Rooftop,C-RAN,3,3,0,3,3,3,0,0,1,18,6060,8530,21,33.6,7,15,0
AMM-U-2060,U,Rooftop,C-RAN,3,3,0,3,3,3,0,0,1,18,6060,8530,21,33.6,7,15,0
AMM-U-2061,U,Rooftop,C-RAN,3,3,0,3,3,3,0,0,1,18,6060,8530,21,33.6,7,15,0
AMM-U-2062,U,Monopole / greenfield,C-RAN,3,3,0,3,3,3,0,0,1,18,6060,8530,21,33.6,7,15,0
AMM-U-2063,U,Monopole / greenfield,C-RAN,3,3,0,3,3,3,0,0,1,18,6060,8530,21,33.6,7,15,0
AMM-U-2064,U,Monopole / greenfield,C-RAN,3,3,0,3,3,3,0,0,1,18,6060,8530,21,33.6,7,15,0
AMM-U-2065,U,Monopole / greenfield,D-RAN,3,3,0,3,3,3,1,1,0,18,6470,9100,21,38.4,8,15,0
AMM-U-2066,U,Monopole / greenfield,C-RAN,3,3,0,3,3,3,0,0,1,18,6060,8530,21,33.6,7,15,0
AMM-U-2067,U,Monopole / greenfield,C-RAN,3,3,0,3,3,3,0,0,1,18,6060,8530,21,33.6,7,15,0
AMM-U-2068,U,Monopole / greenfield,C-RAN,3,3,0,3,3,3,0,0,1,18,6060,8530,21,33.6,7,15,0
AMM-U-2069,U,Monopole / greenfield,C-RAN,3,3,0,3,3,3,0,0,1,18,6060,8530,21,33.6,7,15,0
AMM-U-2070,U,Monopole / greenfield,D-RAN,3,3,0,3,3,3,1,1,0,18,6470,9100,21,38.4,8,15,0
AMM-U-2071,U,Monopole / greenfield,C-RAN,3,3,0,3,3,3,0,0,1,18,6060,8530,21,33.6,7,15,0
AMM-U-2072,U,Monopole / greenfield,C-RAN,3,3,0,3,3,3,0,0,1,18,6060,8530,21,33.6,7,15,0
AMM-U-2073,U,Monopole / greenfield,C-RAN,3,3,0,3,3,3,0,0,1,18,6060,8530,21,33.6,7,15,0
AMM-U-2074,U,Rooftop,C-RAN,3,3,0,3,3,3,0,0,1,18,6060,8530,21,33.6,7,15,0
AMM-U-2075,U,Rooftop,C-RAN,3,3,0,3,3,3,0,0,1,18,6060,8530,21,33.6,7,15,0
AMM-U-2076,U,Rooftop,C-RAN,3,3,0,3,3,3,0,0,1,18,6060,8530,21,33.6,7,15,0
AMM-U-2077,U,Rooftop,C-RAN,3,3,0,3,3,3,0,0,1,18,6060,8530,21,33.6,7,15,0
AMM-U-2078,U,Rooftop,C-RAN,3,3,0,3,3,3,0,0,1,18,6060,8530,21,33.6,7,15,0
AMM-U-2079,U,Rooftop,C-RAN,3,3,0,3,3,3,0,0,1,18,6060,8530,21,33.6,7,15,0
AMM-U-2080,U,Rooftop,C-RAN,3,3,0,3,3,3,0,0,1,18,6060,8530,21,33.6,7,15,0
AMM-U-2081,U,Rooftop,C-RAN,3,3,0,3,3,3,0,0,1,18,6060,8530,21,33.6,7,15,0
AMM-U-2082,U,Rooftop,C-RAN,3,3,0,3,3,3,0,0,1,18,6060,8530,21,33.6,7,15,0
AMM-U-2083,U,Monopole / greenfield,C-RAN,3,3,0,3,3,3,0,0,1,18,6060,8530,21,33.6,7,15,0
AMM-U-2084,U,Monopole / greenfield,C-RAN,3,3,0,3,3,3,0,0,1,18,6060,8530,21,33.6,7,15,0
AMM-U-2085,U,Monopole / greenfield,C-RAN,3,3,0,3,3,3,0,0,1,18,6060,8530,21,33.6,7,15,0
AMM-U-2086,U,Monopole / greenfield,C-RAN,3,3,0,3,3,3,0,0,1,18,6060,8530,21,33.6,7,15,0
AMM-U-2087,U,Monopole / greenfield,C-RAN,3,3,0,3,3,3,0,0,1,18,6060,8530,21,33.6,7,15,0
AMM-U-2088,U,Monopole / greenfield,C-RAN,3,3,0,3,3,3,0,0,1,18,6060,8530,21,33.6,7,15,0
AMM-U-2089,U,Monopole / greenfield,C-RAN,3,3,0,3,3,3,0,0,1,18,6060,8530,21,33.6,7,15,0
AMM-U-2090,U,Rooftop,C-RAN,3,3,0,3,3,3,0,0,1,18,6060,8530,21,33.6,7,15,0
AMM-U-2091,U,Rooftop,C-RAN,3,3,0,3,3,3,0,0,1,18,6060,8530,21,33.6,7,15,0
AMM-U-2092,U,Rooftop,C-RAN,3,3,0,3,3,3,0,0,1,18,6060,8530,21,33.6,7,15,0
AMM-U-2093,U,Rooftop,C-RAN,3,3,0,3,3,3,0,0,1,18,6060,8530,21,33.6,7,15,0
AMM-U-2094,U,Rooftop,C-RAN,3,3,0,3,3,3,0,0,1,18,6060,8530,21,33.6,7,15,0
AMM-U-2095,U,Rooftop,C-RAN,3,3,0,3,3,3,0,0,1,18,6060,8530,21,33.6,7,15,0
AMM-U-2096,U,Rooftop,C-RAN,3,3,0,3,3,3,0,0,1,18,6060,8530,21,33.6,7,15,0
AMM-U-2097,U,Rooftop,C-RAN,3,3,0,3,3,3,0,0,1,18,6060,8530,21,33.6,7,15,0
AMM-U-2098,U,Monopole / greenfield,C-RAN,3,3,0,3,3,3,0,0,1,18,6060,8530,21,33.6,7,15,0
AMM-U-2099,U,Monopole / greenfield,C-RAN,3,3,0,3,3,3,0,0,1,18,6060,8530,21,33.6,7,15,0
AMM-U-2100,U,Monopole / greenfield,C-RAN,3,3,0,3,3,3,0,0,1,18,6060,8530,21,33.6,7,15,0
AMM-U-2101,U,Monopole / greenfield,C-RAN,3,3,0,3,3,3,0,0,1,18,6060,8530,21,33.6,7,15,0
AMM-U-2102,U,Monopole / greenfield,C-RAN,3,3,0,3,3,3,0,0,1,18,6060,8530,21,33.6,7,15,0
AMM-U-2103,U,Monopole / greenfield,C-RAN,3,3,0,3,3,3,0,0,1,18,6060,8530,21,33.6,7,15,0
AMM-U-2104,U,Monopole / greenfield,C-RAN,3,3,0,3,3,3,0,0,1,18,6060,8530,21,33.6,7,15,0
AMM-U-2105,U,Rooftop,C-RAN,3,3,0,3,3,3,0,0,1,18,6060,8530,21,33.6,7,15,0
AMM-U-2106,U,Rooftop,C-RAN,3,3,0,3,3,3,0,0,1,18,6060,8530,21,33.6,7,15,0
AMM-U-2107,U,Rooftop,C-RAN,3,3,0,3,3,3,0,0,1,18,6060,8530,21,33.6,7,15,0
AMM-U-2108,U,Rooftop,C-RAN,3,3,0,3,3,3,0,0,1,18,6060,8530,21,33.6,7,15,0
AMM-U-2109,U,Rooftop,C-RAN,3,3,0,3,3,3,0,0,1,18,6060,8530,21,33.6,7,15,0
AMM-U-2110,U,Rooftop,C-RAN,3,3,0,3,3,3,0,0,1,18,6060,8530,21,33.6,7,15,0
AMM-U-2111,U,Rooftop,C-RAN,3,3,0,3,3,3,0,0,1,18,6060,8530,21,33.6,7,15,0
AMM-U-2112,U,Rooftop,C-RAN,3,3,0,3,3,3,0,0,1,18,6060,8530,21,33.6,7,15,0
AMM-U-2113,U,Rooftop,C-RAN,3,3,0,3,3,3,0,0,1,18,6060,8530,21,33.6,7,15,0
AMM-U-2114,U,Rooftop,C-RAN,3,3,0,3,3,3,0,0,1,18,6060,8530,21,33.6,7,15,0
AMM-U-2115,U,Monopole / greenfield,C-RAN,3,3,0,3,3,3,0,0,1,18,6060,8530,21,33.6,7,15,0
AMM-U-2116,U,Monopole / greenfield,C-RAN,3,3,0,3,3,3,0,0,1,18,6060,8530,21,33.6,7,15,0
AMM-U-2117,U,Monopole / greenfield,C-RAN,3,3,0,3,3,3,0,0,1,18,6060,8530,21,33.6,7,15,0
AMM-U-2118,U,Monopole / greenfield,C-RAN,3,3,0,3,3,3,0,0,1,18,6060,8530,21,33.6,7,15,0
AMM-U-2119,U,Monopole / greenfield,C-RAN,3,3,0,3,3,3,0,0,1,18,6060,8530,21,33.6,7,15,0
AMM-U-2120,U,Rooftop,C-RAN,3,3,0,3,3,3,0,0,1,18,6060,8530,21,33.6,7,15,0
AMM-U-2121,U,Rooftop,C-RAN,3,3,0,3,3,3,0,0,1,18,6060,8530,21,33.6,7,15,0
AMM-U-2122,U,Rooftop,C-RAN,3,3,0,3,3,3,0,0,1,18,6060,8530,21,33.6,7,15,0
AMM-U-2123,U,Rooftop,C-RAN,3,3,0,3,3,3,0,0,1,18,6060,8530,21,33.6,7,15,0
AMM-U-2124,U,Rooftop,C-RAN,3,3,0,3,3,3,0,0,1,18,6060,8530,21,33.6,7,15,0
AMM-U-2125,U,Rooftop,C-RAN,3,3,0,3,3,3,0,0,1,18,6060,8530,21,33.6,7,15,0
AMM-U-2126,U,Rooftop,C-RAN,3,3,0,3,3,3,0,0,1,18,6060,8530,21,33.6,7,15,0
AMM-U-2127,U,Rooftop,C-RAN,3,3,0,3,3,3,0,0,1,18,6060,8530,21,33.6,7,15,0
AMM-U-2128,U,Rooftop,C-RAN,3,3,0,3,3,3,0,0,1,18,6060,8530,21,33.6,7,15,0
AMM-U-2129,U,Monopole / greenfield,C-RAN,3,3,0,3,3,3,0,0,1,18,6060,8530,21,33.6,7,15,0
AMM-U-2130,U,Monopole / greenfield,C-RAN,3,3,0,3,3,3,0,0,1,18,6060,8530,21,33.6,7,15,0
AMM-U-2131,U,Monopole / greenfield,C-RAN,3,3,0,3,3,3,0,0,1,18,6060,8530,21,33.6,7,15,0
AMM-U-2132,U,Monopole / greenfield,C-RAN,3,3,0,3,3,3,0,0,1,18,6060,8530,21,33.6,7,15,0
AMM-U-2133,U,Monopole / greenfield,C-RAN,3,3,0,3,3,3,0,0,1,18,6060,8530,21,33.6,7,15,0
AMM-U-2134,U,Monopole / greenfield,C-RAN,3,3,0,3,3,3,0,0,1,18,6060,8530,21,33.6,7,15,0
AMM-U-2135,U,Monopole / greenfield,C-RAN,3,3,0,3,3,3,0,0,1,18,6060,8530,21,33.6,7,15,0
AMM-U-2136,U,Rooftop,C-RAN,3,3,0,3,3,3,0,0,1,18,6060,8530,21,33.6,7,15,0
AMM-U-2137,U,Rooftop,C-RAN,3,3,0,3,3,3,0,0,1,18,6060,8530,21,33.6,7,15,0
AMM-U-2138,U,Rooftop,C-RAN,3,3,0,3,3,3,0,0,1,18,6060,8530,21,33.6,7,15,0
AMM-U-2139,U,Rooftop,C-RAN,3,3,0,3,3,3,0,0,1,18,6060,8530,21,33.6,7,15,0
AMM-U-2140,U,Rooftop,C-RAN,3,3,0,3,3,3,0,0,1,18,6060,8530,21,33.6,7,15,0
AMM-U-2141,U,Rooftop,C-RAN,3,3,0,3,3,3,0,0,1,18,6060,8530,21,33.6,7,15,0
AMM-U-2142,U,Rooftop,C-RAN,3,3,0,3,3,3,0,0,1,18,6060,8530,21,33.6,7,15,0
AMM-U-2143,U,Monopole / greenfield,C-RAN,3,3,0,3,3,3,0,0,1,18,6060,8530,21,33.6,7,15,0
AMM-U-2144,U,Monopole / greenfield,C-RAN,3,3,0,3,3,3,0,0,1,18,6060,8530,21,33.6,7,15,0
AMM-U-2145,U,Monopole / greenfield,C-RAN,3,3,0,3,3,3,0,0,1,18,6060,8530,21,33.6,7,15,0
AMM-U-2146,U,Monopole / greenfield,C-RAN,3,3,0,3,3,3,0,0,1,18,6060,8530,21,33.6,7,15,0
AMM-U-2147,U,Monopole / greenfield,C-RAN,3,3,0,3,3,3,0,0,1,18,6060,8530,21,33.6,7,15,0
AMM-U-2148,U,Monopole / greenfield,C-RAN,3,3,0,3,3,3,0,0,1,18,6060,8530,21,33.6,7,15,0
AMM-U-2149,U,Rooftop,C-RAN,3,3,0,3,3,3,0,0,1,18,6060,8530,21,33.6,7,15,0
AMM-U-2150,U,Rooftop,C-RAN,3,3,0,3,3,3,0,0,1,18,6060,8530,21,33.6,7,15,0
AMM-U-2151,U,Rooftop,C-RAN,3,3,0,3,3,3,0,0,1,18,6060,8530,21,33.6,7,15,0
AMM-U-2152,U,Rooftop,C-RAN,3,3,0,3,3,3,0,0,1,18,6060,8530,21,33.6,7,15,0
AMM-U-2153,U,Rooftop,D-RAN,3,3,0,3,3,3,1,1,0,18,6470,9100,21,38.4,8,15,0
AMM-U-2154,U,Monopole / greenfield,C-RAN,3,3,0,3,3,3,0,0,1,18,6060,8530,21,33.6,7,15,0
AMM-U-2155,U,Monopole / greenfield,C-RAN,3,3,0,3,3,3,0,0,1,18,6060,8530,21,33.6,7,15,0
AMM-U-2156,U,Monopole / greenfield,C-RAN,3,3,0,3,3,3,0,0,1,18,6060,8530,21,33.6,7,15,0
AMM-U-2157,U,Monopole / greenfield,C-RAN,3,3,0,3,3,3,0,0,1,18,6060,8530,21,33.6,7,15,0
AMM-U-2158,U,Monopole / greenfield,C-RAN,3,3,0,3,3,3,0,0,1,18,6060,8530,21,33.6,7,15,0
AMM-U-2159,U,Monopole / greenfield,C-RAN,3,3,0,3,3,3,0,0,1,18,6060,8530,21,33.6,7,15,0
AMM-U-2160,U,Rooftop,C-RAN,3,3,0,3,3,3,0,0,1,18,6060,8530,21,33.6,7,15,0
AMM-U-2161,U,Rooftop,C-RAN,3,3,0,3,3,3,0,0,1,18,6060,8530,21,33.6,7,15,0
AMM-U-2162,U,Rooftop,D-RAN,3,3,0,3,3,3,1,1,0,18,6470,9100,21,38.4,8,15,0
AMM-U-2163,U,Monopole / greenfield,C-RAN,3,3,0,3,3,3,0,0,1,18,6060,8530,21,33.6,7,15,0
AMM-U-2164,U,Monopole / greenfield,C-RAN,3,3,0,3,3,3,0,0,1,18,6060,8530,21,33.6,7,15,0
AMM-U-2165,U,Monopole / greenfield,C-RAN,3,3,0,3,3,3,0,0,1,18,6060,8530,21,33.6,7,15,0
AMM-U-2166,U,Monopole / greenfield,C-RAN,3,3,0,3,3,3,0,0,1,18,6060,8530,21,33.6,7,15,0
AMM-U-2167,U,Monopole / greenfield,C-RAN,3,3,0,3,3,3,0,0,1,18,6060,8530,21,33.6,7,15,0
AMM-U-2168,U,Monopole / greenfield,C-RAN,3,3,0,3,3,3,0,0,1,18,6060,8530,21,33.6,7,15,0
JER-U-0001,U,Monopole / greenfield,C-RAN,3,3,0,3,3,3,0,0,1,18,6060,8530,21,33.6,7,15,0
JER-U-0002,U,Monopole / greenfield,C-RAN,3,3,0,3,3,3,0,0,1,18,6060,8530,21,33.6,7,15,0
JER-U-0003,U,Monopole / greenfield,C-RAN,3,3,0,3,3,3,0,0,1,18,6060,8530,21,33.6,7,15,0
JER-U-0004,U,Monopole / greenfield,C-RAN,3,3,0,3,3,3,0,0,1,18,6060,8530,21,33.6,7,15,0
JER-U-0005,U,Monopole / greenfield,C-RAN,3,3,0,3,3,3,0,0,1,18,6060,8530,21,33.6,7,15,0
JER-U-0006,U,Monopole / greenfield,C-RAN,3,3,0,3,3,3,0,0,1,18,6060,8530,21,33.6,7,15,0
JER-U-0007,U,Monopole / greenfield,C-RAN,3,3,0,3,3,3,0,0,1,18,6060,8530,21,33.6,7,15,0
JER-U-0008,U,Monopole / greenfield,C-RAN,3,3,0,3,3,3,0,0,1,18,6060,8530,21,33.6,7,15,0
JER-U-0009,U,Rooftop,C-RAN,3,3,0,3,3,3,0,0,1,18,6060,8530,21,33.6,7,15,0
JER-U-0010,U,Monopole / greenfield,C-RAN,3,3,0,3,3,3,0,0,1,18,6060,8530,21,33.6,7,15,0
JER-U-0011,U,Monopole / greenfield,C-RAN,3,3,0,3,3,3,0,0,1,18,6060,8530,21,33.6,7,15,0
JER-U-0012,U,Rooftop,C-RAN,3,3,0,3,3,3,0,0,1,18,6060,8530,21,33.6,7,15,0
JER-U-0013,U,Rooftop,C-RAN,3,3,0,3,3,3,0,0,1,18,6060,8530,21,33.6,7,15,0
JER-U-0014,U,Monopole / greenfield,C-RAN,3,3,0,3,3,3,0,0,1,18,6060,8530,21,33.6,7,15,0
JER-U-0015,U,Rooftop,C-RAN,3,3,0,3,3,3,0,0,1,18,6060,8530,21,33.6,7,15,0
JER-U-0016,U,Rooftop,C-RAN,3,3,0,3,3,3,0,0,1,18,6060,8530,21,33.6,7,15,0
JER-U-0017,U,Rooftop,C-RAN,3,3,0,3,3,3,0,0,1,18,6060,8530,21,33.6,7,15,0
JER-U-0018,U,Monopole / greenfield,C-RAN,3,3,0,3,3,3,0,0,1,18,6060,8530,21,33.6,7,15,0
JER-U-0019,U,Monopole / greenfield,C-RAN,3,3,0,3,3,3,0,0,1,18,6060,8530,21,33.6,7,15,0
JER-U-0020,U,Monopole / greenfield,C-RAN,3,3,0,3,3,3,0,0,1,18,6060,8530,21,33.6,7,15,0
JER-U-0021,U,Rooftop,C-RAN,3,3,0,3,3,3,0,0,1,18,6060,8530,21,33.6,7,15,0
JER-U-0022,U,Rooftop,C-RAN,3,3,0,3,3,3,0,0,1,18,6060,8530,21,33.6,7,15,0
JER-U-0023,U,Rooftop,C-RAN,3,3,0,3,3,3,0,0,1,18,6060,8530,21,33.6,7,15,0
JER-U-0024,U,Rooftop,C-RAN,3,3,0,3,3,3,0,0,1,18,6060,8530,21,33.6,7,15,0
JER-U-0025,U,Rooftop,C-RAN,3,3,0,3,3,3,0,0,1,18,6060,8530,21,33.6,7,15,0
JER-U-0026,U,Rooftop,C-RAN,3,3,0,3,3,3,0,0,1,18,6060,8530,21,33.6,7,15,0
JER-U-0027,U,Monopole / greenfield,C-RAN,3,3,0,3,3,3,0,0,1,18,6060,8530,21,33.6,7,15,0
JER-U-0028,U,Rooftop,C-RAN,3,3,0,3,3,3,0,0,1,18,6060,8530,21,33.6,7,15,0
JER-U-0029,U,Rooftop,C-RAN,3,3,0,3,3,3,0,0,1,18,6060,8530,21,33.6,7,15,0
JER-U-0030,U,Rooftop,C-RAN,3,3,0,3,3,3,0,0,1,18,6060,8530,21,33.6,7,15,0
JER-U-0031,U,Rooftop,C-RAN,3,3,0,3,3,3,0,0,1,18,6060,8530,21,33.6,7,15,0
JER-U-0032,U,Rooftop,C-RAN,3,3,0,3,3,3,0,0,1,18,6060,8530,21,33.6,7,15,0
JER-U-0033,U,Rooftop,C-RAN,3,3,0,3,3,3,0,0,1,18,6060,8530,21,33.6,7,15,0
JER-U-0034,U,Monopole / greenfield,C-RAN,3,3,0,3,3,3,0,0,1,18,6060,8530,21,33.6,7,15,0
JER-U-0035,U,Monopole / greenfield,C-RAN,3,3,0,3,3,3,0,0,1,18,6060,8530,21,33.6,7,15,0
JER-U-0036,U,Rooftop,C-RAN,3,3,0,3,3,3,0,0,1,18,6060,8530,21,33.6,7,15,0
JER-U-0037,U,Rooftop,C-RAN,3,3,0,3,3,3,0,0,1,18,6060,8530,21,33.6,7,15,0
JER-U-0038,U,Monopole / greenfield,C-RAN,3,3,0,3,3,3,0,0,1,18,6060,8530,21,33.6,7,15,0
JER-U-0039,U,Rooftop,C-RAN,3,3,0,3,3,3,0,0,1,18,6060,8530,21,33.6,7,15,0
JER-U-0040,U,Rooftop,C-RAN,3,3,0,3,3,3,0,0,1,18,6060,8530,21,33.6,7,15,0
JER-U-0041,U,Rooftop,C-RAN,3,3,0,3,3,3,0,0,1,18,6060,8530,21,33.6,7,15,0
JER-U-0042,U,Rooftop,C-RAN,3,3,0,3,3,3,0,0,1,18,6060,8530,21,33.6,7,15,0
JER-U-0043,U,Monopole / greenfield,C-RAN,3,3,0,3,3,3,0,0,1,18,6060,8530,21,33.6,7,15,0
JER-U-0044,U,Monopole / greenfield,C-RAN,3,3,0,3,3,3,0,0,1,18,6060,8530,21,33.6,7,15,0
JER-U-0045,U,Rooftop,C-RAN,3,3,0,3,3,3,0,0,1,18,6060,8530,21,33.6,7,15,0
JER-U-0046,U,Monopole / greenfield,C-RAN,3,3,0,3,3,3,0,0,1,18,6060,8530,21,33.6,7,15,0
JER-U-0047,U,Rooftop,C-RAN,3,3,0,3,3,3,0,0,1,18,6060,8530,21,33.6,7,15,0
JER-U-0048,U,Rooftop,C-RAN,3,3,0,3,3,3,0,0,1,18,6060,8530,21,33.6,7,15,0
JER-U-0049,U,Rooftop,C-RAN,3,3,0,3,3,3,0,0,1,18,6060,8530,21,33.6,7,15,0
JER-U-0050,U,Rooftop,C-RAN,3,3,0,3,3,3,0,0,1,18,6060,8530,21,33.6,7,15,0
JER-U-0051,U,Rooftop,C-RAN,3,3,0,3,3,3,0,0,1,18,6060,8530,21,33.6,7,15,0
JER-U-0052,U,Monopole / greenfield,C-RAN,3,3,0,3,3,3,0,0,1,18,6060,8530,21,33.6,7,15,0
JER-U-0053,U,Monopole / greenfield,C-RAN,3,3,0,3,3,3,0,0,1,18,6060,8530,21,33.6,7,15,0
JER-U-0054,U,Monopole / greenfield,C-RAN,3,3,0,3,3,3,0,0,1,18,6060,8530,21,33.6,7,15,0
JER-U-0055,U,Monopole / greenfield,C-RAN,3,3,0,3,3,3,0,0,1,18,6060,8530,21,33.6,7,15,0
JER-U-0056,U,Rooftop,C-RAN,3,3,0,3,3,3,0,0,1,18,6060,8530,21,33.6,7,15,0
JER-U-0057,U,Rooftop,C-RAN,3,3,0,3,3,3,0,0,1,18,6060,8530,21,33.6,7,15,0
JER-U-0058,U,Rooftop,C-RAN,3,3,0,3,3,3,0,0,1,18,6060,8530,21,33.6,7,15,0
JER-U-0059,U,Monopole / greenfield,C-RAN,3,3,0,3,3,3,0,0,1,18,6060,8530,21,33.6,7,15,0
JER-U-0060,U,Monopole / greenfield,C-RAN,3,3,0,3,3,3,0,0,1,18,6060,8530,21,33.6,7,15,0
JER-U-0061,U,Monopole / greenfield,C-RAN,3,3,0,3,3,3,0,0,1,18,6060,8530,21,33.6,7,15,0
JER-U-0062,U,Monopole / greenfield,C-RAN,3,3,0,3,3,3,0,0,1,18,6060,8530,21,33.6,7,15,0
JER-U-0063,U,Monopole / greenfield,C-RAN,3,3,0,3,3,3,0,0,1,18,6060,8530,21,33.6,7,15,0
JER-U-0064,U,Monopole / greenfield,C-RAN,3,3,0,3,3,3,0,0,1,18,6060,8530,21,33.6,7,15,0
JER-U-0065,U,Monopole / greenfield,C-RAN,3,3,0,3,3,3,0,0,1,18,6060,8530,21,33.6,7,15,0
JER-U-0066,U,Monopole / greenfield,C-RAN,3,3,0,3,3,3,0,0,1,18,6060,8530,21,33.6,7,15,0
JER-U-0067,U,Monopole / greenfield,C-RAN,3,3,0,3,3,3,0,0,1,18,6060,8530,21,33.6,7,15,0
AJL-U-0001,U,Monopole / greenfield,C-RAN,3,3,0,3,3,3,0,0,1,18,6060,8530,21,33.6,7,15,0
AJL-U-0002,U,Monopole / greenfield,C-RAN,3,3,0,3,3,3,0,0,1,18,6060,8530,21,33.6,7,15,0
AJL-U-0003,U,Monopole / greenfield,C-RAN,3,3,0,3,3,3,0,0,1,18,6060,8530,21,33.6,7,15,0
AJL-U-0004,U,Monopole / greenfield,D-RAN,3,3,0,3,3,3,1,1,0,18,6470,9100,21,38.4,8,15,0
AJL-U-0005,U,Monopole / greenfield,C-RAN,3,3,0,3,3,3,0,0,1,18,6060,8530,21,33.6,7,15,0
AJL-U-0006,U,Monopole / greenfield,C-RAN,3,3,0,3,3,3,0,0,1,18,6060,8530,21,33.6,7,15,0
AJL-U-0007,U,Monopole / greenfield,C-RAN,3,3,0,3,3,3,0,0,1,18,6060,8530,21,33.6,7,15,0
AJL-U-0008,U,Monopole / greenfield,C-RAN,3,3,0,3,3,3,0,0,1,18,6060,8530,21,33.6,7,15,0
MAF-U-0001,U,Monopole / greenfield,C-RAN,3,3,0,3,3,3,0,0,1,18,6060,8530,21,33.6,7,15,0
MAF-U-0002,U,Monopole / greenfield,C-RAN,3,3,0,3,3,3,0,0,1,18,6060,8530,21,33.6,7,15,0
MAF-U-0003,U,Monopole / greenfield,C-RAN,3,3,0,3,3,3,0,0,1,18,6060,8530,21,33.6,7,15,0
MAF-U-0004,U,Monopole / greenfield,C-RAN,3,3,0,3,3,3,0,0,1,18,6060,8530,21,33.6,7,15,0
MAF-U-0005,U,Monopole / greenfield,C-RAN,3,3,0,3,3,3,0,0,1,18,6060,8530,21,33.6,7,15,0
MAF-U-0006,U,Monopole / greenfield,C-RAN,3,3,0,3,3,3,0,0,1,18,6060,8530,21,33.6,7,15,0
AJL-U-0009,U,Monopole / greenfield,D-RAN,3,3,0,3,3,3,1,1,0,18,6470,9100,21,38.4,8,15,0
AJL-U-0010,U,Rooftop,D-RAN,3,3,0,3,3,3,1,1,0,18,6470,9100,21,38.4,8,15,0
AJL-U-0011,U,Rooftop,C-RAN,3,3,0,3,3,3,0,0,1,18,6060,8530,21,33.6,7,15,0
AJL-U-0012,U,Rooftop,C-RAN,3,3,0,3,3,3,0,0,1,18,6060,8530,21,33.6,7,15,0
AJL-U-0013,U,Monopole / greenfield,C-RAN,3,3,0,3,3,3,0,0,1,18,6060,8530,21,33.6,7,15,0
AJL-U-0014,U,Monopole / greenfield,C-RAN,3,3,0,3,3,3,0,0,1,18,6060,8530,21,33.6,7,15,0
MAF-U-0007,U,Monopole / greenfield,C-RAN,3,3,0,3,3,3,0,0,1,18,6060,8530,21,33.6,7,15,0
MAF-U-0008,U,Monopole / greenfield,C-RAN,3,3,0,3,3,3,0,0,1,18,6060,8530,21,33.6,7,15,0
MAF-U-0009,U,Monopole / greenfield,C-RAN,3,3,0,3,3,3,0,0,1,18,6060,8530,21,33.6,7,15,0
MAF-U-0010,U,Rooftop,C-RAN,3,3,0,3,3,3,0,0,1,18,6060,8530,21,33.6,7,15,0
MAF-U-0011,U,Rooftop,C-RAN,3,3,0,3,3,3,0,0,1,18,6060,8530,21,33.6,7,15,0
MAF-U-0012,U,Rooftop,C-RAN,3,3,0,3,3,3,0,0,1,18,6060,8530,21,33.6,7,15,0
MAF-U-0013,U,Monopole / greenfield,C-RAN,3,3,0,3,3,3,0,0,1,18,6060,8530,21,33.6,7,15,0
MAF-U-0014,U,Monopole / greenfield,C-RAN,3,3,0,3,3,3,0,0,1,18,6060,8530,21,33.6,7,15,0
MAF-U-0015,U,Monopole / greenfield,C-RAN,3,3,0,3,3,3,0,0,1,18,6060,8530,21,33.6,7,15,0
AJL-U-0015,U,Monopole / greenfield,D-RAN,3,3,0,3,3,3,1,1,0,18,6470,9100,21,38.4,8,15,0
AJL-U-0016,U,Rooftop,D-RAN,3,3,0,3,3,3,1,1,0,18,6470,9100,21,38.4,8,15,0
AJL-U-0017,U,Rooftop,D-RAN,3,3,0,3,3,3,1,1,0,18,6470,9100,21,38.4,8,15,0
AJL-U-0018,U,Rooftop,C-RAN,3,3,0,3,3,3,0,0,1,18,6060,8530,21,33.6,7,15,0
AJL-U-0019,U,Rooftop,C-RAN,3,3,0,3,3,3,0,0,1,18,6060,8530,21,33.6,7,15,0
AJL-U-0020,U,Rooftop,C-RAN,3,3,0,3,3,3,0,0,1,18,6060,8530,21,33.6,7,15,0
AJL-U-0021,U,Monopole / greenfield,C-RAN,3,3,0,3,3,3,0,0,1,18,6060,8530,21,33.6,7,15,0
MAF-U-0016,U,Monopole / greenfield,C-RAN,3,3,0,3,3,3,0,0,1,18,6060,8530,21,33.6,7,15,0
MAF-U-0017,U,Monopole / greenfield,C-RAN,3,3,0,3,3,3,0,0,1,18,6060,8530,21,33.6,7,15,0
MAF-U-0018,U,Monopole / greenfield,C-RAN,3,3,0,3,3,3,0,0,1,18,6060,8530,21,33.6,7,15,0
MAF-U-0019,U,Monopole / greenfield,C-RAN,3,3,0,3,3,3,0,0,1,18,6060,8530,21,33.6,7,15,0
MAF-U-0020,U,Rooftop,C-RAN,3,3,0,3,3,3,0,0,1,18,6060,8530,21,33.6,7,15,0
MAF-U-0021,U,Monopole / greenfield,C-RAN,3,3,0,3,3,3,0,0,1,18,6060,8530,21,33.6,7,15,0
MAF-U-0022,U,Monopole / greenfield,C-RAN,3,3,0,3,3,3,0,0,1,18,6060,8530,21,33.6,7,15,0
MAF-U-0023,U,Monopole / greenfield,C-RAN,3,3,0,3,3,3,0,0,1,18,6060,8530,21,33.6,7,15,0
MAF-U-0024,U,Monopole / greenfield,C-RAN,3,3,0,3,3,3,0,0,1,18,6060,8530,21,33.6,7,15,0
MAF-U-0025,U,Monopole / greenfield,C-RAN,3,3,0,3,3,3,0,0,1,18,6060,8530,21,33.6,7,15,0
MAF-U-0026,U,Monopole / greenfield,C-RAN,3,3,0,3,3,3,0,0,1,18,6060,8530,21,33.6,7,15,0
AJL-U-0022,U,Monopole / greenfield,D-RAN,3,3,0,3,3,3,1,1,0,18,6470,9100,21,38.4,8,15,0
AJL-U-0023,U,Monopole / greenfield,D-RAN,3,3,0,3,3,3,1,1,0,18,6470,9100,21,38.4,8,15,0
AJL-U-0024,U,Monopole / greenfield,D-RAN,3,3,0,3,3,3,1,1,0,18,6470,9100,21,38.4,8,15,0
AJL-U-0025,U,Rooftop,D-RAN,3,3,0,3,3,3,1,1,0,18,6470,9100,21,38.4,8,15,0
AJL-U-0026,U,Rooftop,D-RAN,3,3,0,3,3,3,1,1,0,18,6470,9100,21,38.4,8,15,0
AJL-U-0027,U,Rooftop,D-RAN,3,3,0,3,3,3,1,1,0,18,6470,9100,21,38.4,8,15,0
AJL-U-0028,U,Rooftop,D-RAN,3,3,0,3,3,3,1,1,0,18,6470,9100,21,38.4,8,15,0
MAF-U-0027,U,Monopole / greenfield,C-RAN,3,3,0,3,3,3,0,0,1,18,6060,8530,21,33.6,7,15,0
MAF-U-0028,U,Monopole / greenfield,C-RAN,3,3,0,3,3,3,0,0,1,18,6060,8530,21,33.6,7,15,0
MAF-U-0029,U,Monopole / greenfield,C-RAN,3,3,0,3,3,3,0,0,1,18,6060,8530,21,33.6,7,15,0
MAF-U-0030,U,Monopole / greenfield,C-RAN,3,3,0,3,3,3,0,0,1,18,6060,8530,21,33.6,7,15,0
MAF-U-0031,U,Rooftop,C-RAN,3,3,0,3,3,3,0,0,1,18,6060,8530,21,33.6,7,15,0
MAF-U-0032,U,Rooftop,C-RAN,3,3,0,3,3,3,0,0,1,18,6060,8530,21,33.6,7,15,0
MAF-U-0033,U,Rooftop,C-RAN,3,3,0,3,3,3,0,0,1,18,6060,8530,21,33.6,7,15,0
MAF-U-0034,U,Monopole / greenfield,C-RAN,3,3,0,3,3,3,0,0,1,18,6060,8530,21,33.6,7,15,0
MAF-U-0035,U,Monopole / greenfield,C-RAN,3,3,0,3,3,3,0,0,1,18,6060,8530,21,33.6,7,15,0
MAF-U-0036,U,Monopole / greenfield,C-RAN,3,3,0,3,3,3,0,0,1,18,6060,8530,21,33.6,7,15,0
MAF-U-0037,U,Monopole / greenfield,C-RAN,3,3,0,3,3,3,0,0,1,18,6060,8530,21,33.6,7,15,0
MAF-U-0038,U,Monopole / greenfield,C-RAN,3,3,0,3,3,3,0,0,1,18,6060,8530,21,33.6,7,15,0
AJL-U-0029,U,Monopole / greenfield,D-RAN,3,3,0,3,3,3,1,1,0,18,6470,9100,21,38.4,8,15,0
AJL-U-0030,U,Monopole / greenfield,D-RAN,3,3,0,3,3,3,1,1,0,18,6470,9100,21,38.4,8,15,0
AJL-U-0031,U,Monopole / greenfield,D-RAN,3,3,0,3,3,3,1,1,0,18,6470,9100,21,38.4,8,15,0
AJL-U-0032,U,Rooftop,D-RAN,3,3,0,3,3,3,1,1,0,18,6470,9100,21,38.4,8,15,0
AJL-U-0033,U,Rooftop,D-RAN,3,3,0,3,3,3,1,1,0,18,6470,9100,21,38.4,8,15,0
AJL-U-0034,U,Monopole / greenfield,D-RAN,3,3,0,3,3,3,1,1,0,18,6470,9100,21,38.4,8,15,0
MAF-U-0039,U,Monopole / greenfield,C-RAN,3,3,0,3,3,3,0,0,1,18,6060,8530,21,33.6,7,15,0
MAF-U-0040,U,Monopole / greenfield,C-RAN,3,3,0,3,3,3,0,0,1,18,6060,8530,21,33.6,7,15,0
MAF-U-0041,U,Monopole / greenfield,C-RAN,3,3,0,3,3,3,0,0,1,18,6060,8530,21,33.6,7,15,0
MAF-U-0042,U,Rooftop,C-RAN,3,3,0,3,3,3,0,0,1,18,6060,8530,21,33.6,7,15,0
MAF-U-0043,U,Rooftop,C-RAN,3,3,0,3,3,3,0,0,1,18,6060,8530,21,33.6,7,15,0
MAF-U-0044,U,Rooftop,C-RAN,3,3,0,3,3,3,0,0,1,18,6060,8530,21,33.6,7,15,0
MAF-U-0045,U,Rooftop,C-RAN,3,3,0,3,3,3,0,0,1,18,6060,8530,21,33.6,7,15,0
MAF-U-0046,U,Monopole / greenfield,C-RAN,3,3,0,3,3,3,0,0,1,18,6060,8530,21,33.6,7,15,0
MAF-U-0047,U,Monopole / greenfield,C-RAN,3,3,0,3,3,3,0,0,1,18,6060,8530,21,33.6,7,15,0
MAF-U-0048,U,Monopole / greenfield,C-RAN,3,3,0,3,3,3,0,0,1,18,6060,8530,21,33.6,7,15,0
MAF-U-0049,U,Monopole / greenfield,C-RAN,3,3,0,3,3,3,0,0,1,18,6060,8530,21,33.6,7,15,0
MAF-U-0050,U,Monopole / greenfield,C-RAN,3,3,0,3,3,3,0,0,1,18,6060,8530,21,33.6,7,15,0
AJL-U-0035,U,Monopole / greenfield,D-RAN,3,3,0,3,3,3,1,1,0,18,6470,9100,21,38.4,8,15,0
AJL-U-0036,U,Monopole / greenfield,D-RAN,3,3,0,3,3,3,1,1,0,18,6470,9100,21,38.4,8,15,0
AJL-U-0037,U,Monopole / greenfield,D-RAN,3,3,0,3,3,3,1,1,0,18,6470,9100,21,38.4,8,15,0
MAF-U-0051,U,Monopole / greenfield,C-RAN,3,3,0,3,3,3,0,0,1,18,6060,8530,21,33.6,7,15,0
MAF-U-0052,U,Monopole / greenfield,C-RAN,3,3,0,3,3,3,0,0,1,18,6060,8530,21,33.6,7,15,0
MAF-U-0053,U,Monopole / greenfield,C-RAN,3,3,0,3,3,3,0,0,1,18,6060,8530,21,33.6,7,15,0
MAF-U-0054,U,Rooftop,C-RAN,3,3,0,3,3,3,0,0,1,18,6060,8530,21,33.6,7,15,0
MAF-U-0055,U,Rooftop,C-RAN,3,3,0,3,3,3,0,0,1,18,6060,8530,21,33.6,7,15,0
MAF-U-0056,U,Rooftop,C-RAN,3,3,0,3,3,3,0,0,1,18,6060,8530,21,33.6,7,15,0
MAF-U-0057,U,Rooftop,C-RAN,3,3,0,3,3,3,0,0,1,18,6060,8530,21,33.6,7,15,0
MAF-U-0058,U,Rooftop,C-RAN,3,3,0,3,3,3,0,0,1,18,6060,8530,21,33.6,7,15,0
MAF-U-0059,U,Monopole / greenfield,C-RAN,3,3,0,3,3,3,0,0,1,18,6060,8530,21,33.6,7,15,0
MAF-U-0060,U,Monopole / greenfield,C-RAN,3,3,0,3,3,3,0,0,1,18,6060,8530,21,33.6,7,15,0
MAF-U-0061,U,Monopole / greenfield,C-RAN,3,3,0,3,3,3,0,0,1,18,6060,8530,21,33.6,7,15,0
MAF-U-0062,U,Monopole / greenfield,C-RAN,3,3,0,3,3,3,0,0,1,18,6060,8530,21,33.6,7,15,0
AJL-U-0038,U,Monopole / greenfield,D-RAN,3,3,0,3,3,3,1,1,0,18,6470,9100,21,38.4,8,15,0
AJL-U-0039,U,Monopole / greenfield,D-RAN,3,3,0,3,3,3,1,1,0,18,6470,9100,21,38.4,8,15,0
AJL-U-0040,U,Monopole / greenfield,D-RAN,3,3,0,3,3,3,1,1,0,18,6470,9100,21,38.4,8,15,0
MAF-U-0063,U,Monopole / greenfield,C-RAN,3,3,0,3,3,3,0,0,1,18,6060,8530,21,33.6,7,15,0
MAF-U-0064,U,Monopole / greenfield,C-RAN,3,3,0,3,3,3,0,0,1,18,6060,8530,21,33.6,7,15,0
MAF-U-0065,U,Rooftop,C-RAN,3,3,0,3,3,3,0,0,1,18,6060,8530,21,33.6,7,15,0
MAF-U-0066,U,Rooftop,C-RAN,3,3,0,3,3,3,0,0,1,18,6060,8530,21,33.6,7,15,0
MAF-U-0067,U,Rooftop,C-RAN,3,3,0,3,3,3,0,0,1,18,6060,8530,21,33.6,7,15,0
MAF-U-0068,U,Rooftop,C-RAN,3,3,0,3,3,3,0,0,1,18,6060,8530,21,33.6,7,15,0
MAF-U-0069,U,Rooftop,C-RAN,3,3,0,3,3,3,0,0,1,18,6060,8530,21,33.6,7,15,0
MAF-U-0070,U,Rooftop,C-RAN,3,3,0,3,3,3,0,0,1,18,6060,8530,21,33.6,7,15,0
MAF-U-0071,U,Monopole / greenfield,C-RAN,3,3,0,3,3,3,0,0,1,18,6060,8530,21,33.6,7,15,0
MAF-U-0072,U,Monopole / greenfield,C-RAN,3,3,0,3,3,3,0,0,1,18,6060,8530,21,33.6,7,15,0
MAF-U-0073,U,Monopole / greenfield,C-RAN,3,3,0,3,3,3,0,0,1,18,6060,8530,21,33.6,7,15,0
MAF-U-0074,U,Monopole / greenfield,C-RAN,3,3,0,3,3,3,0,0,1,18,6060,8530,21,33.6,7,15,0
MAF-U-0075,U,Monopole / greenfield,C-RAN,3,3,0,3,3,3,0,0,1,18,6060,8530,21,33.6,7,15,0
MAF-U-0076,U,Monopole / greenfield,C-RAN,3,3,0,3,3,3,0,0,1,18,6060,8530,21,33.6,7,15,0
MAF-U-0077,U,Monopole / greenfield,C-RAN,3,3,0,3,3,3,0,0,1,18,6060,8530,21,33.6,7,15,0
MAF-U-0078,U,Monopole / greenfield,C-RAN,3,3,0,3,3,3,0,0,1,18,6060,8530,21,33.6,7,15,0
MAF-U-0079,U,Rooftop,C-RAN,3,3,0,3,3,3,0,0,1,18,6060,8530,21,33.6,7,15,0
MAF-U-0080,U,Rooftop,C-RAN,3,3,0,3,3,3,0,0,1,18,6060,8530,21,33.6,7,15,0
MAF-U-0081,U,Rooftop,C-RAN,3,3,0,3,3,3,0,0,1,18,6060,8530,21,33.6,7,15,0
MAF-U-0082,U,Rooftop,C-RAN,3,3,0,3,3,3,0,0,1,18,6060,8530,21,33.6,7,15,0
MAF-U-0083,U,Rooftop,C-RAN,3,3,0,3,3,3,0,0,1,18,6060,8530,21,33.6,7,15,0
MAF-U-0084,U,Monopole / greenfield,C-RAN,3,3,0,3,3,3,0,0,1,18,6060,8530,21,33.6,7,15,0
MAF-U-0085,U,Monopole / greenfield,C-RAN,3,3,0,3,3,3,0,0,1,18,6060,8530,21,33.6,7,15,0
MAF-U-0086,U,Monopole / greenfield,C-RAN,3,3,0,3,3,3,0,0,1,18,6060,8530,21,33.6,7,15,0
MAF-U-0087,U,Monopole / greenfield,C-RAN,3,3,0,3,3,3,0,0,1,18,6060,8530,21,33.6,7,15,0
MAF-U-0088,U,Monopole / greenfield,C-RAN,3,3,0,3,3,3,0,0,1,18,6060,8530,21,33.6,7,15,0
MAF-U-0089,U,Monopole / greenfield,C-RAN,3,3,0,3,3,3,0,0,1,18,6060,8530,21,33.6,7,15,0
MAF-U-0090,U,Monopole / greenfield,C-RAN,3,3,0,3,3,3,0,0,1,18,6060,8530,21,33.6,7,15,0
MAF-U-0091,U,Monopole / greenfield,C-RAN,3,3,0,3,3,3,0,0,1,18,6060,8530,21,33.6,7,15,0
MAF-U-0092,U,Monopole / greenfield,C-RAN,3,3,0,3,3,3,0,0,1,18,6060,8530,21,33.6,7,15,0
MAF-U-0093,U,Monopole / greenfield,C-RAN,3,3,0,3,3,3,0,0,1,18,6060,8530,21,33.6,7,15,0
MAF-U-0094,U,Monopole / greenfield,C-RAN,3,3,0,3,3,3,0,0,1,18,6060,8530,21,33.6,7,15,0
MAF-U-0095,U,Monopole / greenfield,C-RAN,3,3,0,3,3,3,0,0,1,18,6060,8530,21,33.6,7,15,0
MAF-U-0096,U,Monopole / greenfield,C-RAN,3,3,0,3,3,3,0,0,1,18,6060,8530,21,33.6,7,15,0
MAF-U-0097,U,Monopole / greenfield,C-RAN,3,3,0,3,3,3,0,0,1,18,6060,8530,21,33.6,7,15,0
MAF-U-0098,U,Monopole / greenfield,C-RAN,3,3,0,3,3,3,0,0,1,18,6060,8530,21,33.6,7,15,0
MAF-U-0099,U,Monopole / greenfield,C-RAN,3,3,0,3,3,3,0,0,1,18,6060,8530,21,33.6,7,15,0
MAF-U-0100,U,Monopole / greenfield,C-RAN,3,3,0,3,3,3,0,0,1,18,6060,8530,21,33.6,7,15,0
MAF-U-0101,U,Monopole / greenfield,C-RAN,3,3,0,3,3,3,0,0,1,18,6060,8530,21,33.6,7,15,0
MAF-U-0102,U,Monopole / greenfield,C-RAN,3,3,0,3,3,3,0,0,1,18,6060,8530,21,33.6,7,15,0
MAF-U-0103,U,Monopole / greenfield,C-RAN,3,3,0,3,3,3,0,0,1,18,6060,8530,21,33.6,7,15,0
MAF-U-0104,U,Monopole / greenfield,C-RAN,3,3,0,3,3,3,0,0,1,18,6060,8530,21,33.6,7,15,0
MAF-U-0105,U,Monopole / greenfield,C-RAN,3,3,0,3,3,3,0,0,1,18,6060,8530,21,33.6,7,15,0
MAF-U-0106,U,Monopole / greenfield,C-RAN,3,3,0,3,3,3,0,0,1,18,6060,8530,21,33.6,7,15,0
MAF-U-0107,U,Monopole / greenfield,C-RAN,3,3,0,3,3,3,0,0,1,18,6060,8530,21,33.6,7,15,0
MAF-U-0108,U,Monopole / greenfield,C-RAN,3,3,0,3,3,3,0,0,1,18,6060,8530,21,33.6,7,15,0
MAF-U-0109,U,Monopole / greenfield,C-RAN,3,3,0,3,3,3,0,0,1,18,6060,8530,21,33.6,7,15,0
MAF-U-0110,U,Monopole / greenfield,C-RAN,3,3,0,3,3,3,0,0,1,18,6060,8530,21,33.6,7,15,0
MAF-U-0111,U,Monopole / greenfield,C-RAN,3,3,0,3,3,3,0,0,1,18,6060,8530,21,33.6,7,15,0
MAF-U-0112,U,Monopole / greenfield,C-RAN,3,3,0,3,3,3,0,0,1,18,6060,8530,21,33.6,7,15,0
MAF-U-0113,U,Monopole / greenfield,C-RAN,3,3,0,3,3,3,0,0,1,18,6060,8530,21,33.6,7,15,0
MAF-U-0114,U,Monopole / greenfield,C-RAN,3,3,0,3,3,3,0,0,1,18,6060,8530,21,33.6,7,15,0
MAF-U-0115,U,Monopole / greenfield,C-RAN,3,3,0,3,3,3,0,0,1,18,6060,8530,21,33.6,7,15,0
MAF-U-0116,U,Monopole / greenfield,C-RAN,3,3,0,3,3,3,0,0,1,18,6060,8530,21,33.6,7,15,0
MAF-U-0117,U,Monopole / greenfield,C-RAN,3,3,0,3,3,3,0,0,1,18,6060,8530,21,33.6,7,15,0
MAF-U-0118,U,Monopole / greenfield,C-RAN,3,3,0,3,3,3,0,0,1,18,6060,8530,21,33.6,7,15,0
MAF-U-0119,U,Monopole / greenfield,C-RAN,3,3,0,3,3,3,0,0,1,18,6060,8530,21,33.6,7,15,0
MAF-U-0120,U,Monopole / greenfield,C-RAN,3,3,0,3,3,3,0,0,1,18,6060,8530,21,33.6,7,15,0
IRB-U-0061,U,Monopole / greenfield,C-RAN,3,3,0,3,3,3,0,0,1,18,6060,8530,21,33.6,7,15,0
IRB-U-0062,U,Rooftop,C-RAN,3,3,0,3,3,3,0,0,1,18,6060,8530,21,33.6,7,15,0
IRB-U-0063,U,Rooftop,C-RAN,3,3,0,3,3,3,0,0,1,18,6060,8530,21,33.6,7,15,0
IRB-U-0064,U,Monopole / greenfield,C-RAN,3,3,0,3,3,3,0,0,1,18,6060,8530,21,33.6,7,15,0
IRB-U-0065,U,Monopole / greenfield,C-RAN,3,3,0,3,3,3,0,0,1,18,6060,8530,21,33.6,7,15,0
IRB-U-0066,U,Monopole / greenfield,C-RAN,3,3,0,3,3,3,0,0,1,18,6060,8530,21,33.6,7,15,0
IRB-U-0067,U,Monopole / greenfield,C-RAN,3,3,0,3,3,3,0,0,1,18,6060,8530,21,33.6,7,15,0
IRB-U-0068,U,Monopole / greenfield,C-RAN,3,3,0,3,3,3,0,0,1,18,6060,8530,21,33.6,7,15,0
IRB-U-0069,U,Monopole / greenfield,C-RAN,3,3,0,3,3,3,0,0,1,18,6060,8530,21,33.6,7,15,0
IRB-U-0070,U,Rooftop,C-RAN,3,3,0,3,3,3,0,0,1,18,6060,8530,21,33.6,7,15,0
IRB-U-0071,U,Rooftop,C-RAN,3,3,0,3,3,3,0,0,1,18,6060,8530,21,33.6,7,15,0
IRB-U-0072,U,Monopole / greenfield,C-RAN,3,3,0,3,3,3,0,0,1,18,6060,8530,21,33.6,7,15,0
IRB-U-0073,U,Monopole / greenfield,C-RAN,3,3,0,3,3,3,0,0,1,18,6060,8530,21,33.6,7,15,0
IRB-U-0074,U,Monopole / greenfield,C-RAN,3,3,0,3,3,3,0,0,1,18,6060,8530,21,33.6,7,15,0
IRB-U-0075,U,Monopole / greenfield,D-RAN,3,3,0,3,3,3,1,1,0,18,6470,9100,21,38.4,8,15,0
IRB-U-0076,U,Monopole / greenfield,C-RAN,3,3,0,3,3,3,0,0,1,18,6060,8530,21,33.6,7,15,0
IRB-U-0077,U,Monopole / greenfield,C-RAN,3,3,0,3,3,3,0,0,1,18,6060,8530,21,33.6,7,15,0
IRB-U-0078,U,Monopole / greenfield,C-RAN,3,3,0,3,3,3,0,0,1,18,6060,8530,21,33.6,7,15,0
IRB-U-0079,U,Monopole / greenfield,C-RAN,3,3,0,3,3,3,0,0,1,18,6060,8530,21,33.6,7,15,0
IRB-U-0080,U,Monopole / greenfield,C-RAN,3,3,0,3,3,3,0,0,1,18,6060,8530,21,33.6,7,15,0
IRB-U-0081,U,Rooftop,C-RAN,3,3,0,3,3,3,0,0,1,18,6060,8530,21,33.6,7,15,0
IRB-U-0082,U,Rooftop,C-RAN,3,3,0,3,3,3,0,0,1,18,6060,8530,21,33.6,7,15,0
IRB-U-0083,U,Rooftop,C-RAN,3,3,0,3,3,3,0,0,1,18,6060,8530,21,33.6,7,15,0
IRB-U-0084,U,Monopole / greenfield,C-RAN,3,3,0,3,3,3,0,0,1,18,6060,8530,21,33.6,7,15,0
IRB-U-0085,U,Monopole / greenfield,C-RAN,3,3,0,3,3,3,0,0,1,18,6060,8530,21,33.6,7,15,0
IRB-U-0086,U,Monopole / greenfield,C-RAN,3,3,0,3,3,3,0,0,1,18,6060,8530,21,33.6,7,15,0
IRB-U-0087,U,Monopole / greenfield,C-RAN,3,3,0,3,3,3,0,0,1,18,6060,8530,21,33.6,7,15,0
IRB-U-0088,U,Monopole / greenfield,C-RAN,3,3,0,3,3,3,0,0,1,18,6060,8530,21,33.6,7,15,0
IRB-U-0089,U,Monopole / greenfield,C-RAN,3,3,0,3,3,3,0,0,1,18,6060,8530,21,33.6,7,15,0
IRB-U-0090,U,Monopole / greenfield,C-RAN,3,3,0,3,3,3,0,0,1,18,6060,8530,21,33.6,7,15,0
IRB-U-0091,U,Monopole / greenfield,C-RAN,3,3,0,3,3,3,0,0,1,18,6060,8530,21,33.6,7,15,0
IRB-U-0092,U,Monopole / greenfield,C-RAN,3,3,0,3,3,3,0,0,1,18,6060,8530,21,33.6,7,15,0
IRB-U-0093,U,Monopole / greenfield,C-RAN,3,3,0,3,3,3,0,0,1,18,6060,8530,21,33.6,7,15,0
IRB-U-0094,U,Monopole / greenfield,C-RAN,3,3,0,3,3,3,0,0,1,18,6060,8530,21,33.6,7,15,0
IRB-U-0095,U,Monopole / greenfield,C-RAN,3,3,0,3,3,3,0,0,1,18,6060,8530,21,33.6,7,15,0
IRB-U-0096,U,Rooftop,C-RAN,3,3,0,3,3,3,0,0,1,18,6060,8530,21,33.6,7,15,0
IRB-U-0097,U,Rooftop,C-RAN,3,3,0,3,3,3,0,0,1,18,6060,8530,21,33.6,7,15,0
IRB-U-0098,U,Rooftop,C-RAN,3,3,0,3,3,3,0,0,1,18,6060,8530,21,33.6,7,15,0
IRB-U-0099,U,Rooftop,C-RAN,3,3,0,3,3,3,0,0,1,18,6060,8530,21,33.6,7,15,0
IRB-U-0100,U,Monopole / greenfield,C-RAN,3,3,0,3,3,3,0,0,1,18,6060,8530,21,33.6,7,15,0
IRB-U-0101,U,Monopole / greenfield,C-RAN,3,3,0,3,3,3,0,0,1,18,6060,8530,21,33.6,7,15,0
IRB-U-0102,U,Monopole / greenfield,C-RAN,3,3,0,3,3,3,0,0,1,18,6060,8530,21,33.6,7,15,0
IRB-U-0103,U,Monopole / greenfield,C-RAN,3,3,0,3,3,3,0,0,1,18,6060,8530,21,33.6,7,15,0
IRB-U-0104,U,Monopole / greenfield,C-RAN,3,3,0,3,3,3,0,0,1,18,6060,8530,21,33.6,7,15,0
IRB-U-0105,U,Monopole / greenfield,C-RAN,3,3,0,3,3,3,0,0,1,18,6060,8530,21,33.6,7,15,0
IRB-U-0106,U,Monopole / greenfield,C-RAN,3,3,0,3,3,3,0,0,1,18,6060,8530,21,33.6,7,15,0
IRB-U-0107,U,Monopole / greenfield,C-RAN,3,3,0,3,3,3,0,0,1,18,6060,8530,21,33.6,7,15,0
IRB-U-0108,U,Monopole / greenfield,C-RAN,3,3,0,3,3,3,0,0,1,18,6060,8530,21,33.6,7,15,0
IRB-U-0109,U,Monopole / greenfield,C-RAN,3,3,0,3,3,3,0,0,1,18,6060,8530,21,33.6,7,15,0
IRB-U-0110,U,Monopole / greenfield,C-RAN,3,3,0,3,3,3,0,0,1,18,6060,8530,21,33.6,7,15,0
IRB-U-0111,U,Monopole / greenfield,C-RAN,3,3,0,3,3,3,0,0,1,18,6060,8530,21,33.6,7,15,0
IRB-U-0112,U,Monopole / greenfield,C-RAN,3,3,0,3,3,3,0,0,1,18,6060,8530,21,33.6,7,15,0
IRB-U-0113,U,Rooftop,C-RAN,3,3,0,3,3,3,0,0,1,18,6060,8530,21,33.6,7,15,0
IRB-U-0114,U,Rooftop,C-RAN,3,3,0,3,3,3,0,0,1,18,6060,8530,21,33.6,7,15,0
IRB-U-0115,U,Rooftop,C-RAN,3,3,0,3,3,3,0,0,1,18,6060,8530,21,33.6,7,15,0
IRB-U-0116,U,Rooftop,C-RAN,3,3,0,3,3,3,0,0,1,18,6060,8530,21,33.6,7,15,0
IRB-U-0117,U,Rooftop,C-RAN,3,3,0,3,3,3,0,0,1,18,6060,8530,21,33.6,7,15,0
IRB-U-0118,U,Monopole / greenfield,C-RAN,3,3,0,3,3,3,0,0,1,18,6060,8530,21,33.6,7,15,0
IRB-U-0119,U,Monopole / greenfield,C-RAN,3,3,0,3,3,3,0,0,1,18,6060,8530,21,33.6,7,15,0
IRB-U-0120,U,Monopole / greenfield,C-RAN,3,3,0,3,3,3,0,0,1,18,6060,8530,21,33.6,7,15,0
IRB-U-0121,U,Monopole / greenfield,C-RAN,3,3,0,3,3,3,0,0,1,18,6060,8530,21,33.6,7,15,0
IRB-U-0122,U,Monopole / greenfield,C-RAN,3,3,0,3,3,3,0,0,1,18,6060,8530,21,33.6,7,15,0
IRB-U-0123,U,Monopole / greenfield,C-RAN,3,3,0,3,3,3,0,0,1,18,6060,8530,21,33.6,7,15,0
IRB-U-0124,U,Monopole / greenfield,C-RAN,3,3,0,3,3,3,0,0,1,18,6060,8530,21,33.6,7,15,0
IRB-U-0125,U,Monopole / greenfield,D-RAN,3,3,0,3,3,3,1,1,0,18,6470,9100,21,38.4,8,15,0
IRB-U-0126,U,Monopole / greenfield,C-RAN,3,3,0,3,3,3,0,0,1,18,6060,8530,21,33.6,7,15,0
IRB-U-0127,U,Monopole / greenfield,C-RAN,3,3,0,3,3,3,0,0,1,18,6060,8530,21,33.6,7,15,0
IRB-U-0128,U,Monopole / greenfield,C-RAN,3,3,0,3,3,3,0,0,1,18,6060,8530,21,33.6,7,15,0
IRB-U-0129,U,Monopole / greenfield,C-RAN,3,3,0,3,3,3,0,0,1,18,6060,8530,21,33.6,7,15,0
IRB-U-0130,U,Rooftop,C-RAN,3,3,0,3,3,3,0,0,1,18,6060,8530,21,33.6,7,15,0
IRB-U-0131,U,Rooftop,C-RAN,3,3,0,3,3,3,0,0,1,18,6060,8530,21,33.6,7,15,0
IRB-U-0132,U,Rooftop,C-RAN,3,3,0,3,3,3,0,0,1,18,6060,8530,21,33.6,7,15,0
IRB-U-0133,U,Rooftop,C-RAN,3,3,0,3,3,3,0,0,1,18,6060,8530,21,33.6,7,15,0
IRB-U-0134,U,Rooftop,C-RAN,3,3,0,3,3,3,0,0,1,18,6060,8530,21,33.6,7,15,0
IRB-U-0135,U,Rooftop,C-RAN,3,3,0,3,3,3,0,0,1,18,6060,8530,21,33.6,7,15,0
IRB-U-0136,U,Rooftop,C-RAN,3,3,0,3,3,3,0,0,1,18,6060,8530,21,33.6,7,15,0
IRB-U-0137,U,Monopole / greenfield,C-RAN,3,3,0,3,3,3,0,0,1,18,6060,8530,21,33.6,7,15,0
IRB-U-0138,U,Monopole / greenfield,C-RAN,3,3,0,3,3,3,0,0,1,18,6060,8530,21,33.6,7,15,0
IRB-U-0139,U,Monopole / greenfield,C-RAN,3,3,0,3,3,3,0,0,1,18,6060,8530,21,33.6,7,15,0
IRB-U-0140,U,Monopole / greenfield,C-RAN,3,3,0,3,3,3,0,0,1,18,6060,8530,21,33.6,7,15,0
IRB-U-0141,U,Monopole / greenfield,C-RAN,3,3,0,3,3,3,0,0,1,18,6060,8530,21,33.6,7,15,0
IRB-U-0142,U,Monopole / greenfield,C-RAN,3,3,0,3,3,3,0,0,1,18,6060,8530,21,33.6,7,15,0
IRB-U-0143,U,Monopole / greenfield,C-RAN,3,3,0,3,3,3,0,0,1,18,6060,8530,21,33.6,7,15,0
IRB-U-0144,U,Monopole / greenfield,D-RAN,3,3,0,3,3,3,1,1,0,18,6470,9100,21,38.4,8,15,0
IRB-U-0145,U,Monopole / greenfield,C-RAN,3,3,0,3,3,3,0,0,1,18,6060,8530,21,33.6,7,15,0
IRB-U-0146,U,Monopole / greenfield,C-RAN,3,3,0,3,3,3,0,0,1,18,6060,8530,21,33.6,7,15,0
IRB-U-0147,U,Monopole / greenfield,C-RAN,3,3,0,3,3,3,0,0,1,18,6060,8530,21,33.6,7,15,0
IRB-U-0148,U,Monopole / greenfield,C-RAN,3,3,0,3,3,3,0,0,1,18,6060,8530,21,33.6,7,15,0
IRB-U-0149,U,Rooftop,C-RAN,3,3,0,3,3,3,0,0,1,18,6060,8530,21,33.6,7,15,0
IRB-U-0150,U,Rooftop,C-RAN,3,3,0,3,3,3,0,0,1,18,6060,8530,21,33.6,7,15,0
IRB-U-0151,U,Rooftop,C-RAN,3,3,0,3,3,3,0,0,1,18,6060,8530,21,33.6,7,15,0
IRB-U-0152,U,Rooftop,C-RAN,3,3,0,3,3,3,0,0,1,18,6060,8530,21,33.6,7,15,0
IRB-U-0153,U,Rooftop,C-RAN,3,3,0,3,3,3,0,0,1,18,6060,8530,21,33.6,7,15,0
IRB-U-0154,U,Rooftop,C-RAN,3,3,0,3,3,3,0,0,1,18,6060,8530,21,33.6,7,15,0
IRB-U-0155,U,Rooftop,C-RAN,3,3,0,3,3,3,0,0,1,18,6060,8530,21,33.6,7,15,0
IRB-U-0156,U,Rooftop,C-RAN,3,3,0,3,3,3,0,0,1,18,6060,8530,21,33.6,7,15,0
IRB-U-0157,U,Monopole / greenfield,C-RAN,3,3,0,3,3,3,0,0,1,18,6060,8530,21,33.6,7,15,0
IRB-U-0158,U,Monopole / greenfield,C-RAN,3,3,0,3,3,3,0,0,1,18,6060,8530,21,33.6,7,15,0
IRB-U-0159,U,Monopole / greenfield,C-RAN,3,3,0,3,3,3,0,0,1,18,6060,8530,21,33.6,7,15,0
IRB-U-0160,U,Monopole / greenfield,C-RAN,3,3,0,3,3,3,0,0,1,18,6060,8530,21,33.6,7,15,0
IRB-U-0161,U,Monopole / greenfield,C-RAN,3,3,0,3,3,3,0,0,1,18,6060,8530,21,33.6,7,15,0
IRB-U-0162,U,Monopole / greenfield,C-RAN,3,3,0,3,3,3,0,0,1,18,6060,8530,21,33.6,7,15,0
IRB-U-0163,U,Monopole / greenfield,C-RAN,3,3,0,3,3,3,0,0,1,18,6060,8530,21,33.6,7,15,0
IRB-U-0164,U,Monopole / greenfield,C-RAN,3,3,0,3,3,3,0,0,1,18,6060,8530,21,33.6,7,15,0
IRB-U-0165,U,Monopole / greenfield,C-RAN,3,3,0,3,3,3,0,0,1,18,6060,8530,21,33.6,7,15,0
IRB-U-0166,U,Monopole / greenfield,C-RAN,3,3,0,3,3,3,0,0,1,18,6060,8530,21,33.6,7,15,0
IRB-U-0167,U,Monopole / greenfield,C-RAN,3,3,0,3,3,3,0,0,1,18,6060,8530,21,33.6,7,15,0
IRB-U-0168,U,Monopole / greenfield,C-RAN,3,3,0,3,3,3,0,0,1,18,6060,8530,21,33.6,7,15,0
IRB-U-0169,U,Rooftop,C-RAN,3,3,0,3,3,3,0,0,1,18,6060,8530,21,33.6,7,15,0
IRB-U-0170,U,Rooftop,C-RAN,3,3,0,3,3,3,0,0,1,18,6060,8530,21,33.6,7,15,0
IRB-U-0171,U,Rooftop,C-RAN,3,3,0,3,3,3,0,0,1,18,6060,8530,21,33.6,7,15,0
IRB-U-0172,U,Rooftop,C-RAN,3,3,0,3,3,3,0,0,1,18,6060,8530,21,33.6,7,15,0
IRB-U-0173,U,Rooftop,C-RAN,3,3,0,3,3,3,0,0,1,18,6060,8530,21,33.6,7,15,0
IRB-U-0174,U,Rooftop,C-RAN,3,3,0,3,3,3,0,0,1,18,6060,8530,21,33.6,7,15,0
IRB-U-0175,U,Rooftop,C-RAN,3,3,0,3,3,3,0,0,1,18,6060,8530,21,33.6,7,15,0
IRB-U-0176,U,Rooftop,C-RAN,3,3,0,3,3,3,0,0,1,18,6060,8530,21,33.6,7,15,0
IRB-U-0177,U,Rooftop,C-RAN,3,3,0,3,3,3,0,0,1,18,6060,8530,21,33.6,7,15,0
IRB-U-0178,U,Monopole / greenfield,C-RAN,3,3,0,3,3,3,0,0,1,18,6060,8530,21,33.6,7,15,0
IRB-U-0179,U,Monopole / greenfield,C-RAN,3,3,0,3,3,3,0,0,1,18,6060,8530,21,33.6,7,15,0
IRB-U-0180,U,Monopole / greenfield,C-RAN,3,3,0,3,3,3,0,0,1,18,6060,8530,21,33.6,7,15,0
IRB-U-0181,U,Monopole / greenfield,C-RAN,3,3,0,3,3,3,0,0,1,18,6060,8530,21,33.6,7,15,0
IRB-U-0182,U,Monopole / greenfield,C-RAN,3,3,0,3,3,3,0,0,1,18,6060,8530,21,33.6,7,15,0
IRB-U-0183,U,Monopole / greenfield,C-RAN,3,3,0,3,3,3,0,0,1,18,6060,8530,21,33.6,7,15,0
IRB-U-0184,U,Monopole / greenfield,C-RAN,3,3,0,3,3,3,0,0,1,18,6060,8530,21,33.6,7,15,0
IRB-U-0185,U,Monopole / greenfield,C-RAN,3,3,0,3,3,3,0,0,1,18,6060,8530,21,33.6,7,15,0
IRB-U-0186,U,Monopole / greenfield,C-RAN,3,3,0,3,3,3,0,0,1,18,6060,8530,21,33.6,7,15,0
IRB-U-0187,U,Monopole / greenfield,C-RAN,3,3,0,3,3,3,0,0,1,18,6060,8530,21,33.6,7,15,0
IRB-U-0188,U,Monopole / greenfield,C-RAN,3,3,0,3,3,3,0,0,1,18,6060,8530,21,33.6,7,15,0
IRB-U-0189,U,Monopole / greenfield,C-RAN,3,3,0,3,3,3,0,0,1,18,6060,8530,21,33.6,7,15,0
IRB-U-0190,U,Monopole / greenfield,C-RAN,3,3,0,3,3,3,0,0,1,18,6060,8530,21,33.6,7,15,0
IRB-U-0191,U,Rooftop,C-RAN,3,3,0,3,3,3,0,0,1,18,6060,8530,21,33.6,7,15,0
IRB-U-0192,U,Rooftop,C-RAN,3,3,0,3,3,3,0,0,1,18,6060,8530,21,33.6,7,15,0
IRB-U-0193,U,Rooftop,C-RAN,3,3,0,3,3,3,0,0,1,18,6060,8530,21,33.6,7,15,0
IRB-U-0194,U,Rooftop,C-RAN,3,3,0,3,3,3,0,0,1,18,6060,8530,21,33.6,7,15,0
IRB-U-0195,U,Rooftop,C-RAN,3,3,0,3,3,3,0,0,1,18,6060,8530,21,33.6,7,15,0
IRB-U-0196,U,Rooftop,C-RAN,3,3,0,3,3,3,0,0,1,18,6060,8530,21,33.6,7,15,0
IRB-U-0197,U,Rooftop,C-RAN,3,3,0,3,3,3,0,0,1,18,6060,8530,21,33.6,7,15,0
IRB-U-0198,U,Rooftop,C-RAN,3,3,0,3,3,3,0,0,1,18,6060,8530,21,33.6,7,15,0
IRB-U-0199,U,Rooftop,C-RAN,3,3,0,3,3,3,0,0,1,18,6060,8530,21,33.6,7,15,0
IRB-U-0200,U,Monopole / greenfield,C-RAN,3,3,0,3,3,3,0,0,1,18,6060,8530,21,33.6,7,15,0
IRB-U-0201,U,Monopole / greenfield,C-RAN,3,3,0,3,3,3,0,0,1,18,6060,8530,21,33.6,7,15,0
IRB-U-0202,U,Monopole / greenfield,C-RAN,3,3,0,3,3,3,0,0,1,18,6060,8530,21,33.6,7,15,0
IRB-U-0203,U,Monopole / greenfield,C-RAN,3,3,0,3,3,3,0,0,1,18,6060,8530,21,33.6,7,15,0
IRB-U-0204,U,Monopole / greenfield,C-RAN,3,3,0,3,3,3,0,0,1,18,6060,8530,21,33.6,7,15,0
IRB-U-0205,U,Monopole / greenfield,C-RAN,3,3,0,3,3,3,0,0,1,18,6060,8530,21,33.6,7,15,0
IRB-U-0206,U,Monopole / greenfield,C-RAN,3,3,0,3,3,3,0,0,1,18,6060,8530,21,33.6,7,15,0
IRB-U-0207,U,Monopole / greenfield,C-RAN,3,3,0,3,3,3,0,0,1,18,6060,8530,21,33.6,7,15,0
IRB-U-0208,U,Monopole / greenfield,C-RAN,3,3,0,3,3,3,0,0,1,18,6060,8530,21,33.6,7,15,0
IRB-U-0209,U,Monopole / greenfield,C-RAN,3,3,0,3,3,3,0,0,1,18,6060,8530,21,33.6,7,15,0
IRB-U-0210,U,Monopole / greenfield,C-RAN,3,3,0,3,3,3,0,0,1,18,6060,8530,21,33.6,7,15,0
IRB-U-0211,U,Monopole / greenfield,C-RAN,3,3,0,3,3,3,0,0,1,18,6060,8530,21,33.6,7,15,0
IRB-U-0212,U,Monopole / greenfield,C-RAN,3,3,0,3,3,3,0,0,1,18,6060,8530,21,33.6,7,15,0
IRB-U-0213,U,Rooftop,C-RAN,3,3,0,3,3,3,0,0,1,18,6060,8530,21,33.6,7,15,0
IRB-U-0214,U,Rooftop,C-RAN,3,3,0,3,3,3,0,0,1,18,6060,8530,21,33.6,7,15,0
IRB-U-0215,U,Rooftop,C-RAN,3,3,0,3,3,3,0,0,1,18,6060,8530,21,33.6,7,15,0
IRB-U-0216,U,Rooftop,C-RAN,3,3,0,3,3,3,0,0,1,18,6060,8530,21,33.6,7,15,0
IRB-U-0217,U,Rooftop,C-RAN,3,3,0,3,3,3,0,0,1,18,6060,8530,21,33.6,7,15,0
IRB-U-0218,U,Rooftop,C-RAN,3,3,0,3,3,3,0,0,1,18,6060,8530,21,33.6,7,15,0
IRB-U-0219,U,Rooftop,C-RAN,3,3,0,3,3,3,0,0,1,18,6060,8530,21,33.6,7,15,0
IRB-U-0220,U,Rooftop,C-RAN,3,3,0,3,3,3,0,0,1,18,6060,8530,21,33.6,7,15,0
IRB-U-0221,U,Rooftop,C-RAN,3,3,0,3,3,3,0,0,1,18,6060,8530,21,33.6,7,15,0
IRB-U-0222,U,Rooftop,C-RAN,3,3,0,3,3,3,0,0,1,18,6060,8530,21,33.6,7,15,0
IRB-U-0223,U,Rooftop,C-RAN,3,3,0,3,3,3,0,0,1,18,6060,8530,21,33.6,7,15,0
IRB-U-0224,U,Monopole / greenfield,C-RAN,3,3,0,3,3,3,0,0,1,18,6060,8530,21,33.6,7,15,0
IRB-U-0225,U,Monopole / greenfield,C-RAN,3,3,0,3,3,3,0,0,1,18,6060,8530,21,33.6,7,15,0
IRB-U-0226,U,Monopole / greenfield,C-RAN,3,3,0,3,3,3,0,0,1,18,6060,8530,21,33.6,7,15,0
IRB-U-0227,U,Monopole / greenfield,C-RAN,3,3,0,3,3,3,0,0,1,18,6060,8530,21,33.6,7,15,0
IRB-U-0228,U,Monopole / greenfield,C-RAN,3,3,0,3,3,3,0,0,1,18,6060,8530,21,33.6,7,15,0
IRB-U-0229,U,Monopole / greenfield,C-RAN,3,3,0,3,3,3,0,0,1,18,6060,8530,21,33.6,7,15,0
IRB-U-0230,U,Rooftop,C-RAN,3,3,0,3,3,3,0,0,1,18,6060,8530,21,33.6,7,15,0
IRB-U-0231,U,Rooftop,C-RAN,3,3,0,3,3,3,0,0,1,18,6060,8530,21,33.6,7,15,0
IRB-U-0232,U,Monopole / greenfield,C-RAN,3,3,0,3,3,3,0,0,1,18,6060,8530,21,33.6,7,15,0
IRB-U-0233,U,Monopole / greenfield,C-RAN,3,3,0,3,3,3,0,0,1,18,6060,8530,21,33.6,7,15,0
IRB-U-0234,U,Monopole / greenfield,C-RAN,3,3,0,3,3,3,0,0,1,18,6060,8530,21,33.6,7,15,0
IRB-U-0235,U,Monopole / greenfield,C-RAN,3,3,0,3,3,3,0,0,1,18,6060,8530,21,33.6,7,15,0
IRB-U-0236,U,Monopole / greenfield,C-RAN,3,3,0,3,3,3,0,0,1,18,6060,8530,21,33.6,7,15,0
IRB-U-0237,U,Rooftop,C-RAN,3,3,0,3,3,3,0,0,1,18,6060,8530,21,33.6,7,15,0
IRB-U-0238,U,Rooftop,C-RAN,3,3,0,3,3,3,0,0,1,18,6060,8530,21,33.6,7,15,0
IRB-U-0239,U,Rooftop,C-RAN,3,3,0,3,3,3,0,0,1,18,6060,8530,21,33.6,7,15,0
IRB-U-0240,U,Rooftop,C-RAN,3,3,0,3,3,3,0,0,1,18,6060,8530,21,33.6,7,15,0
IRB-U-0241,U,Rooftop,C-RAN,3,3,0,3,3,3,0,0,1,18,6060,8530,21,33.6,7,15,0
IRB-U-0242,U,Rooftop,C-RAN,3,3,0,3,3,3,0,0,1,18,6060,8530,21,33.6,7,15,0
IRB-U-0243,U,Rooftop,C-RAN,3,3,0,3,3,3,0,0,1,18,6060,8530,21,33.6,7,15,0
IRB-U-0244,U,Rooftop,C-RAN,3,3,0,3,3,3,0,0,1,18,6060,8530,21,33.6,7,15,0
IRB-U-0245,U,Rooftop,C-RAN,3,3,0,3,3,3,0,0,1,18,6060,8530,21,33.6,7,15,0
IRB-U-0246,U,Monopole / greenfield,C-RAN,3,3,0,3,3,3,0,0,1,18,6060,8530,21,33.6,7,15,0
IRB-U-0247,U,Monopole / greenfield,C-RAN,3,3,0,3,3,3,0,0,1,18,6060,8530,21,33.6,7,15,0
IRB-U-0248,U,Monopole / greenfield,C-RAN,3,3,0,3,3,3,0,0,1,18,6060,8530,21,33.6,7,15,0
IRB-U-0249,U,Monopole / greenfield,C-RAN,3,3,0,3,3,3,0,0,1,18,6060,8530,21,33.6,7,15,0
IRB-U-0250,U,Monopole / greenfield,C-RAN,3,3,0,3,3,3,0,0,1,18,6060,8530,21,33.6,7,15,0
IRB-U-0251,U,Monopole / greenfield,C-RAN,3,3,0,3,3,3,0,0,1,18,6060,8530,21,33.6,7,15,0
IRB-U-0252,U,Monopole / greenfield,C-RAN,3,3,0,3,3,3,0,0,1,18,6060,8530,21,33.6,7,15,0
IRB-U-0253,U,Monopole / greenfield,C-RAN,3,3,0,3,3,3,0,0,1,18,6060,8530,21,33.6,7,15,0
IRB-U-0254,U,Rooftop,C-RAN,3,3,0,3,3,3,0,0,1,18,6060,8530,21,33.6,7,15,0
IRB-U-0255,U,Rooftop,C-RAN,3,3,0,3,3,3,0,0,1,18,6060,8530,21,33.6,7,15,0
IRB-U-0256,U,Monopole / greenfield,C-RAN,3,3,0,3,3,3,0,0,1,18,6060,8530,21,33.6,7,15,0
IRB-U-0257,U,Rooftop,C-RAN,3,3,0,3,3,3,0,0,1,18,6060,8530,21,33.6,7,15,0
IRB-U-0258,U,Rooftop,C-RAN,3,3,0,3,3,3,0,0,1,18,6060,8530,21,33.6,7,15,0
IRB-U-0259,U,Monopole / greenfield,C-RAN,3,3,0,3,3,3,0,0,1,18,6060,8530,21,33.6,7,15,0
IRB-U-0260,U,Monopole / greenfield,C-RAN,3,3,0,3,3,3,0,0,1,18,6060,8530,21,33.6,7,15,0
IRB-U-0261,U,Monopole / greenfield,C-RAN,3,3,0,3,3,3,0,0,1,18,6060,8530,21,33.6,7,15,0
IRB-U-0262,U,Monopole / greenfield,C-RAN,3,3,0,3,3,3,0,0,1,18,6060,8530,21,33.6,7,15,0
IRB-U-0263,U,Monopole / greenfield,C-RAN,3,3,0,3,3,3,0,0,1,18,6060,8530,21,33.6,7,15,0
IRB-U-0264,U,Rooftop,C-RAN,3,3,0,3,3,3,0,0,1,18,6060,8530,21,33.6,7,15,0
IRB-U-0265,U,Rooftop,C-RAN,3,3,0,3,3,3,0,0,1,18,6060,8530,21,33.6,7,15,0
IRB-U-0266,U,Rooftop,C-RAN,3,3,0,3,3,3,0,0,1,18,6060,8530,21,33.6,7,15,0
IRB-U-0267,U,Monopole / greenfield,C-RAN,3,3,0,3,3,3,0,0,1,18,6060,8530,21,33.6,7,15,0
IRB-U-0268,U,Monopole / greenfield,C-RAN,3,3,0,3,3,3,0,0,1,18,6060,8530,21,33.6,7,15,0
IRB-U-0269,U,Monopole / greenfield,C-RAN,3,3,0,3,3,3,0,0,1,18,6060,8530,21,33.6,7,15,0
IRB-U-0270,U,Monopole / greenfield,C-RAN,3,3,0,3,3,3,0,0,1,18,6060,8530,21,33.6,7,15,0
IRB-U-0271,U,Monopole / greenfield,C-RAN,3,3,0,3,3,3,0,0,1,18,6060,8530,21,33.6,7,15,0
IRB-U-0272,U,Monopole / greenfield,C-RAN,3,3,0,3,3,3,0,0,1,18,6060,8530,21,33.6,7,15,0
IRB-U-0273,U,Monopole / greenfield,C-RAN,3,3,0,3,3,3,0,0,1,18,6060,8530,21,33.6,7,15,0
IRB-U-0274,U,Monopole / greenfield,C-RAN,3,3,0,3,3,3,0,0,1,18,6060,8530,21,33.6,7,15,0
IRB-U-0275,U,Monopole / greenfield,C-RAN,3,3,0,3,3,3,0,0,1,18,6060,8530,21,33.6,7,15,0
IRB-U-0276,U,Rooftop,C-RAN,3,3,0,3,3,3,0,0,1,18,6060,8530,21,33.6,7,15,0
IRB-U-0277,U,Rooftop,C-RAN,3,3,0,3,3,3,0,0,1,18,6060,8530,21,33.6,7,15,0
IRB-U-0278,U,Monopole / greenfield,C-RAN,3,3,0,3,3,3,0,0,1,18,6060,8530,21,33.6,7,15,0
IRB-U-0279,U,Monopole / greenfield,C-RAN,3,3,0,3,3,3,0,0,1,18,6060,8530,21,33.6,7,15,0
IRB-U-0280,U,Rooftop,C-RAN,3,3,0,3,3,3,0,0,1,18,6060,8530,21,33.6,7,15,0
IRB-U-0281,U,Rooftop,C-RAN,3,3,0,3,3,3,0,0,1,18,6060,8530,21,33.6,7,15,0
IRB-U-0282,U,Monopole / greenfield,C-RAN,3,3,0,3,3,3,0,0,1,18,6060,8530,21,33.6,7,15,0
IRB-U-0283,U,Monopole / greenfield,C-RAN,3,3,0,3,3,3,0,0,1,18,6060,8530,21,33.6,7,15,0
IRB-U-0284,U,Monopole / greenfield,C-RAN,3,3,0,3,3,3,0,0,1,18,6060,8530,21,33.6,7,15,0
IRB-U-0285,U,Monopole / greenfield,C-RAN,3,3,0,3,3,3,0,0,1,18,6060,8530,21,33.6,7,15,0
IRB-U-0286,U,Rooftop,C-RAN,3,3,0,3,3,3,0,0,1,18,6060,8530,21,33.6,7,15,0
IRB-U-0287,U,Rooftop,C-RAN,3,3,0,3,3,3,0,0,1,18,6060,8530,21,33.6,7,15,0
IRB-U-0288,U,Rooftop,C-RAN,3,3,0,3,3,3,0,0,1,18,6060,8530,21,33.6,7,15,0
IRB-U-0289,U,Monopole / greenfield,C-RAN,3,3,0,3,3,3,0,0,1,18,6060,8530,21,33.6,7,15,0
IRB-U-0290,U,Monopole / greenfield,C-RAN,3,3,0,3,3,3,0,0,1,18,6060,8530,21,33.6,7,15,0
IRB-U-0291,U,Monopole / greenfield,C-RAN,3,3,0,3,3,3,0,0,1,18,6060,8530,21,33.6,7,15,0
IRB-U-0292,U,Monopole / greenfield,C-RAN,3,3,0,3,3,3,0,0,1,18,6060,8530,21,33.6,7,15,0
IRB-U-0293,U,Monopole / greenfield,C-RAN,3,3,0,3,3,3,0,0,1,18,6060,8530,21,33.6,7,15,0
IRB-U-0294,U,Monopole / greenfield,C-RAN,3,3,0,3,3,3,0,0,1,18,6060,8530,21,33.6,7,15,0
IRB-U-0295,U,Monopole / greenfield,C-RAN,3,3,0,3,3,3,0,0,1,18,6060,8530,21,33.6,7,15,0
IRB-U-0296,U,Monopole / greenfield,C-RAN,3,3,0,3,3,3,0,0,1,18,6060,8530,21,33.6,7,15,0
IRB-U-0297,U,Rooftop,C-RAN,3,3,0,3,3,3,0,0,1,18,6060,8530,21,33.6,7,15,0
IRB-U-0298,U,Rooftop,C-RAN,3,3,0,3,3,3,0,0,1,18,6060,8530,21,33.6,7,15,0
IRB-U-0299,U,Rooftop,C-RAN,3,3,0,3,3,3,0,0,1,18,6060,8530,21,33.6,7,15,0
IRB-U-0300,U,Rooftop,C-RAN,3,3,0,3,3,3,0,0,1,18,6060,8530,21,33.6,7,15,0
IRB-U-0301,U,Monopole / greenfield,C-RAN,3,3,0,3,3,3,0,0,1,18,6060,8530,21,33.6,7,15,0
IRB-U-0302,U,Monopole / greenfield,C-RAN,3,3,0,3,3,3,0,0,1,18,6060,8530,21,33.6,7,15,0
IRB-U-0303,U,Monopole / greenfield,C-RAN,3,3,0,3,3,3,0,0,1,18,6060,8530,21,33.6,7,15,0
IRB-U-0304,U,Monopole / greenfield,C-RAN,3,3,0,3,3,3,0,0,1,18,6060,8530,21,33.6,7,15,0
IRB-U-0305,U,Monopole / greenfield,C-RAN,3,3,0,3,3,3,0,0,1,18,6060,8530,21,33.6,7,15,0
IRB-U-0306,U,Monopole / greenfield,C-RAN,3,3,0,3,3,3,0,0,1,18,6060,8530,21,33.6,7,15,0
IRB-U-0307,U,Rooftop,C-RAN,3,3,0,3,3,3,0,0,1,18,6060,8530,21,33.6,7,15,0
IRB-U-0308,U,Rooftop,C-RAN,3,3,0,3,3,3,0,0,1,18,6060,8530,21,33.6,7,15,0
IRB-U-0309,U,Rooftop,C-RAN,3,3,0,3,3,3,0,0,1,18,6060,8530,21,33.6,7,15,0
IRB-U-0310,U,Rooftop,C-RAN,3,3,0,3,3,3,0,0,1,18,6060,8530,21,33.6,7,15,0
IRB-U-0311,U,Rooftop,C-RAN,3,3,0,3,3,3,0,0,1,18,6060,8530,21,33.6,7,15,0
IRB-U-0312,U,Monopole / greenfield,C-RAN,3,3,0,3,3,3,0,0,1,18,6060,8530,21,33.6,7,15,0
IRB-U-0313,U,Monopole / greenfield,C-RAN,3,3,0,3,3,3,0,0,1,18,6060,8530,21,33.6,7,15,0
IRB-U-0314,U,Monopole / greenfield,C-RAN,3,3,0,3,3,3,0,0,1,18,6060,8530,21,33.6,7,15,0
IRB-U-0315,U,Monopole / greenfield,C-RAN,3,3,0,3,3,3,0,0,1,18,6060,8530,21,33.6,7,15,0
IRB-U-0316,U,Monopole / greenfield,C-RAN,3,3,0,3,3,3,0,0,1,18,6060,8530,21,33.6,7,15,0
IRB-U-0317,U,Monopole / greenfield,C-RAN,3,3,0,3,3,3,0,0,1,18,6060,8530,21,33.6,7,15,0
IRB-U-0318,U,Monopole / greenfield,C-RAN,3,3,0,3,3,3,0,0,1,18,6060,8530,21,33.6,7,15,0
IRB-U-0319,U,Monopole / greenfield,C-RAN,3,3,0,3,3,3,0,0,1,18,6060,8530,21,33.6,7,15,0
IRB-U-0320,U,Rooftop,C-RAN,3,3,0,3,3,3,0,0,1,18,6060,8530,21,33.6,7,15,0
IRB-U-0321,U,Rooftop,C-RAN,3,3,0,3,3,3,0,0,1,18,6060,8530,21,33.6,7,15,0
IRB-U-0322,U,Rooftop,C-RAN,3,3,0,3,3,3,0,0,1,18,6060,8530,21,33.6,7,15,0
IRB-U-0323,U,Rooftop,C-RAN,3,3,0,3,3,3,0,0,1,18,6060,8530,21,33.6,7,15,0
IRB-U-0324,U,Rooftop,C-RAN,3,3,0,3,3,3,0,0,1,18,6060,8530,21,33.6,7,15,0
IRB-U-0325,U,Monopole / greenfield,C-RAN,3,3,0,3,3,3,0,0,1,18,6060,8530,21,33.6,7,15,0
IRB-U-0326,U,Monopole / greenfield,C-RAN,3,3,0,3,3,3,0,0,1,18,6060,8530,21,33.6,7,15,0
IRB-U-0327,U,Monopole / greenfield,C-RAN,3,3,0,3,3,3,0,0,1,18,6060,8530,21,33.6,7,15,0
IRB-U-0328,U,Monopole / greenfield,C-RAN,3,3,0,3,3,3,0,0,1,18,6060,8530,21,33.6,7,15,0
IRB-U-0329,U,Monopole / greenfield,C-RAN,3,3,0,3,3,3,0,0,1,18,6060,8530,21,33.6,7,15,0
IRB-U-0330,U,Rooftop,C-RAN,3,3,0,3,3,3,0,0,1,18,6060,8530,21,33.6,7,15,0
IRB-U-0331,U,Rooftop,C-RAN,3,3,0,3,3,3,0,0,1,18,6060,8530,21,33.6,7,15,0
IRB-U-0332,U,Rooftop,C-RAN,3,3,0,3,3,3,0,0,1,18,6060,8530,21,33.6,7,15,0
IRB-U-0333,U,Rooftop,C-RAN,3,3,0,3,3,3,0,0,1,18,6060,8530,21,33.6,7,15,0
IRB-U-0334,U,Rooftop,C-RAN,3,3,0,3,3,3,0,0,1,18,6060,8530,21,33.6,7,15,0
IRB-U-0335,U,Monopole / greenfield,C-RAN,3,3,0,3,3,3,0,0,1,18,6060,8530,21,33.6,7,15,0
IRB-U-0336,U,Rooftop,C-RAN,3,3,0,3,3,3,0,0,1,18,6060,8530,21,33.6,7,15,0
IRB-U-0337,U,Rooftop,C-RAN,3,3,0,3,3,3,0,0,1,18,6060,8530,21,33.6,7,15,0
IRB-U-0338,U,Rooftop,C-RAN,3,3,0,3,3,3,0,0,1,18,6060,8530,21,33.6,7,15,0
IRB-U-0339,U,Monopole / greenfield,C-RAN,3,3,0,3,3,3,0,0,1,18,6060,8530,21,33.6,7,15,0
IRB-U-0340,U,Monopole / greenfield,C-RAN,3,3,0,3,3,3,0,0,1,18,6060,8530,21,33.6,7,15,0
IRB-U-0341,U,Monopole / greenfield,C-RAN,3,3,0,3,3,3,0,0,1,18,6060,8530,21,33.6,7,15,0
IRB-U-0342,U,Monopole / greenfield,C-RAN,3,3,0,3,3,3,0,0,1,18,6060,8530,21,33.6,7,15,0
IRB-U-0343,U,Rooftop,C-RAN,3,3,0,3,3,3,0,0,1,18,6060,8530,21,33.6,7,15,0
IRB-U-0344,U,Rooftop,C-RAN,3,3,0,3,3,3,0,0,1,18,6060,8530,21,33.6,7,15,0
IRB-U-0345,U,Rooftop,C-RAN,3,3,0,3,3,3,0,0,1,18,6060,8530,21,33.6,7,15,0
IRB-U-0346,U,Rooftop,C-RAN,3,3,0,3,3,3,0,0,1,18,6060,8530,21,33.6,7,15,0
IRB-U-0347,U,Rooftop,C-RAN,3,3,0,3,3,3,0,0,1,18,6060,8530,21,33.6,7,15,0
IRB-U-0348,U,Monopole / greenfield,C-RAN,3,3,0,3,3,3,0,0,1,18,6060,8530,21,33.6,7,15,0
IRB-U-0349,U,Monopole / greenfield,C-RAN,3,3,0,3,3,3,0,0,1,18,6060,8530,21,33.6,7,15,0
IRB-U-0350,U,Monopole / greenfield,C-RAN,3,3,0,3,3,3,0,0,1,18,6060,8530,21,33.6,7,15,0
IRB-U-0351,U,Monopole / greenfield,C-RAN,3,3,0,3,3,3,0,0,1,18,6060,8530,21,33.6,7,15,0
IRB-U-0352,U,Monopole / greenfield,C-RAN,3,3,0,3,3,3,0,0,1,18,6060,8530,21,33.6,7,15,0
IRB-U-0353,U,Rooftop,C-RAN,3,3,0,3,3,3,0,0,1,18,6060,8530,21,33.6,7,15,0
IRB-U-0354,U,Rooftop,C-RAN,3,3,0,3,3,3,0,0,1,18,6060,8530,21,33.6,7,15,0
IRB-U-0355,U,Rooftop,C-RAN,3,3,0,3,3,3,0,0,1,18,6060,8530,21,33.6,7,15,0
IRB-U-0356,U,Rooftop,C-RAN,3,3,0,3,3,3,0,0,1,18,6060,8530,21,33.6,7,15,0
IRB-U-0357,U,Rooftop,C-RAN,3,3,0,3,3,3,0,0,1,18,6060,8530,21,33.6,7,15,0
IRB-U-0358,U,Rooftop,C-RAN,3,3,0,3,3,3,0,0,1,18,6060,8530,21,33.6,7,15,0
IRB-U-0359,U,Monopole / greenfield,C-RAN,3,3,0,3,3,3,0,0,1,18,6060,8530,21,33.6,7,15,0
IRB-U-0360,U,Monopole / greenfield,C-RAN,3,3,0,3,3,3,0,0,1,18,6060,8530,21,33.6,7,15,0
IRB-U-0361,U,Rooftop,C-RAN,3,3,0,3,3,3,0,0,1,18,6060,8530,21,33.6,7,15,0
IRB-U-0362,U,Rooftop,C-RAN,3,3,0,3,3,3,0,0,1,18,6060,8530,21,33.6,7,15,0
IRB-U-0363,U,Monopole / greenfield,C-RAN,3,3,0,3,3,3,0,0,1,18,6060,8530,21,33.6,7,15,0
IRB-U-0364,U,Monopole / greenfield,C-RAN,3,3,0,3,3,3,0,0,1,18,6060,8530,21,33.6,7,15,0
IRB-U-0365,U,Monopole / greenfield,C-RAN,3,3,0,3,3,3,0,0,1,18,6060,8530,21,33.6,7,15,0
IRB-U-0366,U,Monopole / greenfield,C-RAN,3,3,0,3,3,3,0,0,1,18,6060,8530,21,33.6,7,15,0
IRB-U-0367,U,Rooftop,C-RAN,3,3,0,3,3,3,0,0,1,18,6060,8530,21,33.6,7,15,0
IRB-U-0368,U,Rooftop,C-RAN,3,3,0,3,3,3,0,0,1,18,6060,8530,21,33.6,7,15,0
IRB-U-0369,U,Rooftop,C-RAN,3,3,0,3,3,3,0,0,1,18,6060,8530,21,33.6,7,15,0
IRB-U-0370,U,Rooftop,C-RAN,3,3,0,3,3,3,0,0,1,18,6060,8530,21,33.6,7,15,0
IRB-U-0371,U,Rooftop,C-RAN,3,3,0,3,3,3,0,0,1,18,6060,8530,21,33.6,7,15,0
IRB-U-0372,U,Rooftop,C-RAN,3,3,0,3,3,3,0,0,1,18,6060,8530,21,33.6,7,15,0
IRB-U-0373,U,Monopole / greenfield,C-RAN,3,3,0,3,3,3,0,0,1,18,6060,8530,21,33.6,7,15,0
IRB-U-0374,U,Monopole / greenfield,C-RAN,3,3,0,3,3,3,0,0,1,18,6060,8530,21,33.6,7,15,0
IRB-U-0375,U,Monopole / greenfield,C-RAN,3,3,0,3,3,3,0,0,1,18,6060,8530,21,33.6,7,15,0
IRB-U-0376,U,Rooftop,C-RAN,3,3,0,3,3,3,0,0,1,18,6060,8530,21,33.6,7,15,0
IRB-U-0377,U,Rooftop,C-RAN,3,3,0,3,3,3,0,0,1,18,6060,8530,21,33.6,7,15,0
IRB-U-0378,U,Rooftop,C-RAN,3,3,0,3,3,3,0,0,1,18,6060,8530,21,33.6,7,15,0
IRB-U-0379,U,Rooftop,C-RAN,3,3,0,3,3,3,0,0,1,18,6060,8530,21,33.6,7,15,0
IRB-U-0380,U,Rooftop,C-RAN,3,3,0,3,3,3,0,0,1,18,6060,8530,21,33.6,7,15,0
IRB-U-0381,U,Rooftop,C-RAN,3,3,0,3,3,3,0,0,1,18,6060,8530,21,33.6,7,15,0
IRB-U-0382,U,Rooftop,C-RAN,3,3,0,3,3,3,0,0,1,18,6060,8530,21,33.6,7,15,0
IRB-U-0383,U,Rooftop,C-RAN,3,3,0,3,3,3,0,0,1,18,6060,8530,21,33.6,7,15,0
IRB-U-0384,U,Monopole / greenfield,C-RAN,3,3,0,3,3,3,0,0,1,18,6060,8530,21,33.6,7,15,0
IRB-U-0385,U,Monopole / greenfield,C-RAN,3,3,0,3,3,3,0,0,1,18,6060,8530,21,33.6,7,15,0
IRB-U-0386,U,Monopole / greenfield,C-RAN,3,3,0,3,3,3,0,0,1,18,6060,8530,21,33.6,7,15,0
IRB-U-0387,U,Monopole / greenfield,C-RAN,3,3,0,3,3,3,0,0,1,18,6060,8530,21,33.6,7,15,0
IRB-U-0388,U,Monopole / greenfield,C-RAN,3,3,0,3,3,3,0,0,1,18,6060,8530,21,33.6,7,15,0
IRB-U-0389,U,Monopole / greenfield,C-RAN,3,3,0,3,3,3,0,0,1,18,6060,8530,21,33.6,7,15,0
IRB-U-0390,U,Monopole / greenfield,C-RAN,3,3,0,3,3,3,0,0,1,18,6060,8530,21,33.6,7,15,0
IRB-U-0391,U,Rooftop,C-RAN,3,3,0,3,3,3,0,0,1,18,6060,8530,21,33.6,7,15,0
IRB-U-0392,U,Rooftop,C-RAN,3,3,0,3,3,3,0,0,1,18,6060,8530,21,33.6,7,15,0
IRB-U-0393,U,Rooftop,C-RAN,3,3,0,3,3,3,0,0,1,18,6060,8530,21,33.6,7,15,0
IRB-U-0394,U,Rooftop,C-RAN,3,3,0,3,3,3,0,0,1,18,6060,8530,21,33.6,7,15,0
IRB-U-0395,U,Rooftop,C-RAN,3,3,0,3,3,3,0,0,1,18,6060,8530,21,33.6,7,15,0
IRB-U-0396,U,Rooftop,C-RAN,3,3,0,3,3,3,0,0,1,18,6060,8530,21,33.6,7,15,0
IRB-U-0397,U,Monopole / greenfield,C-RAN,3,3,0,3,3,3,0,0,1,18,6060,8530,21,33.6,7,15,0
IRB-U-0398,U,Monopole / greenfield,C-RAN,3,3,0,3,3,3,0,0,1,18,6060,8530,21,33.6,7,15,0
IRB-U-0399,U,Rooftop,C-RAN,3,3,0,3,3,3,0,0,1,18,6060,8530,21,33.6,7,15,0
IRB-U-0400,U,Rooftop,C-RAN,3,3,0,3,3,3,0,0,1,18,6060,8530,21,33.6,7,15,0
IRB-U-0401,U,Rooftop,C-RAN,3,3,0,3,3,3,0,0,1,18,6060,8530,21,33.6,7,15,0
IRB-U-0402,U,Rooftop,C-RAN,3,3,0,3,3,3,0,0,1,18,6060,8530,21,33.6,7,15,0
IRB-U-0403,U,Rooftop,C-RAN,3,3,0,3,3,3,0,0,1,18,6060,8530,21,33.6,7,15,0
IRB-U-0404,U,Rooftop,C-RAN,3,3,0,3,3,3,0,0,1,18,6060,8530,21,33.6,7,15,0
IRB-U-0405,U,Rooftop,C-RAN,3,3,0,3,3,3,0,0,1,18,6060,8530,21,33.6,7,15,0
IRB-U-0406,U,Rooftop,C-RAN,3,3,0,3,3,3,0,0,1,18,6060,8530,21,33.6,7,15,0
IRB-U-0407,U,Rooftop,C-RAN,3,3,0,3,3,3,0,0,1,18,6060,8530,21,33.6,7,15,0
IRB-U-0408,U,Rooftop,C-RAN,3,3,0,3,3,3,0,0,1,18,6060,8530,21,33.6,7,15,0
IRB-U-0409,U,Rooftop,C-RAN,3,3,0,3,3,3,0,0,1,18,6060,8530,21,33.6,7,15,0
IRB-U-0410,U,Rooftop,C-RAN,3,3,0,3,3,3,0,0,1,18,6060,8530,21,33.6,7,15,0
IRB-U-0411,U,Monopole / greenfield,C-RAN,3,3,0,3,3,3,0,0,1,18,6060,8530,21,33.6,7,15,0
IRB-U-0412,U,Monopole / greenfield,C-RAN,3,3,0,3,3,3,0,0,1,18,6060,8530,21,33.6,7,15,0
IRB-U-0413,U,Monopole / greenfield,C-RAN,3,3,0,3,3,3,0,0,1,18,6060,8530,21,33.6,7,15,0
IRB-U-0414,U,Monopole / greenfield,C-RAN,3,3,0,3,3,3,0,0,1,18,6060,8530,21,33.6,7,15,0
IRB-U-0415,U,Monopole / greenfield,C-RAN,3,3,0,3,3,3,0,0,1,18,6060,8530,21,33.6,7,15,0
IRB-U-0416,U,Rooftop,C-RAN,3,3,0,3,3,3,0,0,1,18,6060,8530,21,33.6,7,15,0
IRB-U-0417,U,Rooftop,C-RAN,3,3,0,3,3,3,0,0,1,18,6060,8530,21,33.6,7,15,0
IRB-U-0418,U,Rooftop,C-RAN,3,3,0,3,3,3,0,0,1,18,6060,8530,21,33.6,7,15,0
IRB-U-0419,U,Rooftop,C-RAN,3,3,0,3,3,3,0,0,1,18,6060,8530,21,33.6,7,15,0
IRB-U-0420,U,Rooftop,C-RAN,3,3,0,3,3,3,0,0,1,18,6060,8530,21,33.6,7,15,0
IRB-U-0421,U,Rooftop,C-RAN,3,3,0,3,3,3,0,0,1,18,6060,8530,21,33.6,7,15,0
IRB-U-0422,U,Rooftop,C-RAN,3,3,0,3,3,3,0,0,1,18,6060,8530,21,33.6,7,15,0
IRB-U-0423,U,Rooftop,C-RAN,3,3,0,3,3,3,0,0,1,18,6060,8530,21,33.6,7,15,0
IRB-U-0424,U,Rooftop,C-RAN,3,3,0,3,3,3,0,0,1,18,6060,8530,21,33.6,7,15,0
IRB-U-0425,U,Rooftop,C-RAN,3,3,0,3,3,3,0,0,1,18,6060,8530,21,33.6,7,15,0
IRB-U-0426,U,Rooftop,C-RAN,3,3,0,3,3,3,0,0,1,18,6060,8530,21,33.6,7,15,0
IRB-U-0427,U,Rooftop,C-RAN,3,3,0,3,3,3,0,0,1,18,6060,8530,21,33.6,7,15,0
IRB-U-0428,U,Rooftop,C-RAN,3,3,0,3,3,3,0,0,1,18,6060,8530,21,33.6,7,15,0
IRB-U-0429,U,Rooftop,C-RAN,3,3,0,3,3,3,0,0,1,18,6060,8530,21,33.6,7,15,0
IRB-U-0430,U,Rooftop,C-RAN,3,3,0,3,3,3,0,0,1,18,6060,8530,21,33.6,7,15,0
IRB-U-0431,U,Rooftop,C-RAN,3,3,0,3,3,3,0,0,1,18,6060,8530,21,33.6,7,15,0
IRB-U-0432,U,Rooftop,C-RAN,3,3,0,3,3,3,0,0,1,18,6060,8530,21,33.6,7,15,0
IRB-U-0433,U,Rooftop,D-RAN,3,3,0,3,3,3,1,1,0,18,6470,9100,21,38.4,8,15,0
IRB-U-0434,U,Rooftop,D-RAN,3,3,0,3,3,3,1,1,0,18,6470,9100,21,38.4,8,15,0
IRB-U-0435,U,Rooftop,D-RAN,3,3,0,3,3,3,1,1,0,18,6470,9100,21,38.4,8,15,0
IRB-U-0436,U,Rooftop,C-RAN,3,3,0,3,3,3,0,0,1,18,6060,8530,21,33.6,7,15,0
IRB-U-0437,U,Monopole / greenfield,C-RAN,3,3,0,3,3,3,0,0,1,18,6060,8530,21,33.6,7,15,0
IRB-U-0438,U,Monopole / greenfield,C-RAN,3,3,0,3,3,3,0,0,1,18,6060,8530,21,33.6,7,15,0
IRB-U-0439,U,Monopole / greenfield,C-RAN,3,3,0,3,3,3,0,0,1,18,6060,8530,21,33.6,7,15,0
IRB-U-0440,U,Monopole / greenfield,C-RAN,3,3,0,3,3,3,0,0,1,18,6060,8530,21,33.6,7,15,0
IRB-U-0441,U,Monopole / greenfield,C-RAN,3,3,0,3,3,3,0,0,1,18,6060,8530,21,33.6,7,15,0
IRB-U-0442,U,Monopole / greenfield,C-RAN,3,3,0,3,3,3,0,0,1,18,6060,8530,21,33.6,7,15,0
IRB-U-0443,U,Rooftop,C-RAN,3,3,0,3,3,3,0,0,1,18,6060,8530,21,33.6,7,15,0
IRB-U-0444,U,Rooftop,C-RAN,3,3,0,3,3,3,0,0,1,18,6060,8530,21,33.6,7,15,0
IRB-U-0445,U,Rooftop,C-RAN,3,3,0,3,3,3,0,0,1,18,6060,8530,21,33.6,7,15,0
IRB-U-0446,U,Rooftop,C-RAN,3,3,0,3,3,3,0,0,1,18,6060,8530,21,33.6,7,15,0
IRB-U-0447,U,Monopole / greenfield,C-RAN,3,3,0,3,3,3,0,0,1,18,6060,8530,21,33.6,7,15,0
IRB-U-0448,U,Rooftop,C-RAN,3,3,0,3,3,3,0,0,1,18,6060,8530,21,33.6,7,15,0
IRB-U-0449,U,Rooftop,C-RAN,3,3,0,3,3,3,0,0,1,18,6060,8530,21,33.6,7,15,0
IRB-U-0450,U,Rooftop,C-RAN,3,3,0,3,3,3,0,0,1,18,6060,8530,21,33.6,7,15,0
IRB-U-0451,U,Rooftop,C-RAN,3,3,0,3,3,3,0,0,1,18,6060,8530,21,33.6,7,15,0
IRB-U-0452,U,Rooftop,C-RAN,3,3,0,3,3,3,0,0,1,18,6060,8530,21,33.6,7,15,0
IRB-U-0453,U,Rooftop,C-RAN,3,3,0,3,3,3,0,0,1,18,6060,8530,21,33.6,7,15,0
IRB-U-0454,U,Rooftop,C-RAN,3,3,0,3,3,3,0,0,1,18,6060,8530,21,33.6,7,15,0
IRB-U-0455,U,Rooftop,C-RAN,3,3,0,3,3,3,0,0,1,18,6060,8530,21,33.6,7,15,0
IRB-U-0456,U,Rooftop,D-RAN,3,3,0,3,3,3,1,1,0,18,6470,9100,21,38.4,8,15,0
IRB-U-0457,U,Rooftop,D-RAN,3,3,0,3,3,3,1,1,0,18,6470,9100,21,38.4,8,15,0
IRB-U-0458,U,Rooftop,D-RAN,3,3,0,3,3,3,1,1,0,18,6470,9100,21,38.4,8,15,0
IRB-U-0459,U,Rooftop,D-RAN,3,3,0,3,3,3,1,1,0,18,6470,9100,21,38.4,8,15,0
IRB-U-0460,U,Monopole / greenfield,D-RAN,3,3,0,3,3,3,1,1,0,18,6470,9100,21,38.4,8,15,0
IRB-U-0461,U,Monopole / greenfield,D-RAN,3,3,0,3,3,3,1,1,0,18,6470,9100,21,38.4,8,15,0
IRB-U-0462,U,Monopole / greenfield,C-RAN,3,3,0,3,3,3,0,0,1,18,6060,8530,21,33.6,7,15,0
IRB-U-0463,U,Monopole / greenfield,C-RAN,3,3,0,3,3,3,0,0,1,18,6060,8530,21,33.6,7,15,0
IRB-U-0464,U,Monopole / greenfield,C-RAN,3,3,0,3,3,3,0,0,1,18,6060,8530,21,33.6,7,15,0
IRB-U-0465,U,Monopole / greenfield,C-RAN,3,3,0,3,3,3,0,0,1,18,6060,8530,21,33.6,7,15,0
IRB-U-0466,U,Monopole / greenfield,C-RAN,3,3,0,3,3,3,0,0,1,18,6060,8530,21,33.6,7,15,0
IRB-U-0467,U,Rooftop,C-RAN,3,3,0,3,3,3,0,0,1,18,6060,8530,21,33.6,7,15,0
IRB-U-0468,U,Rooftop,C-RAN,3,3,0,3,3,3,0,0,1,18,6060,8530,21,33.6,7,15,0
IRB-U-0469,U,Monopole / greenfield,C-RAN,3,3,0,3,3,3,0,0,1,18,6060,8530,21,33.6,7,15,0
IRB-U-0470,U,Rooftop,C-RAN,3,3,0,3,3,3,0,0,1,18,6060,8530,21,33.6,7,15,0
IRB-U-0471,U,Monopole / greenfield,C-RAN,3,3,0,3,3,3,0,0,1,18,6060,8530,21,33.6,7,15,0
IRB-U-0472,U,Rooftop,C-RAN,3,3,0,3,3,3,0,0,1,18,6060,8530,21,33.6,7,15,0
IRB-U-0473,U,Rooftop,C-RAN,3,3,0,3,3,3,0,0,1,18,6060,8530,21,33.6,7,15,0
IRB-U-0474,U,Rooftop,C-RAN,3,3,0,3,3,3,0,0,1,18,6060,8530,21,33.6,7,15,0
IRB-U-0475,U,Rooftop,C-RAN,3,3,0,3,3,3,0,0,1,18,6060,8530,21,33.6,7,15,0
IRB-U-0476,U,Rooftop,C-RAN,3,3,0,3,3,3,0,0,1,18,6060,8530,21,33.6,7,15,0
IRB-U-0477,U,Rooftop,D-RAN,3,3,0,3,3,3,1,1,0,18,6470,9100,21,38.4,8,15,0
IRB-U-0478,U,Rooftop,D-RAN,3,3,0,3,3,3,1,1,0,18,6470,9100,21,38.4,8,15,0
IRB-U-0479,U,Monopole / greenfield,D-RAN,3,3,0,3,3,3,1,1,0,18,6470,9100,21,38.4,8,15,0
IRB-U-0480,U,Monopole / greenfield,D-RAN,3,3,0,3,3,3,1,1,0,18,6470,9100,21,38.4,8,15,0
IRB-U-0481,U,Monopole / greenfield,C-RAN,3,3,0,3,3,3,0,0,1,18,6060,8530,21,33.6,7,15,0
IRB-U-0482,U,Monopole / greenfield,C-RAN,3,3,0,3,3,3,0,0,1,18,6060,8530,21,33.6,7,15,0
IRB-U-0483,U,Monopole / greenfield,C-RAN,3,3,0,3,3,3,0,0,1,18,6060,8530,21,33.6,7,15,0
IRB-U-0484,U,Monopole / greenfield,C-RAN,3,3,0,3,3,3,0,0,1,18,6060,8530,21,33.6,7,15,0
IRB-U-0485,U,Monopole / greenfield,C-RAN,3,3,0,3,3,3,0,0,1,18,6060,8530,21,33.6,7,15,0
IRB-U-0486,U,Rooftop,C-RAN,3,3,0,3,3,3,0,0,1,18,6060,8530,21,33.6,7,15,0
IRB-U-0487,U,Rooftop,C-RAN,3,3,0,3,3,3,0,0,1,18,6060,8530,21,33.6,7,15,0
IRB-U-0488,U,Rooftop,C-RAN,3,3,0,3,3,3,0,0,1,18,6060,8530,21,33.6,7,15,0
IRB-U-0489,U,Rooftop,C-RAN,3,3,0,3,3,3,0,0,1,18,6060,8530,21,33.6,7,15,0
IRB-U-0490,U,Rooftop,D-RAN,3,3,0,3,3,3,1,1,0,18,6470,9100,21,38.4,8,15,0
IRB-U-0491,U,Rooftop,D-RAN,3,3,0,3,3,3,1,1,0,18,6470,9100,21,38.4,8,15,0
AQB-SU-0150,SU,Rooftop,D-RAN,3,3,0,3,3,3,1,1,0,15,5720,8110,21,33.6,7,15,0
AQB-SU-0151,SU,Rooftop,D-RAN,3,3,0,3,3,3,1,1,0,15,5720,8110,21,33.6,7,15,0
AQB-SU-0152,SU,Rooftop,D-RAN,3,3,0,3,3,3,1,1,0,15,5720,8110,21,33.6,7,15,0
AQB-SU-0153,SU,Monopole / greenfield,D-RAN,3,3,0,3,3,3,1,1,0,15,5720,8110,21,33.6,7,15,0
AQB-SU-0154,SU,Rooftop,D-RAN,3,3,0,3,3,3,1,1,0,15,5720,8110,21,33.6,7,15,0
AQB-SU-0155,SU,Rooftop,D-RAN,3,3,0,3,3,3,1,1,0,15,5720,8110,21,33.6,7,15,0
AQB-SU-0156,SU,Monopole / greenfield,D-RAN,3,3,0,3,3,3,1,1,0,15,5720,8110,21,33.6,7,15,0
AQB-SU-0157,SU,Rooftop,D-RAN,3,3,0,3,3,3,1,1,0,15,5720,8110,21,33.6,7,15,0
AQB-SU-0158,SU,Monopole / greenfield,D-RAN,3,3,0,3,3,3,1,1,0,15,5720,8110,21,33.6,7,15,0
AQB-SU-0159,SU,Monopole / greenfield,D-RAN,3,3,0,3,3,3,1,1,0,15,5720,8110,21,33.6,7,15,0
AQB-SU-0160,SU,Monopole / greenfield,D-RAN,3,3,0,3,3,3,1,1,0,15,5720,8110,21,33.6,7,15,0
AQB-SU-0161,SU,Monopole / greenfield,D-RAN,3,3,0,3,3,3,1,1,0,15,5720,8110,21,33.6,7,15,0
AQB-SU-0162,SU,Monopole / greenfield,D-RAN,3,3,0,3,3,3,1,1,0,15,5720,8110,21,33.6,7,15,0
AQB-SU-0163,SU,Monopole / greenfield,D-RAN,3,3,0,3,3,3,1,1,0,15,5720,8110,21,33.6,7,15,0
AQB-SU-0164,SU,Monopole / greenfield,D-RAN,3,3,0,3,3,3,1,1,0,15,5720,8110,21,33.6,7,15,0
AQB-SU-0165,SU,Monopole / greenfield,D-RAN,3,3,0,3,3,3,1,1,0,15,5720,8110,21,33.6,7,15,0
AQB-SU-0166,SU,Monopole / greenfield,D-RAN,3,3,0,3,3,3,1,1,0,15,5720,8110,21,33.6,7,15,0
AQB-SU-0167,SU,Monopole / greenfield,D-RAN,3,3,0,3,3,3,1,1,0,15,5720,8110,21,33.6,7,15,0
AQB-SU-0168,SU,Monopole / greenfield,D-RAN,3,3,0,3,3,3,1,1,0,15,5720,8110,21,33.6,7,15,0
AQB-SU-0169,SU,Monopole / greenfield,D-RAN,3,3,0,3,3,3,1,1,0,15,5720,8110,21,33.6,7,15,0
AQB-SU-0170,SU,Monopole / greenfield,D-RAN,3,3,0,3,3,3,1,1,0,15,5720,8110,21,33.6,7,15,0
AQB-SU-0171,SU,Monopole / greenfield,D-RAN,3,3,0,3,3,3,1,1,0,15,5720,8110,21,33.6,7,15,0
AQB-SU-0172,SU,Monopole / greenfield,D-RAN,3,3,0,3,3,3,1,1,0,15,5720,8110,21,33.6,7,15,0
AQB-SU-0173,SU,Monopole / greenfield,D-RAN,3,3,0,3,3,3,1,1,0,15,5720,8110,21,33.6,7,15,0
AQB-SU-0174,SU,Monopole / greenfield,D-RAN,3,3,0,3,3,3,1,1,0,15,5720,8110,21,33.6,7,15,0
AQB-SU-0175,SU,Monopole / greenfield,D-RAN,3,3,0,3,3,3,1,1,0,15,5720,8110,21,33.6,7,15,0
AQB-SU-0176,SU,Monopole / greenfield,D-RAN,3,3,0,3,3,3,1,1,0,15,5720,8110,21,33.6,7,15,0
AQB-SU-0177,SU,Monopole / greenfield,D-RAN,3,3,0,3,3,3,1,1,0,15,5720,8110,21,33.6,7,15,0
AQB-SU-0178,SU,Monopole / greenfield,D-RAN,3,3,0,3,3,3,1,1,0,15,5720,8110,21,33.6,7,15,0
AQB-SU-0179,SU,Monopole / greenfield,D-RAN,3,3,0,3,3,3,1,1,0,15,5720,8110,21,33.6,7,15,0
AQB-SU-0180,SU,Monopole / greenfield,D-RAN,3,3,0,3,3,3,1,1,0,15,5720,8110,21,33.6,7,15,0
AQB-SU-0181,SU,Monopole / greenfield,D-RAN,3,3,0,3,3,3,1,1,0,15,5720,8110,21,33.6,7,15,0
AQB-SU-0182,SU,Monopole / greenfield,D-RAN,3,3,0,3,3,3,1,1,0,15,5720,8110,21,33.6,7,15,0
AQB-SU-0183,SU,Monopole / greenfield,D-RAN,3,3,0,3,3,3,1,1,0,15,5720,8110,21,33.6,7,15,0
AQB-SU-0184,SU,Monopole / greenfield,D-RAN,3,3,0,3,3,3,1,1,0,15,5720,8110,21,33.6,7,15,0
AQB-SU-0185,SU,Monopole / greenfield,D-RAN,3,3,0,3,3,3,1,1,0,15,5720,8110,21,33.6,7,15,0
AQB-SU-0186,SU,Monopole / greenfield,D-RAN,3,3,0,3,3,3,1,1,0,15,5720,8110,21,33.6,7,15,0
AQB-SU-0187,SU,Monopole / greenfield,D-RAN,3,3,0,3,3,3,1,1,0,15,5720,8110,21,33.6,7,15,0
AQB-SU-0188,SU,Monopole / greenfield,D-RAN,3,3,0,3,3,3,1,1,0,15,5720,8110,21,33.6,7,15,0
AQB-SU-0189,SU,Monopole / greenfield,D-RAN,3,3,0,3,3,3,1,1,0,15,5720,8110,21,33.6,7,15,0
AQB-SU-0190,SU,Monopole / greenfield,D-RAN,3,3,0,3,3,3,1,1,0,15,5720,8110,21,33.6,7,15,0
AQB-SU-0191,SU,Monopole / greenfield,D-RAN,3,3,0,3,3,3,1,1,0,15,5720,8110,21,33.6,7,15,0
AQB-SU-0192,SU,Monopole / greenfield,D-RAN,3,3,0,3,3,3,1,1,0,15,5720,8110,21,33.6,7,15,0
AQB-SU-0193,SU,Monopole / greenfield,D-RAN,3,3,0,3,3,3,1,1,0,15,5720,8110,21,33.6,7,15,0
AQB-SU-0194,SU,Monopole / greenfield,D-RAN,3,3,0,3,3,3,1,1,0,15,5720,8110,21,33.6,7,15,0
AQB-SU-0195,SU,Monopole / greenfield,D-RAN,3,3,0,3,3,3,1,1,0,15,5720,8110,21,33.6,7,15,0
AQB-SU-0196,SU,Monopole / greenfield,D-RAN,3,3,0,3,3,3,1,1,0,15,5720,8110,21,33.6,7,15,0
AQB-SU-0197,SU,Monopole / greenfield,D-RAN,3,3,0,3,3,3,1,1,0,15,5720,8110,21,33.6,7,15,0
AQB-SU-0198,SU,Monopole / greenfield,D-RAN,3,3,0,3,3,3,1,1,0,15,5720,8110,21,33.6,7,15,0
AQB-SU-0199,SU,Monopole / greenfield,D-RAN,3,3,0,3,3,3,1,1,0,15,5720,8110,21,33.6,7,15,0
AQB-SU-0200,SU,Monopole / greenfield,D-RAN,3,3,0,3,3,3,1,1,0,15,5720,8110,21,33.6,7,15,0
AQB-SU-0201,SU,Monopole / greenfield,D-RAN,3,3,0,3,3,3,1,1,0,15,5720,8110,21,33.6,7,15,0
AQB-SU-0202,SU,Monopole / greenfield,C-RAN,3,3,0,3,3,3,0,0,1,15,5310,7540,18,28.8,6,15,0
AQB-SU-0203,SU,Monopole / greenfield,C-RAN,3,3,0,3,3,3,0,0,1,15,5310,7540,18,28.8,6,15,0
AQB-SU-0204,SU,Monopole / greenfield,C-RAN,3,3,0,3,3,3,0,0,1,15,5310,7540,18,28.8,6,15,0
AQB-SU-0205,SU,Monopole / greenfield,C-RAN,3,3,0,3,3,3,0,0,1,15,5310,7540,18,28.8,6,15,0
AQB-SU-0206,SU,Monopole / greenfield,C-RAN,3,3,0,3,3,3,0,0,1,15,5310,7540,18,28.8,6,15,0
AQB-SU-0207,SU,Monopole / greenfield,C-RAN,3,3,0,3,3,3,0,0,1,15,5310,7540,18,28.8,6,15,0
AQB-SU-0208,SU,Monopole / greenfield,C-RAN,3,3,0,3,3,3,0,0,1,15,5310,7540,18,28.8,6,15,0
AQB-SU-0209,SU,Monopole / greenfield,C-RAN,3,3,0,3,3,3,0,0,1,15,5310,7540,18,28.8,6,15,0
AQB-SU-0210,SU,Monopole / greenfield,C-RAN,3,3,0,3,3,3,0,0,1,15,5310,7540,18,28.8,6,15,0
AQB-SU-0211,SU,Monopole / greenfield,C-RAN,3,3,0,3,3,3,0,0,1,15,5310,7540,18,28.8,6,15,0
AQB-SU-0212,SU,Monopole / greenfield,C-RAN,3,3,0,3,3,3,0,0,1,15,5310,7540,18,28.8,6,15,0
AQB-SU-0213,SU,Monopole / greenfield,C-RAN,3,3,0,3,3,3,0,0,1,15,5310,7540,18,28.8,6,15,0
AQB-SU-0214,SU,Monopole / greenfield,D-RAN,3,3,0,3,3,3,1,1,0,15,5720,8110,21,33.6,7,15,0
AQB-SU-0215,SU,Monopole / greenfield,D-RAN,3,3,0,3,3,3,1,1,0,15,5720,8110,21,33.6,7,15,0
AQB-SU-0216,SU,Monopole / greenfield,D-RAN,3,3,0,3,3,3,1,1,0,15,5720,8110,21,33.6,7,15,0
AQB-SU-0217,SU,Monopole / greenfield,D-RAN,3,3,0,3,3,3,1,1,0,15,5720,8110,21,33.6,7,15,0
AQB-SU-0218,SU,Monopole / greenfield,D-RAN,3,3,0,3,3,3,1,1,0,15,5720,8110,21,33.6,7,15,0
AQB-SU-0219,SU,Monopole / greenfield,D-RAN,3,3,0,3,3,3,1,1,0,15,5720,8110,21,33.6,7,15,0
AQB-SU-0220,SU,Monopole / greenfield,D-RAN,3,3,0,3,3,3,1,1,0,15,5720,8110,21,33.6,7,15,0
AQB-SU-0221,SU,Monopole / greenfield,D-RAN,3,3,0,3,3,3,1,1,0,15,5720,8110,21,33.6,7,15,0
AQB-SU-0222,SU,Monopole / greenfield,D-RAN,3,3,0,3,3,3,1,1,0,15,5720,8110,21,33.6,7,15,0
AQB-SU-0223,SU,Monopole / greenfield,D-RAN,3,3,0,3,3,3,1,1,0,15,5720,8110,21,33.6,7,15,0
AQB-SU-0224,SU,Monopole / greenfield,D-RAN,3,3,0,3,3,3,1,1,0,15,5720,8110,21,33.6,7,15,0
AQB-SU-0225,SU,Monopole / greenfield,D-RAN,3,3,0,3,3,3,1,1,0,15,5720,8110,21,33.6,7,15,0
AQB-SU-0226,SU,Monopole / greenfield,D-RAN,3,3,0,3,3,3,1,1,0,15,5720,8110,21,33.6,7,15,0
AQB-SU-0227,SU,Monopole / greenfield,D-RAN,3,3,0,3,3,3,1,1,0,15,5720,8110,21,33.6,7,15,0
AQB-SU-0228,SU,Rooftop,D-RAN,3,3,0,3,3,3,1,1,0,15,5720,8110,21,33.6,7,15,0
AQB-SU-0229,SU,Monopole / greenfield,D-RAN,3,3,0,3,3,3,1,1,0,15,5720,8110,21,33.6,7,15,0
AQB-SU-0230,SU,Monopole / greenfield,D-RAN,3,3,0,3,3,3,1,1,0,15,5720,8110,21,33.6,7,15,0
AQB-SU-0231,SU,Monopole / greenfield,D-RAN,3,3,0,3,3,3,1,1,0,15,5720,8110,21,33.6,7,15,0
AQB-SU-0232,SU,Monopole / greenfield,D-RAN,3,3,0,3,3,3,1,1,0,15,5720,8110,21,33.6,7,15,0
AQB-SU-0233,SU,Monopole / greenfield,D-RAN,3,3,0,3,3,3,1,1,0,15,5720,8110,21,33.6,7,15,0
AQB-SU-0234,SU,Monopole / greenfield,D-RAN,3,3,0,3,3,3,1,1,0,15,5720,8110,21,33.6,7,15,0
AQB-SU-0235,SU,Monopole / greenfield,D-RAN,3,3,0,3,3,3,1,1,0,15,5720,8110,21,33.6,7,15,0
AQB-SU-0236,SU,Monopole / greenfield,D-RAN,3,3,0,3,3,3,1,1,0,15,5720,8110,21,33.6,7,15,0
AQB-SU-0237,SU,Monopole / greenfield,D-RAN,3,3,0,3,3,3,1,1,0,15,5720,8110,21,33.6,7,15,0
AQB-SU-0238,SU,Monopole / greenfield,D-RAN,3,3,0,3,3,3,1,1,0,15,5720,8110,21,33.6,7,15,0
AQB-SU-0239,SU,Monopole / greenfield,D-RAN,3,3,0,3,3,3,1,1,0,15,5720,8110,21,33.6,7,15,0
AQB-SU-0240,SU,Monopole / greenfield,D-RAN,3,3,0,3,3,3,1,1,0,15,5720,8110,21,33.6,7,15,0
AQB-SU-0241,SU,Monopole / greenfield,D-RAN,3,3,0,3,3,3,1,1,0,15,5720,8110,21,33.6,7,15,0
AQB-SU-0242,SU,Monopole / greenfield,D-RAN,3,3,0,3,3,3,1,1,0,15,5720,8110,21,33.6,7,15,0
AQB-SU-0243,SU,Monopole / greenfield,D-RAN,3,3,0,3,3,3,1,1,0,15,5720,8110,21,33.6,7,15,0
AQB-SU-0244,SU,Monopole / greenfield,D-RAN,3,3,0,3,3,3,1,1,0,15,5720,8110,21,33.6,7,15,0
AQB-SU-0245,SU,Monopole / greenfield,D-RAN,3,3,0,3,3,3,1,1,0,15,5720,8110,21,33.6,7,15,0
AQB-SU-0246,SU,Monopole / greenfield,D-RAN,3,3,0,3,3,3,1,1,0,15,5720,8110,21,33.6,7,15,0
AQB-SU-0247,SU,Monopole / greenfield,D-RAN,3,3,0,3,3,3,1,1,0,15,5720,8110,21,33.6,7,15,0
AQB-SU-0248,SU,Monopole / greenfield,D-RAN,3,3,0,3,3,3,1,1,0,15,5720,8110,21,33.6,7,15,0
AQB-SU-0249,SU,Monopole / greenfield,D-RAN,3,3,0,3,3,3,1,1,0,15,5720,8110,21,33.6,7,15,0
AQB-SU-0250,SU,Monopole / greenfield,D-RAN,3,3,0,3,3,3,1,1,0,15,5720,8110,21,33.6,7,15,0
AQB-SU-0251,SU,Monopole / greenfield,D-RAN,3,3,0,3,3,3,1,1,0,15,5720,8110,21,33.6,7,15,0
MA-SU-0087,SU,Monopole / greenfield,C-RAN,3,3,0,3,3,3,0,0,1,15,5310,7540,18,28.8,6,15,0
MA-SU-0088,SU,Monopole / greenfield,C-RAN,3,3,0,3,3,3,0,0,1,15,5310,7540,18,28.8,6,15,0
MA-SU-0089,SU,Monopole / greenfield,C-RAN,3,3,0,3,3,3,0,0,1,15,5310,7540,18,28.8,6,15,0
MA-SU-0090,SU,Monopole / greenfield,C-RAN,3,3,0,3,3,3,0,0,1,15,5310,7540,18,28.8,6,15,0
MA-SU-0091,SU,Monopole / greenfield,C-RAN,3,3,0,3,3,3,0,0,1,15,5310,7540,18,28.8,6,15,0
MA-SU-0092,SU,Monopole / greenfield,C-RAN,3,3,0,3,3,3,0,0,1,15,5310,7540,18,28.8,6,15,0
MA-SU-0093,SU,Monopole / greenfield,C-RAN,3,3,0,3,3,3,0,0,1,15,5310,7540,18,28.8,6,15,0
MA-SU-0094,SU,Monopole / greenfield,C-RAN,3,3,0,3,3,3,0,0,1,15,5310,7540,18,28.8,6,15,0
MA-SU-0095,SU,Monopole / greenfield,C-RAN,3,3,0,3,3,3,0,0,1,15,5310,7540,18,28.8,6,15,0
MA-SU-0096,SU,Monopole / greenfield,C-RAN,3,3,0,3,3,3,0,0,1,15,5310,7540,18,28.8,6,15,0
MA-SU-0097,SU,Monopole / greenfield,C-RAN,3,3,0,3,3,3,0,0,1,15,5310,7540,18,28.8,6,15,0
MA-SU-0098,SU,Monopole / greenfield,C-RAN,3,3,0,3,3,3,0,0,1,15,5310,7540,18,28.8,6,15,0
MA-SU-0099,SU,Monopole / greenfield,C-RAN,3,3,0,3,3,3,0,0,1,15,5310,7540,18,28.8,6,15,0
MA-SU-0100,SU,Monopole / greenfield,C-RAN,3,3,0,3,3,3,0,0,1,15,5310,7540,18,28.8,6,15,0
MA-SU-0101,SU,Monopole / greenfield,C-RAN,3,3,0,3,3,3,0,0,1,15,5310,7540,18,28.8,6,15,0
MA-SU-0102,SU,Monopole / greenfield,C-RAN,3,3,0,3,3,3,0,0,1,15,5310,7540,18,28.8,6,15,0
MA-SU-0103,SU,Monopole / greenfield,C-RAN,3,3,0,3,3,3,0,0,1,15,5310,7540,18,28.8,6,15,0
MA-SU-0104,SU,Monopole / greenfield,C-RAN,3,3,0,3,3,3,0,0,1,15,5310,7540,18,28.8,6,15,0
MA-SU-0105,SU,Monopole / greenfield,C-RAN,3,3,0,3,3,3,0,0,1,15,5310,7540,18,28.8,6,15,0
MA-SU-0106,SU,Monopole / greenfield,C-RAN,3,3,0,3,3,3,0,0,1,15,5310,7540,18,28.8,6,15,0
MA-SU-0107,SU,Monopole / greenfield,C-RAN,3,3,0,3,3,3,0,0,1,15,5310,7540,18,28.8,6,15,0
MA-SU-0108,SU,Monopole / greenfield,C-RAN,3,3,0,3,3,3,0,0,1,15,5310,7540,18,28.8,6,15,0
MA-SU-0109,SU,Monopole / greenfield,C-RAN,3,3,0,3,3,3,0,0,1,15,5310,7540,18,28.8,6,15,0
MA-SU-0110,SU,Monopole / greenfield,C-RAN,3,3,0,3,3,3,0,0,1,15,5310,7540,18,28.8,6,15,0
MA-SU-0111,SU,Monopole / greenfield,C-RAN,3,3,0,3,3,3,0,0,1,15,5310,7540,18,28.8,6,15,0
MA-SU-0112,SU,Monopole / greenfield,C-RAN,3,3,0,3,3,3,0,0,1,15,5310,7540,18,28.8,6,15,0
MA-SU-0113,SU,Monopole / greenfield,C-RAN,3,3,0,3,3,3,0,0,1,15,5310,7540,18,28.8,6,15,0
MA-SU-0114,SU,Monopole / greenfield,C-RAN,3,3,0,3,3,3,0,0,1,15,5310,7540,18,28.8,6,15,0
MA-SU-0115,SU,Monopole / greenfield,C-RAN,3,3,0,3,3,3,0,0,1,15,5310,7540,18,28.8,6,15,0
MA-SU-0116,SU,Monopole / greenfield,C-RAN,3,3,0,3,3,3,0,0,1,15,5310,7540,18,28.8,6,15,0
MA-SU-0117,SU,Monopole / greenfield,C-RAN,3,3,0,3,3,3,0,0,1,15,5310,7540,18,28.8,6,15,0
MA-SU-0118,SU,Monopole / greenfield,C-RAN,3,3,0,3,3,3,0,0,1,15,5310,7540,18,28.8,6,15,0
MA-SU-0119,SU,Monopole / greenfield,C-RAN,3,3,0,3,3,3,0,0,1,15,5310,7540,18,28.8,6,15,0
MA-SU-0120,SU,Monopole / greenfield,C-RAN,3,3,0,3,3,3,0,0,1,15,5310,7540,18,28.8,6,15,0
MA-SU-0121,SU,Monopole / greenfield,C-RAN,3,3,0,3,3,3,0,0,1,15,5310,7540,18,28.8,6,15,0
MA-SU-0122,SU,Monopole / greenfield,C-RAN,3,3,0,3,3,3,0,0,1,15,5310,7540,18,28.8,6,15,0
MA-SU-0123,SU,Monopole / greenfield,C-RAN,3,3,0,3,3,3,0,0,1,15,5310,7540,18,28.8,6,15,0
MA-SU-0124,SU,Monopole / greenfield,C-RAN,3,3,0,3,3,3,0,0,1,15,5310,7540,18,28.8,6,15,0
MA-SU-0125,SU,Monopole / greenfield,C-RAN,3,3,0,3,3,3,0,0,1,15,5310,7540,18,28.8,6,15,0
MA-SU-0126,SU,Monopole / greenfield,C-RAN,3,3,0,3,3,3,0,0,1,15,5310,7540,18,28.8,6,15,0
MA-SU-0127,SU,Monopole / greenfield,C-RAN,3,3,0,3,3,3,0,0,1,15,5310,7540,18,28.8,6,15,0
MA-SU-0128,SU,Monopole / greenfield,C-RAN,3,3,0,3,3,3,0,0,1,15,5310,7540,18,28.8,6,15,0
MA-SU-0129,SU,Monopole / greenfield,C-RAN,3,3,0,3,3,3,0,0,1,15,5310,7540,18,28.8,6,15,0
MA-SU-0130,SU,Monopole / greenfield,C-RAN,3,3,0,3,3,3,0,0,1,15,5310,7540,18,28.8,6,15,0
MA-SU-0131,SU,Monopole / greenfield,C-RAN,3,3,0,3,3,3,0,0,1,15,5310,7540,18,28.8,6,15,0
MA-SU-0132,SU,Monopole / greenfield,C-RAN,3,3,0,3,3,3,0,0,1,15,5310,7540,18,28.8,6,15,0
MA-SU-0133,SU,Monopole / greenfield,C-RAN,3,3,0,3,3,3,0,0,1,15,5310,7540,18,28.8,6,15,0
MA-SU-0134,SU,Monopole / greenfield,C-RAN,3,3,0,3,3,3,0,0,1,15,5310,7540,18,28.8,6,15,0
MA-SU-0135,SU,Monopole / greenfield,C-RAN,3,3,0,3,3,3,0,0,1,15,5310,7540,18,28.8,6,15,0
MA-SU-0136,SU,Monopole / greenfield,C-RAN,3,3,0,3,3,3,0,0,1,15,5310,7540,18,28.8,6,15,0
MA-SU-0137,SU,Monopole / greenfield,C-RAN,3,3,0,3,3,3,0,0,1,15,5310,7540,18,28.8,6,15,0
WAD-SU-0039,SU,Monopole / greenfield,C-RAN,3,3,0,3,3,3,0,0,1,15,5310,7540,18,28.8,6,15,0
WAD-SU-0040,SU,Monopole / greenfield,C-RAN,3,3,0,3,3,3,0,0,1,15,5310,7540,18,28.8,6,15,0
WAD-SU-0041,SU,Monopole / greenfield,C-RAN,3,3,0,3,3,3,0,0,1,15,5310,7540,18,28.8,6,15,0
WAD-SU-0042,SU,Monopole / greenfield,C-RAN,3,3,0,3,3,3,0,0,1,15,5310,7540,18,28.8,6,15,0
WAD-SU-0043,SU,Monopole / greenfield,D-RAN,3,3,0,3,3,3,1,1,0,15,5720,8110,21,33.6,7,15,0
WAD-SU-0044,SU,Monopole / greenfield,C-RAN,3,3,0,3,3,3,0,0,1,15,5310,7540,18,28.8,6,15,0
WAD-SU-0045,SU,Monopole / greenfield,C-RAN,3,3,0,3,3,3,0,0,1,15,5310,7540,18,28.8,6,15,0
WAD-SU-0046,SU,Monopole / greenfield,D-RAN,3,3,0,3,3,3,1,1,0,15,5720,8110,21,33.6,7,15,0
WAD-SU-0047,SU,Monopole / greenfield,D-RAN,3,3,0,3,3,3,1,1,0,15,5720,8110,21,33.6,7,15,0
WAD-SU-0048,SU,Monopole / greenfield,C-RAN,3,3,0,3,3,3,0,0,1,15,5310,7540,18,28.8,6,15,0
WAD-SU-0049,SU,Monopole / greenfield,D-RAN,3,3,0,3,3,3,1,1,0,15,5720,8110,21,33.6,7,15,0
WAD-SU-0050,SU,Monopole / greenfield,C-RAN,3,3,0,3,3,3,0,0,1,15,5310,7540,18,28.8,6,15,0
WAD-SU-0051,SU,Monopole / greenfield,D-RAN,3,3,0,3,3,3,1,1,0,15,5720,8110,21,33.6,7,15,0
WAD-SU-0052,SU,Monopole / greenfield,D-RAN,3,3,0,3,3,3,1,1,0,15,5720,8110,21,33.6,7,15,0
WAD-SU-0053,SU,Monopole / greenfield,D-RAN,3,3,0,3,3,3,1,1,0,15,5720,8110,21,33.6,7,15,0
WAD-SU-0054,SU,Monopole / greenfield,D-RAN,3,3,0,3,3,3,1,1,0,15,5720,8110,21,33.6,7,15,0
WAD-SU-0055,SU,Monopole / greenfield,D-RAN,3,3,0,3,3,3,1,1,0,15,5720,8110,21,33.6,7,15,0
WAD-SU-0056,SU,Monopole / greenfield,D-RAN,3,3,0,3,3,3,1,1,0,15,5720,8110,21,33.6,7,15,0
WAD-SU-0057,SU,Monopole / greenfield,D-RAN,3,3,0,3,3,3,1,1,0,15,5720,8110,21,33.6,7,15,0
WAD-SU-0058,SU,Monopole / greenfield,D-RAN,3,3,0,3,3,3,1,1,0,15,5720,8110,21,33.6,7,15,0
WAD-SU-0059,SU,Monopole / greenfield,D-RAN,3,3,0,3,3,3,1,1,0,15,5720,8110,21,33.6,7,15,0
WAD-SU-0060,SU,Monopole / greenfield,D-RAN,3,3,0,3,3,3,1,1,0,15,5720,8110,21,33.6,7,15,0
WAD-SU-0061,SU,Monopole / greenfield,C-RAN,3,3,0,3,3,3,0,0,1,15,5310,7540,18,28.8,6,15,0
WAD-SU-0062,SU,Monopole / greenfield,D-RAN,3,3,0,3,3,3,1,1,0,15,5720,8110,21,33.6,7,15,0
WAD-SU-0063,SU,Monopole / greenfield,D-RAN,3,3,0,3,3,3,1,1,0,15,5720,8110,21,33.6,7,15,0
WAD-SU-0064,SU,Monopole / greenfield,D-RAN,3,3,0,3,3,3,1,1,0,15,5720,8110,21,33.6,7,15,0
WAD-SU-0065,SU,Monopole / greenfield,D-RAN,3,3,0,3,3,3,1,1,0,15,5720,8110,21,33.6,7,15,0
TAF-SU-0044,SU,Monopole / greenfield,C-RAN,3,3,0,3,3,3,0,0,1,15,5310,7540,18,28.8,6,15,0
TAF-SU-0045,SU,Monopole / greenfield,C-RAN,3,3,0,3,3,3,0,0,1,15,5310,7540,18,28.8,6,15,0
TAF-SU-0046,SU,Monopole / greenfield,C-RAN,3,3,0,3,3,3,0,0,1,15,5310,7540,18,28.8,6,15,0
TAF-SU-0047,SU,Monopole / greenfield,C-RAN,3,3,0,3,3,3,0,0,1,15,5310,7540,18,28.8,6,15,0
TAF-SU-0048,SU,Monopole / greenfield,C-RAN,3,3,0,3,3,3,0,0,1,15,5310,7540,18,28.8,6,15,0
TAF-SU-0049,SU,Monopole / greenfield,C-RAN,3,3,0,3,3,3,0,0,1,15,5310,7540,18,28.8,6,15,0
TAF-SU-0050,SU,Monopole / greenfield,C-RAN,3,3,0,3,3,3,0,0,1,15,5310,7540,18,28.8,6,15,0
TAF-SU-0051,SU,Monopole / greenfield,C-RAN,3,3,0,3,3,3,0,0,1,15,5310,7540,18,28.8,6,15,0
TAF-SU-0052,SU,Monopole / greenfield,C-RAN,3,3,0,3,3,3,0,0,1,15,5310,7540,18,28.8,6,15,0
TAF-SU-0053,SU,Rooftop,C-RAN,3,3,0,3,3,3,0,0,1,15,5310,7540,18,28.8,6,15,0
TAF-SU-0054,SU,Rooftop,C-RAN,3,3,0,3,3,3,0,0,1,15,5310,7540,18,28.8,6,15,0
TAF-SU-0055,SU,Monopole / greenfield,C-RAN,3,3,0,3,3,3,0,0,1,15,5310,7540,18,28.8,6,15,0
TAF-SU-0056,SU,Monopole / greenfield,C-RAN,3,3,0,3,3,3,0,0,1,15,5310,7540,18,28.8,6,15,0
TAF-SU-0057,SU,Monopole / greenfield,D-RAN,3,3,0,3,3,3,1,1,0,15,5720,8110,21,33.6,7,15,0
TAF-SU-0058,SU,Monopole / greenfield,C-RAN,3,3,0,3,3,3,0,0,1,15,5310,7540,18,28.8,6,15,0
TAF-SU-0059,SU,Rooftop,D-RAN,3,3,0,3,3,3,1,1,0,15,5720,8110,21,33.6,7,15,0
TAF-SU-0060,SU,Monopole / greenfield,D-RAN,3,3,0,3,3,3,1,1,0,15,5720,8110,21,33.6,7,15,0
TAF-SU-0061,SU,Monopole / greenfield,D-RAN,3,3,0,3,3,3,1,1,0,15,5720,8110,21,33.6,7,15,0
TAF-SU-0062,SU,Monopole / greenfield,D-RAN,3,3,0,3,3,3,1,1,0,15,5720,8110,21,33.6,7,15,0
TAF-SU-0063,SU,Monopole / greenfield,D-RAN,3,3,0,3,3,3,1,1,0,15,5720,8110,21,33.6,7,15,0
TAF-SU-0064,SU,Monopole / greenfield,D-RAN,3,3,0,3,3,3,1,1,0,15,5720,8110,21,33.6,7,15,0
TAF-SU-0065,SU,Monopole / greenfield,D-RAN,3,3,0,3,3,3,1,1,0,15,5720,8110,21,33.6,7,15,0
TAF-SU-0066,SU,Monopole / greenfield,D-RAN,3,3,0,3,3,3,1,1,0,15,5720,8110,21,33.6,7,15,0
TAF-SU-0067,SU,Monopole / greenfield,D-RAN,3,3,0,3,3,3,1,1,0,15,5720,8110,21,33.6,7,15,0
TAF-SU-0068,SU,Monopole / greenfield,D-RAN,3,3,0,3,3,3,1,1,0,15,5720,8110,21,33.6,7,15,0
TAF-SU-0069,SU,Monopole / greenfield,D-RAN,3,3,0,3,3,3,1,1,0,15,5720,8110,21,33.6,7,15,0
TAF-SU-0070,SU,Monopole / greenfield,D-RAN,3,3,0,3,3,3,1,1,0,15,5720,8110,21,33.6,7,15,0
TAF-SU-0071,SU,Monopole / greenfield,D-RAN,3,3,0,3,3,3,1,1,0,15,5720,8110,21,33.6,7,15,0
TAF-SU-0072,SU,Monopole / greenfield,D-RAN,3,3,0,3,3,3,1,1,0,15,5720,8110,21,33.6,7,15,0
GHO-SU-0001,SU,Monopole / greenfield,D-RAN,3,3,0,3,3,3,1,1,0,15,5720,8110,21,33.6,7,15,0
GHO-SU-0002,SU,Monopole / greenfield,D-RAN,3,3,0,3,3,3,1,1,0,15,5720,8110,21,33.6,7,15,0
GHO-SU-0003,SU,Monopole / greenfield,D-RAN,3,3,0,3,3,3,1,1,0,15,5720,8110,21,33.6,7,15,0
GHO-SU-0004,SU,Monopole / greenfield,D-RAN,3,3,0,3,3,3,1,1,0,15,5720,8110,21,33.6,7,15,0
GHO-SU-0005,SU,Monopole / greenfield,D-RAN,3,3,0,3,3,3,1,1,0,15,5720,8110,21,33.6,7,15,0
GHO-SU-0006,SU,Monopole / greenfield,D-RAN,3,3,0,3,3,3,1,1,0,15,5720,8110,21,33.6,7,15,0
GHO-SU-0007,SU,Monopole / greenfield,D-RAN,3,3,0,3,3,3,1,1,0,15,5720,8110,21,33.6,7,15,0
GHO-SU-0008,SU,Monopole / greenfield,D-RAN,3,3,0,3,3,3,1,1,0,15,5720,8110,21,33.6,7,15,0
GHO-SU-0009,SU,Monopole / greenfield,D-RAN,3,3,0,3,3,3,1,1,0,15,5720,8110,21,33.6,7,15,0
GHO-SU-0010,SU,Monopole / greenfield,D-RAN,3,3,0,3,3,3,1,1,0,15,5720,8110,21,33.6,7,15,0
GHO-SU-0011,SU,Monopole / greenfield,D-RAN,3,3,0,3,3,3,1,1,0,15,5720,8110,21,33.6,7,15,0
GHO-SU-0012,SU,Monopole / greenfield,D-RAN,3,3,0,3,3,3,1,1,0,15,5720,8110,21,33.6,7,15,0
GHO-SU-0013,SU,Monopole / greenfield,D-RAN,3,3,0,3,3,3,1,1,0,15,5720,8110,21,33.6,7,15,0
GHO-SU-0014,SU,Monopole / greenfield,D-RAN,3,3,0,3,3,3,1,1,0,15,5720,8110,21,33.6,7,15,0
GHO-SU-0015,SU,Monopole / greenfield,D-RAN,3,3,0,3,3,3,1,1,0,15,5720,8110,21,33.6,7,15,0
GHO-SU-0016,SU,Monopole / greenfield,D-RAN,3,3,0,3,3,3,1,1,0,15,5720,8110,21,33.6,7,15,0
GHO-SU-0017,SU,Monopole / greenfield,D-RAN,3,3,0,3,3,3,1,1,0,15,5720,8110,21,33.6,7,15,0
GHO-SU-0018,SU,Monopole / greenfield,D-RAN,3,3,0,3,3,3,1,1,0,15,5720,8110,21,33.6,7,15,0
GHO-SU-0019,SU,Monopole / greenfield,D-RAN,3,3,0,3,3,3,1,1,0,15,5720,8110,21,33.6,7,15,0
GHO-SU-0020,SU,Monopole / greenfield,D-RAN,3,3,0,3,3,3,1,1,0,15,5720,8110,21,33.6,7,15,0
GHO-SU-0021,SU,Monopole / greenfield,D-RAN,3,3,0,3,3,3,1,1,0,15,5720,8110,21,33.6,7,15,0
GHO-SU-0022,SU,Monopole / greenfield,D-RAN,3,3,0,3,3,3,1,1,0,15,5720,8110,21,33.6,7,15,0
GHO-SU-0023,SU,Monopole / greenfield,D-RAN,3,3,0,3,3,3,1,1,0,15,5720,8110,21,33.6,7,15,0
MUT-SU-0001,SU,Monopole / greenfield,D-RAN,3,3,0,3,3,3,1,1,0,15,5720,8110,21,33.6,7,15,0
MUT-SU-0002,SU,Monopole / greenfield,D-RAN,3,3,0,3,3,3,1,1,0,15,5720,8110,21,33.6,7,15,0
MUT-SU-0003,SU,Monopole / greenfield,D-RAN,3,3,0,3,3,3,1,1,0,15,5720,8110,21,33.6,7,15,0
MUT-SU-0004,SU,Monopole / greenfield,D-RAN,3,3,0,3,3,3,1,1,0,15,5720,8110,21,33.6,7,15,0
MUT-SU-0005,SU,Rooftop,D-RAN,3,3,0,3,3,3,1,1,0,15,5720,8110,21,33.6,7,15,0
MUT-SU-0006,SU,Rooftop,D-RAN,3,3,0,3,3,3,1,1,0,15,5720,8110,21,33.6,7,15,0
MUT-SU-0007,SU,Monopole / greenfield,D-RAN,3,3,0,3,3,3,1,1,0,15,5720,8110,21,33.6,7,15,0
MUT-SU-0008,SU,Monopole / greenfield,D-RAN,3,3,0,3,3,3,1,1,0,15,5720,8110,21,33.6,7,15,0
MUT-SU-0009,SU,Monopole / greenfield,D-RAN,3,3,0,3,3,3,1,1,0,15,5720,8110,21,33.6,7,15,0
MUT-SU-0010,SU,Monopole / greenfield,D-RAN,3,3,0,3,3,3,1,1,0,15,5720,8110,21,33.6,7,15,0
MUT-SU-0011,SU,Monopole / greenfield,D-RAN,3,3,0,3,3,3,1,1,0,15,5720,8110,21,33.6,7,15,0
MUT-SU-0012,SU,Monopole / greenfield,D-RAN,3,3,0,3,3,3,1,1,0,15,5720,8110,21,33.6,7,15,0
MUT-SU-0013,SU,Monopole / greenfield,D-RAN,3,3,0,3,3,3,1,1,0,15,5720,8110,21,33.6,7,15,0
MUT-SU-0014,SU,Monopole / greenfield,D-RAN,3,3,0,3,3,3,1,1,0,15,5720,8110,21,33.6,7,15,0
MUT-SU-0015,SU,Monopole / greenfield,D-RAN,3,3,0,3,3,3,1,1,0,15,5720,8110,21,33.6,7,15,0
MUT-SU-0016,SU,Monopole / greenfield,D-RAN,3,3,0,3,3,3,1,1,0,15,5720,8110,21,33.6,7,15,0
MUT-SU-0017,SU,Monopole / greenfield,D-RAN,3,3,0,3,3,3,1,1,0,15,5720,8110,21,33.6,7,15,0
MUT-SU-0018,SU,Monopole / greenfield,D-RAN,3,3,0,3,3,3,1,1,0,15,5720,8110,21,33.6,7,15,0
MUT-SU-0019,SU,Monopole / greenfield,D-RAN,3,3,0,3,3,3,1,1,0,15,5720,8110,21,33.6,7,15,0
MUT-SU-0020,SU,Monopole / greenfield,D-RAN,3,3,0,3,3,3,1,1,0,15,5720,8110,21,33.6,7,15,0
MUT-SU-0021,SU,Monopole / greenfield,D-RAN,3,3,0,3,3,3,1,1,0,15,5720,8110,21,33.6,7,15,0
MUT-SU-0022,SU,Monopole / greenfield,D-RAN,3,3,0,3,3,3,1,1,0,15,5720,8110,21,33.6,7,15,0
MUT-SU-0023,SU,Monopole / greenfield,D-RAN,3,3,0,3,3,3,1,1,0,15,5720,8110,21,33.6,7,15,0
MUT-SU-0024,SU,Monopole / greenfield,D-RAN,3,3,0,3,3,3,1,1,0,15,5720,8110,21,33.6,7,15,0
MUT-SU-0025,SU,Monopole / greenfield,D-RAN,3,3,0,3,3,3,1,1,0,15,5720,8110,21,33.6,7,15,0
MUT-SU-0026,SU,Rooftop,D-RAN,3,3,0,3,3,3,1,1,0,15,5720,8110,21,33.6,7,15,0
MUT-SU-0027,SU,Rooftop,D-RAN,3,3,0,3,3,3,1,1,0,15,5720,8110,21,33.6,7,15,0
MUT-SU-0028,SU,Monopole / greenfield,D-RAN,3,3,0,3,3,3,1,1,0,15,5720,8110,21,33.6,7,15,0
MUT-SU-0029,SU,Rooftop,D-RAN,3,3,0,3,3,3,1,1,0,15,5720,8110,21,33.6,7,15,0
MUT-SU-0030,SU,Monopole / greenfield,D-RAN,3,3,0,3,3,3,1,1,0,15,5720,8110,21,33.6,7,15,0
MUT-SU-0031,SU,Rooftop,D-RAN,3,3,0,3,3,3,1,1,0,15,5720,8110,21,33.6,7,15,0
MUT-SU-0032,SU,Monopole / greenfield,D-RAN,3,3,0,3,3,3,1,1,0,15,5720,8110,21,33.6,7,15,0
MUT-SU-0033,SU,Monopole / greenfield,D-RAN,3,3,0,3,3,3,1,1,0,15,5720,8110,21,33.6,7,15,0
MUT-SU-0034,SU,Monopole / greenfield,D-RAN,3,3,0,3,3,3,1,1,0,15,5720,8110,21,33.6,7,15,0
MUT-SU-0035,SU,Monopole / greenfield,D-RAN,3,3,0,3,3,3,1,1,0,15,5720,8110,21,33.6,7,15,0
MUT-SU-0036,SU,Monopole / greenfield,D-RAN,3,3,0,3,3,3,1,1,0,15,5720,8110,21,33.6,7,15,0
KAR-SU-0062,SU,Monopole / greenfield,C-RAN,3,3,0,3,3,3,0,0,1,15,5310,7540,18,28.8,6,15,0
KAR-SU-0063,SU,Monopole / greenfield,C-RAN,3,3,0,3,3,3,0,0,1,15,5310,7540,18,28.8,6,15,0
KAR-SU-0064,SU,Monopole / greenfield,C-RAN,3,3,0,3,3,3,0,0,1,15,5310,7540,18,28.8,6,15,0
KAR-SU-0065,SU,Monopole / greenfield,C-RAN,3,3,0,3,3,3,0,0,1,15,5310,7540,18,28.8,6,15,0
KAR-SU-0066,SU,Monopole / greenfield,C-RAN,3,3,0,3,3,3,0,0,1,15,5310,7540,18,28.8,6,15,0
KAR-SU-0067,SU,Monopole / greenfield,C-RAN,3,3,0,3,3,3,0,0,1,15,5310,7540,18,28.8,6,15,0
KAR-SU-0068,SU,Monopole / greenfield,C-RAN,3,3,0,3,3,3,0,0,1,15,5310,7540,18,28.8,6,15,0
KAR-SU-0069,SU,Monopole / greenfield,C-RAN,3,3,0,3,3,3,0,0,1,15,5310,7540,18,28.8,6,15,0
KAR-SU-0070,SU,Monopole / greenfield,C-RAN,3,3,0,3,3,3,0,0,1,15,5310,7540,18,28.8,6,15,0
KAR-SU-0071,SU,Monopole / greenfield,C-RAN,3,3,0,3,3,3,0,0,1,15,5310,7540,18,28.8,6,15,0
KAR-SU-0072,SU,Monopole / greenfield,C-RAN,3,3,0,3,3,3,0,0,1,15,5310,7540,18,28.8,6,15,0
KAR-SU-0073,SU,Monopole / greenfield,C-RAN,3,3,0,3,3,3,0,0,1,15,5310,7540,18,28.8,6,15,0
KAR-SU-0074,SU,Monopole / greenfield,D-RAN,3,3,0,3,3,3,1,1,0,15,5720,8110,21,33.6,7,15,0
KAR-SU-0075,SU,Monopole / greenfield,D-RAN,3,3,0,3,3,3,1,1,0,15,5720,8110,21,33.6,7,15,0
KAR-SU-0076,SU,Monopole / greenfield,C-RAN,3,3,0,3,3,3,0,0,1,15,5310,7540,18,28.8,6,15,0
KAR-SU-0077,SU,Monopole / greenfield,D-RAN,3,3,0,3,3,3,1,1,0,15,5720,8110,21,33.6,7,15,0
KAR-SU-0078,SU,Rooftop,D-RAN,3,3,0,3,3,3,1,1,0,15,5720,8110,21,33.6,7,15,0
KAR-SU-0079,SU,Monopole / greenfield,D-RAN,3,3,0,3,3,3,1,1,0,15,5720,8110,21,33.6,7,15,0
KAR-SU-0080,SU,Monopole / greenfield,D-RAN,3,3,0,3,3,3,1,1,0,15,5720,8110,21,33.6,7,15,0
KAR-SU-0081,SU,Monopole / greenfield,D-RAN,3,3,0,3,3,3,1,1,0,15,5720,8110,21,33.6,7,15,0
KAR-SU-0082,SU,Monopole / greenfield,C-RAN,3,3,0,3,3,3,0,0,1,15,5310,7540,18,28.8,6,15,0
KAR-SU-0083,SU,Monopole / greenfield,D-RAN,3,3,0,3,3,3,1,1,0,15,5720,8110,21,33.6,7,15,0
KAR-SU-0084,SU,Monopole / greenfield,D-RAN,3,3,0,3,3,3,1,1,0,15,5720,8110,21,33.6,7,15,0
KAR-SU-0085,SU,Monopole / greenfield,C-RAN,3,3,0,3,3,3,0,0,1,15,5310,7540,18,28.8,6,15,0
KAR-SU-0086,SU,Monopole / greenfield,C-RAN,3,3,0,3,3,3,0,0,1,15,5310,7540,18,28.8,6,15,0
KAR-SU-0087,SU,Monopole / greenfield,D-RAN,3,3,0,3,3,3,1,1,0,15,5720,8110,21,33.6,7,15,0
KAR-SU-0088,SU,Monopole / greenfield,C-RAN,3,3,0,3,3,3,0,0,1,15,5310,7540,18,28.8,6,15,0
KAR-SU-0089,SU,Monopole / greenfield,C-RAN,3,3,0,3,3,3,0,0,1,15,5310,7540,18,28.8,6,15,0
KAR-SU-0090,SU,Monopole / greenfield,C-RAN,3,3,0,3,3,3,0,0,1,15,5310,7540,18,28.8,6,15,0
KAR-SU-0091,SU,Monopole / greenfield,D-RAN,3,3,0,3,3,3,1,1,0,15,5720,8110,21,33.6,7,15,0
KAR-SU-0092,SU,Monopole / greenfield,D-RAN,3,3,0,3,3,3,1,1,0,15,5720,8110,21,33.6,7,15,0
KAR-SU-0093,SU,Monopole / greenfield,C-RAN,3,3,0,3,3,3,0,0,1,15,5310,7540,18,28.8,6,15,0
KAR-SU-0094,SU,Monopole / greenfield,C-RAN,3,3,0,3,3,3,0,0,1,15,5310,7540,18,28.8,6,15,0
KAR-SU-0095,SU,Monopole / greenfield,D-RAN,3,3,0,3,3,3,1,1,0,15,5720,8110,21,33.6,7,15,0
KAR-SU-0096,SU,Monopole / greenfield,D-RAN,3,3,0,3,3,3,1,1,0,15,5720,8110,21,33.6,7,15,0
KAR-SU-0097,SU,Monopole / greenfield,C-RAN,3,3,0,3,3,3,0,0,1,15,5310,7540,18,28.8,6,15,0
KAR-SU-0098,SU,Monopole / greenfield,C-RAN,3,3,0,3,3,3,0,0,1,15,5310,7540,18,28.8,6,15,0
KAR-SU-0099,SU,Monopole / greenfield,C-RAN,3,3,0,3,3,3,0,0,1,15,5310,7540,18,28.8,6,15,0
KAR-SU-0100,SU,Monopole / greenfield,C-RAN,3,3,0,3,3,3,0,0,1,15,5310,7540,18,28.8,6,15,0
KAR-SU-0101,SU,Monopole / greenfield,D-RAN,3,3,0,3,3,3,1,1,0,15,5720,8110,21,33.6,7,15,0
KAR-SU-0102,SU,Monopole / greenfield,D-RAN,3,3,0,3,3,3,1,1,0,15,5720,8110,21,33.6,7,15,0
KAR-SU-0103,SU,Monopole / greenfield,D-RAN,3,3,0,3,3,3,1,1,0,15,5720,8110,21,33.6,7,15,0
KAR-SU-0104,SU,Monopole / greenfield,C-RAN,3,3,0,3,3,3,0,0,1,15,5310,7540,18,28.8,6,15,0
KAR-SU-0105,SU,Monopole / greenfield,C-RAN,3,3,0,3,3,3,0,0,1,15,5310,7540,18,28.8,6,15,0
KAR-SU-0106,SU,Monopole / greenfield,C-RAN,3,3,0,3,3,3,0,0,1,15,5310,7540,18,28.8,6,15,0
KAR-SU-0107,SU,Monopole / greenfield,D-RAN,3,3,0,3,3,3,1,1,0,15,5720,8110,21,33.6,7,15,0
MAD-SU-0103,SU,Monopole / greenfield,C-RAN,3,3,0,3,3,3,0,0,1,15,5310,7540,18,28.8,6,15,0
DEA-SU-0001,SU,Monopole / greenfield,D-RAN,3,3,0,3,3,3,1,1,0,15,5720,8110,21,33.6,7,15,0
MAD-SU-0104,SU,Monopole / greenfield,C-RAN,3,3,0,3,3,3,0,0,1,15,5310,7540,18,28.8,6,15,0
MAD-SU-0105,SU,Monopole / greenfield,C-RAN,3,3,0,3,3,3,0,0,1,15,5310,7540,18,28.8,6,15,0
MAD-SU-0106,SU,Monopole / greenfield,C-RAN,3,3,0,3,3,3,0,0,1,15,5310,7540,18,28.8,6,15,0
MAD-SU-0107,SU,Monopole / greenfield,C-RAN,3,3,0,3,3,3,0,0,1,15,5310,7540,18,28.8,6,15,0
MAD-SU-0108,SU,Monopole / greenfield,C-RAN,3,3,0,3,3,3,0,0,1,15,5310,7540,18,28.8,6,15,0
DEA-SU-0002,SU,Monopole / greenfield,D-RAN,3,3,0,3,3,3,1,1,0,15,5720,8110,21,33.6,7,15,0
MAD-SU-0109,SU,Monopole / greenfield,C-RAN,3,3,0,3,3,3,0,0,1,15,5310,7540,18,28.8,6,15,0
MAD-SU-0110,SU,Monopole / greenfield,C-RAN,3,3,0,3,3,3,0,0,1,15,5310,7540,18,28.8,6,15,0
MAD-SU-0111,SU,Monopole / greenfield,C-RAN,3,3,0,3,3,3,0,0,1,15,5310,7540,18,28.8,6,15,0
MAD-SU-0112,SU,Monopole / greenfield,C-RAN,3,3,0,3,3,3,0,0,1,15,5310,7540,18,28.8,6,15,0
MAD-SU-0113,SU,Monopole / greenfield,C-RAN,3,3,0,3,3,3,0,0,1,15,5310,7540,18,28.8,6,15,0
MAD-SU-0114,SU,Monopole / greenfield,C-RAN,3,3,0,3,3,3,0,0,1,15,5310,7540,18,28.8,6,15,0
DEA-SU-0003,SU,Monopole / greenfield,D-RAN,3,3,0,3,3,3,1,1,0,15,5720,8110,21,33.6,7,15,0
MAD-SU-0115,SU,Monopole / greenfield,C-RAN,3,3,0,3,3,3,0,0,1,15,5310,7540,18,28.8,6,15,0
MAD-SU-0116,SU,Monopole / greenfield,C-RAN,3,3,0,3,3,3,0,0,1,15,5310,7540,18,28.8,6,15,0
MAD-SU-0117,SU,Monopole / greenfield,C-RAN,3,3,0,3,3,3,0,0,1,15,5310,7540,18,28.8,6,15,0
DEA-SU-0004,SU,Monopole / greenfield,D-RAN,3,3,0,3,3,3,1,1,0,15,5720,8110,21,33.6,7,15,0
DEA-SU-0005,SU,Monopole / greenfield,D-RAN,3,3,0,3,3,3,1,1,0,15,5720,8110,21,33.6,7,15,0
MAD-SU-0118,SU,Monopole / greenfield,C-RAN,3,3,0,3,3,3,0,0,1,15,5310,7540,18,28.8,6,15,0
MAD-SU-0119,SU,Monopole / greenfield,C-RAN,3,3,0,3,3,3,0,0,1,15,5310,7540,18,28.8,6,15,0
MAD-SU-0120,SU,Monopole / greenfield,C-RAN,3,3,0,3,3,3,0,0,1,15,5310,7540,18,28.8,6,15,0
AMM-SU-2169,SU,Monopole / greenfield,D-RAN,3,3,0,3,3,3,1,1,0,15,5720,8110,21,33.6,7,15,0
AMM-SU-2170,SU,Monopole / greenfield,D-RAN,3,3,0,3,3,3,1,1,0,15,5720,8110,21,33.6,7,15,0
DEA-SU-0006,SU,Monopole / greenfield,D-RAN,3,3,0,3,3,3,1,1,0,15,5720,8110,21,33.6,7,15,0
DEA-SU-0007,SU,Monopole / greenfield,D-RAN,3,3,0,3,3,3,1,1,0,15,5720,8110,21,33.6,7,15,0
MAD-SU-0121,SU,Monopole / greenfield,C-RAN,3,3,0,3,3,3,0,0,1,15,5310,7540,18,28.8,6,15,0
MAD-SU-0122,SU,Monopole / greenfield,C-RAN,3,3,0,3,3,3,0,0,1,15,5310,7540,18,28.8,6,15,0
MAD-SU-0123,SU,Monopole / greenfield,C-RAN,3,3,0,3,3,3,0,0,1,15,5310,7540,18,28.8,6,15,0
AMM-SU-2171,SU,Monopole / greenfield,D-RAN,3,3,0,3,3,3,1,1,0,15,5720,8110,21,33.6,7,15,0
AMM-SU-2172,SU,Monopole / greenfield,D-RAN,3,3,0,3,3,3,1,1,0,15,5720,8110,21,33.6,7,15,0
AMM-SU-2173,SU,Monopole / greenfield,D-RAN,3,3,0,3,3,3,1,1,0,15,5720,8110,21,33.6,7,15,0
AMM-SU-2174,SU,Monopole / greenfield,D-RAN,3,3,0,3,3,3,1,1,0,15,5720,8110,21,33.6,7,15,0
DEA-SU-0008,SU,Monopole / greenfield,D-RAN,3,3,0,3,3,3,1,1,0,15,5720,8110,21,33.6,7,15,0
DEA-SU-0009,SU,Monopole / greenfield,D-RAN,3,3,0,3,3,3,1,1,0,15,5720,8110,21,33.6,7,15,0
MAD-SU-0124,SU,Monopole / greenfield,C-RAN,3,3,0,3,3,3,0,0,1,15,5310,7540,18,28.8,6,15,0
MAD-SU-0125,SU,Monopole / greenfield,C-RAN,3,3,0,3,3,3,0,0,1,15,5310,7540,18,28.8,6,15,0
MAD-SU-0126,SU,Monopole / greenfield,C-RAN,3,3,0,3,3,3,0,0,1,15,5310,7540,18,28.8,6,15,0
MAD-SU-0127,SU,Monopole / greenfield,C-RAN,3,3,0,3,3,3,0,0,1,15,5310,7540,18,28.8,6,15,0
AMM-SU-2175,SU,Monopole / greenfield,D-RAN,3,3,0,3,3,3,1,1,0,15,5720,8110,21,33.6,7,15,0
AMM-SU-2176,SU,Monopole / greenfield,D-RAN,3,3,0,3,3,3,1,1,0,15,5720,8110,21,33.6,7,15,0
AMM-SU-2177,SU,Monopole / greenfield,D-RAN,3,3,0,3,3,3,1,1,0,15,5720,8110,21,33.6,7,15,0
AMM-SU-2178,SU,Monopole / greenfield,D-RAN,3,3,0,3,3,3,1,1,0,15,5720,8110,21,33.6,7,15,0
AMM-SU-2179,SU,Monopole / greenfield,D-RAN,3,3,0,3,3,3,1,1,0,15,5720,8110,21,33.6,7,15,0
AMM-SU-2180,SU,Monopole / greenfield,D-RAN,3,3,0,3,3,3,1,1,0,15,5720,8110,21,33.6,7,15,0
DEA-SU-0010,SU,Monopole / greenfield,D-RAN,3,3,0,3,3,3,1,1,0,15,5720,8110,21,33.6,7,15,0
DEA-SU-0011,SU,Monopole / greenfield,D-RAN,3,3,0,3,3,3,1,1,0,15,5720,8110,21,33.6,7,15,0
MAD-SU-0128,SU,Monopole / greenfield,C-RAN,3,3,0,3,3,3,0,0,1,15,5310,7540,18,28.8,6,15,0
MAD-SU-0129,SU,Monopole / greenfield,C-RAN,3,3,0,3,3,3,0,0,1,15,5310,7540,18,28.8,6,15,0
MAD-SU-0130,SU,Monopole / greenfield,C-RAN,3,3,0,3,3,3,0,0,1,15,5310,7540,18,28.8,6,15,0
AMM-SU-2181,SU,Monopole / greenfield,D-RAN,3,3,0,3,3,3,1,1,0,15,5720,8110,21,33.6,7,15,0
AMM-SU-2182,SU,Monopole / greenfield,D-RAN,3,3,0,3,3,3,1,1,0,15,5720,8110,21,33.6,7,15,0
AMM-SU-2183,SU,Monopole / greenfield,D-RAN,3,3,0,3,3,3,1,1,0,15,5720,8110,21,33.6,7,15,0
AMM-SU-2184,SU,Rooftop,D-RAN,3,3,0,3,3,3,1,1,0,15,5720,8110,21,33.6,7,15,0
AMM-SU-2185,SU,Monopole / greenfield,D-RAN,3,3,0,3,3,3,1,1,0,15,5720,8110,21,33.6,7,15,0
AMM-SU-2186,SU,Rooftop,D-RAN,3,3,0,3,3,3,1,1,0,15,5720,8110,21,33.6,7,15,0
AMM-SU-2187,SU,Monopole / greenfield,D-RAN,3,3,0,3,3,3,1,1,0,15,5720,8110,21,33.6,7,15,0
AMM-SU-2188,SU,Monopole / greenfield,D-RAN,3,3,0,3,3,3,1,1,0,15,5720,8110,21,33.6,7,15,0
DEA-SU-0012,SU,Monopole / greenfield,D-RAN,3,3,0,3,3,3,1,1,0,15,5720,8110,21,33.6,7,15,0
DEA-SU-0013,SU,Monopole / greenfield,D-RAN,3,3,0,3,3,3,1,1,0,15,5720,8110,21,33.6,7,15,0
MAD-SU-0131,SU,Monopole / greenfield,C-RAN,3,3,0,3,3,3,0,0,1,15,5310,7540,18,28.8,6,15,0
MAD-SU-0132,SU,Monopole / greenfield,C-RAN,3,3,0,3,3,3,0,0,1,15,5310,7540,18,28.8,6,15,0
MAD-SU-0133,SU,Monopole / greenfield,C-RAN,3,3,0,3,3,3,0,0,1,15,5310,7540,18,28.8,6,15,0
AMM-SU-2189,SU,Monopole / greenfield,D-RAN,3,3,0,3,3,3,1,1,0,15,5720,8110,21,33.6,7,15,0
AMM-SU-2190,SU,Monopole / greenfield,D-RAN,3,3,0,3,3,3,1,1,0,15,5720,8110,21,33.6,7,15,0
AMM-SU-2191,SU,Rooftop,D-RAN,3,3,0,3,3,3,1,1,0,15,5720,8110,21,33.6,7,15,0
AMM-SU-2192,SU,Rooftop,D-RAN,3,3,0,3,3,3,1,1,0,15,5720,8110,21,33.6,7,15,0
AMM-SU-2193,SU,Monopole / greenfield,D-RAN,3,3,0,3,3,3,1,1,0,15,5720,8110,21,33.6,7,15,0
AMM-SU-2194,SU,Rooftop,D-RAN,3,3,0,3,3,3,1,1,0,15,5720,8110,21,33.6,7,15,0
AMM-SU-2195,SU,Rooftop,D-RAN,3,3,0,3,3,3,1,1,0,15,5720,8110,21,33.6,7,15,0
AMM-SU-2196,SU,Monopole / greenfield,D-RAN,3,3,0,3,3,3,1,1,0,15,5720,8110,21,33.6,7,15,0
DEA-SU-0014,SU,Monopole / greenfield,D-RAN,3,3,0,3,3,3,1,1,0,15,5720,8110,21,33.6,7,15,0
DEA-SU-0015,SU,Monopole / greenfield,D-RAN,3,3,0,3,3,3,1,1,0,15,5720,8110,21,33.6,7,15,0
MAD-SU-0134,SU,Monopole / greenfield,C-RAN,3,3,0,3,3,3,0,0,1,15,5310,7540,18,28.8,6,15,0
MAD-SU-0135,SU,Monopole / greenfield,C-RAN,3,3,0,3,3,3,0,0,1,15,5310,7540,18,28.8,6,15,0
MAD-SU-0136,SU,Monopole / greenfield,C-RAN,3,3,0,3,3,3,0,0,1,15,5310,7540,18,28.8,6,15,0
MAD-SU-0137,SU,Monopole / greenfield,C-RAN,3,3,0,3,3,3,0,0,1,15,5310,7540,18,28.8,6,15,0
AMM-SU-2197,SU,Monopole / greenfield,D-RAN,3,3,0,3,3,3,1,1,0,15,5720,8110,21,33.6,7,15,0
AMM-SU-2198,SU,Monopole / greenfield,D-RAN,3,3,0,3,3,3,1,1,0,15,5720,8110,21,33.6,7,15,0
AMM-SU-2199,SU,Monopole / greenfield,D-RAN,3,3,0,3,3,3,1,1,0,15,5720,8110,21,33.6,7,15,0
AMM-SU-2200,SU,Monopole / greenfield,D-RAN,3,3,0,3,3,3,1,1,0,15,5720,8110,21,33.6,7,15,0
AMM-SU-2201,SU,Monopole / greenfield,D-RAN,3,3,0,3,3,3,1,1,0,15,5720,8110,21,33.6,7,15,0
AMM-SU-2202,SU,Monopole / greenfield,D-RAN,3,3,0,3,3,3,1,1,0,15,5720,8110,21,33.6,7,15,0
DEA-SU-0016,SU,Monopole / greenfield,D-RAN,3,3,0,3,3,3,1,1,0,15,5720,8110,21,33.6,7,15,0
DEA-SU-0017,SU,Monopole / greenfield,D-RAN,3,3,0,3,3,3,1,1,0,15,5720,8110,21,33.6,7,15,0
MAD-SU-0138,SU,Monopole / greenfield,C-RAN,3,3,0,3,3,3,0,0,1,15,5310,7540,18,28.8,6,15,0
MAD-SU-0139,SU,Monopole / greenfield,C-RAN,3,3,0,3,3,3,0,0,1,15,5310,7540,18,28.8,6,15,0
MAD-SU-0140,SU,Monopole / greenfield,C-RAN,3,3,0,3,3,3,0,0,1,15,5310,7540,18,28.8,6,15,0
MAD-SU-0141,SU,Monopole / greenfield,C-RAN,3,3,0,3,3,3,0,0,1,15,5310,7540,18,28.8,6,15,0
MAD-SU-0142,SU,Monopole / greenfield,C-RAN,3,3,0,3,3,3,0,0,1,15,5310,7540,18,28.8,6,15,0
AMM-SU-2203,SU,Monopole / greenfield,D-RAN,3,3,0,3,3,3,1,1,0,15,5720,8110,21,33.6,7,15,0
AMM-SU-2204,SU,Monopole / greenfield,D-RAN,3,3,0,3,3,3,1,1,0,15,5720,8110,21,33.6,7,15,0
AMM-SU-2205,SU,Monopole / greenfield,D-RAN,3,3,0,3,3,3,1,1,0,15,5720,8110,21,33.6,7,15,0
AMM-SU-2206,SU,Monopole / greenfield,D-RAN,3,3,0,3,3,3,1,1,0,15,5720,8110,21,33.6,7,15,0
AMM-SU-2207,SU,Monopole / greenfield,D-RAN,3,3,0,3,3,3,1,1,0,15,5720,8110,21,33.6,7,15,0
AMM-SU-2208,SU,Monopole / greenfield,D-RAN,3,3,0,3,3,3,1,1,0,15,5720,8110,21,33.6,7,15,0
AMM-SU-2209,SU,Monopole / greenfield,D-RAN,3,3,0,3,3,3,1,1,0,15,5720,8110,21,33.6,7,15,0
DEA-SU-0018,SU,Monopole / greenfield,D-RAN,3,3,0,3,3,3,1,1,0,15,5720,8110,21,33.6,7,15,0
MAD-SU-0143,SU,Monopole / greenfield,C-RAN,3,3,0,3,3,3,0,0,1,15,5310,7540,18,28.8,6,15,0
MAD-SU-0144,SU,Monopole / greenfield,C-RAN,3,3,0,3,3,3,0,0,1,15,5310,7540,18,28.8,6,15,0
MAD-SU-0145,SU,Monopole / greenfield,C-RAN,3,3,0,3,3,3,0,0,1,15,5310,7540,18,28.8,6,15,0
MAD-SU-0146,SU,Monopole / greenfield,C-RAN,3,3,0,3,3,3,0,0,1,15,5310,7540,18,28.8,6,15,0
MAD-SU-0147,SU,Monopole / greenfield,C-RAN,3,3,0,3,3,3,0,0,1,15,5310,7540,18,28.8,6,15,0
MAD-SU-0148,SU,Monopole / greenfield,C-RAN,3,3,0,3,3,3,0,0,1,15,5310,7540,18,28.8,6,15,0
MAD-SU-0149,SU,Monopole / greenfield,C-RAN,3,3,0,3,3,3,0,0,1,15,5310,7540,18,28.8,6,15,0
MAD-SU-0150,SU,Monopole / greenfield,C-RAN,3,3,0,3,3,3,0,0,1,15,5310,7540,18,28.8,6,15,0
AMM-SU-2210,SU,Monopole / greenfield,D-RAN,3,3,0,3,3,3,1,1,0,15,5720,8110,21,33.6,7,15,0
AMM-SU-2211,SU,Monopole / greenfield,D-RAN,3,3,0,3,3,3,1,1,0,15,5720,8110,21,33.6,7,15,0
AMM-SU-2212,SU,Monopole / greenfield,D-RAN,3,3,0,3,3,3,1,1,0,15,5720,8110,21,33.6,7,15,0
AMM-SU-2213,SU,Monopole / greenfield,D-RAN,3,3,0,3,3,3,1,1,0,15,5720,8110,21,33.6,7,15,0
AMM-SU-2214,SU,Monopole / greenfield,D-RAN,3,3,0,3,3,3,1,1,0,15,5720,8110,21,33.6,7,15,0
AMM-SU-2215,SU,Rooftop,D-RAN,3,3,0,3,3,3,1,1,0,15,5720,8110,21,33.6,7,15,0
DEA-SU-0019,SU,Monopole / greenfield,D-RAN,3,3,0,3,3,3,1,1,0,15,5720,8110,21,33.6,7,15,0
MAD-SU-0151,SU,Monopole / greenfield,C-RAN,3,3,0,3,3,3,0,0,1,15,5310,7540,18,28.8,6,15,0
MAD-SU-0152,SU,Monopole / greenfield,C-RAN,3,3,0,3,3,3,0,0,1,15,5310,7540,18,28.8,6,15,0
MAD-SU-0153,SU,Monopole / greenfield,C-RAN,3,3,0,3,3,3,0,0,1,15,5310,7540,18,28.8,6,15,0
MAD-SU-0154,SU,Rooftop,C-RAN,3,3,0,3,3,3,0,0,1,15,5310,7540,18,28.8,6,15,0
MAD-SU-0155,SU,Monopole / greenfield,C-RAN,3,3,0,3,3,3,0,0,1,15,5310,7540,18,28.8,6,15,0
MAD-SU-0156,SU,Monopole / greenfield,C-RAN,3,3,0,3,3,3,0,0,1,15,5310,7540,18,28.8,6,15,0
AMM-SU-2216,SU,Monopole / greenfield,D-RAN,3,3,0,3,3,3,1,1,0,15,5720,8110,21,33.6,7,15,0
AMM-SU-2217,SU,Monopole / greenfield,D-RAN,3,3,0,3,3,3,1,1,0,15,5720,8110,21,33.6,7,15,0
AMM-SU-2218,SU,Monopole / greenfield,D-RAN,3,3,0,3,3,3,1,1,0,15,5720,8110,21,33.6,7,15,0
MAD-SU-0157,SU,Monopole / greenfield,C-RAN,3,3,0,3,3,3,0,0,1,15,5310,7540,18,28.8,6,15,0
MAD-SU-0158,SU,Monopole / greenfield,C-RAN,3,3,0,3,3,3,0,0,1,15,5310,7540,18,28.8,6,15,0
AMM-SU-2219,SU,Monopole / greenfield,D-RAN,3,3,0,3,3,3,1,1,0,15,5720,8110,21,33.6,7,15,0
AMM-SU-2220,SU,Monopole / greenfield,D-RAN,3,3,0,3,3,3,1,1,0,15,5720,8110,21,33.6,7,15,0
AMM-SU-2221,SU,Monopole / greenfield,D-RAN,3,3,0,3,3,3,1,1,0,15,5720,8110,21,33.6,7,15,0
AMM-SU-2222,SU,Monopole / greenfield,D-RAN,3,3,0,3,3,3,1,1,0,15,5720,8110,21,33.6,7,15,0
AMM-SU-2223,SU,Monopole / greenfield,D-RAN,3,3,0,3,3,3,1,1,0,15,5720,8110,21,33.6,7,15,0
AMM-SU-2224,SU,Monopole / greenfield,D-RAN,3,3,0,3,3,3,1,1,0,15,5720,8110,21,33.6,7,15,0
AMM-SU-2225,SU,Monopole / greenfield,D-RAN,3,3,0,3,3,3,1,1,0,15,5720,8110,21,33.6,7,15,0
AMM-SU-2226,SU,Monopole / greenfield,D-RAN,3,3,0,3,3,3,1,1,0,15,5720,8110,21,33.6,7,15,0
AMM-SU-2227,SU,Monopole / greenfield,D-RAN,3,3,0,3,3,3,1,1,0,15,5720,8110,21,33.6,7,15,0
AMM-SU-2228,SU,Monopole / greenfield,D-RAN,3,3,0,3,3,3,1,1,0,15,5720,8110,21,33.6,7,15,0
AMM-SU-2229,SU,Monopole / greenfield,D-RAN,3,3,0,3,3,3,1,1,0,15,5720,8110,21,33.6,7,15,0
AMM-SU-2230,SU,Monopole / greenfield,D-RAN,3,3,0,3,3,3,1,1,0,15,5720,8110,21,33.6,7,15,0
AMM-SU-2231,SU,Monopole / greenfield,D-RAN,3,3,0,3,3,3,1,1,0,15,5720,8110,21,33.6,7,15,0
AMM-SU-2232,SU,Monopole / greenfield,D-RAN,3,3,0,3,3,3,1,1,0,15,5720,8110,21,33.6,7,15,0
AMM-SU-2233,SU,Monopole / greenfield,D-RAN,3,3,0,3,3,3,1,1,0,15,5720,8110,21,33.6,7,15,0
AMM-SU-2234,SU,Monopole / greenfield,D-RAN,3,3,0,3,3,3,1,1,0,15,5720,8110,21,33.6,7,15,0
AMM-SU-2235,SU,Monopole / greenfield,D-RAN,3,3,0,3,3,3,1,1,0,15,5720,8110,21,33.6,7,15,0
AMM-SU-2236,SU,Monopole / greenfield,D-RAN,3,3,0,3,3,3,1,1,0,15,5720,8110,21,33.6,7,15,0
AMM-SU-2237,SU,Monopole / greenfield,D-RAN,3,3,0,3,3,3,1,1,0,15,5720,8110,21,33.6,7,15,0
AMM-SU-2238,SU,Monopole / greenfield,D-RAN,3,3,0,3,3,3,1,1,0,15,5720,8110,21,33.6,7,15,0
AMM-SU-2239,SU,Monopole / greenfield,D-RAN,3,3,0,3,3,3,1,1,0,15,5720,8110,21,33.6,7,15,0
AMM-SU-2240,SU,Monopole / greenfield,D-RAN,3,3,0,3,3,3,1,1,0,15,5720,8110,21,33.6,7,15,0
AMM-SU-2241,SU,Monopole / greenfield,D-RAN,3,3,0,3,3,3,1,1,0,15,5720,8110,21,33.6,7,15,0
AMM-SU-2242,SU,Monopole / greenfield,D-RAN,3,3,0,3,3,3,1,1,0,15,5720,8110,21,33.6,7,15,0
AMM-SU-2243,SU,Monopole / greenfield,D-RAN,3,3,0,3,3,3,1,1,0,15,5720,8110,21,33.6,7,15,0
AMM-SU-2244,SU,Monopole / greenfield,D-RAN,3,3,0,3,3,3,1,1,0,15,5720,8110,21,33.6,7,15,0
AMM-SU-2245,SU,Monopole / greenfield,D-RAN,3,3,0,3,3,3,1,1,0,15,5720,8110,21,33.6,7,15,0
AMM-SU-2246,SU,Monopole / greenfield,D-RAN,3,3,0,3,3,3,1,1,0,15,5720,8110,21,33.6,7,15,0
AMM-SU-2247,SU,Monopole / greenfield,D-RAN,3,3,0,3,3,3,1,1,0,15,5720,8110,21,33.6,7,15,0
AMM-SU-2248,SU,Monopole / greenfield,D-RAN,3,3,0,3,3,3,1,1,0,15,5720,8110,21,33.6,7,15,0
AMM-SU-2249,SU,Monopole / greenfield,D-RAN,3,3,0,3,3,3,1,1,0,15,5720,8110,21,33.6,7,15,0
AMM-SU-2250,SU,Monopole / greenfield,D-RAN,3,3,0,3,3,3,1,1,0,15,5720,8110,21,33.6,7,15,0
AMM-SU-2251,SU,Monopole / greenfield,D-RAN,3,3,0,3,3,3,1,1,0,15,5720,8110,21,33.6,7,15,0
AMM-SU-2252,SU,Monopole / greenfield,D-RAN,3,3,0,3,3,3,1,1,0,15,5720,8110,21,33.6,7,15,0
AMM-SU-2253,SU,Rooftop,D-RAN,3,3,0,3,3,3,1,1,0,15,5720,8110,21,33.6,7,15,0
AMM-SU-2254,SU,Monopole / greenfield,D-RAN,3,3,0,3,3,3,1,1,0,15,5720,8110,21,33.6,7,15,0
AMM-SU-2255,SU,Monopole / greenfield,D-RAN,3,3,0,3,3,3,1,1,0,15,5720,8110,21,33.6,7,15,0
AMM-SU-2256,SU,Monopole / greenfield,D-RAN,3,3,0,3,3,3,1,1,0,15,5720,8110,21,33.6,7,15,0
AMM-SU-2257,SU,Monopole / greenfield,D-RAN,3,3,0,3,3,3,1,1,0,15,5720,8110,21,33.6,7,15,0
AMM-SU-2258,SU,Monopole / greenfield,D-RAN,3,3,0,3,3,3,1,1,0,15,5720,8110,21,33.6,7,15,0
AMM-SU-2259,SU,Rooftop,D-RAN,3,3,0,3,3,3,1,1,0,15,5720,8110,21,33.6,7,15,0
AMM-SU-2260,SU,Monopole / greenfield,D-RAN,3,3,0,3,3,3,1,1,0,15,5720,8110,21,33.6,7,15,0
AMM-SU-2261,SU,Monopole / greenfield,D-RAN,3,3,0,3,3,3,1,1,0,15,5720,8110,21,33.6,7,15,0
AMM-SU-2262,SU,Monopole / greenfield,D-RAN,3,3,0,3,3,3,1,1,0,15,5720,8110,21,33.6,7,15,0
AMM-SU-2263,SU,Monopole / greenfield,D-RAN,3,3,0,3,3,3,1,1,0,15,5720,8110,21,33.6,7,15,0
AMM-SU-2264,SU,Rooftop,D-RAN,3,3,0,3,3,3,1,1,0,15,5720,8110,21,33.6,7,15,0
AMM-SU-2265,SU,Monopole / greenfield,D-RAN,3,3,0,3,3,3,1,1,0,15,5720,8110,21,33.6,7,15,0
AMM-SU-2266,SU,Monopole / greenfield,D-RAN,3,3,0,3,3,3,1,1,0,15,5720,8110,21,33.6,7,15,0
AMM-SU-2267,SU,Monopole / greenfield,D-RAN,3,3,0,3,3,3,1,1,0,15,5720,8110,21,33.6,7,15,0
AMM-SU-2268,SU,Monopole / greenfield,D-RAN,3,3,0,3,3,3,1,1,0,15,5720,8110,21,33.6,7,15,0
AMM-SU-2269,SU,Monopole / greenfield,D-RAN,3,3,0,3,3,3,1,1,0,15,5720,8110,21,33.6,7,15,0
AMM-SU-2270,SU,Monopole / greenfield,D-RAN,3,3,0,3,3,3,1,1,0,15,5720,8110,21,33.6,7,15,0
AMM-SU-2271,SU,Monopole / greenfield,D-RAN,3,3,0,3,3,3,1,1,0,15,5720,8110,21,33.6,7,15,0
AMM-SU-2272,SU,Monopole / greenfield,D-RAN,3,3,0,3,3,3,1,1,0,15,5720,8110,21,33.6,7,15,0
AMM-SU-2273,SU,Monopole / greenfield,D-RAN,3,3,0,3,3,3,1,1,0,15,5720,8110,21,33.6,7,15,0
AMM-SU-2274,SU,Monopole / greenfield,D-RAN,3,3,0,3,3,3,1,1,0,15,5720,8110,21,33.6,7,15,0
AMM-SU-2275,SU,Rooftop,D-RAN,3,3,0,3,3,3,1,1,0,15,5720,8110,21,33.6,7,15,0
AMM-SU-2276,SU,Monopole / greenfield,D-RAN,3,3,0,3,3,3,1,1,0,15,5720,8110,21,33.6,7,15,0
AMM-SU-2277,SU,Monopole / greenfield,D-RAN,3,3,0,3,3,3,1,1,0,15,5720,8110,21,33.6,7,15,0
AMM-SU-2278,SU,Monopole / greenfield,D-RAN,3,3,0,3,3,3,1,1,0,15,5720,8110,21,33.6,7,15,0
AMM-SU-2279,SU,Monopole / greenfield,D-RAN,3,3,0,3,3,3,1,1,0,15,5720,8110,21,33.6,7,15,0
AMM-SU-2280,SU,Monopole / greenfield,D-RAN,3,3,0,3,3,3,1,1,0,15,5720,8110,21,33.6,7,15,0
AMM-SU-2281,SU,Monopole / greenfield,D-RAN,3,3,0,3,3,3,1,1,0,15,5720,8110,21,33.6,7,15,0
AMM-SU-2282,SU,Rooftop,D-RAN,3,3,0,3,3,3,1,1,0,15,5720,8110,21,33.6,7,15,0
AMM-SU-2283,SU,Rooftop,D-RAN,3,3,0,3,3,3,1,1,0,15,5720,8110,21,33.6,7,15,0
AMM-SU-2284,SU,Monopole / greenfield,D-RAN,3,3,0,3,3,3,1,1,0,15,5720,8110,21,33.6,7,15,0
AMM-SU-2285,SU,Monopole / greenfield,D-RAN,3,3,0,3,3,3,1,1,0,15,5720,8110,21,33.6,7,15,0
AMM-SU-2286,SU,Rooftop,D-RAN,3,3,0,3,3,3,1,1,0,15,5720,8110,21,33.6,7,15,0
AMM-SU-2287,SU,Monopole / greenfield,D-RAN,3,3,0,3,3,3,1,1,0,15,5720,8110,21,33.6,7,15,0
AMM-SU-2288,SU,Monopole / greenfield,D-RAN,3,3,0,3,3,3,1,1,0,15,5720,8110,21,33.6,7,15,0
AMM-SU-2289,SU,Monopole / greenfield,D-RAN,3,3,0,3,3,3,1,1,0,15,5720,8110,21,33.6,7,15,0
AMM-SU-2290,SU,Monopole / greenfield,D-RAN,3,3,0,3,3,3,1,1,0,15,5720,8110,21,33.6,7,15,0
AMM-SU-2291,SU,Monopole / greenfield,D-RAN,3,3,0,3,3,3,1,1,0,15,5720,8110,21,33.6,7,15,0
AMM-SU-2292,SU,Monopole / greenfield,D-RAN,3,3,0,3,3,3,1,1,0,15,5720,8110,21,33.6,7,15,0
AMM-SU-2293,SU,Monopole / greenfield,D-RAN,3,3,0,3,3,3,1,1,0,15,5720,8110,21,33.6,7,15,0
AMM-SU-2294,SU,Monopole / greenfield,D-RAN,3,3,0,3,3,3,1,1,0,15,5720,8110,21,33.6,7,15,0
AMM-SU-2295,SU,Monopole / greenfield,D-RAN,3,3,0,3,3,3,1,1,0,15,5720,8110,21,33.6,7,15,0
AMM-SU-2296,SU,Rooftop,D-RAN,3,3,0,3,3,3,1,1,0,15,5720,8110,21,33.6,7,15,0
AMM-SU-2297,SU,Rooftop,D-RAN,3,3,0,3,3,3,1,1,0,15,5720,8110,21,33.6,7,15,0
AMM-SU-2298,SU,Rooftop,D-RAN,3,3,0,3,3,3,1,1,0,15,5720,8110,21,33.6,7,15,0
AMM-SU-2299,SU,Monopole / greenfield,D-RAN,3,3,0,3,3,3,1,1,0,15,5720,8110,21,33.6,7,15,0
AMM-SU-2300,SU,Monopole / greenfield,D-RAN,3,3,0,3,3,3,1,1,0,15,5720,8110,21,33.6,7,15,0
AMM-SU-2301,SU,Monopole / greenfield,D-RAN,3,3,0,3,3,3,1,1,0,15,5720,8110,21,33.6,7,15,0
AMM-SU-2302,SU,Monopole / greenfield,D-RAN,3,3,0,3,3,3,1,1,0,15,5720,8110,21,33.6,7,15,0
AMM-SU-2303,SU,Monopole / greenfield,D-RAN,3,3,0,3,3,3,1,1,0,15,5720,8110,21,33.6,7,15,0
AMM-SU-2304,SU,Monopole / greenfield,D-RAN,3,3,0,3,3,3,1,1,0,15,5720,8110,21,33.6,7,15,0
AMM-SU-2305,SU,Monopole / greenfield,D-RAN,3,3,0,3,3,3,1,1,0,15,5720,8110,21,33.6,7,15,0
AMM-SU-2306,SU,Rooftop,D-RAN,3,3,0,3,3,3,1,1,0,15,5720,8110,21,33.6,7,15,0
AMM-SU-2307,SU,Rooftop,D-RAN,3,3,0,3,3,3,1,1,0,15,5720,8110,21,33.6,7,15,0
AMM-SU-2308,SU,Rooftop,D-RAN,3,3,0,3,3,3,1,1,0,15,5720,8110,21,33.6,7,15,0
AMM-SU-2309,SU,Rooftop,D-RAN,3,3,0,3,3,3,1,1,0,15,5720,8110,21,33.6,7,15,0
AMM-SU-2310,SU,Rooftop,D-RAN,3,3,0,3,3,3,1,1,0,15,5720,8110,21,33.6,7,15,0
AMM-SU-2311,SU,Rooftop,D-RAN,3,3,0,3,3,3,1,1,0,15,5720,8110,21,33.6,7,15,0
AMM-SU-2312,SU,Monopole / greenfield,D-RAN,3,3,0,3,3,3,1,1,0,15,5720,8110,21,33.6,7,15,0
AMM-SU-2313,SU,Monopole / greenfield,D-RAN,3,3,0,3,3,3,1,1,0,15,5720,8110,21,33.6,7,15,0
AMM-SU-2314,SU,Monopole / greenfield,D-RAN,3,3,0,3,3,3,1,1,0,15,5720,8110,21,33.6,7,15,0
AMM-SU-2315,SU,Monopole / greenfield,D-RAN,3,3,0,3,3,3,1,1,0,15,5720,8110,21,33.6,7,15,0
AMM-SU-2316,SU,Monopole / greenfield,D-RAN,3,3,0,3,3,3,1,1,0,15,5720,8110,21,33.6,7,15,0
AMM-SU-2317,SU,Monopole / greenfield,D-RAN,3,3,0,3,3,3,1,1,0,15,5720,8110,21,33.6,7,15,0
AMM-SU-2318,SU,Monopole / greenfield,D-RAN,3,3,0,3,3,3,1,1,0,15,5720,8110,21,33.6,7,15,0
AMM-SU-2319,SU,Monopole / greenfield,D-RAN,3,3,0,3,3,3,1,1,0,15,5720,8110,21,33.6,7,15,0
AMM-SU-2320,SU,Rooftop,D-RAN,3,3,0,3,3,3,1,1,0,15,5720,8110,21,33.6,7,15,0
AMM-SU-2321,SU,Rooftop,D-RAN,3,3,0,3,3,3,1,1,0,15,5720,8110,21,33.6,7,15,0
AMM-SU-2322,SU,Rooftop,D-RAN,3,3,0,3,3,3,1,1,0,15,5720,8110,21,33.6,7,15,0
AMM-SU-2323,SU,Rooftop,D-RAN,3,3,0,3,3,3,1,1,0,15,5720,8110,21,33.6,7,15,0
AMM-SU-2324,SU,Monopole / greenfield,D-RAN,3,3,0,3,3,3,1,1,0,15,5720,8110,21,33.6,7,15,0
AMM-SU-2325,SU,Monopole / greenfield,D-RAN,3,3,0,3,3,3,1,1,0,15,5720,8110,21,33.6,7,15,0
AMM-SU-2326,SU,Monopole / greenfield,D-RAN,3,3,0,3,3,3,1,1,0,15,5720,8110,21,33.6,7,15,0
AMM-SU-2327,SU,Monopole / greenfield,D-RAN,3,3,0,3,3,3,1,1,0,15,5720,8110,21,33.6,7,15,0
AMM-SU-2328,SU,Monopole / greenfield,D-RAN,3,3,0,3,3,3,1,1,0,15,5720,8110,21,33.6,7,15,0
AMM-SU-2329,SU,Monopole / greenfield,D-RAN,3,3,0,3,3,3,1,1,0,15,5720,8110,21,33.6,7,15,0
AMM-SU-2330,SU,Monopole / greenfield,D-RAN,3,3,0,3,3,3,1,1,0,15,5720,8110,21,33.6,7,15,0
AMM-SU-2331,SU,Monopole / greenfield,D-RAN,3,3,0,3,3,3,1,1,0,15,5720,8110,21,33.6,7,15,0
AMM-SU-2332,SU,Monopole / greenfield,D-RAN,3,3,0,3,3,3,1,1,0,15,5720,8110,21,33.6,7,15,0
AMM-SU-2333,SU,Monopole / greenfield,D-RAN,3,3,0,3,3,3,1,1,0,15,5720,8110,21,33.6,7,15,0
AMM-SU-2334,SU,Rooftop,D-RAN,3,3,0,3,3,3,1,1,0,15,5720,8110,21,33.6,7,15,0
AMM-SU-2335,SU,Rooftop,D-RAN,3,3,0,3,3,3,1,1,0,15,5720,8110,21,33.6,7,15,0
AMM-SU-2336,SU,Rooftop,D-RAN,3,3,0,3,3,3,1,1,0,15,5720,8110,21,33.6,7,15,0
AMM-SU-2337,SU,Rooftop,D-RAN,3,3,0,3,3,3,1,1,0,15,5720,8110,21,33.6,7,15,0
AMM-SU-2338,SU,Rooftop,D-RAN,3,3,0,3,3,3,1,1,0,15,5720,8110,21,33.6,7,15,0
AMM-SU-2339,SU,Monopole / greenfield,D-RAN,3,3,0,3,3,3,1,1,0,15,5720,8110,21,33.6,7,15,0
AMM-SU-2340,SU,Monopole / greenfield,D-RAN,3,3,0,3,3,3,1,1,0,15,5720,8110,21,33.6,7,15,0
AMM-SU-2341,SU,Monopole / greenfield,D-RAN,3,3,0,3,3,3,1,1,0,15,5720,8110,21,33.6,7,15,0
AMM-SU-2342,SU,Monopole / greenfield,D-RAN,3,3,0,3,3,3,1,1,0,15,5720,8110,21,33.6,7,15,0
AMM-SU-2343,SU,Monopole / greenfield,D-RAN,3,3,0,3,3,3,1,1,0,15,5720,8110,21,33.6,7,15,0
AMM-SU-2344,SU,Monopole / greenfield,D-RAN,3,3,0,3,3,3,1,1,0,15,5720,8110,21,33.6,7,15,0
AMM-SU-2345,SU,Monopole / greenfield,D-RAN,3,3,0,3,3,3,1,1,0,15,5720,8110,21,33.6,7,15,0
AMM-SU-2346,SU,Rooftop,D-RAN,3,3,0,3,3,3,1,1,0,15,5720,8110,21,33.6,7,15,0
AMM-SU-2347,SU,Rooftop,D-RAN,3,3,0,3,3,3,1,1,0,15,5720,8110,21,33.6,7,15,0
AMM-SU-2348,SU,Rooftop,D-RAN,3,3,0,3,3,3,1,1,0,15,5720,8110,21,33.6,7,15,0
AMM-SU-2349,SU,Rooftop,D-RAN,3,3,0,3,3,3,1,1,0,15,5720,8110,21,33.6,7,15,0
AMM-SU-2350,SU,Monopole / greenfield,D-RAN,3,3,0,3,3,3,1,1,0,15,5720,8110,21,33.6,7,15,0
AMM-SU-2351,SU,Monopole / greenfield,D-RAN,3,3,0,3,3,3,1,1,0,15,5720,8110,21,33.6,7,15,0
AMM-SU-2352,SU,Monopole / greenfield,D-RAN,3,3,0,3,3,3,1,1,0,15,5720,8110,21,33.6,7,15,0
AMM-SU-2353,SU,Monopole / greenfield,D-RAN,3,3,0,3,3,3,1,1,0,15,5720,8110,21,33.6,7,15,0
AMM-SU-2354,SU,Monopole / greenfield,D-RAN,3,3,0,3,3,3,1,1,0,15,5720,8110,21,33.6,7,15,0
AMM-SU-2355,SU,Monopole / greenfield,D-RAN,3,3,0,3,3,3,1,1,0,15,5720,8110,21,33.6,7,15,0
AMM-SU-2356,SU,Monopole / greenfield,D-RAN,3,3,0,3,3,3,1,1,0,15,5720,8110,21,33.6,7,15,0
AMM-SU-2357,SU,Monopole / greenfield,D-RAN,3,3,0,3,3,3,1,1,0,15,5720,8110,21,33.6,7,15,0
AMM-SU-2358,SU,Monopole / greenfield,D-RAN,3,3,0,3,3,3,1,1,0,15,5720,8110,21,33.6,7,15,0
AMM-SU-2359,SU,Monopole / greenfield,D-RAN,3,3,0,3,3,3,1,1,0,15,5720,8110,21,33.6,7,15,0
AMM-SU-2360,SU,Monopole / greenfield,D-RAN,3,3,0,3,3,3,1,1,0,15,5720,8110,21,33.6,7,15,0
AMM-SU-2361,SU,Rooftop,D-RAN,3,3,0,3,3,3,1,1,0,15,5720,8110,21,33.6,7,15,0
AMM-SU-2362,SU,Monopole / greenfield,D-RAN,3,3,0,3,3,3,1,1,0,15,5720,8110,21,33.6,7,15,0
AMM-SU-2363,SU,Monopole / greenfield,D-RAN,3,3,0,3,3,3,1,1,0,15,5720,8110,21,33.6,7,15,0
AMM-SU-2364,SU,Rooftop,D-RAN,3,3,0,3,3,3,1,1,0,15,5720,8110,21,33.6,7,15,0
AMM-SU-2365,SU,Rooftop,D-RAN,3,3,0,3,3,3,1,1,0,15,5720,8110,21,33.6,7,15,0
AMM-SU-2366,SU,Rooftop,D-RAN,3,3,0,3,3,3,1,1,0,15,5720,8110,21,33.6,7,15,0
AMM-SU-2367,SU,Monopole / greenfield,D-RAN,3,3,0,3,3,3,1,1,0,15,5720,8110,21,33.6,7,15,0
AMM-SU-2368,SU,Monopole / greenfield,D-RAN,3,3,0,3,3,3,1,1,0,15,5720,8110,21,33.6,7,15,0
AMM-SU-2369,SU,Monopole / greenfield,D-RAN,3,3,0,3,3,3,1,1,0,15,5720,8110,21,33.6,7,15,0
AMM-SU-2370,SU,Monopole / greenfield,D-RAN,3,3,0,3,3,3,1,1,0,15,5720,8110,21,33.6,7,15,0
AMM-SU-2371,SU,Monopole / greenfield,D-RAN,3,3,0,3,3,3,1,1,0,15,5720,8110,21,33.6,7,15,0
AMM-SU-2372,SU,Rooftop,D-RAN,3,3,0,3,3,3,1,1,0,15,5720,8110,21,33.6,7,15,0
AMM-SU-2373,SU,Rooftop,D-RAN,3,3,0,3,3,3,1,1,0,15,5720,8110,21,33.6,7,15,0
AMM-SU-2374,SU,Rooftop,D-RAN,3,3,0,3,3,3,1,1,0,15,5720,8110,21,33.6,7,15,0
AMM-SU-2375,SU,Rooftop,D-RAN,3,3,0,3,3,3,1,1,0,15,5720,8110,21,33.6,7,15,0
AMM-SU-2376,SU,Rooftop,D-RAN,3,3,0,3,3,3,1,1,0,15,5720,8110,21,33.6,7,15,0
AMM-SU-2377,SU,Rooftop,D-RAN,3,3,0,3,3,3,1,1,0,15,5720,8110,21,33.6,7,15,0
AMM-SU-2378,SU,Monopole / greenfield,D-RAN,3,3,0,3,3,3,1,1,0,15,5720,8110,21,33.6,7,15,0
AMM-SU-2379,SU,Monopole / greenfield,D-RAN,3,3,0,3,3,3,1,1,0,15,5720,8110,21,33.6,7,15,0
AZR-SU-0001,SU,Monopole / greenfield,D-RAN,3,3,0,3,3,3,1,1,0,15,5720,8110,21,33.6,7,15,0
AZR-SU-0002,SU,Monopole / greenfield,D-RAN,3,3,0,3,3,3,1,1,0,15,5720,8110,21,33.6,7,15,0
AZR-SU-0003,SU,Monopole / greenfield,D-RAN,3,3,0,3,3,3,1,1,0,15,5720,8110,21,33.6,7,15,0
AMM-SU-2380,SU,Monopole / greenfield,D-RAN,3,3,0,3,3,3,1,1,0,15,5720,8110,21,33.6,7,15,0
AMM-SU-2381,SU,Monopole / greenfield,D-RAN,3,3,0,3,3,3,1,1,0,15,5720,8110,21,33.6,7,15,0
AMM-SU-2382,SU,Monopole / greenfield,D-RAN,3,3,0,3,3,3,1,1,0,15,5720,8110,21,33.6,7,15,0
AMM-SU-2383,SU,Monopole / greenfield,D-RAN,3,3,0,3,3,3,1,1,0,15,5720,8110,21,33.6,7,15,0
AMM-SU-2384,SU,Monopole / greenfield,D-RAN,3,3,0,3,3,3,1,1,0,15,5720,8110,21,33.6,7,15,0
AMM-SU-2385,SU,Monopole / greenfield,D-RAN,3,3,0,3,3,3,1,1,0,15,5720,8110,21,33.6,7,15,0
AMM-SU-2386,SU,Monopole / greenfield,D-RAN,3,3,0,3,3,3,1,1,0,15,5720,8110,21,33.6,7,15,0
AMM-SU-2387,SU,Monopole / greenfield,D-RAN,3,3,0,3,3,3,1,1,0,15,5720,8110,21,33.6,7,15,0
AMM-SU-2388,SU,Monopole / greenfield,D-RAN,3,3,0,3,3,3,1,1,0,15,5720,8110,21,33.6,7,15,0
AMM-SU-2389,SU,Monopole / greenfield,D-RAN,3,3,0,3,3,3,1,1,0,15,5720,8110,21,33.6,7,15,0
AMM-SU-2390,SU,Monopole / greenfield,D-RAN,3,3,0,3,3,3,1,1,0,15,5720,8110,21,33.6,7,15,0
AMM-SU-2391,SU,Rooftop,D-RAN,3,3,0,3,3,3,1,1,0,15,5720,8110,21,33.6,7,15,0
AMM-SU-2392,SU,Monopole / greenfield,D-RAN,3,3,0,3,3,3,1,1,0,15,5720,8110,21,33.6,7,15,0
AMM-SU-2393,SU,Rooftop,D-RAN,3,3,0,3,3,3,1,1,0,15,5720,8110,21,33.6,7,15,0
AMM-SU-2394,SU,Rooftop,D-RAN,3,3,0,3,3,3,1,1,0,15,5720,8110,21,33.6,7,15,0
AMM-SU-2395,SU,Rooftop,D-RAN,3,3,0,3,3,3,1,1,0,15,5720,8110,21,33.6,7,15,0
AMM-SU-2396,SU,Rooftop,D-RAN,3,3,0,3,3,3,1,1,0,15,5720,8110,21,33.6,7,15,0
AMM-SU-2397,SU,Monopole / greenfield,D-RAN,3,3,0,3,3,3,1,1,0,15,5720,8110,21,33.6,7,15,0
AMM-SU-2398,SU,Monopole / greenfield,D-RAN,3,3,0,3,3,3,1,1,0,15,5720,8110,21,33.6,7,15,0
AMM-SU-2399,SU,Rooftop,D-RAN,3,3,0,3,3,3,1,1,0,15,5720,8110,21,33.6,7,15,0
AMM-SU-2400,SU,Monopole / greenfield,D-RAN,3,3,0,3,3,3,1,1,0,15,5720,8110,21,33.6,7,15,0
AMM-SU-2401,SU,Monopole / greenfield,D-RAN,3,3,0,3,3,3,1,1,0,15,5720,8110,21,33.6,7,15,0
AMM-SU-2402,SU,Rooftop,D-RAN,3,3,0,3,3,3,1,1,0,15,5720,8110,21,33.6,7,15,0
AMM-SU-2403,SU,Rooftop,D-RAN,3,3,0,3,3,3,1,1,0,15,5720,8110,21,33.6,7,15,0
AMM-SU-2404,SU,Rooftop,D-RAN,3,3,0,3,3,3,1,1,0,15,5720,8110,21,33.6,7,15,0
AMM-SU-2405,SU,Rooftop,D-RAN,3,3,0,3,3,3,1,1,0,15,5720,8110,21,33.6,7,15,0
AMM-SU-2406,SU,Rooftop,D-RAN,3,3,0,3,3,3,1,1,0,15,5720,8110,21,33.6,7,15,0
AMM-SU-2407,SU,Rooftop,D-RAN,3,3,0,3,3,3,1,1,0,15,5720,8110,21,33.6,7,15,0
AMM-SU-2408,SU,Rooftop,D-RAN,3,3,0,3,3,3,1,1,0,15,5720,8110,21,33.6,7,15,0
AMM-SU-2409,SU,Monopole / greenfield,D-RAN,3,3,0,3,3,3,1,1,0,15,5720,8110,21,33.6,7,15,0
AMM-SU-2410,SU,Monopole / greenfield,D-RAN,3,3,0,3,3,3,1,1,0,15,5720,8110,21,33.6,7,15,0
AZR-SU-0004,SU,Monopole / greenfield,D-RAN,3,3,0,3,3,3,1,1,0,15,5720,8110,21,33.6,7,15,0
AZR-SU-0005,SU,Monopole / greenfield,D-RAN,3,3,0,3,3,3,1,1,0,15,5720,8110,21,33.6,7,15,0
AZR-SU-0006,SU,Monopole / greenfield,D-RAN,3,3,0,3,3,3,1,1,0,15,5720,8110,21,33.6,7,15,0
AMM-SU-2411,SU,Rooftop,D-RAN,3,3,0,3,3,3,1,1,0,15,5720,8110,21,33.6,7,15,0
AMM-SU-2412,SU,Rooftop,D-RAN,3,3,0,3,3,3,1,1,0,15,5720,8110,21,33.6,7,15,0
AMM-SU-2413,SU,Monopole / greenfield,D-RAN,3,3,0,3,3,3,1,1,0,15,5720,8110,21,33.6,7,15,0
AMM-SU-2414,SU,Monopole / greenfield,D-RAN,3,3,0,3,3,3,1,1,0,15,5720,8110,21,33.6,7,15,0
AMM-SU-2415,SU,Monopole / greenfield,D-RAN,3,3,0,3,3,3,1,1,0,15,5720,8110,21,33.6,7,15,0
AMM-SU-2416,SU,Monopole / greenfield,D-RAN,3,3,0,3,3,3,1,1,0,15,5720,8110,21,33.6,7,15,0
AMM-SU-2417,SU,Monopole / greenfield,D-RAN,3,3,0,3,3,3,1,1,0,15,5720,8110,21,33.6,7,15,0
AMM-SU-2418,SU,Monopole / greenfield,D-RAN,3,3,0,3,3,3,1,1,0,15,5720,8110,21,33.6,7,15,0
AMM-SU-2419,SU,Monopole / greenfield,D-RAN,3,3,0,3,3,3,1,1,0,15,5720,8110,21,33.6,7,15,0
AMM-SU-2420,SU,Monopole / greenfield,D-RAN,3,3,0,3,3,3,1,1,0,15,5720,8110,21,33.6,7,15,0
AMM-SU-2421,SU,Rooftop,D-RAN,3,3,0,3,3,3,1,1,0,15,5720,8110,21,33.6,7,15,0
AMM-SU-2422,SU,Monopole / greenfield,D-RAN,3,3,0,3,3,3,1,1,0,15,5720,8110,21,33.6,7,15,0
AMM-SU-2423,SU,Monopole / greenfield,C-RAN,3,3,0,3,3,3,0,0,1,15,5310,7540,18,28.8,6,15,0
AMM-SU-2424,SU,Monopole / greenfield,C-RAN,3,3,0,3,3,3,0,0,1,15,5310,7540,18,28.8,6,15,0
AMM-SU-2425,SU,Rooftop,C-RAN,3,3,0,3,3,3,0,0,1,15,5310,7540,18,28.8,6,15,0
AMM-SU-2426,SU,Rooftop,C-RAN,3,3,0,3,3,3,0,0,1,15,5310,7540,18,28.8,6,15,0
AMM-SU-2427,SU,Rooftop,C-RAN,3,3,0,3,3,3,0,0,1,15,5310,7540,18,28.8,6,15,0
AMM-SU-2428,SU,Rooftop,C-RAN,3,3,0,3,3,3,0,0,1,15,5310,7540,18,28.8,6,15,0
AMM-SU-2429,SU,Monopole / greenfield,D-RAN,3,3,0,3,3,3,1,1,0,15,5720,8110,21,33.6,7,15,0
AMM-SU-2430,SU,Monopole / greenfield,D-RAN,3,3,0,3,3,3,1,1,0,15,5720,8110,21,33.6,7,15,0
AMM-SU-2431,SU,Rooftop,D-RAN,3,3,0,3,3,3,1,1,0,15,5720,8110,21,33.6,7,15,0
AMM-SU-2432,SU,Rooftop,D-RAN,3,3,0,3,3,3,1,1,0,15,5720,8110,21,33.6,7,15,0
AMM-SU-2433,SU,Rooftop,D-RAN,3,3,0,3,3,3,1,1,0,15,5720,8110,21,33.6,7,15,0
AMM-SU-2434,SU,Rooftop,D-RAN,3,3,0,3,3,3,1,1,0,15,5720,8110,21,33.6,7,15,0
AMM-SU-2435,SU,Rooftop,D-RAN,3,3,0,3,3,3,1,1,0,15,5720,8110,21,33.6,7,15,0
AMM-SU-2436,SU,Rooftop,D-RAN,3,3,0,3,3,3,1,1,0,15,5720,8110,21,33.6,7,15,0
AMM-SU-2437,SU,Rooftop,D-RAN,3,3,0,3,3,3,1,1,0,15,5720,8110,21,33.6,7,15,0
AMM-SU-2438,SU,Rooftop,D-RAN,3,3,0,3,3,3,1,1,0,15,5720,8110,21,33.6,7,15,0
AMM-SU-2439,SU,Rooftop,D-RAN,3,3,0,3,3,3,1,1,0,15,5720,8110,21,33.6,7,15,0
AMM-SU-2440,SU,Rooftop,D-RAN,3,3,0,3,3,3,1,1,0,15,5720,8110,21,33.6,7,15,0
AMM-SU-2441,SU,Monopole / greenfield,D-RAN,3,3,0,3,3,3,1,1,0,15,5720,8110,21,33.6,7,15,0
AMM-SU-2442,SU,Monopole / greenfield,D-RAN,3,3,0,3,3,3,1,1,0,15,5720,8110,21,33.6,7,15,0
AZR-SU-0007,SU,Monopole / greenfield,D-RAN,3,3,0,3,3,3,1,1,0,15,5720,8110,21,33.6,7,15,0
AZR-SU-0008,SU,Monopole / greenfield,D-RAN,3,3,0,3,3,3,1,1,0,15,5720,8110,21,33.6,7,15,0
AZR-SU-0009,SU,Monopole / greenfield,D-RAN,3,3,0,3,3,3,1,1,0,15,5720,8110,21,33.6,7,15,0
AZR-SU-0010,SU,Monopole / greenfield,D-RAN,3,3,0,3,3,3,1,1,0,15,5720,8110,21,33.6,7,15,0
AMM-SU-2443,SU,Monopole / greenfield,D-RAN,3,3,0,3,3,3,1,1,0,15,5720,8110,21,33.6,7,15,0
AMM-SU-2444,SU,Rooftop,D-RAN,3,3,0,3,3,3,1,1,0,15,5720,8110,21,33.6,7,15,0
AMM-SU-2445,SU,Rooftop,D-RAN,3,3,0,3,3,3,1,1,0,15,5720,8110,21,33.6,7,15,0
AMM-SU-2446,SU,Rooftop,D-RAN,3,3,0,3,3,3,1,1,0,15,5720,8110,21,33.6,7,15,0
AMM-SU-2447,SU,Monopole / greenfield,D-RAN,3,3,0,3,3,3,1,1,0,15,5720,8110,21,33.6,7,15,0
AMM-SU-2448,SU,Monopole / greenfield,D-RAN,3,3,0,3,3,3,1,1,0,15,5720,8110,21,33.6,7,15,0
AMM-SU-2449,SU,Monopole / greenfield,D-RAN,3,3,0,3,3,3,1,1,0,15,5720,8110,21,33.6,7,15,0
AMM-SU-2450,SU,Monopole / greenfield,D-RAN,3,3,0,3,3,3,1,1,0,15,5720,8110,21,33.6,7,15,0
AMM-SU-2451,SU,Monopole / greenfield,D-RAN,3,3,0,3,3,3,1,1,0,15,5720,8110,21,33.6,7,15,0
AMM-SU-2452,SU,Monopole / greenfield,D-RAN,3,3,0,3,3,3,1,1,0,15,5720,8110,21,33.6,7,15,0
AMM-SU-2453,SU,Rooftop,D-RAN,3,3,0,3,3,3,1,1,0,15,5720,8110,21,33.6,7,15,0
AMM-SU-2454,SU,Monopole / greenfield,D-RAN,3,3,0,3,3,3,1,1,0,15,5720,8110,21,33.6,7,15,0
AMM-SU-2455,SU,Monopole / greenfield,D-RAN,3,3,0,3,3,3,1,1,0,15,5720,8110,21,33.6,7,15,0
AMM-SU-2456,SU,Monopole / greenfield,C-RAN,3,3,0,3,3,3,0,0,1,15,5310,7540,18,28.8,6,15,0
AMM-SU-2457,SU,Monopole / greenfield,C-RAN,3,3,0,3,3,3,0,0,1,15,5310,7540,18,28.8,6,15,0
AMM-SU-2458,SU,Rooftop,C-RAN,3,3,0,3,3,3,0,0,1,15,5310,7540,18,28.8,6,15,0
AMM-SU-2459,SU,Rooftop,C-RAN,3,3,0,3,3,3,0,0,1,15,5310,7540,18,28.8,6,15,0
AMM-SU-2460,SU,Rooftop,C-RAN,3,3,0,3,3,3,0,0,1,15,5310,7540,18,28.8,6,15,0
AMM-SU-2461,SU,Rooftop,C-RAN,3,3,0,3,3,3,0,0,1,15,5310,7540,18,28.8,6,15,0
AMM-SU-2462,SU,Rooftop,D-RAN,3,3,0,3,3,3,1,1,0,15,5720,8110,21,33.6,7,15,0
AMM-SU-2463,SU,Rooftop,D-RAN,3,3,0,3,3,3,1,1,0,15,5720,8110,21,33.6,7,15,0
AMM-SU-2464,SU,Rooftop,D-RAN,3,3,0,3,3,3,1,1,0,15,5720,8110,21,33.6,7,15,0
AMM-SU-2465,SU,Rooftop,D-RAN,3,3,0,3,3,3,1,1,0,15,5720,8110,21,33.6,7,15,0
AMM-SU-2466,SU,Rooftop,D-RAN,3,3,0,3,3,3,1,1,0,15,5720,8110,21,33.6,7,15,0
AMM-SU-2467,SU,Rooftop,D-RAN,3,3,0,3,3,3,1,1,0,15,5720,8110,21,33.6,7,15,0
AMM-SU-2468,SU,Rooftop,D-RAN,3,3,0,3,3,3,1,1,0,15,5720,8110,21,33.6,7,15,0
AMM-SU-2469,SU,Rooftop,D-RAN,3,3,0,3,3,3,1,1,0,15,5720,8110,21,33.6,7,15,0
AMM-SU-2470,SU,Rooftop,D-RAN,3,3,0,3,3,3,1,1,0,15,5720,8110,21,33.6,7,15,0
AMM-SU-2471,SU,Rooftop,D-RAN,3,3,0,3,3,3,1,1,0,15,5720,8110,21,33.6,7,15,0
AMM-SU-2472,SU,Rooftop,D-RAN,3,3,0,3,3,3,1,1,0,15,5720,8110,21,33.6,7,15,0
AMM-SU-2473,SU,Monopole / greenfield,D-RAN,3,3,0,3,3,3,1,1,0,15,5720,8110,21,33.6,7,15,0
AMM-SU-2474,SU,Monopole / greenfield,D-RAN,3,3,0,3,3,3,1,1,0,15,5720,8110,21,33.6,7,15,0
AMM-SU-2475,SU,Monopole / greenfield,D-RAN,3,3,0,3,3,3,1,1,0,15,5720,8110,21,33.6,7,15,0
AZR-SU-0011,SU,Monopole / greenfield,D-RAN,3,3,0,3,3,3,1,1,0,15,5720,8110,21,33.6,7,15,0
AZR-SU-0012,SU,Monopole / greenfield,D-RAN,3,3,0,3,3,3,1,1,0,15,5720,8110,21,33.6,7,15,0
AZR-SU-0013,SU,Monopole / greenfield,D-RAN,3,3,0,3,3,3,1,1,0,15,5720,8110,21,33.6,7,15,0
AZR-SU-0014,SU,Monopole / greenfield,D-RAN,3,3,0,3,3,3,1,1,0,15,5720,8110,21,33.6,7,15,0
AZR-SU-0015,SU,Monopole / greenfield,D-RAN,3,3,0,3,3,3,1,1,0,15,5720,8110,21,33.6,7,15,0
AZR-SU-0016,SU,Monopole / greenfield,D-RAN,3,3,0,3,3,3,1,1,0,15,5720,8110,21,33.6,7,15,0
AZR-SU-0017,SU,Monopole / greenfield,D-RAN,3,3,0,3,3,3,1,1,0,15,5720,8110,21,33.6,7,15,0
AMM-SU-2476,SU,Monopole / greenfield,D-RAN,3,3,0,3,3,3,1,1,0,15,5720,8110,21,33.6,7,15,0
AMM-SU-2477,SU,Monopole / greenfield,D-RAN,3,3,0,3,3,3,1,1,0,15,5720,8110,21,33.6,7,15,0
AMM-SU-2478,SU,Rooftop,D-RAN,3,3,0,3,3,3,1,1,0,15,5720,8110,21,33.6,7,15,0
AMM-SU-2479,SU,Rooftop,D-RAN,3,3,0,3,3,3,1,1,0,15,5720,8110,21,33.6,7,15,0
AMM-SU-2480,SU,Monopole / greenfield,D-RAN,3,3,0,3,3,3,1,1,0,15,5720,8110,21,33.6,7,15,0
AMM-SU-2481,SU,Rooftop,D-RAN,3,3,0,3,3,3,1,1,0,15,5720,8110,21,33.6,7,15,0
AMM-SU-2482,SU,Rooftop,D-RAN,3,3,0,3,3,3,1,1,0,15,5720,8110,21,33.6,7,15,0
AMM-SU-2483,SU,Rooftop,D-RAN,3,3,0,3,3,3,1,1,0,15,5720,8110,21,33.6,7,15,0
AMM-SU-2484,SU,Rooftop,D-RAN,3,3,0,3,3,3,1,1,0,15,5720,8110,21,33.6,7,15,0
AMM-SU-2485,SU,Rooftop,D-RAN,3,3,0,3,3,3,1,1,0,15,5720,8110,21,33.6,7,15,0
AMM-SU-2486,SU,Monopole / greenfield,D-RAN,3,3,0,3,3,3,1,1,0,15,5720,8110,21,33.6,7,15,0
AMM-SU-2487,SU,Monopole / greenfield,D-RAN,3,3,0,3,3,3,1,1,0,15,5720,8110,21,33.6,7,15,0
AMM-SU-2488,SU,Rooftop,D-RAN,3,3,0,3,3,3,1,1,0,15,5720,8110,21,33.6,7,15,0
AMM-SU-2489,SU,Rooftop,C-RAN,3,3,0,3,3,3,0,0,1,15,5310,7540,18,28.8,6,15,0
AMM-SU-2490,SU,Monopole / greenfield,C-RAN,3,3,0,3,3,3,0,0,1,15,5310,7540,18,28.8,6,15,0
AMM-SU-2491,SU,Rooftop,C-RAN,3,3,0,3,3,3,0,0,1,15,5310,7540,18,28.8,6,15,0
AMM-SU-2492,SU,Rooftop,C-RAN,3,3,0,3,3,3,0,0,1,15,5310,7540,18,28.8,6,15,0
AMM-SU-2493,SU,Rooftop,C-RAN,3,3,0,3,3,3,0,0,1,15,5310,7540,18,28.8,6,15,0
AMM-SU-2494,SU,Rooftop,C-RAN,3,3,0,3,3,3,0,0,1,15,5310,7540,18,28.8,6,15,0
AMM-SU-2495,SU,Rooftop,C-RAN,3,3,0,3,3,3,0,0,1,15,5310,7540,18,28.8,6,15,0
AMM-SU-2496,SU,Rooftop,C-RAN,3,3,0,3,3,3,0,0,1,15,5310,7540,18,28.8,6,15,0
AMM-SU-2497,SU,Monopole / greenfield,D-RAN,3,3,0,3,3,3,1,1,0,15,5720,8110,21,33.6,7,15,0
AMM-SU-2498,SU,Rooftop,D-RAN,3,3,0,3,3,3,1,1,0,15,5720,8110,21,33.6,7,15,0
AMM-SU-2499,SU,Rooftop,D-RAN,3,3,0,3,3,3,1,1,0,15,5720,8110,21,33.6,7,15,0
AMM-SU-2500,SU,Rooftop,D-RAN,3,3,0,3,3,3,1,1,0,15,5720,8110,21,33.6,7,15,0
AMM-SU-2501,SU,Rooftop,D-RAN,3,3,0,3,3,3,1,1,0,15,5720,8110,21,33.6,7,15,0
AMM-SU-2502,SU,Rooftop,D-RAN,3,3,0,3,3,3,1,1,0,15,5720,8110,21,33.6,7,15,0
AMM-SU-2503,SU,Rooftop,D-RAN,3,3,0,3,3,3,1,1,0,15,5720,8110,21,33.6,7,15,0
AMM-SU-2504,SU,Rooftop,D-RAN,3,3,0,3,3,3,1,1,0,15,5720,8110,21,33.6,7,15,0
AMM-SU-2505,SU,Rooftop,D-RAN,3,3,0,3,3,3,1,1,0,15,5720,8110,21,33.6,7,15,0
AMM-SU-2506,SU,Monopole / greenfield,D-RAN,3,3,0,3,3,3,1,1,0,15,5720,8110,21,33.6,7,15,0
AMM-SU-2507,SU,Monopole / greenfield,D-RAN,3,3,0,3,3,3,1,1,0,15,5720,8110,21,33.6,7,15,0
AMM-SU-2508,SU,Monopole / greenfield,D-RAN,3,3,0,3,3,3,1,1,0,15,5720,8110,21,33.6,7,15,0
AMM-SU-2509,SU,Monopole / greenfield,D-RAN,3,3,0,3,3,3,1,1,0,15,5720,8110,21,33.6,7,15,0
AZR-SU-0018,SU,Monopole / greenfield,D-RAN,3,3,0,3,3,3,1,1,0,15,5720,8110,21,33.6,7,15,0
AZR-SU-0019,SU,Monopole / greenfield,D-RAN,3,3,0,3,3,3,1,1,0,15,5720,8110,21,33.6,7,15,0
AZR-SU-0020,SU,Monopole / greenfield,D-RAN,3,3,0,3,3,3,1,1,0,15,5720,8110,21,33.6,7,15,0
AZR-SU-0021,SU,Monopole / greenfield,D-RAN,3,3,0,3,3,3,1,1,0,15,5720,8110,21,33.6,7,15,0
AZR-SU-0022,SU,Monopole / greenfield,D-RAN,3,3,0,3,3,3,1,1,0,15,5720,8110,21,33.6,7,15,0
AZR-SU-0023,SU,Monopole / greenfield,D-RAN,3,3,0,3,3,3,1,1,0,15,5720,8110,21,33.6,7,15,0
AZR-SU-0024,SU,Monopole / greenfield,D-RAN,3,3,0,3,3,3,1,1,0,15,5720,8110,21,33.6,7,15,0
SOU-SU-0001,SU,Monopole / greenfield,D-RAN,3,3,0,3,3,3,1,1,0,15,5720,8110,21,33.6,7,15,0
SOU-SU-0002,SU,Monopole / greenfield,D-RAN,3,3,0,3,3,3,1,1,0,15,5720,8110,21,33.6,7,15,0
SOU-SU-0003,SU,Monopole / greenfield,D-RAN,3,3,0,3,3,3,1,1,0,15,5720,8110,21,33.6,7,15,0
AMM-SU-2510,SU,Monopole / greenfield,D-RAN,3,3,0,3,3,3,1,1,0,15,5720,8110,21,33.6,7,15,0
AMM-SU-2511,SU,Monopole / greenfield,D-RAN,3,3,0,3,3,3,1,1,0,15,5720,8110,21,33.6,7,15,0
AMM-SU-2512,SU,Monopole / greenfield,D-RAN,3,3,0,3,3,3,1,1,0,15,5720,8110,21,33.6,7,15,0
AMM-SU-2513,SU,Rooftop,D-RAN,3,3,0,3,3,3,1,1,0,15,5720,8110,21,33.6,7,15,0
AMM-SU-2514,SU,Rooftop,D-RAN,3,3,0,3,3,3,1,1,0,15,5720,8110,21,33.6,7,15,0
AMM-SU-2515,SU,Rooftop,D-RAN,3,3,0,3,3,3,1,1,0,15,5720,8110,21,33.6,7,15,0
AMM-SU-2516,SU,Rooftop,D-RAN,3,3,0,3,3,3,1,1,0,15,5720,8110,21,33.6,7,15,0
AMM-SU-2517,SU,Rooftop,D-RAN,3,3,0,3,3,3,1,1,0,15,5720,8110,21,33.6,7,15,0
AMM-SU-2518,SU,Rooftop,D-RAN,3,3,0,3,3,3,1,1,0,15,5720,8110,21,33.6,7,15,0
AMM-SU-2519,SU,Monopole / greenfield,D-RAN,3,3,0,3,3,3,1,1,0,15,5720,8110,21,33.6,7,15,0
AMM-SU-2520,SU,Rooftop,D-RAN,3,3,0,3,3,3,1,1,0,15,5720,8110,21,33.6,7,15,0
AMM-SU-2521,SU,Rooftop,D-RAN,3,3,0,3,3,3,1,1,0,15,5720,8110,21,33.6,7,15,0
AMM-SU-2522,SU,Rooftop,D-RAN,3,3,0,3,3,3,1,1,0,15,5720,8110,21,33.6,7,15,0
AMM-SU-2523,SU,Monopole / greenfield,C-RAN,3,3,0,3,3,3,0,0,1,15,5310,7540,18,28.8,6,15,0
AMM-SU-2524,SU,Rooftop,C-RAN,3,3,0,3,3,3,0,0,1,15,5310,7540,18,28.8,6,15,0
AMM-SU-2525,SU,Rooftop,C-RAN,3,3,0,3,3,3,0,0,1,15,5310,7540,18,28.8,6,15,0
AMM-SU-2526,SU,Rooftop,C-RAN,3,3,0,3,3,3,0,0,1,15,5310,7540,18,28.8,6,15,0
AMM-SU-2527,SU,Rooftop,C-RAN,3,3,0,3,3,3,0,0,1,15,5310,7540,18,28.8,6,15,0
AMM-SU-2528,SU,Rooftop,C-RAN,3,3,0,3,3,3,0,0,1,15,5310,7540,18,28.8,6,15,0
AMM-SU-2529,SU,Rooftop,C-RAN,3,3,0,3,3,3,0,0,1,15,5310,7540,18,28.8,6,15,0
AMM-SU-2530,SU,Rooftop,D-RAN,3,3,0,3,3,3,1,1,0,15,5720,8110,21,33.6,7,15,0
AMM-SU-2531,SU,Rooftop,D-RAN,3,3,0,3,3,3,1,1,0,15,5720,8110,21,33.6,7,15,0
AMM-SU-2532,SU,Rooftop,D-RAN,3,3,0,3,3,3,1,1,0,15,5720,8110,21,33.6,7,15,0
AMM-SU-2533,SU,Rooftop,D-RAN,3,3,0,3,3,3,1,1,0,15,5720,8110,21,33.6,7,15,0
AMM-SU-2534,SU,Rooftop,D-RAN,3,3,0,3,3,3,1,1,0,15,5720,8110,21,33.6,7,15,0
AMM-SU-2535,SU,Monopole / greenfield,D-RAN,3,3,0,3,3,3,1,1,0,15,5720,8110,21,33.6,7,15,0
AMM-SU-2536,SU,Monopole / greenfield,D-RAN,3,3,0,3,3,3,1,1,0,15,5720,8110,21,33.6,7,15,0
AMM-SU-2537,SU,Monopole / greenfield,D-RAN,3,3,0,3,3,3,1,1,0,15,5720,8110,21,33.6,7,15,0
AMM-SU-2538,SU,Monopole / greenfield,D-RAN,3,3,0,3,3,3,1,1,0,15,5720,8110,21,33.6,7,15,0
AMM-SU-2539,SU,Monopole / greenfield,D-RAN,3,3,0,3,3,3,1,1,0,15,5720,8110,21,33.6,7,15,0
AMM-SU-2540,SU,Monopole / greenfield,D-RAN,3,3,0,3,3,3,1,1,0,15,5720,8110,21,33.6,7,15,0
AMM-SU-2541,SU,Monopole / greenfield,D-RAN,3,3,0,3,3,3,1,1,0,15,5720,8110,21,33.6,7,15,0
AZR-SU-0025,SU,Monopole / greenfield,D-RAN,3,3,0,3,3,3,1,1,0,15,5720,8110,21,33.6,7,15,0
AZR-SU-0026,SU,Monopole / greenfield,D-RAN,3,3,0,3,3,3,1,1,0,15,5720,8110,21,33.6,7,15,0
AZR-SU-0027,SU,Monopole / greenfield,D-RAN,3,3,0,3,3,3,1,1,0,15,5720,8110,21,33.6,7,15,0
AZR-SU-0028,SU,Monopole / greenfield,D-RAN,3,3,0,3,3,3,1,1,0,15,5720,8110,21,33.6,7,15,0
AZR-SU-0029,SU,Monopole / greenfield,D-RAN,3,3,0,3,3,3,1,1,0,15,5720,8110,21,33.6,7,15,0
SOU-SU-0004,SU,Monopole / greenfield,D-RAN,3,3,0,3,3,3,1,1,0,15,5720,8110,21,33.6,7,15,0
SOU-SU-0005,SU,Monopole / greenfield,D-RAN,3,3,0,3,3,3,1,1,0,15,5720,8110,21,33.6,7,15,0
SOU-SU-0006,SU,Monopole / greenfield,D-RAN,3,3,0,3,3,3,1,1,0,15,5720,8110,21,33.6,7,15,0
AMM-SU-2542,SU,Monopole / greenfield,D-RAN,3,3,0,3,3,3,1,1,0,15,5720,8110,21,33.6,7,15,0
AMM-SU-2543,SU,Monopole / greenfield,D-RAN,3,3,0,3,3,3,1,1,0,15,5720,8110,21,33.6,7,15,0
AMM-SU-2544,SU,Monopole / greenfield,D-RAN,3,3,0,3,3,3,1,1,0,15,5720,8110,21,33.6,7,15,0
AMM-SU-2545,SU,Rooftop,D-RAN,3,3,0,3,3,3,1,1,0,15,5720,8110,21,33.6,7,15,0
AMM-SU-2546,SU,Rooftop,D-RAN,3,3,0,3,3,3,1,1,0,15,5720,8110,21,33.6,7,15,0
AMM-SU-2547,SU,Rooftop,D-RAN,3,3,0,3,3,3,1,1,0,15,5720,8110,21,33.6,7,15,0
AMM-SU-2548,SU,Rooftop,D-RAN,3,3,0,3,3,3,1,1,0,15,5720,8110,21,33.6,7,15,0
AMM-SU-2549,SU,Rooftop,D-RAN,3,3,0,3,3,3,1,1,0,15,5720,8110,21,33.6,7,15,0
AMM-SU-2550,SU,Rooftop,D-RAN,3,3,0,3,3,3,1,1,0,15,5720,8110,21,33.6,7,15,0
AMM-SU-2551,SU,Rooftop,D-RAN,3,3,0,3,3,3,1,1,0,15,5720,8110,21,33.6,7,15,0
AMM-SU-2552,SU,Rooftop,D-RAN,3,3,0,3,3,3,1,1,0,15,5720,8110,21,33.6,7,15,0
AMM-SU-2553,SU,Rooftop,D-RAN,3,3,0,3,3,3,1,1,0,15,5720,8110,21,33.6,7,15,0
AMM-SU-2554,SU,Rooftop,C-RAN,3,3,0,3,3,3,0,0,1,15,5310,7540,18,28.8,6,15,0
AMM-SU-2555,SU,Rooftop,C-RAN,3,3,0,3,3,3,0,0,1,15,5310,7540,18,28.8,6,15,0
AMM-SU-2556,SU,Rooftop,D-RAN,3,3,0,3,3,3,1,1,0,15,5720,8110,21,33.6,7,15,0
AMM-SU-2557,SU,Rooftop,C-RAN,3,3,0,3,3,3,0,0,1,15,5310,7540,18,28.8,6,15,0
AMM-SU-2558,SU,Rooftop,C-RAN,3,3,0,3,3,3,0,0,1,15,5310,7540,18,28.8,6,15,0
AMM-SU-2559,SU,Monopole / greenfield,D-RAN,3,3,0,3,3,3,1,1,0,15,5720,8110,21,33.6,7,15,0
AMM-SU-2560,SU,Monopole / greenfield,D-RAN,3,3,0,3,3,3,1,1,0,15,5720,8110,21,33.6,7,15,0
AMM-SU-2561,SU,Monopole / greenfield,D-RAN,3,3,0,3,3,3,1,1,0,15,5720,8110,21,33.6,7,15,0
AMM-SU-2562,SU,Monopole / greenfield,D-RAN,3,3,0,3,3,3,1,1,0,15,5720,8110,21,33.6,7,15,0
AMM-SU-2563,SU,Monopole / greenfield,D-RAN,3,3,0,3,3,3,1,1,0,15,5720,8110,21,33.6,7,15,0
AMM-SU-2564,SU,Monopole / greenfield,D-RAN,3,3,0,3,3,3,1,1,0,15,5720,8110,21,33.6,7,15,0
AMM-SU-2565,SU,Monopole / greenfield,D-RAN,3,3,0,3,3,3,1,1,0,15,5720,8110,21,33.6,7,15,0
AMM-SU-2566,SU,Monopole / greenfield,D-RAN,3,3,0,3,3,3,1,1,0,15,5720,8110,21,33.6,7,15,0
AZR-SU-0030,SU,Monopole / greenfield,D-RAN,3,3,0,3,3,3,1,1,0,15,5720,8110,21,33.6,7,15,0
AZR-SU-0031,SU,Monopole / greenfield,D-RAN,3,3,0,3,3,3,1,1,0,15,5720,8110,21,33.6,7,15,0
AZR-SU-0032,SU,Monopole / greenfield,D-RAN,3,3,0,3,3,3,1,1,0,15,5720,8110,21,33.6,7,15,0
SOU-SU-0007,SU,Monopole / greenfield,D-RAN,3,3,0,3,3,3,1,1,0,15,5720,8110,21,33.6,7,15,0
SOU-SU-0008,SU,Monopole / greenfield,D-RAN,3,3,0,3,3,3,1,1,0,15,5720,8110,21,33.6,7,15,0
SOU-SU-0009,SU,Monopole / greenfield,D-RAN,3,3,0,3,3,3,1,1,0,15,5720,8110,21,33.6,7,15,0
SOU-SU-0010,SU,Monopole / greenfield,D-RAN,3,3,0,3,3,3,1,1,0,15,5720,8110,21,33.6,7,15,0
SOU-SU-0011,SU,Monopole / greenfield,D-RAN,3,3,0,3,3,3,1,1,0,15,5720,8110,21,33.6,7,15,0
AMM-SU-2567,SU,Monopole / greenfield,D-RAN,3,3,0,3,3,3,1,1,0,15,5720,8110,21,33.6,7,15,0
AMM-SU-2568,SU,Monopole / greenfield,D-RAN,3,3,0,3,3,3,1,1,0,15,5720,8110,21,33.6,7,15,0
AMM-SU-2569,SU,Monopole / greenfield,D-RAN,3,3,0,3,3,3,1,1,0,15,5720,8110,21,33.6,7,15,0
AMM-SU-2570,SU,Monopole / greenfield,D-RAN,3,3,0,3,3,3,1,1,0,15,5720,8110,21,33.6,7,15,0
AMM-SU-2571,SU,Monopole / greenfield,D-RAN,3,3,0,3,3,3,1,1,0,15,5720,8110,21,33.6,7,15,0
AMM-SU-2572,SU,Rooftop,D-RAN,3,3,0,3,3,3,1,1,0,15,5720,8110,21,33.6,7,15,0
AMM-SU-2573,SU,Rooftop,D-RAN,3,3,0,3,3,3,1,1,0,15,5720,8110,21,33.6,7,15,0
AMM-SU-2574,SU,Rooftop,D-RAN,3,3,0,3,3,3,1,1,0,15,5720,8110,21,33.6,7,15,0
AMM-SU-2575,SU,Rooftop,C-RAN,3,3,0,3,3,3,0,0,1,15,5310,7540,18,28.8,6,15,0
AMM-SU-2576,SU,Rooftop,C-RAN,3,3,0,3,3,3,0,0,1,15,5310,7540,18,28.8,6,15,0
AMM-SU-2577,SU,Rooftop,C-RAN,3,3,0,3,3,3,0,0,1,15,5310,7540,18,28.8,6,15,0
AMM-SU-2578,SU,Rooftop,D-RAN,3,3,0,3,3,3,1,1,0,15,5720,8110,21,33.6,7,15,0
AMM-SU-2579,SU,Rooftop,D-RAN,3,3,0,3,3,3,1,1,0,15,5720,8110,21,33.6,7,15,0
AMM-SU-2580,SU,Rooftop,C-RAN,3,3,0,3,3,3,0,0,1,15,5310,7540,18,28.8,6,15,0
AMM-SU-2581,SU,Rooftop,C-RAN,3,3,0,3,3,3,0,0,1,15,5310,7540,18,28.8,6,15,0
AMM-SU-2582,SU,Rooftop,C-RAN,3,3,0,3,3,3,0,0,1,15,5310,7540,18,28.8,6,15,0
AMM-SU-2583,SU,Rooftop,C-RAN,3,3,0,3,3,3,0,0,1,15,5310,7540,18,28.8,6,15,0
AMM-SU-2584,SU,Rooftop,D-RAN,3,3,0,3,3,3,1,1,0,15,5720,8110,21,33.6,7,15,0
AMM-SU-2585,SU,Monopole / greenfield,D-RAN,3,3,0,3,3,3,1,1,0,15,5720,8110,21,33.6,7,15,0
AMM-SU-2586,SU,Monopole / greenfield,D-RAN,3,3,0,3,3,3,1,1,0,15,5720,8110,21,33.6,7,15,0
AMM-SU-2587,SU,Monopole / greenfield,D-RAN,3,3,0,3,3,3,1,1,0,15,5720,8110,21,33.6,7,15,0
AMM-SU-2588,SU,Monopole / greenfield,D-RAN,3,3,0,3,3,3,1,1,0,15,5720,8110,21,33.6,7,15,0
AMM-SU-2589,SU,Monopole / greenfield,D-RAN,3,3,0,3,3,3,1,1,0,15,5720,8110,21,33.6,7,15,0
AMM-SU-2590,SU,Monopole / greenfield,D-RAN,3,3,0,3,3,3,1,1,0,15,5720,8110,21,33.6,7,15,0
AMM-SU-2591,SU,Monopole / greenfield,D-RAN,3,3,0,3,3,3,1,1,0,15,5720,8110,21,33.6,7,15,0
SOU-SU-0012,SU,Monopole / greenfield,D-RAN,3,3,0,3,3,3,1,1,0,15,5720,8110,21,33.6,7,15,0
SOU-SU-0013,SU,Monopole / greenfield,D-RAN,3,3,0,3,3,3,1,1,0,15,5720,8110,21,33.6,7,15,0
SOU-SU-0014,SU,Monopole / greenfield,D-RAN,3,3,0,3,3,3,1,1,0,15,5720,8110,21,33.6,7,15,0
SOU-SU-0015,SU,Monopole / greenfield,D-RAN,3,3,0,3,3,3,1,1,0,15,5720,8110,21,33.6,7,15,0
SOU-SU-0016,SU,Monopole / greenfield,D-RAN,3,3,0,3,3,3,1,1,0,15,5720,8110,21,33.6,7,15,0
AMM-SU-2592,SU,Monopole / greenfield,D-RAN,3,3,0,3,3,3,1,1,0,15,5720,8110,21,33.6,7,15,0
AMM-SU-2593,SU,Monopole / greenfield,D-RAN,3,3,0,3,3,3,1,1,0,15,5720,8110,21,33.6,7,15,0
AMM-SU-2594,SU,Monopole / greenfield,D-RAN,3,3,0,3,3,3,1,1,0,15,5720,8110,21,33.6,7,15,0
AMM-SU-2595,SU,Monopole / greenfield,D-RAN,3,3,0,3,3,3,1,1,0,15,5720,8110,21,33.6,7,15,0
AMM-SU-2596,SU,Monopole / greenfield,D-RAN,3,3,0,3,3,3,1,1,0,15,5720,8110,21,33.6,7,15,0
AMM-SU-2597,SU,Monopole / greenfield,D-RAN,3,3,0,3,3,3,1,1,0,15,5720,8110,21,33.6,7,15,0
AMM-SU-2598,SU,Rooftop,D-RAN,3,3,0,3,3,3,1,1,0,15,5720,8110,21,33.6,7,15,0
AMM-SU-2599,SU,Rooftop,C-RAN,3,3,0,3,3,3,0,0,1,15,5310,7540,18,28.8,6,15,0
AMM-SU-2600,SU,Rooftop,C-RAN,3,3,0,3,3,3,0,0,1,15,5310,7540,18,28.8,6,15,0
AMM-SU-2601,SU,Rooftop,C-RAN,3,3,0,3,3,3,0,0,1,15,5310,7540,18,28.8,6,15,0
AMM-SU-2602,SU,Rooftop,C-RAN,3,3,0,3,3,3,0,0,1,15,5310,7540,18,28.8,6,15,0
AMM-SU-2603,SU,Rooftop,C-RAN,3,3,0,3,3,3,0,0,1,15,5310,7540,18,28.8,6,15,0
AMM-SU-2604,SU,Rooftop,C-RAN,3,3,0,3,3,3,0,0,1,15,5310,7540,18,28.8,6,15,0
AMM-SU-2605,SU,Monopole / greenfield,C-RAN,3,3,0,3,3,3,0,0,1,15,5310,7540,18,28.8,6,15,0
AMM-SU-2606,SU,Rooftop,C-RAN,3,3,0,3,3,3,0,0,1,15,5310,7540,18,28.8,6,15,0
AMM-SU-2607,SU,Monopole / greenfield,D-RAN,3,3,0,3,3,3,1,1,0,15,5720,8110,21,33.6,7,15,0
AMM-SU-2608,SU,Monopole / greenfield,D-RAN,3,3,0,3,3,3,1,1,0,15,5720,8110,21,33.6,7,15,0
AMM-SU-2609,SU,Monopole / greenfield,D-RAN,3,3,0,3,3,3,1,1,0,15,5720,8110,21,33.6,7,15,0
AMM-SU-2610,SU,Monopole / greenfield,D-RAN,3,3,0,3,3,3,1,1,0,15,5720,8110,21,33.6,7,15,0
AMM-SU-2611,SU,Monopole / greenfield,D-RAN,3,3,0,3,3,3,1,1,0,15,5720,8110,21,33.6,7,15,0
AMM-SU-2612,SU,Monopole / greenfield,D-RAN,3,3,0,3,3,3,1,1,0,15,5720,8110,21,33.6,7,15,0
AMM-SU-2613,SU,Monopole / greenfield,D-RAN,3,3,0,3,3,3,1,1,0,15,5720,8110,21,33.6,7,15,0
AMM-SU-2614,SU,Monopole / greenfield,D-RAN,3,3,0,3,3,3,1,1,0,15,5720,8110,21,33.6,7,15,0
SOU-SU-0017,SU,Monopole / greenfield,D-RAN,3,3,0,3,3,3,1,1,0,15,5720,8110,21,33.6,7,15,0
SOU-SU-0018,SU,Monopole / greenfield,D-RAN,3,3,0,3,3,3,1,1,0,15,5720,8110,21,33.6,7,15,0
SOU-SU-0019,SU,Monopole / greenfield,D-RAN,3,3,0,3,3,3,1,1,0,15,5720,8110,21,33.6,7,15,0
SOU-SU-0020,SU,Monopole / greenfield,D-RAN,3,3,0,3,3,3,1,1,0,15,5720,8110,21,33.6,7,15,0
SOU-SU-0021,SU,Monopole / greenfield,D-RAN,3,3,0,3,3,3,1,1,0,15,5720,8110,21,33.6,7,15,0
AMM-SU-2615,SU,Monopole / greenfield,D-RAN,3,3,0,3,3,3,1,1,0,15,5720,8110,21,33.6,7,15,0
AMM-SU-2616,SU,Monopole / greenfield,D-RAN,3,3,0,3,3,3,1,1,0,15,5720,8110,21,33.6,7,15,0
AMM-SU-2617,SU,Monopole / greenfield,D-RAN,3,3,0,3,3,3,1,1,0,15,5720,8110,21,33.6,7,15,0
AMM-SU-2618,SU,Monopole / greenfield,D-RAN,3,3,0,3,3,3,1,1,0,15,5720,8110,21,33.6,7,15,0
AMM-SU-2619,SU,Monopole / greenfield,D-RAN,3,3,0,3,3,3,1,1,0,15,5720,8110,21,33.6,7,15,0
AMM-SU-2620,SU,Monopole / greenfield,D-RAN,3,3,0,3,3,3,1,1,0,15,5720,8110,21,33.6,7,15,0
AMM-SU-2621,SU,Monopole / greenfield,D-RAN,3,3,0,3,3,3,1,1,0,15,5720,8110,21,33.6,7,15,0
AMM-SU-2622,SU,Monopole / greenfield,D-RAN,3,3,0,3,3,3,1,1,0,15,5720,8110,21,33.6,7,15,0
AMM-SU-2623,SU,Monopole / greenfield,C-RAN,3,3,0,3,3,3,0,0,1,15,5310,7540,18,28.8,6,15,0
AMM-SU-2624,SU,Rooftop,C-RAN,3,3,0,3,3,3,0,0,1,15,5310,7540,18,28.8,6,15,0
AMM-SU-2625,SU,Rooftop,C-RAN,3,3,0,3,3,3,0,0,1,15,5310,7540,18,28.8,6,15,0
AMM-SU-2626,SU,Rooftop,C-RAN,3,3,0,3,3,3,0,0,1,15,5310,7540,18,28.8,6,15,0
AMM-SU-2627,SU,Rooftop,C-RAN,3,3,0,3,3,3,0,0,1,15,5310,7540,18,28.8,6,15,0
AMM-SU-2628,SU,Rooftop,C-RAN,3,3,0,3,3,3,0,0,1,15,5310,7540,18,28.8,6,15,0
AMM-SU-2629,SU,Rooftop,C-RAN,3,3,0,3,3,3,0,0,1,15,5310,7540,18,28.8,6,15,0
AMM-SU-2630,SU,Monopole / greenfield,C-RAN,3,3,0,3,3,3,0,0,1,15,5310,7540,18,28.8,6,15,0
AMM-SU-2631,SU,Monopole / greenfield,C-RAN,3,3,0,3,3,3,0,0,1,15,5310,7540,18,28.8,6,15,0
AMM-SU-2632,SU,Monopole / greenfield,D-RAN,3,3,0,3,3,3,1,1,0,15,5720,8110,21,33.6,7,15,0
AMM-SU-2633,SU,Monopole / greenfield,D-RAN,3,3,0,3,3,3,1,1,0,15,5720,8110,21,33.6,7,15,0
AMM-SU-2634,SU,Monopole / greenfield,D-RAN,3,3,0,3,3,3,1,1,0,15,5720,8110,21,33.6,7,15,0
AMM-SU-2635,SU,Monopole / greenfield,D-RAN,3,3,0,3,3,3,1,1,0,15,5720,8110,21,33.6,7,15,0
AMM-SU-2636,SU,Monopole / greenfield,D-RAN,3,3,0,3,3,3,1,1,0,15,5720,8110,21,33.6,7,15,0
AMM-SU-2637,SU,Monopole / greenfield,D-RAN,3,3,0,3,3,3,1,1,0,15,5720,8110,21,33.6,7,15,0
AMM-SU-2638,SU,Monopole / greenfield,D-RAN,3,3,0,3,3,3,1,1,0,15,5720,8110,21,33.6,7,15,0
SOU-SU-0022,SU,Monopole / greenfield,D-RAN,3,3,0,3,3,3,1,1,0,15,5720,8110,21,33.6,7,15,0
SOU-SU-0023,SU,Monopole / greenfield,D-RAN,3,3,0,3,3,3,1,1,0,15,5720,8110,21,33.6,7,15,0
AMM-SU-2639,SU,Monopole / greenfield,D-RAN,3,3,0,3,3,3,1,1,0,15,5720,8110,21,33.6,7,15,0
AMM-SU-2640,SU,Monopole / greenfield,D-RAN,3,3,0,3,3,3,1,1,0,15,5720,8110,21,33.6,7,15,0
AMM-SU-2641,SU,Monopole / greenfield,D-RAN,3,3,0,3,3,3,1,1,0,15,5720,8110,21,33.6,7,15,0
AMM-SU-2642,SU,Monopole / greenfield,D-RAN,3,3,0,3,3,3,1,1,0,15,5720,8110,21,33.6,7,15,0
AMM-SU-2643,SU,Monopole / greenfield,D-RAN,3,3,0,3,3,3,1,1,0,15,5720,8110,21,33.6,7,15,0
AMM-SU-2644,SU,Monopole / greenfield,D-RAN,3,3,0,3,3,3,1,1,0,15,5720,8110,21,33.6,7,15,0
AMM-SU-2645,SU,Monopole / greenfield,D-RAN,3,3,0,3,3,3,1,1,0,15,5720,8110,21,33.6,7,15,0
AMM-SU-2646,SU,Monopole / greenfield,D-RAN,3,3,0,3,3,3,1,1,0,15,5720,8110,21,33.6,7,15,0
AMM-SU-2647,SU,Monopole / greenfield,C-RAN,3,3,0,3,3,3,0,0,1,15,5310,7540,18,28.8,6,15,0
AMM-SU-2648,SU,Monopole / greenfield,C-RAN,3,3,0,3,3,3,0,0,1,15,5310,7540,18,28.8,6,15,0
AMM-SU-2649,SU,Rooftop,C-RAN,3,3,0,3,3,3,0,0,1,15,5310,7540,18,28.8,6,15,0
AMM-SU-2650,SU,Rooftop,C-RAN,3,3,0,3,3,3,0,0,1,15,5310,7540,18,28.8,6,15,0
AMM-SU-2651,SU,Rooftop,C-RAN,3,3,0,3,3,3,0,0,1,15,5310,7540,18,28.8,6,15,0
AMM-SU-2652,SU,Rooftop,C-RAN,3,3,0,3,3,3,0,0,1,15,5310,7540,18,28.8,6,15,0
AMM-SU-2653,SU,Monopole / greenfield,D-RAN,3,3,0,3,3,3,1,1,0,15,5720,8110,21,33.6,7,15,0
AMM-SU-2654,SU,Monopole / greenfield,D-RAN,3,3,0,3,3,3,1,1,0,15,5720,8110,21,33.6,7,15,0
AMM-SU-2655,SU,Monopole / greenfield,D-RAN,3,3,0,3,3,3,1,1,0,15,5720,8110,21,33.6,7,15,0
AMM-SU-2656,SU,Monopole / greenfield,D-RAN,3,3,0,3,3,3,1,1,0,15,5720,8110,21,33.6,7,15,0
AMM-SU-2657,SU,Monopole / greenfield,D-RAN,3,3,0,3,3,3,1,1,0,15,5720,8110,21,33.6,7,15,0
AMM-SU-2658,SU,Monopole / greenfield,D-RAN,3,3,0,3,3,3,1,1,0,15,5720,8110,21,33.6,7,15,0
AMM-SU-2659,SU,Monopole / greenfield,D-RAN,3,3,0,3,3,3,1,1,0,15,5720,8110,21,33.6,7,15,0
AMM-SU-2660,SU,Monopole / greenfield,D-RAN,3,3,0,3,3,3,1,1,0,15,5720,8110,21,33.6,7,15,0
AMM-SU-2661,SU,Monopole / greenfield,D-RAN,3,3,0,3,3,3,1,1,0,15,5720,8110,21,33.6,7,15,0
AMM-SU-2662,SU,Monopole / greenfield,D-RAN,3,3,0,3,3,3,1,1,0,15,5720,8110,21,33.6,7,15,0
AMM-SU-2663,SU,Monopole / greenfield,D-RAN,3,3,0,3,3,3,1,1,0,15,5720,8110,21,33.6,7,15,0
AMM-SU-2664,SU,Monopole / greenfield,D-RAN,3,3,0,3,3,3,1,1,0,15,5720,8110,21,33.6,7,15,0
AMM-SU-2665,SU,Monopole / greenfield,D-RAN,3,3,0,3,3,3,1,1,0,15,5720,8110,21,33.6,7,15,0
AMM-SU-2666,SU,Monopole / greenfield,D-RAN,3,3,0,3,3,3,1,1,0,15,5720,8110,21,33.6,7,15,0
AMM-SU-2667,SU,Monopole / greenfield,D-RAN,3,3,0,3,3,3,1,1,0,15,5720,8110,21,33.6,7,15,0
AMM-SU-2668,SU,Monopole / greenfield,C-RAN,3,3,0,3,3,3,0,0,1,15,5310,7540,18,28.8,6,15,0
AMM-SU-2669,SU,Monopole / greenfield,C-RAN,3,3,0,3,3,3,0,0,1,15,5310,7540,18,28.8,6,15,0
AMM-SU-2670,SU,Monopole / greenfield,C-RAN,3,3,0,3,3,3,0,0,1,15,5310,7540,18,28.8,6,15,0
AMM-SU-2671,SU,Monopole / greenfield,C-RAN,3,3,0,3,3,3,0,0,1,15,5310,7540,18,28.8,6,15,0
AMM-SU-2672,SU,Monopole / greenfield,C-RAN,3,3,0,3,3,3,0,0,1,15,5310,7540,18,28.8,6,15,0
AMM-SU-2673,SU,Monopole / greenfield,D-RAN,3,3,0,3,3,3,1,1,0,15,5720,8110,21,33.6,7,15,0
AMM-SU-2674,SU,Monopole / greenfield,D-RAN,3,3,0,3,3,3,1,1,0,15,5720,8110,21,33.6,7,15,0
AMM-SU-2675,SU,Monopole / greenfield,D-RAN,3,3,0,3,3,3,1,1,0,15,5720,8110,21,33.6,7,15,0
AMM-SU-2676,SU,Monopole / greenfield,D-RAN,3,3,0,3,3,3,1,1,0,15,5720,8110,21,33.6,7,15,0
AMM-SU-2677,SU,Monopole / greenfield,D-RAN,3,3,0,3,3,3,1,1,0,15,5720,8110,21,33.6,7,15,0
AMM-SU-2678,SU,Monopole / greenfield,D-RAN,3,3,0,3,3,3,1,1,0,15,5720,8110,21,33.6,7,15,0
AMM-SU-2679,SU,Monopole / greenfield,D-RAN,3,3,0,3,3,3,1,1,0,15,5720,8110,21,33.6,7,15,0
AMM-SU-2680,SU,Monopole / greenfield,D-RAN,3,3,0,3,3,3,1,1,0,15,5720,8110,21,33.6,7,15,0
AMM-SU-2681,SU,Monopole / greenfield,D-RAN,3,3,0,3,3,3,1,1,0,15,5720,8110,21,33.6,7,15,0
AMM-SU-2682,SU,Monopole / greenfield,D-RAN,3,3,0,3,3,3,1,1,0,15,5720,8110,21,33.6,7,15,0
AMM-SU-2683,SU,Monopole / greenfield,D-RAN,3,3,0,3,3,3,1,1,0,15,5720,8110,21,33.6,7,15,0
AMM-SU-2684,SU,Monopole / greenfield,D-RAN,3,3,0,3,3,3,1,1,0,15,5720,8110,21,33.6,7,15,0
AMM-SU-2685,SU,Monopole / greenfield,D-RAN,3,3,0,3,3,3,1,1,0,15,5720,8110,21,33.6,7,15,0
AMM-SU-2686,SU,Monopole / greenfield,D-RAN,3,3,0,3,3,3,1,1,0,15,5720,8110,21,33.6,7,15,0
AMM-SU-2687,SU,Monopole / greenfield,D-RAN,3,3,0,3,3,3,1,1,0,15,5720,8110,21,33.6,7,15,0
AMM-SU-2688,SU,Monopole / greenfield,D-RAN,3,3,0,3,3,3,1,1,0,15,5720,8110,21,33.6,7,15,0
AMM-SU-2689,SU,Monopole / greenfield,C-RAN,3,3,0,3,3,3,0,0,1,15,5310,7540,18,28.8,6,15,0
AMM-SU-2690,SU,Monopole / greenfield,C-RAN,3,3,0,3,3,3,0,0,1,15,5310,7540,18,28.8,6,15,0
AMM-SU-2691,SU,Monopole / greenfield,D-RAN,3,3,0,3,3,3,1,1,0,15,5720,8110,21,33.6,7,15,0
AMM-SU-2692,SU,Monopole / greenfield,D-RAN,3,3,0,3,3,3,1,1,0,15,5720,8110,21,33.6,7,15,0
AMM-SU-2693,SU,Monopole / greenfield,D-RAN,3,3,0,3,3,3,1,1,0,15,5720,8110,21,33.6,7,15,0
AMM-SU-2694,SU,Monopole / greenfield,D-RAN,3,3,0,3,3,3,1,1,0,15,5720,8110,21,33.6,7,15,0
AMM-SU-2695,SU,Monopole / greenfield,D-RAN,3,3,0,3,3,3,1,1,0,15,5720,8110,21,33.6,7,15,0
AMM-SU-2696,SU,Monopole / greenfield,D-RAN,3,3,0,3,3,3,1,1,0,15,5720,8110,21,33.6,7,15,0
AMM-SU-2697,SU,Monopole / greenfield,D-RAN,3,3,0,3,3,3,1,1,0,15,5720,8110,21,33.6,7,15,0
AMM-SU-2698,SU,Monopole / greenfield,D-RAN,3,3,0,3,3,3,1,1,0,15,5720,8110,21,33.6,7,15,0
AMM-SU-2699,SU,Monopole / greenfield,D-RAN,3,3,0,3,3,3,1,1,0,15,5720,8110,21,33.6,7,15,0
AMM-SU-2700,SU,Monopole / greenfield,D-RAN,3,3,0,3,3,3,1,1,0,15,5720,8110,21,33.6,7,15,0
AMM-SU-2701,SU,Monopole / greenfield,D-RAN,3,3,0,3,3,3,1,1,0,15,5720,8110,21,33.6,7,15,0
AMM-SU-2702,SU,Monopole / greenfield,D-RAN,3,3,0,3,3,3,1,1,0,15,5720,8110,21,33.6,7,15,0
AMM-SU-2703,SU,Monopole / greenfield,D-RAN,3,3,0,3,3,3,1,1,0,15,5720,8110,21,33.6,7,15,0
AMM-SU-2704,SU,Monopole / greenfield,D-RAN,3,3,0,3,3,3,1,1,0,15,5720,8110,21,33.6,7,15,0
AMM-SU-2705,SU,Monopole / greenfield,C-RAN,3,3,0,3,3,3,0,0,1,15,5310,7540,18,28.8,6,15,0
AMM-SU-2706,SU,Monopole / greenfield,C-RAN,3,3,0,3,3,3,0,0,1,15,5310,7540,18,28.8,6,15,0
AMM-SU-2707,SU,Monopole / greenfield,C-RAN,3,3,0,3,3,3,0,0,1,15,5310,7540,18,28.8,6,15,0
AMM-SU-2708,SU,Monopole / greenfield,D-RAN,3,3,0,3,3,3,1,1,0,15,5720,8110,21,33.6,7,15,0
AMM-SU-2709,SU,Monopole / greenfield,D-RAN,3,3,0,3,3,3,1,1,0,15,5720,8110,21,33.6,7,15,0
AMM-SU-2710,SU,Monopole / greenfield,D-RAN,3,3,0,3,3,3,1,1,0,15,5720,8110,21,33.6,7,15,0
AMM-SU-2711,SU,Monopole / greenfield,D-RAN,3,3,0,3,3,3,1,1,0,15,5720,8110,21,33.6,7,15,0
AMM-SU-2712,SU,Monopole / greenfield,D-RAN,3,3,0,3,3,3,1,1,0,15,5720,8110,21,33.6,7,15,0
AMM-SU-2713,SU,Monopole / greenfield,D-RAN,3,3,0,3,3,3,1,1,0,15,5720,8110,21,33.6,7,15,0
AMM-SU-2714,SU,Monopole / greenfield,D-RAN,3,3,0,3,3,3,1,1,0,15,5720,8110,21,33.6,7,15,0
AMM-SU-2715,SU,Monopole / greenfield,D-RAN,3,3,0,3,3,3,1,1,0,15,5720,8110,21,33.6,7,15,0
AMM-SU-2716,SU,Monopole / greenfield,D-RAN,3,3,0,3,3,3,1,1,0,15,5720,8110,21,33.6,7,15,0
AMM-SU-2717,SU,Monopole / greenfield,D-RAN,3,3,0,3,3,3,1,1,0,15,5720,8110,21,33.6,7,15,0
AMM-SU-2718,SU,Monopole / greenfield,D-RAN,3,3,0,3,3,3,1,1,0,15,5720,8110,21,33.6,7,15,0
AMM-SU-2719,SU,Monopole / greenfield,D-RAN,3,3,0,3,3,3,1,1,0,15,5720,8110,21,33.6,7,15,0
AMM-SU-2720,SU,Monopole / greenfield,D-RAN,3,3,0,3,3,3,1,1,0,15,5720,8110,21,33.6,7,15,0
AMM-SU-2721,SU,Monopole / greenfield,C-RAN,3,3,0,3,3,3,0,0,1,15,5310,7540,18,28.8,6,15,0
AMM-SU-2722,SU,Monopole / greenfield,C-RAN,3,3,0,3,3,3,0,0,1,15,5310,7540,18,28.8,6,15,0
AMM-SU-2723,SU,Monopole / greenfield,C-RAN,3,3,0,3,3,3,0,0,1,15,5310,7540,18,28.8,6,15,0
AMM-SU-2724,SU,Monopole / greenfield,D-RAN,3,3,0,3,3,3,1,1,0,15,5720,8110,21,33.6,7,15,0
AMM-SU-2725,SU,Monopole / greenfield,D-RAN,3,3,0,3,3,3,1,1,0,15,5720,8110,21,33.6,7,15,0
AMM-SU-2726,SU,Monopole / greenfield,D-RAN,3,3,0,3,3,3,1,1,0,15,5720,8110,21,33.6,7,15,0
AMM-SU-2727,SU,Monopole / greenfield,D-RAN,3,3,0,3,3,3,1,1,0,15,5720,8110,21,33.6,7,15,0
AMM-SU-2728,SU,Monopole / greenfield,D-RAN,3,3,0,3,3,3,1,1,0,15,5720,8110,21,33.6,7,15,0
AMM-SU-2729,SU,Monopole / greenfield,D-RAN,3,3,0,3,3,3,1,1,0,15,5720,8110,21,33.6,7,15,0
AMM-SU-2730,SU,Monopole / greenfield,D-RAN,3,3,0,3,3,3,1,1,0,15,5720,8110,21,33.6,7,15,0
AMM-SU-2731,SU,Monopole / greenfield,D-RAN,3,3,0,3,3,3,1,1,0,15,5720,8110,21,33.6,7,15,0
AMM-SU-2732,SU,Monopole / greenfield,D-RAN,3,3,0,3,3,3,1,1,0,15,5720,8110,21,33.6,7,15,0
AMM-SU-2733,SU,Monopole / greenfield,C-RAN,3,3,0,3,3,3,0,0,1,15,5310,7540,18,28.8,6,15,0
AMM-SU-2734,SU,Monopole / greenfield,C-RAN,3,3,0,3,3,3,0,0,1,15,5310,7540,18,28.8,6,15,0
AMM-SU-2735,SU,Monopole / greenfield,D-RAN,3,3,0,3,3,3,1,1,0,15,5720,8110,21,33.6,7,15,0
AMM-SU-2736,SU,Monopole / greenfield,D-RAN,3,3,0,3,3,3,1,1,0,15,5720,8110,21,33.6,7,15,0
AMM-SU-2737,SU,Monopole / greenfield,D-RAN,3,3,0,3,3,3,1,1,0,15,5720,8110,21,33.6,7,15,0
AMM-SU-2738,SU,Monopole / greenfield,D-RAN,3,3,0,3,3,3,1,1,0,15,5720,8110,21,33.6,7,15,0
AMM-SU-2739,SU,Monopole / greenfield,D-RAN,3,3,0,3,3,3,1,1,0,15,5720,8110,21,33.6,7,15,0
AMM-SU-2740,SU,Monopole / greenfield,D-RAN,3,3,0,3,3,3,1,1,0,15,5720,8110,21,33.6,7,15,0
AMM-SU-2741,SU,Monopole / greenfield,D-RAN,3,3,0,3,3,3,1,1,0,15,5720,8110,21,33.6,7,15,0
AMM-SU-2742,SU,Monopole / greenfield,D-RAN,3,3,0,3,3,3,1,1,0,15,5720,8110,21,33.6,7,15,0
AMM-SU-2743,SU,Monopole / greenfield,D-RAN,3,3,0,3,3,3,1,1,0,15,5720,8110,21,33.6,7,15,0
AMM-SU-2744,SU,Monopole / greenfield,D-RAN,3,3,0,3,3,3,1,1,0,15,5720,8110,21,33.6,7,15,0
AMM-SU-2745,SU,Monopole / greenfield,C-RAN,3,3,0,3,3,3,0,0,1,15,5310,7540,18,28.8,6,15,0
AMM-SU-2746,SU,Monopole / greenfield,C-RAN,3,3,0,3,3,3,0,0,1,15,5310,7540,18,28.8,6,15,0
AMM-SU-2747,SU,Monopole / greenfield,D-RAN,3,3,0,3,3,3,1,1,0,15,5720,8110,21,33.6,7,15,0
AMM-SU-2748,SU,Monopole / greenfield,D-RAN,3,3,0,3,3,3,1,1,0,15,5720,8110,21,33.6,7,15,0
AMM-SU-2749,SU,Monopole / greenfield,D-RAN,3,3,0,3,3,3,1,1,0,15,5720,8110,21,33.6,7,15,0
AMM-SU-2750,SU,Monopole / greenfield,D-RAN,3,3,0,3,3,3,1,1,0,15,5720,8110,21,33.6,7,15,0
AMM-SU-2751,SU,Monopole / greenfield,D-RAN,3,3,0,3,3,3,1,1,0,15,5720,8110,21,33.6,7,15,0
AMM-SU-2752,SU,Monopole / greenfield,D-RAN,3,3,0,3,3,3,1,1,0,15,5720,8110,21,33.6,7,15,0
AMM-SU-2753,SU,Monopole / greenfield,D-RAN,3,3,0,3,3,3,1,1,0,15,5720,8110,21,33.6,7,15,0
AMM-SU-2754,SU,Monopole / greenfield,D-RAN,3,3,0,3,3,3,1,1,0,15,5720,8110,21,33.6,7,15,0
AMM-SU-2755,SU,Monopole / greenfield,D-RAN,3,3,0,3,3,3,1,1,0,15,5720,8110,21,33.6,7,15,0
AMM-SU-2756,SU,Monopole / greenfield,D-RAN,3,3,0,3,3,3,1,1,0,15,5720,8110,21,33.6,7,15,0
AMM-SU-2757,SU,Monopole / greenfield,C-RAN,3,3,0,3,3,3,0,0,1,15,5310,7540,18,28.8,6,15,0
AMM-SU-2758,SU,Monopole / greenfield,C-RAN,3,3,0,3,3,3,0,0,1,15,5310,7540,18,28.8,6,15,0
AMM-SU-2759,SU,Monopole / greenfield,C-RAN,3,3,0,3,3,3,0,0,1,15,5310,7540,18,28.8,6,15,0
AMM-SU-2760,SU,Monopole / greenfield,D-RAN,3,3,0,3,3,3,1,1,0,15,5720,8110,21,33.6,7,15,0
AMM-SU-2761,SU,Monopole / greenfield,D-RAN,3,3,0,3,3,3,1,1,0,15,5720,8110,21,33.6,7,15,0
AMM-SU-2762,SU,Monopole / greenfield,D-RAN,3,3,0,3,3,3,1,1,0,15,5720,8110,21,33.6,7,15,0
AMM-SU-2763,SU,Monopole / greenfield,D-RAN,3,3,0,3,3,3,1,1,0,15,5720,8110,21,33.6,7,15,0
AMM-SU-2764,SU,Monopole / greenfield,D-RAN,3,3,0,3,3,3,1,1,0,15,5720,8110,21,33.6,7,15,0
AMM-SU-2765,SU,Monopole / greenfield,D-RAN,3,3,0,3,3,3,1,1,0,15,5720,8110,21,33.6,7,15,0
AMM-SU-2766,SU,Monopole / greenfield,D-RAN,3,3,0,3,3,3,1,1,0,15,5720,8110,21,33.6,7,15,0
AMM-SU-2767,SU,Monopole / greenfield,D-RAN,3,3,0,3,3,3,1,1,0,15,5720,8110,21,33.6,7,15,0
AMM-SU-2768,SU,Monopole / greenfield,D-RAN,3,3,0,3,3,3,1,1,0,15,5720,8110,21,33.6,7,15,0
AMM-SU-2769,SU,Monopole / greenfield,D-RAN,3,3,0,3,3,3,1,1,0,15,5720,8110,21,33.6,7,15,0
AMM-SU-2770,SU,Monopole / greenfield,C-RAN,3,3,0,3,3,3,0,0,1,15,5310,7540,18,28.8,6,15,0
AMM-SU-2771,SU,Monopole / greenfield,C-RAN,3,3,0,3,3,3,0,0,1,15,5310,7540,18,28.8,6,15,0
AMM-SU-2772,SU,Monopole / greenfield,C-RAN,3,3,0,3,3,3,0,0,1,15,5310,7540,18,28.8,6,15,0
AMM-SU-2773,SU,Monopole / greenfield,C-RAN,3,3,0,3,3,3,0,0,1,15,5310,7540,18,28.8,6,15,0
AMM-SU-2774,SU,Monopole / greenfield,D-RAN,3,3,0,3,3,3,1,1,0,15,5720,8110,21,33.6,7,15,0
AMM-SU-2775,SU,Monopole / greenfield,D-RAN,3,3,0,3,3,3,1,1,0,15,5720,8110,21,33.6,7,15,0
AMM-SU-2776,SU,Monopole / greenfield,D-RAN,3,3,0,3,3,3,1,1,0,15,5720,8110,21,33.6,7,15,0
AMM-SU-2777,SU,Monopole / greenfield,D-RAN,3,3,0,3,3,3,1,1,0,15,5720,8110,21,33.6,7,15,0
AMM-SU-2778,SU,Monopole / greenfield,D-RAN,3,3,0,3,3,3,1,1,0,15,5720,8110,21,33.6,7,15,0
AMM-SU-2779,SU,Monopole / greenfield,D-RAN,3,3,0,3,3,3,1,1,0,15,5720,8110,21,33.6,7,15,0
AMM-SU-2780,SU,Monopole / greenfield,D-RAN,3,3,0,3,3,3,1,1,0,15,5720,8110,21,33.6,7,15,0
AMM-SU-2781,SU,Monopole / greenfield,D-RAN,3,3,0,3,3,3,1,1,0,15,5720,8110,21,33.6,7,15,0
AMM-SU-2782,SU,Monopole / greenfield,D-RAN,3,3,0,3,3,3,1,1,0,15,5720,8110,21,33.6,7,15,0
AMM-SU-2783,SU,Monopole / greenfield,C-RAN,3,3,0,3,3,3,0,0,1,15,5310,7540,18,28.8,6,15,0
AMM-SU-2784,SU,Monopole / greenfield,C-RAN,3,3,0,3,3,3,0,0,1,15,5310,7540,18,28.8,6,15,0
AMM-SU-2785,SU,Monopole / greenfield,C-RAN,3,3,0,3,3,3,0,0,1,15,5310,7540,18,28.8,6,15,0
AMM-SU-2786,SU,Monopole / greenfield,D-RAN,3,3,0,3,3,3,1,1,0,15,5720,8110,21,33.6,7,15,0
AMM-SU-2787,SU,Monopole / greenfield,D-RAN,3,3,0,3,3,3,1,1,0,15,5720,8110,21,33.6,7,15,0
AMM-SU-2788,SU,Monopole / greenfield,D-RAN,3,3,0,3,3,3,1,1,0,15,5720,8110,21,33.6,7,15,0
AMM-SU-2789,SU,Monopole / greenfield,D-RAN,3,3,0,3,3,3,1,1,0,15,5720,8110,21,33.6,7,15,0
AMM-SU-2790,SU,Monopole / greenfield,D-RAN,3,3,0,3,3,3,1,1,0,15,5720,8110,21,33.6,7,15,0
AMM-SU-2791,SU,Monopole / greenfield,D-RAN,3,3,0,3,3,3,1,1,0,15,5720,8110,21,33.6,7,15,0
AMM-SU-2792,SU,Monopole / greenfield,D-RAN,3,3,0,3,3,3,1,1,0,15,5720,8110,21,33.6,7,15,0
AMM-SU-2793,SU,Monopole / greenfield,D-RAN,3,3,0,3,3,3,1,1,0,15,5720,8110,21,33.6,7,15,0
AMM-SU-2794,SU,Monopole / greenfield,D-RAN,3,3,0,3,3,3,1,1,0,15,5720,8110,21,33.6,7,15,0
AMM-SU-2795,SU,Monopole / greenfield,C-RAN,3,3,0,3,3,3,0,0,1,15,5310,7540,18,28.8,6,15,0
AMM-SU-2796,SU,Monopole / greenfield,C-RAN,3,3,0,3,3,3,0,0,1,15,5310,7540,18,28.8,6,15,0
AMM-SU-2797,SU,Monopole / greenfield,D-RAN,3,3,0,3,3,3,1,1,0,15,5720,8110,21,33.6,7,15,0
AMM-SU-2798,SU,Monopole / greenfield,D-RAN,3,3,0,3,3,3,1,1,0,15,5720,8110,21,33.6,7,15,0
AMM-SU-2799,SU,Monopole / greenfield,D-RAN,3,3,0,3,3,3,1,1,0,15,5720,8110,21,33.6,7,15,0
AMM-SU-2800,SU,Monopole / greenfield,D-RAN,3,3,0,3,3,3,1,1,0,15,5720,8110,21,33.6,7,15,0
AMM-SU-2801,SU,Monopole / greenfield,D-RAN,3,3,0,3,3,3,1,1,0,15,5720,8110,21,33.6,7,15,0
AMM-SU-2802,SU,Monopole / greenfield,D-RAN,3,3,0,3,3,3,1,1,0,15,5720,8110,21,33.6,7,15,0
AMM-SU-2803,SU,Monopole / greenfield,D-RAN,3,3,0,3,3,3,1,1,0,15,5720,8110,21,33.6,7,15,0
AMM-SU-2804,SU,Monopole / greenfield,D-RAN,3,3,0,3,3,3,1,1,0,15,5720,8110,21,33.6,7,15,0
AMM-SU-2805,SU,Monopole / greenfield,D-RAN,3,3,0,3,3,3,1,1,0,15,5720,8110,21,33.6,7,15,0
AMM-SU-2806,SU,Monopole / greenfield,C-RAN,3,3,0,3,3,3,0,0,1,15,5310,7540,18,28.8,6,15,0
AMM-SU-2807,SU,Monopole / greenfield,D-RAN,3,3,0,3,3,3,1,1,0,15,5720,8110,21,33.6,7,15,0
AMM-SU-2808,SU,Monopole / greenfield,D-RAN,3,3,0,3,3,3,1,1,0,15,5720,8110,21,33.6,7,15,0
AMM-SU-2809,SU,Monopole / greenfield,D-RAN,3,3,0,3,3,3,1,1,0,15,5720,8110,21,33.6,7,15,0
AMM-SU-2810,SU,Monopole / greenfield,D-RAN,3,3,0,3,3,3,1,1,0,15,5720,8110,21,33.6,7,15,0
AMM-SU-2811,SU,Monopole / greenfield,D-RAN,3,3,0,3,3,3,1,1,0,15,5720,8110,21,33.6,7,15,0
AMM-SU-2812,SU,Monopole / greenfield,D-RAN,3,3,0,3,3,3,1,1,0,15,5720,8110,21,33.6,7,15,0
AMM-SU-2813,SU,Rooftop,D-RAN,3,3,0,3,3,3,1,1,0,15,5720,8110,21,33.6,7,15,0
AMM-SU-2814,SU,Monopole / greenfield,D-RAN,3,3,0,3,3,3,1,1,0,15,5720,8110,21,33.6,7,15,0
AMM-SU-2815,SU,Monopole / greenfield,D-RAN,3,3,0,3,3,3,1,1,0,15,5720,8110,21,33.6,7,15,0
AMM-SU-2816,SU,Monopole / greenfield,D-RAN,3,3,0,3,3,3,1,1,0,15,5720,8110,21,33.6,7,15,0
AMM-SU-2817,SU,Monopole / greenfield,D-RAN,3,3,0,3,3,3,1,1,0,15,5720,8110,21,33.6,7,15,0
AMM-SU-2818,SU,Monopole / greenfield,C-RAN,3,3,0,3,3,3,0,0,1,15,5310,7540,18,28.8,6,15,0
AMM-SU-2819,SU,Monopole / greenfield,D-RAN,3,3,0,3,3,3,1,1,0,15,5720,8110,21,33.6,7,15,0
AMM-SU-2820,SU,Monopole / greenfield,D-RAN,3,3,0,3,3,3,1,1,0,15,5720,8110,21,33.6,7,15,0
AMM-SU-2821,SU,Monopole / greenfield,D-RAN,3,3,0,3,3,3,1,1,0,15,5720,8110,21,33.6,7,15,0
AMM-SU-2822,SU,Monopole / greenfield,D-RAN,3,3,0,3,3,3,1,1,0,15,5720,8110,21,33.6,7,15,0
AMM-SU-2823,SU,Monopole / greenfield,D-RAN,3,3,0,3,3,3,1,1,0,15,5720,8110,21,33.6,7,15,0
AMM-SU-2824,SU,Monopole / greenfield,D-RAN,3,3,0,3,3,3,1,1,0,15,5720,8110,21,33.6,7,15,0
AMM-SU-2825,SU,Rooftop,D-RAN,3,3,0,3,3,3,1,1,0,15,5720,8110,21,33.6,7,15,0
AMM-SU-2826,SU,Rooftop,D-RAN,3,3,0,3,3,3,1,1,0,15,5720,8110,21,33.6,7,15,0
AMM-SU-2827,SU,Monopole / greenfield,D-RAN,3,3,0,3,3,3,1,1,0,15,5720,8110,21,33.6,7,15,0
AMM-SU-2828,SU,Monopole / greenfield,D-RAN,3,3,0,3,3,3,1,1,0,15,5720,8110,21,33.6,7,15,0
AMM-SU-2829,SU,Monopole / greenfield,C-RAN,3,3,0,3,3,3,0,0,1,15,5310,7540,18,28.8,6,15,0
AMM-SU-2830,SU,Monopole / greenfield,C-RAN,3,3,0,3,3,3,0,0,1,15,5310,7540,18,28.8,6,15,0
AMM-SU-2831,SU,Monopole / greenfield,D-RAN,3,3,0,3,3,3,1,1,0,15,5720,8110,21,33.6,7,15,0
AMM-SU-2832,SU,Monopole / greenfield,D-RAN,3,3,0,3,3,3,1,1,0,15,5720,8110,21,33.6,7,15,0
AMM-SU-2833,SU,Monopole / greenfield,D-RAN,3,3,0,3,3,3,1,1,0,15,5720,8110,21,33.6,7,15,0
AMM-SU-2834,SU,Monopole / greenfield,D-RAN,3,3,0,3,3,3,1,1,0,15,5720,8110,21,33.6,7,15,0
AMM-SU-2835,SU,Monopole / greenfield,D-RAN,3,3,0,3,3,3,1,1,0,15,5720,8110,21,33.6,7,15,0
AMM-SU-2836,SU,Rooftop,D-RAN,3,3,0,3,3,3,1,1,0,15,5720,8110,21,33.6,7,15,0
AMM-SU-2837,SU,Rooftop,D-RAN,3,3,0,3,3,3,1,1,0,15,5720,8110,21,33.6,7,15,0
AMM-SU-2838,SU,Monopole / greenfield,D-RAN,3,3,0,3,3,3,1,1,0,15,5720,8110,21,33.6,7,15,0
AMM-SU-2839,SU,Monopole / greenfield,D-RAN,3,3,0,3,3,3,1,1,0,15,5720,8110,21,33.6,7,15,0
AMM-SU-2840,SU,Monopole / greenfield,C-RAN,3,3,0,3,3,3,0,0,1,15,5310,7540,18,28.8,6,15,0
AMM-SU-2841,SU,Monopole / greenfield,C-RAN,3,3,0,3,3,3,0,0,1,15,5310,7540,18,28.8,6,15,0
AMM-SU-2842,SU,Monopole / greenfield,D-RAN,3,3,0,3,3,3,1,1,0,15,5720,8110,21,33.6,7,15,0
AMM-SU-2843,SU,Rooftop,D-RAN,3,3,0,3,3,3,1,1,0,15,5720,8110,21,33.6,7,15,0
AMM-SU-2844,SU,Rooftop,D-RAN,3,3,0,3,3,3,1,1,0,15,5720,8110,21,33.6,7,15,0
AMM-SU-2845,SU,Monopole / greenfield,D-RAN,3,3,0,3,3,3,1,1,0,15,5720,8110,21,33.6,7,15,0
AMM-SU-2846,SU,Monopole / greenfield,D-RAN,3,3,0,3,3,3,1,1,0,15,5720,8110,21,33.6,7,15,0
AMM-SU-2847,SU,Monopole / greenfield,D-RAN,3,3,0,3,3,3,1,1,0,15,5720,8110,21,33.6,7,15,0
AMM-SU-2848,SU,Rooftop,D-RAN,3,3,0,3,3,3,1,1,0,15,5720,8110,21,33.6,7,15,0
AMM-SU-2849,SU,Rooftop,D-RAN,3,3,0,3,3,3,1,1,0,15,5720,8110,21,33.6,7,15,0
AMM-SU-2850,SU,Monopole / greenfield,D-RAN,3,3,0,3,3,3,1,1,0,15,5720,8110,21,33.6,7,15,0
AMM-SU-2851,SU,Monopole / greenfield,C-RAN,3,3,0,3,3,3,0,0,1,15,5310,7540,18,28.8,6,15,0
AMM-SU-2852,SU,Monopole / greenfield,C-RAN,3,3,0,3,3,3,0,0,1,15,5310,7540,18,28.8,6,15,0
AMM-SU-2853,SU,Rooftop,C-RAN,3,3,0,3,3,3,0,0,1,15,5310,7540,18,28.8,6,15,0
AMM-SU-2854,SU,Rooftop,C-RAN,3,3,0,3,3,3,0,0,1,15,5310,7540,18,28.8,6,15,0
AMM-SU-2855,SU,Monopole / greenfield,D-RAN,3,3,0,3,3,3,1,1,0,15,5720,8110,21,33.6,7,15,0
AMM-SU-2856,SU,Monopole / greenfield,D-RAN,3,3,0,3,3,3,1,1,0,15,5720,8110,21,33.6,7,15,0
AMM-SU-2857,SU,Monopole / greenfield,D-RAN,3,3,0,3,3,3,1,1,0,15,5720,8110,21,33.6,7,15,0
AMM-SU-2858,SU,Rooftop,D-RAN,3,3,0,3,3,3,1,1,0,15,5720,8110,21,33.6,7,15,0
AMM-SU-2859,SU,Monopole / greenfield,D-RAN,3,3,0,3,3,3,1,1,0,15,5720,8110,21,33.6,7,15,0
AMM-SU-2860,SU,Monopole / greenfield,D-RAN,3,3,0,3,3,3,1,1,0,15,5720,8110,21,33.6,7,15,0
AMM-SU-2861,SU,Rooftop,D-RAN,3,3,0,3,3,3,1,1,0,15,5720,8110,21,33.6,7,15,0
AMM-SU-2862,SU,Rooftop,D-RAN,3,3,0,3,3,3,1,1,0,15,5720,8110,21,33.6,7,15,0
AMM-SU-2863,SU,Monopole / greenfield,D-RAN,3,3,0,3,3,3,1,1,0,15,5720,8110,21,33.6,7,15,0
AMM-SU-2864,SU,Monopole / greenfield,C-RAN,3,3,0,3,3,3,0,0,1,15,5310,7540,18,28.8,6,15,0
AMM-SU-2865,SU,Monopole / greenfield,C-RAN,3,3,0,3,3,3,0,0,1,15,5310,7540,18,28.8,6,15,0
AMM-SU-2866,SU,Monopole / greenfield,C-RAN,3,3,0,3,3,3,0,0,1,15,5310,7540,18,28.8,6,15,0
AMM-SU-2867,SU,Rooftop,C-RAN,3,3,0,3,3,3,0,0,1,15,5310,7540,18,28.8,6,15,0
AMM-SU-2868,SU,Monopole / greenfield,C-RAN,3,3,0,3,3,3,0,0,1,15,5310,7540,18,28.8,6,15,0
AMM-SU-2869,SU,Monopole / greenfield,C-RAN,3,3,0,3,3,3,0,0,1,15,5310,7540,18,28.8,6,15,0
AMM-SU-2870,SU,Monopole / greenfield,C-RAN,3,3,0,3,3,3,0,0,1,15,5310,7540,18,28.8,6,15,0
AMM-SU-2871,SU,Rooftop,C-RAN,3,3,0,3,3,3,0,0,1,15,5310,7540,18,28.8,6,15,0
AMM-SU-2872,SU,Rooftop,C-RAN,3,3,0,3,3,3,0,0,1,15,5310,7540,18,28.8,6,15,0
AMM-SU-2873,SU,Monopole / greenfield,D-RAN,3,3,0,3,3,3,1,1,0,15,5720,8110,21,33.6,7,15,0
AMM-SU-2874,SU,Monopole / greenfield,D-RAN,3,3,0,3,3,3,1,1,0,15,5720,8110,21,33.6,7,15,0
AMM-SU-2875,SU,Rooftop,D-RAN,3,3,0,3,3,3,1,1,0,15,5720,8110,21,33.6,7,15,0
AMM-SU-2876,SU,Rooftop,D-RAN,3,3,0,3,3,3,1,1,0,15,5720,8110,21,33.6,7,15,0
AMM-SU-2877,SU,Rooftop,D-RAN,3,3,0,3,3,3,1,1,0,15,5720,8110,21,33.6,7,15,0
AMM-SU-2878,SU,Rooftop,C-RAN,3,3,0,3,3,3,0,0,1,15,5310,7540,18,28.8,6,15,0
AMM-SU-2879,SU,Monopole / greenfield,C-RAN,3,3,0,3,3,3,0,0,1,15,5310,7540,18,28.8,6,15,0
AMM-SU-2880,SU,Rooftop,C-RAN,3,3,0,3,3,3,0,0,1,15,5310,7540,18,28.8,6,15,0
AMM-SU-2881,SU,Rooftop,C-RAN,3,3,0,3,3,3,0,0,1,15,5310,7540,18,28.8,6,15,0
AMM-SU-2882,SU,Rooftop,C-RAN,3,3,0,3,3,3,0,0,1,15,5310,7540,18,28.8,6,15,0
AMM-SU-2883,SU,Monopole / greenfield,D-RAN,3,3,0,3,3,3,1,1,0,15,5720,8110,21,33.6,7,15,0
AMM-SU-2884,SU,Monopole / greenfield,D-RAN,3,3,0,3,3,3,1,1,0,15,5720,8110,21,33.6,7,15,0
AMM-SU-2885,SU,Monopole / greenfield,D-RAN,3,3,0,3,3,3,1,1,0,15,5720,8110,21,33.6,7,15,0
AMM-SU-2886,SU,Monopole / greenfield,D-RAN,3,3,0,3,3,3,1,1,0,15,5720,8110,21,33.6,7,15,0
AMM-SU-2887,SU,Monopole / greenfield,D-RAN,3,3,0,3,3,3,1,1,0,15,5720,8110,21,33.6,7,15,0
AMM-SU-2888,SU,Monopole / greenfield,D-RAN,3,3,0,3,3,3,1,1,0,15,5720,8110,21,33.6,7,15,0
AMM-SU-2889,SU,Monopole / greenfield,D-RAN,3,3,0,3,3,3,1,1,0,15,5720,8110,21,33.6,7,15,0
AMM-SU-2890,SU,Rooftop,D-RAN,3,3,0,3,3,3,1,1,0,15,5720,8110,21,33.6,7,15,0
AMM-SU-2891,SU,Rooftop,D-RAN,3,3,0,3,3,3,1,1,0,15,5720,8110,21,33.6,7,15,0
AMM-SU-2892,SU,Rooftop,D-RAN,3,3,0,3,3,3,1,1,0,15,5720,8110,21,33.6,7,15,0
AMM-SU-2893,SU,Rooftop,D-RAN,3,3,0,3,3,3,1,1,0,15,5720,8110,21,33.6,7,15,0
AMM-SU-2894,SU,Rooftop,C-RAN,3,3,0,3,3,3,0,0,1,15,5310,7540,18,28.8,6,15,0
AMM-SU-2895,SU,Monopole / greenfield,C-RAN,3,3,0,3,3,3,0,0,1,15,5310,7540,18,28.8,6,15,0
AMM-SU-2896,SU,Rooftop,C-RAN,3,3,0,3,3,3,0,0,1,15,5310,7540,18,28.8,6,15,0
AMM-SU-2897,SU,Rooftop,C-RAN,3,3,0,3,3,3,0,0,1,15,5310,7540,18,28.8,6,15,0
AMM-SU-2898,SU,Rooftop,C-RAN,3,3,0,3,3,3,0,0,1,15,5310,7540,18,28.8,6,15,0
AMM-SU-2899,SU,Monopole / greenfield,D-RAN,3,3,0,3,3,3,1,1,0,15,5720,8110,21,33.6,7,15,0
AMM-SU-2900,SU,Monopole / greenfield,D-RAN,3,3,0,3,3,3,1,1,0,15,5720,8110,21,33.6,7,15,0
AMM-SU-2901,SU,Monopole / greenfield,D-RAN,3,3,0,3,3,3,1,1,0,15,5720,8110,21,33.6,7,15,0
AMM-SU-2902,SU,Monopole / greenfield,D-RAN,3,3,0,3,3,3,1,1,0,15,5720,8110,21,33.6,7,15,0
AMM-SU-2903,SU,Monopole / greenfield,D-RAN,3,3,0,3,3,3,1,1,0,15,5720,8110,21,33.6,7,15,0
AMM-SU-2904,SU,Rooftop,D-RAN,3,3,0,3,3,3,1,1,0,15,5720,8110,21,33.6,7,15,0
AMM-SU-2905,SU,Rooftop,D-RAN,3,3,0,3,3,3,1,1,0,15,5720,8110,21,33.6,7,15,0
AMM-SU-2906,SU,Rooftop,D-RAN,3,3,0,3,3,3,1,1,0,15,5720,8110,21,33.6,7,15,0
AMM-SU-2907,SU,Rooftop,D-RAN,3,3,0,3,3,3,1,1,0,15,5720,8110,21,33.6,7,15,0
AMM-SU-2908,SU,Monopole / greenfield,D-RAN,3,3,0,3,3,3,1,1,0,15,5720,8110,21,33.6,7,15,0
AMM-SU-2909,SU,Monopole / greenfield,C-RAN,3,3,0,3,3,3,0,0,1,15,5310,7540,18,28.8,6,15,0
AMM-SU-2910,SU,Monopole / greenfield,C-RAN,3,3,0,3,3,3,0,0,1,15,5310,7540,18,28.8,6,15,0
AMM-SU-2911,SU,Monopole / greenfield,C-RAN,3,3,0,3,3,3,0,0,1,15,5310,7540,18,28.8,6,15,0
AMM-SU-2912,SU,Monopole / greenfield,C-RAN,3,3,0,3,3,3,0,0,1,15,5310,7540,18,28.8,6,15,0
AMM-SU-2913,SU,Rooftop,C-RAN,3,3,0,3,3,3,0,0,1,15,5310,7540,18,28.8,6,15,0
AMM-SU-2914,SU,Rooftop,C-RAN,3,3,0,3,3,3,0,0,1,15,5310,7540,18,28.8,6,15,0
AMM-SU-2915,SU,Monopole / greenfield,D-RAN,3,3,0,3,3,3,1,1,0,15,5720,8110,21,33.6,7,15,0
AMM-SU-2916,SU,Rooftop,D-RAN,3,3,0,3,3,3,1,1,0,15,5720,8110,21,33.6,7,15,0
AMM-SU-2917,SU,Monopole / greenfield,D-RAN,3,3,0,3,3,3,1,1,0,15,5720,8110,21,33.6,7,15,0
AMM-SU-2918,SU,Monopole / greenfield,D-RAN,3,3,0,3,3,3,1,1,0,15,5720,8110,21,33.6,7,15,0
AMM-SU-2919,SU,Monopole / greenfield,D-RAN,3,3,0,3,3,3,1,1,0,15,5720,8110,21,33.6,7,15,0
AMM-SU-2920,SU,Monopole / greenfield,D-RAN,3,3,0,3,3,3,1,1,0,15,5720,8110,21,33.6,7,15,0
SAL-SU-0083,SU,Monopole / greenfield,C-RAN,3,3,0,3,3,3,0,0,1,15,5310,7540,18,28.8,6,15,0
SAL-SU-0084,SU,Monopole / greenfield,C-RAN,3,3,0,3,3,3,0,0,1,15,5310,7540,18,28.8,6,15,0
SAL-SU-0085,SU,Monopole / greenfield,C-RAN,3,3,0,3,3,3,0,0,1,15,5310,7540,18,28.8,6,15,0
SAL-SU-0086,SU,Monopole / greenfield,C-RAN,3,3,0,3,3,3,0,0,1,15,5310,7540,18,28.8,6,15,0
SAL-SU-0087,SU,Monopole / greenfield,C-RAN,3,3,0,3,3,3,0,0,1,15,5310,7540,18,28.8,6,15,0
AMM-SU-2921,SU,Monopole / greenfield,D-RAN,3,3,0,3,3,3,1,1,0,15,5720,8110,21,33.6,7,15,0
AMM-SU-2922,SU,Monopole / greenfield,D-RAN,3,3,0,3,3,3,1,1,0,15,5720,8110,21,33.6,7,15,0
AMM-SU-2923,SU,Monopole / greenfield,D-RAN,3,3,0,3,3,3,1,1,0,15,5720,8110,21,33.6,7,15,0
AMM-SU-2924,SU,Monopole / greenfield,D-RAN,3,3,0,3,3,3,1,1,0,15,5720,8110,21,33.6,7,15,0
AMM-SU-2925,SU,Monopole / greenfield,D-RAN,3,3,0,3,3,3,1,1,0,15,5720,8110,21,33.6,7,15,0
AMM-SU-2926,SU,Monopole / greenfield,C-RAN,3,3,0,3,3,3,0,0,1,15,5310,7540,18,28.8,6,15,0
AMM-SU-2927,SU,Monopole / greenfield,C-RAN,3,3,0,3,3,3,0,0,1,15,5310,7540,18,28.8,6,15,0
AMM-SU-2928,SU,Monopole / greenfield,C-RAN,3,3,0,3,3,3,0,0,1,15,5310,7540,18,28.8,6,15,0
AMM-SU-2929,SU,Monopole / greenfield,D-RAN,3,3,0,3,3,3,1,1,0,15,5720,8110,21,33.6,7,15,0
AMM-SU-2930,SU,Monopole / greenfield,D-RAN,3,3,0,3,3,3,1,1,0,15,5720,8110,21,33.6,7,15,0
AMM-SU-2931,SU,Monopole / greenfield,D-RAN,3,3,0,3,3,3,1,1,0,15,5720,8110,21,33.6,7,15,0
AMM-SU-2932,SU,Monopole / greenfield,D-RAN,3,3,0,3,3,3,1,1,0,15,5720,8110,21,33.6,7,15,0
AMM-SU-2933,SU,Monopole / greenfield,D-RAN,3,3,0,3,3,3,1,1,0,15,5720,8110,21,33.6,7,15,0
AMM-SU-2934,SU,Rooftop,D-RAN,3,3,0,3,3,3,1,1,0,15,5720,8110,21,33.6,7,15,0
AMM-SU-2935,SU,Rooftop,D-RAN,3,3,0,3,3,3,1,1,0,15,5720,8110,21,33.6,7,15,0
AMM-SU-2936,SU,Rooftop,D-RAN,3,3,0,3,3,3,1,1,0,15,5720,8110,21,33.6,7,15,0
AMM-SU-2937,SU,Monopole / greenfield,D-RAN,3,3,0,3,3,3,1,1,0,15,5720,8110,21,33.6,7,15,0
AMM-SU-2938,SU,Monopole / greenfield,D-RAN,3,3,0,3,3,3,1,1,0,15,5720,8110,21,33.6,7,15,0
AMM-SU-2939,SU,Monopole / greenfield,D-RAN,3,3,0,3,3,3,1,1,0,15,5720,8110,21,33.6,7,15,0
AMM-SU-2940,SU,Monopole / greenfield,D-RAN,3,3,0,3,3,3,1,1,0,15,5720,8110,21,33.6,7,15,0
AMM-SU-2941,SU,Monopole / greenfield,D-RAN,3,3,0,3,3,3,1,1,0,15,5720,8110,21,33.6,7,15,0
AMM-SU-2942,SU,Monopole / greenfield,D-RAN,3,3,0,3,3,3,1,1,0,15,5720,8110,21,33.6,7,15,0
SAL-SU-0088,SU,Monopole / greenfield,C-RAN,3,3,0,3,3,3,0,0,1,15,5310,7540,18,28.8,6,15,0
SAL-SU-0089,SU,Monopole / greenfield,C-RAN,3,3,0,3,3,3,0,0,1,15,5310,7540,18,28.8,6,15,0
SAL-SU-0090,SU,Monopole / greenfield,C-RAN,3,3,0,3,3,3,0,0,1,15,5310,7540,18,28.8,6,15,0
SAL-SU-0091,SU,Monopole / greenfield,C-RAN,3,3,0,3,3,3,0,0,1,15,5310,7540,18,28.8,6,15,0
SAL-SU-0092,SU,Monopole / greenfield,C-RAN,3,3,0,3,3,3,0,0,1,15,5310,7540,18,28.8,6,15,0
SAL-SU-0093,SU,Monopole / greenfield,C-RAN,3,3,0,3,3,3,0,0,1,15,5310,7540,18,28.8,6,15,0
SAL-SU-0094,SU,Monopole / greenfield,C-RAN,3,3,0,3,3,3,0,0,1,15,5310,7540,18,28.8,6,15,0
SAL-SU-0095,SU,Monopole / greenfield,C-RAN,3,3,0,3,3,3,0,0,1,15,5310,7540,18,28.8,6,15,0
AMM-SU-2943,SU,Monopole / greenfield,D-RAN,3,3,0,3,3,3,1,1,0,15,5720,8110,21,33.6,7,15,0
AMM-SU-2944,SU,Monopole / greenfield,D-RAN,3,3,0,3,3,3,1,1,0,15,5720,8110,21,33.6,7,15,0
AMM-SU-2945,SU,Monopole / greenfield,D-RAN,3,3,0,3,3,3,1,1,0,15,5720,8110,21,33.6,7,15,0
AMM-SU-2946,SU,Monopole / greenfield,D-RAN,3,3,0,3,3,3,1,1,0,15,5720,8110,21,33.6,7,15,0
AMM-SU-2947,SU,Monopole / greenfield,D-RAN,3,3,0,3,3,3,1,1,0,15,5720,8110,21,33.6,7,15,0
AMM-SU-2948,SU,Monopole / greenfield,D-RAN,3,3,0,3,3,3,1,1,0,15,5720,8110,21,33.6,7,15,0
AMM-SU-2949,SU,Monopole / greenfield,C-RAN,3,3,0,3,3,3,0,0,1,15,5310,7540,18,28.8,6,15,0
AMM-SU-2950,SU,Monopole / greenfield,C-RAN,3,3,0,3,3,3,0,0,1,15,5310,7540,18,28.8,6,15,0
AMM-SU-2951,SU,Monopole / greenfield,D-RAN,3,3,0,3,3,3,1,1,0,15,5720,8110,21,33.6,7,15,0
AMM-SU-2952,SU,Monopole / greenfield,D-RAN,3,3,0,3,3,3,1,1,0,15,5720,8110,21,33.6,7,15,0
AMM-SU-2953,SU,Monopole / greenfield,D-RAN,3,3,0,3,3,3,1,1,0,15,5720,8110,21,33.6,7,15,0
AMM-SU-2954,SU,Monopole / greenfield,D-RAN,3,3,0,3,3,3,1,1,0,15,5720,8110,21,33.6,7,15,0
AMM-SU-2955,SU,Monopole / greenfield,D-RAN,3,3,0,3,3,3,1,1,0,15,5720,8110,21,33.6,7,15,0
AMM-SU-2956,SU,Monopole / greenfield,D-RAN,3,3,0,3,3,3,1,1,0,15,5720,8110,21,33.6,7,15,0
AMM-SU-2957,SU,Monopole / greenfield,D-RAN,3,3,0,3,3,3,1,1,0,15,5720,8110,21,33.6,7,15,0
AMM-SU-2958,SU,Rooftop,D-RAN,3,3,0,3,3,3,1,1,0,15,5720,8110,21,33.6,7,15,0
AMM-SU-2959,SU,Rooftop,D-RAN,3,3,0,3,3,3,1,1,0,15,5720,8110,21,33.6,7,15,0
AMM-SU-2960,SU,Rooftop,D-RAN,3,3,0,3,3,3,1,1,0,15,5720,8110,21,33.6,7,15,0
AMM-SU-2961,SU,Monopole / greenfield,D-RAN,3,3,0,3,3,3,1,1,0,15,5720,8110,21,33.6,7,15,0
AMM-SU-2962,SU,Monopole / greenfield,D-RAN,3,3,0,3,3,3,1,1,0,15,5720,8110,21,33.6,7,15,0
AMM-SU-2963,SU,Monopole / greenfield,D-RAN,3,3,0,3,3,3,1,1,0,15,5720,8110,21,33.6,7,15,0
AMM-SU-2964,SU,Monopole / greenfield,D-RAN,3,3,0,3,3,3,1,1,0,15,5720,8110,21,33.6,7,15,0
AMM-SU-2965,SU,Monopole / greenfield,D-RAN,3,3,0,3,3,3,1,1,0,15,5720,8110,21,33.6,7,15,0
AMM-SU-2966,SU,Monopole / greenfield,D-RAN,3,3,0,3,3,3,1,1,0,15,5720,8110,21,33.6,7,15,0
AMM-SU-2967,SU,Monopole / greenfield,D-RAN,3,3,0,3,3,3,1,1,0,15,5720,8110,21,33.6,7,15,0
SAL-SU-0096,SU,Monopole / greenfield,C-RAN,3,3,0,3,3,3,0,0,1,15,5310,7540,18,28.8,6,15,0
SAL-SU-0097,SU,Monopole / greenfield,C-RAN,3,3,0,3,3,3,0,0,1,15,5310,7540,18,28.8,6,15,0
SAL-SU-0098,SU,Monopole / greenfield,C-RAN,3,3,0,3,3,3,0,0,1,15,5310,7540,18,28.8,6,15,0
SAL-SU-0099,SU,Monopole / greenfield,C-RAN,3,3,0,3,3,3,0,0,1,15,5310,7540,18,28.8,6,15,0
SAL-SU-0100,SU,Monopole / greenfield,C-RAN,3,3,0,3,3,3,0,0,1,15,5310,7540,18,28.8,6,15,0
SAL-SU-0101,SU,Monopole / greenfield,C-RAN,3,3,0,3,3,3,0,0,1,15,5310,7540,18,28.8,6,15,0
AMM-SU-2968,SU,Monopole / greenfield,D-RAN,3,3,0,3,3,3,1,1,0,15,5720,8110,21,33.6,7,15,0
AMM-SU-2969,SU,Monopole / greenfield,D-RAN,3,3,0,3,3,3,1,1,0,15,5720,8110,21,33.6,7,15,0
AMM-SU-2970,SU,Monopole / greenfield,D-RAN,3,3,0,3,3,3,1,1,0,15,5720,8110,21,33.6,7,15,0
AMM-SU-2971,SU,Monopole / greenfield,D-RAN,3,3,0,3,3,3,1,1,0,15,5720,8110,21,33.6,7,15,0
AMM-SU-2972,SU,Monopole / greenfield,D-RAN,3,3,0,3,3,3,1,1,0,15,5720,8110,21,33.6,7,15,0
AMM-SU-2973,SU,Monopole / greenfield,D-RAN,3,3,0,3,3,3,1,1,0,15,5720,8110,21,33.6,7,15,0
AMM-SU-2974,SU,Rooftop,C-RAN,3,3,0,3,3,3,0,0,1,15,5310,7540,18,28.8,6,15,0
AMM-SU-2975,SU,Monopole / greenfield,C-RAN,3,3,0,3,3,3,0,0,1,15,5310,7540,18,28.8,6,15,0
AMM-SU-2976,SU,Monopole / greenfield,C-RAN,3,3,0,3,3,3,0,0,1,15,5310,7540,18,28.8,6,15,0
AMM-SU-2977,SU,Monopole / greenfield,D-RAN,3,3,0,3,3,3,1,1,0,15,5720,8110,21,33.6,7,15,0
AMM-SU-2978,SU,Monopole / greenfield,D-RAN,3,3,0,3,3,3,1,1,0,15,5720,8110,21,33.6,7,15,0
AMM-SU-2979,SU,Monopole / greenfield,D-RAN,3,3,0,3,3,3,1,1,0,15,5720,8110,21,33.6,7,15,0
AMM-SU-2980,SU,Monopole / greenfield,D-RAN,3,3,0,3,3,3,1,1,0,15,5720,8110,21,33.6,7,15,0
AMM-SU-2981,SU,Monopole / greenfield,D-RAN,3,3,0,3,3,3,1,1,0,15,5720,8110,21,33.6,7,15,0
AMM-SU-2982,SU,Monopole / greenfield,D-RAN,3,3,0,3,3,3,1,1,0,15,5720,8110,21,33.6,7,15,0
AMM-SU-2983,SU,Monopole / greenfield,D-RAN,3,3,0,3,3,3,1,1,0,15,5720,8110,21,33.6,7,15,0
AMM-SU-2984,SU,Rooftop,D-RAN,3,3,0,3,3,3,1,1,0,15,5720,8110,21,33.6,7,15,0
AMM-SU-2985,SU,Rooftop,D-RAN,3,3,0,3,3,3,1,1,0,15,5720,8110,21,33.6,7,15,0
AMM-SU-2986,SU,Rooftop,C-RAN,3,3,0,3,3,3,0,0,1,15,5310,7540,18,28.8,6,15,0
AMM-SU-2987,SU,Monopole / greenfield,C-RAN,3,3,0,3,3,3,0,0,1,15,5310,7540,18,28.8,6,15,0
AMM-SU-2988,SU,Rooftop,C-RAN,3,3,0,3,3,3,0,0,1,15,5310,7540,18,28.8,6,15,0
AMM-SU-2989,SU,Rooftop,C-RAN,3,3,0,3,3,3,0,0,1,15,5310,7540,18,28.8,6,15,0
AMM-SU-2990,SU,Monopole / greenfield,D-RAN,3,3,0,3,3,3,1,1,0,15,5720,8110,21,33.6,7,15,0
AMM-SU-2991,SU,Monopole / greenfield,D-RAN,3,3,0,3,3,3,1,1,0,15,5720,8110,21,33.6,7,15,0
AMM-SU-2992,SU,Monopole / greenfield,D-RAN,3,3,0,3,3,3,1,1,0,15,5720,8110,21,33.6,7,15,0
AMM-SU-2993,SU,Monopole / greenfield,D-RAN,3,3,0,3,3,3,1,1,0,15,5720,8110,21,33.6,7,15,0
AMM-SU-2994,SU,Monopole / greenfield,D-RAN,3,3,0,3,3,3,1,1,0,15,5720,8110,21,33.6,7,15,0
SAL-SU-0102,SU,Monopole / greenfield,C-RAN,3,3,0,3,3,3,0,0,1,15,5310,7540,18,28.8,6,15,0
SAL-SU-0103,SU,Monopole / greenfield,C-RAN,3,3,0,3,3,3,0,0,1,15,5310,7540,18,28.8,6,15,0
SAL-SU-0104,SU,Monopole / greenfield,C-RAN,3,3,0,3,3,3,0,0,1,15,5310,7540,18,28.8,6,15,0
AMM-SU-2995,SU,Monopole / greenfield,D-RAN,3,3,0,3,3,3,1,1,0,15,5720,8110,21,33.6,7,15,0
AMM-SU-2996,SU,Monopole / greenfield,D-RAN,3,3,0,3,3,3,1,1,0,15,5720,8110,21,33.6,7,15,0
AMM-SU-2997,SU,Monopole / greenfield,D-RAN,3,3,0,3,3,3,1,1,0,15,5720,8110,21,33.6,7,15,0
AMM-SU-2998,SU,Monopole / greenfield,D-RAN,3,3,0,3,3,3,1,1,0,15,5720,8110,21,33.6,7,15,0
AMM-SU-2999,SU,Monopole / greenfield,D-RAN,3,3,0,3,3,3,1,1,0,15,5720,8110,21,33.6,7,15,0
AMM-SU-3000,SU,Monopole / greenfield,D-RAN,3,3,0,3,3,3,1,1,0,15,5720,8110,21,33.6,7,15,0
AMM-SU-3001,SU,Monopole / greenfield,C-RAN,3,3,0,3,3,3,0,0,1,15,5310,7540,18,28.8,6,15,0
AMM-SU-3002,SU,Rooftop,C-RAN,3,3,0,3,3,3,0,0,1,15,5310,7540,18,28.8,6,15,0
AMM-SU-3003,SU,Monopole / greenfield,C-RAN,3,3,0,3,3,3,0,0,1,15,5310,7540,18,28.8,6,15,0
AMM-SU-3004,SU,Monopole / greenfield,C-RAN,3,3,0,3,3,3,0,0,1,15,5310,7540,18,28.8,6,15,0
AMM-SU-3005,SU,Monopole / greenfield,D-RAN,3,3,0,3,3,3,1,1,0,15,5720,8110,21,33.6,7,15,0
AMM-SU-3006,SU,Monopole / greenfield,D-RAN,3,3,0,3,3,3,1,1,0,15,5720,8110,21,33.6,7,15,0
AMM-SU-3007,SU,Monopole / greenfield,D-RAN,3,3,0,3,3,3,1,1,0,15,5720,8110,21,33.6,7,15,0
AMM-SU-3008,SU,Monopole / greenfield,D-RAN,3,3,0,3,3,3,1,1,0,15,5720,8110,21,33.6,7,15,0
AMM-SU-3009,SU,Monopole / greenfield,D-RAN,3,3,0,3,3,3,1,1,0,15,5720,8110,21,33.6,7,15,0
AMM-SU-3010,SU,Monopole / greenfield,D-RAN,3,3,0,3,3,3,1,1,0,15,5720,8110,21,33.6,7,15,0
AMM-SU-3011,SU,Monopole / greenfield,D-RAN,3,3,0,3,3,3,1,1,0,15,5720,8110,21,33.6,7,15,0
AMM-SU-3012,SU,Monopole / greenfield,D-RAN,3,3,0,3,3,3,1,1,0,15,5720,8110,21,33.6,7,15,0
AMM-SU-3013,SU,Rooftop,D-RAN,3,3,0,3,3,3,1,1,0,15,5720,8110,21,33.6,7,15,0
AMM-SU-3014,SU,Monopole / greenfield,D-RAN,3,3,0,3,3,3,1,1,0,15,5720,8110,21,33.6,7,15,0
AMM-SU-3015,SU,Monopole / greenfield,D-RAN,3,3,0,3,3,3,1,1,0,15,5720,8110,21,33.6,7,15,0
AMM-SU-3016,SU,Monopole / greenfield,D-RAN,3,3,0,3,3,3,1,1,0,15,5720,8110,21,33.6,7,15,0
SAL-SU-0105,SU,Monopole / greenfield,C-RAN,3,3,0,3,3,3,0,0,1,15,5310,7540,18,28.8,6,15,0
SAL-SU-0106,SU,Monopole / greenfield,C-RAN,3,3,0,3,3,3,0,0,1,15,5310,7540,18,28.8,6,15,0
SAL-SU-0107,SU,Monopole / greenfield,C-RAN,3,3,0,3,3,3,0,0,1,15,5310,7540,18,28.8,6,15,0
AMM-SU-3017,SU,Monopole / greenfield,D-RAN,3,3,0,3,3,3,1,1,0,15,5720,8110,21,33.6,7,15,0
AMM-SU-3018,SU,Monopole / greenfield,D-RAN,3,3,0,3,3,3,1,1,0,15,5720,8110,21,33.6,7,15,0
AMM-SU-3019,SU,Monopole / greenfield,D-RAN,3,3,0,3,3,3,1,1,0,15,5720,8110,21,33.6,7,15,0
AMM-SU-3020,SU,Monopole / greenfield,D-RAN,3,3,0,3,3,3,1,1,0,15,5720,8110,21,33.6,7,15,0
AMM-SU-3021,SU,Monopole / greenfield,D-RAN,3,3,0,3,3,3,1,1,0,15,5720,8110,21,33.6,7,15,0
AMM-SU-3022,SU,Monopole / greenfield,D-RAN,3,3,0,3,3,3,1,1,0,15,5720,8110,21,33.6,7,15,0
AMM-SU-3023,SU,Monopole / greenfield,C-RAN,3,3,0,3,3,3,0,0,1,15,5310,7540,18,28.8,6,15,0
AMM-SU-3024,SU,Rooftop,C-RAN,3,3,0,3,3,3,0,0,1,15,5310,7540,18,28.8,6,15,0
AMM-SU-3025,SU,Rooftop,D-RAN,3,3,0,3,3,3,1,1,0,15,5720,8110,21,33.6,7,15,0
AMM-SU-3026,SU,Monopole / greenfield,C-RAN,3,3,0,3,3,3,0,0,1,15,5310,7540,18,28.8,6,15,0
AMM-SU-3027,SU,Monopole / greenfield,C-RAN,3,3,0,3,3,3,0,0,1,15,5310,7540,18,28.8,6,15,0
AMM-SU-3028,SU,Monopole / greenfield,C-RAN,3,3,0,3,3,3,0,0,1,15,5310,7540,18,28.8,6,15,0
AMM-SU-3029,SU,Monopole / greenfield,D-RAN,3,3,0,3,3,3,1,1,0,15,5720,8110,21,33.6,7,15,0
AMM-SU-3030,SU,Monopole / greenfield,D-RAN,3,3,0,3,3,3,1,1,0,15,5720,8110,21,33.6,7,15,0
AMM-SU-3031,SU,Monopole / greenfield,D-RAN,3,3,0,3,3,3,1,1,0,15,5720,8110,21,33.6,7,15,0
AMM-SU-3032,SU,Monopole / greenfield,D-RAN,3,3,0,3,3,3,1,1,0,15,5720,8110,21,33.6,7,15,0
AMM-SU-3033,SU,Monopole / greenfield,D-RAN,3,3,0,3,3,3,1,1,0,15,5720,8110,21,33.6,7,15,0
AMM-SU-3034,SU,Monopole / greenfield,D-RAN,3,3,0,3,3,3,1,1,0,15,5720,8110,21,33.6,7,15,0
AMM-SU-3035,SU,Monopole / greenfield,D-RAN,3,3,0,3,3,3,1,1,0,15,5720,8110,21,33.6,7,15,0
AMM-SU-3036,SU,Monopole / greenfield,D-RAN,3,3,0,3,3,3,1,1,0,15,5720,8110,21,33.6,7,15,0
AMM-SU-3037,SU,Rooftop,D-RAN,3,3,0,3,3,3,1,1,0,15,5720,8110,21,33.6,7,15,0
AMM-SU-3038,SU,Rooftop,D-RAN,3,3,0,3,3,3,1,1,0,15,5720,8110,21,33.6,7,15,0
AMM-SU-3039,SU,Monopole / greenfield,D-RAN,3,3,0,3,3,3,1,1,0,15,5720,8110,21,33.6,7,15,0
AMM-SU-3040,SU,Monopole / greenfield,D-RAN,3,3,0,3,3,3,1,1,0,15,5720,8110,21,33.6,7,15,0
AMM-SU-3041,SU,Monopole / greenfield,D-RAN,3,3,0,3,3,3,1,1,0,15,5720,8110,21,33.6,7,15,0
AMM-SU-3042,SU,Monopole / greenfield,D-RAN,3,3,0,3,3,3,1,1,0,15,5720,8110,21,33.6,7,15,0
SAL-SU-0108,SU,Monopole / greenfield,C-RAN,3,3,0,3,3,3,0,0,1,15,5310,7540,18,28.8,6,15,0
SAL-SU-0109,SU,Monopole / greenfield,C-RAN,3,3,0,3,3,3,0,0,1,15,5310,7540,18,28.8,6,15,0
SAL-SU-0110,SU,Monopole / greenfield,C-RAN,3,3,0,3,3,3,0,0,1,15,5310,7540,18,28.8,6,15,0
SAL-SU-0111,SU,Monopole / greenfield,C-RAN,3,3,0,3,3,3,0,0,1,15,5310,7540,18,28.8,6,15,0
AMM-SU-3043,SU,Monopole / greenfield,D-RAN,3,3,0,3,3,3,1,1,0,15,5720,8110,21,33.6,7,15,0
AMM-SU-3044,SU,Monopole / greenfield,D-RAN,3,3,0,3,3,3,1,1,0,15,5720,8110,21,33.6,7,15,0
AMM-SU-3045,SU,Monopole / greenfield,D-RAN,3,3,0,3,3,3,1,1,0,15,5720,8110,21,33.6,7,15,0
AMM-SU-3046,SU,Monopole / greenfield,D-RAN,3,3,0,3,3,3,1,1,0,15,5720,8110,21,33.6,7,15,0
AMM-SU-3047,SU,Monopole / greenfield,D-RAN,3,3,0,3,3,3,1,1,0,15,5720,8110,21,33.6,7,15,0
AMM-SU-3048,SU,Monopole / greenfield,D-RAN,3,3,0,3,3,3,1,1,0,15,5720,8110,21,33.6,7,15,0
AMM-SU-3049,SU,Monopole / greenfield,D-RAN,3,3,0,3,3,3,1,1,0,15,5720,8110,21,33.6,7,15,0
AMM-SU-3050,SU,Rooftop,D-RAN,3,3,0,3,3,3,1,1,0,15,5720,8110,21,33.6,7,15,0
AMM-SU-3051,SU,Monopole / greenfield,C-RAN,3,3,0,3,3,3,0,0,1,15,5310,7540,18,28.8,6,15,0
AMM-SU-3052,SU,Monopole / greenfield,C-RAN,3,3,0,3,3,3,0,0,1,15,5310,7540,18,28.8,6,15,0
AMM-SU-3053,SU,Monopole / greenfield,C-RAN,3,3,0,3,3,3,0,0,1,15,5310,7540,18,28.8,6,15,0
AMM-SU-3054,SU,Monopole / greenfield,C-RAN,3,3,0,3,3,3,0,0,1,15,5310,7540,18,28.8,6,15,0
AMM-SU-3055,SU,Monopole / greenfield,D-RAN,3,3,0,3,3,3,1,1,0,15,5720,8110,21,33.6,7,15,0
AMM-SU-3056,SU,Monopole / greenfield,D-RAN,3,3,0,3,3,3,1,1,0,15,5720,8110,21,33.6,7,15,0
AMM-SU-3057,SU,Monopole / greenfield,D-RAN,3,3,0,3,3,3,1,1,0,15,5720,8110,21,33.6,7,15,0
AMM-SU-3058,SU,Monopole / greenfield,D-RAN,3,3,0,3,3,3,1,1,0,15,5720,8110,21,33.6,7,15,0
AMM-SU-3059,SU,Monopole / greenfield,D-RAN,3,3,0,3,3,3,1,1,0,15,5720,8110,21,33.6,7,15,0
AMM-SU-3060,SU,Monopole / greenfield,D-RAN,3,3,0,3,3,3,1,1,0,15,5720,8110,21,33.6,7,15,0
AMM-SU-3061,SU,Monopole / greenfield,D-RAN,3,3,0,3,3,3,1,1,0,15,5720,8110,21,33.6,7,15,0
AMM-SU-3062,SU,Monopole / greenfield,D-RAN,3,3,0,3,3,3,1,1,0,15,5720,8110,21,33.6,7,15,0
AMM-SU-3063,SU,Monopole / greenfield,D-RAN,3,3,0,3,3,3,1,1,0,15,5720,8110,21,33.6,7,15,0
AMM-SU-3064,SU,Rooftop,D-RAN,3,3,0,3,3,3,1,1,0,15,5720,8110,21,33.6,7,15,0
AMM-SU-3065,SU,Rooftop,D-RAN,3,3,0,3,3,3,1,1,0,15,5720,8110,21,33.6,7,15,0
AMM-SU-3066,SU,Rooftop,C-RAN,3,3,0,3,3,3,0,0,1,15,5310,7540,18,28.8,6,15,0
AMM-SU-3067,SU,Monopole / greenfield,D-RAN,3,3,0,3,3,3,1,1,0,15,5720,8110,21,33.6,7,15,0
AMM-SU-3068,SU,Monopole / greenfield,D-RAN,3,3,0,3,3,3,1,1,0,15,5720,8110,21,33.6,7,15,0
AMM-SU-3069,SU,Monopole / greenfield,D-RAN,3,3,0,3,3,3,1,1,0,15,5720,8110,21,33.6,7,15,0
SAL-SU-0112,SU,Monopole / greenfield,C-RAN,3,3,0,3,3,3,0,0,1,15,5310,7540,18,28.8,6,15,0
SAL-SU-0113,SU,Monopole / greenfield,C-RAN,3,3,0,3,3,3,0,0,1,15,5310,7540,18,28.8,6,15,0
SAL-SU-0114,SU,Monopole / greenfield,C-RAN,3,3,0,3,3,3,0,0,1,15,5310,7540,18,28.8,6,15,0
SAL-SU-0115,SU,Monopole / greenfield,C-RAN,3,3,0,3,3,3,0,0,1,15,5310,7540,18,28.8,6,15,0
AMM-SU-3070,SU,Monopole / greenfield,D-RAN,3,3,0,3,3,3,1,1,0,15,5720,8110,21,33.6,7,15,0
AMM-SU-3071,SU,Monopole / greenfield,D-RAN,3,3,0,3,3,3,1,1,0,15,5720,8110,21,33.6,7,15,0
AMM-SU-3072,SU,Monopole / greenfield,D-RAN,3,3,0,3,3,3,1,1,0,15,5720,8110,21,33.6,7,15,0
AMM-SU-3073,SU,Monopole / greenfield,D-RAN,3,3,0,3,3,3,1,1,0,15,5720,8110,21,33.6,7,15,0
AMM-SU-3074,SU,Monopole / greenfield,D-RAN,3,3,0,3,3,3,1,1,0,15,5720,8110,21,33.6,7,15,0
AMM-SU-3075,SU,Monopole / greenfield,D-RAN,3,3,0,3,3,3,1,1,0,15,5720,8110,21,33.6,7,15,0
AMM-SU-3076,SU,Monopole / greenfield,D-RAN,3,3,0,3,3,3,1,1,0,15,5720,8110,21,33.6,7,15,0
AMM-SU-3077,SU,Monopole / greenfield,D-RAN,3,3,0,3,3,3,1,1,0,15,5720,8110,21,33.6,7,15,0
AMM-SU-3078,SU,Monopole / greenfield,D-RAN,3,3,0,3,3,3,1,1,0,15,5720,8110,21,33.6,7,15,0
AMM-SU-3079,SU,Monopole / greenfield,D-RAN,3,3,0,3,3,3,1,1,0,15,5720,8110,21,33.6,7,15,0
AMM-SU-3080,SU,Monopole / greenfield,D-RAN,3,3,0,3,3,3,1,1,0,15,5720,8110,21,33.6,7,15,0
AMM-SU-3081,SU,Monopole / greenfield,C-RAN,3,3,0,3,3,3,0,0,1,15,5310,7540,18,28.8,6,15,0
AMM-SU-3082,SU,Monopole / greenfield,C-RAN,3,3,0,3,3,3,0,0,1,15,5310,7540,18,28.8,6,15,0
AMM-SU-3083,SU,Monopole / greenfield,C-RAN,3,3,0,3,3,3,0,0,1,15,5310,7540,18,28.8,6,15,0
AMM-SU-3084,SU,Monopole / greenfield,D-RAN,3,3,0,3,3,3,1,1,0,15,5720,8110,21,33.6,7,15,0
AMM-SU-3085,SU,Monopole / greenfield,D-RAN,3,3,0,3,3,3,1,1,0,15,5720,8110,21,33.6,7,15,0
AMM-SU-3086,SU,Monopole / greenfield,D-RAN,3,3,0,3,3,3,1,1,0,15,5720,8110,21,33.6,7,15,0
AMM-SU-3087,SU,Monopole / greenfield,D-RAN,3,3,0,3,3,3,1,1,0,15,5720,8110,21,33.6,7,15,0
AMM-SU-3088,SU,Monopole / greenfield,D-RAN,3,3,0,3,3,3,1,1,0,15,5720,8110,21,33.6,7,15,0
AMM-SU-3089,SU,Monopole / greenfield,D-RAN,3,3,0,3,3,3,1,1,0,15,5720,8110,21,33.6,7,15,0
AMM-SU-3090,SU,Monopole / greenfield,D-RAN,3,3,0,3,3,3,1,1,0,15,5720,8110,21,33.6,7,15,0
AMM-SU-3091,SU,Monopole / greenfield,D-RAN,3,3,0,3,3,3,1,1,0,15,5720,8110,21,33.6,7,15,0
AMM-SU-3092,SU,Monopole / greenfield,D-RAN,3,3,0,3,3,3,1,1,0,15,5720,8110,21,33.6,7,15,0
AMM-SU-3093,SU,Monopole / greenfield,D-RAN,3,3,0,3,3,3,1,1,0,15,5720,8110,21,33.6,7,15,0
AMM-SU-3094,SU,Monopole / greenfield,D-RAN,3,3,0,3,3,3,1,1,0,15,5720,8110,21,33.6,7,15,0
AMM-SU-3095,SU,Monopole / greenfield,D-RAN,3,3,0,3,3,3,1,1,0,15,5720,8110,21,33.6,7,15,0
AMM-SU-3096,SU,Rooftop,C-RAN,3,3,0,3,3,3,0,0,1,15,5310,7540,18,28.8,6,15,0
AMM-SU-3097,SU,Monopole / greenfield,C-RAN,3,3,0,3,3,3,0,0,1,15,5310,7540,18,28.8,6,15,0
AMM-SU-3098,SU,Rooftop,C-RAN,3,3,0,3,3,3,0,0,1,15,5310,7540,18,28.8,6,15,0
AMM-SU-3099,SU,Rooftop,C-RAN,3,3,0,3,3,3,0,0,1,15,5310,7540,18,28.8,6,15,0
AMM-SU-3100,SU,Monopole / greenfield,D-RAN,3,3,0,3,3,3,1,1,0,15,5720,8110,21,33.6,7,15,0
AMM-SU-3101,SU,Monopole / greenfield,D-RAN,3,3,0,3,3,3,1,1,0,15,5720,8110,21,33.6,7,15,0
AMM-SU-3102,SU,Monopole / greenfield,D-RAN,3,3,0,3,3,3,1,1,0,15,5720,8110,21,33.6,7,15,0
SAL-SU-0116,SU,Monopole / greenfield,C-RAN,3,3,0,3,3,3,0,0,1,15,5310,7540,18,28.8,6,15,0
SAL-SU-0117,SU,Monopole / greenfield,C-RAN,3,3,0,3,3,3,0,0,1,15,5310,7540,18,28.8,6,15,0
SAL-SU-0118,SU,Monopole / greenfield,C-RAN,3,3,0,3,3,3,0,0,1,15,5310,7540,18,28.8,6,15,0
SAL-SU-0119,SU,Monopole / greenfield,C-RAN,3,3,0,3,3,3,0,0,1,15,5310,7540,18,28.8,6,15,0
AMM-SU-3103,SU,Monopole / greenfield,D-RAN,3,3,0,3,3,3,1,1,0,15,5720,8110,21,33.6,7,15,0
AMM-SU-3104,SU,Monopole / greenfield,D-RAN,3,3,0,3,3,3,1,1,0,15,5720,8110,21,33.6,7,15,0
AMM-SU-3105,SU,Monopole / greenfield,D-RAN,3,3,0,3,3,3,1,1,0,15,5720,8110,21,33.6,7,15,0
AMM-SU-3106,SU,Monopole / greenfield,D-RAN,3,3,0,3,3,3,1,1,0,15,5720,8110,21,33.6,7,15,0
AMM-SU-3107,SU,Monopole / greenfield,D-RAN,3,3,0,3,3,3,1,1,0,15,5720,8110,21,33.6,7,15,0
AMM-SU-3108,SU,Monopole / greenfield,D-RAN,3,3,0,3,3,3,1,1,0,15,5720,8110,21,33.6,7,15,0
AMM-SU-3109,SU,Monopole / greenfield,D-RAN,3,3,0,3,3,3,1,1,0,15,5720,8110,21,33.6,7,15,0
AMM-SU-3110,SU,Rooftop,D-RAN,3,3,0,3,3,3,1,1,0,15,5720,8110,21,33.6,7,15,0
AMM-SU-3111,SU,Rooftop,D-RAN,3,3,0,3,3,3,1,1,0,15,5720,8110,21,33.6,7,15,0
AMM-SU-3112,SU,Monopole / greenfield,D-RAN,3,3,0,3,3,3,1,1,0,15,5720,8110,21,33.6,7,15,0
AMM-SU-3113,SU,Monopole / greenfield,C-RAN,3,3,0,3,3,3,0,0,1,15,5310,7540,18,28.8,6,15,0
AMM-SU-3114,SU,Monopole / greenfield,C-RAN,3,3,0,3,3,3,0,0,1,15,5310,7540,18,28.8,6,15,0
AMM-SU-3115,SU,Monopole / greenfield,C-RAN,3,3,0,3,3,3,0,0,1,15,5310,7540,18,28.8,6,15,0
AMM-SU-3116,SU,Monopole / greenfield,D-RAN,3,3,0,3,3,3,1,1,0,15,5720,8110,21,33.6,7,15,0
AMM-SU-3117,SU,Rooftop,D-RAN,3,3,0,3,3,3,1,1,0,15,5720,8110,21,33.6,7,15,0
AMM-SU-3118,SU,Rooftop,D-RAN,3,3,0,3,3,3,1,1,0,15,5720,8110,21,33.6,7,15,0
AMM-SU-3119,SU,Rooftop,D-RAN,3,3,0,3,3,3,1,1,0,15,5720,8110,21,33.6,7,15,0
AMM-SU-3120,SU,Monopole / greenfield,D-RAN,3,3,0,3,3,3,1,1,0,15,5720,8110,21,33.6,7,15,0
AMM-SU-3121,SU,Monopole / greenfield,D-RAN,3,3,0,3,3,3,1,1,0,15,5720,8110,21,33.6,7,15,0
AMM-SU-3122,SU,Monopole / greenfield,D-RAN,3,3,0,3,3,3,1,1,0,15,5720,8110,21,33.6,7,15,0
AMM-SU-3123,SU,Monopole / greenfield,D-RAN,3,3,0,3,3,3,1,1,0,15,5720,8110,21,33.6,7,15,0
AMM-SU-3124,SU,Monopole / greenfield,D-RAN,3,3,0,3,3,3,1,1,0,15,5720,8110,21,33.6,7,15,0
AMM-SU-3125,SU,Monopole / greenfield,D-RAN,3,3,0,3,3,3,1,1,0,15,5720,8110,21,33.6,7,15,0
AMM-SU-3126,SU,Monopole / greenfield,D-RAN,3,3,0,3,3,3,1,1,0,15,5720,8110,21,33.6,7,15,0
AMM-SU-3127,SU,Monopole / greenfield,D-RAN,3,3,0,3,3,3,1,1,0,15,5720,8110,21,33.6,7,15,0
AMM-SU-3128,SU,Monopole / greenfield,D-RAN,3,3,0,3,3,3,1,1,0,15,5720,8110,21,33.6,7,15,0
AMM-SU-3129,SU,Monopole / greenfield,D-RAN,3,3,0,3,3,3,1,1,0,15,5720,8110,21,33.6,7,15,0
AMM-SU-3130,SU,Monopole / greenfield,D-RAN,3,3,0,3,3,3,1,1,0,15,5720,8110,21,33.6,7,15,0
AMM-SU-3131,SU,Monopole / greenfield,D-RAN,3,3,0,3,3,3,1,1,0,15,5720,8110,21,33.6,7,15,0
AMM-SU-3132,SU,Monopole / greenfield,D-RAN,3,3,0,3,3,3,1,1,0,15,5720,8110,21,33.6,7,15,0
AMM-SU-3133,SU,Monopole / greenfield,D-RAN,3,3,0,3,3,3,1,1,0,15,5720,8110,21,33.6,7,15,0
AMM-SU-3134,SU,Monopole / greenfield,D-RAN,3,3,0,3,3,3,1,1,0,15,5720,8110,21,33.6,7,15,0
AMM-SU-3135,SU,Monopole / greenfield,D-RAN,3,3,0,3,3,3,1,1,0,15,5720,8110,21,33.6,7,15,0
AMM-SU-3136,SU,Monopole / greenfield,D-RAN,3,3,0,3,3,3,1,1,0,15,5720,8110,21,33.6,7,15,0
AMM-SU-3137,SU,Monopole / greenfield,D-RAN,3,3,0,3,3,3,1,1,0,15,5720,8110,21,33.6,7,15,0
AMM-SU-3138,SU,Rooftop,C-RAN,3,3,0,3,3,3,0,0,1,15,5310,7540,18,28.8,6,15,0
AMM-SU-3139,SU,Monopole / greenfield,D-RAN,3,3,0,3,3,3,1,1,0,15,5720,8110,21,33.6,7,15,0
AMM-SU-3140,SU,Monopole / greenfield,D-RAN,3,3,0,3,3,3,1,1,0,15,5720,8110,21,33.6,7,15,0
AMM-SU-3141,SU,Monopole / greenfield,D-RAN,3,3,0,3,3,3,1,1,0,15,5720,8110,21,33.6,7,15,0
SAL-SU-0120,SU,Monopole / greenfield,C-RAN,3,3,0,3,3,3,0,0,1,15,5310,7540,18,28.8,6,15,0
SAL-SU-0121,SU,Monopole / greenfield,C-RAN,3,3,0,3,3,3,0,0,1,15,5310,7540,18,28.8,6,15,0
SAL-SU-0122,SU,Monopole / greenfield,C-RAN,3,3,0,3,3,3,0,0,1,15,5310,7540,18,28.8,6,15,0
SAL-SU-0123,SU,Monopole / greenfield,C-RAN,3,3,0,3,3,3,0,0,1,15,5310,7540,18,28.8,6,15,0
SAL-SU-0124,SU,Monopole / greenfield,C-RAN,3,3,0,3,3,3,0,0,1,15,5310,7540,18,28.8,6,15,0
AMM-SU-3142,SU,Monopole / greenfield,D-RAN,3,3,0,3,3,3,1,1,0,15,5720,8110,21,33.6,7,15,0
AMM-SU-3143,SU,Monopole / greenfield,D-RAN,3,3,0,3,3,3,1,1,0,15,5720,8110,21,33.6,7,15,0
AMM-SU-3144,SU,Monopole / greenfield,D-RAN,3,3,0,3,3,3,1,1,0,15,5720,8110,21,33.6,7,15,0
AMM-SU-3145,SU,Monopole / greenfield,D-RAN,3,3,0,3,3,3,1,1,0,15,5720,8110,21,33.6,7,15,0
AMM-SU-3146,SU,Monopole / greenfield,D-RAN,3,3,0,3,3,3,1,1,0,15,5720,8110,21,33.6,7,15,0
AMM-SU-3147,SU,Monopole / greenfield,D-RAN,3,3,0,3,3,3,1,1,0,15,5720,8110,21,33.6,7,15,0
AMM-SU-3148,SU,Rooftop,D-RAN,3,3,0,3,3,3,1,1,0,15,5720,8110,21,33.6,7,15,0
AMM-SU-3149,SU,Rooftop,D-RAN,3,3,0,3,3,3,1,1,0,15,5720,8110,21,33.6,7,15,0
AMM-SU-3150,SU,Rooftop,D-RAN,3,3,0,3,3,3,1,1,0,15,5720,8110,21,33.6,7,15,0
AMM-SU-3151,SU,Monopole / greenfield,D-RAN,3,3,0,3,3,3,1,1,0,15,5720,8110,21,33.6,7,15,0
AMM-SU-3152,SU,Monopole / greenfield,C-RAN,3,3,0,3,3,3,0,0,1,15,5310,7540,18,28.8,6,15,0
AMM-SU-3153,SU,Monopole / greenfield,D-RAN,3,3,0,3,3,3,1,1,0,15,5720,8110,21,33.6,7,15,0
AMM-SU-3154,SU,Monopole / greenfield,D-RAN,3,3,0,3,3,3,1,1,0,15,5720,8110,21,33.6,7,15,0
AMM-SU-3155,SU,Rooftop,D-RAN,3,3,0,3,3,3,1,1,0,15,5720,8110,21,33.6,7,15,0
AMM-SU-3156,SU,Rooftop,D-RAN,3,3,0,3,3,3,1,1,0,15,5720,8110,21,33.6,7,15,0
AMM-SU-3157,SU,Rooftop,D-RAN,3,3,0,3,3,3,1,1,0,15,5720,8110,21,33.6,7,15,0
AMM-SU-3158,SU,Rooftop,D-RAN,3,3,0,3,3,3,1,1,0,15,5720,8110,21,33.6,7,15,0
AMM-SU-3159,SU,Rooftop,D-RAN,3,3,0,3,3,3,1,1,0,15,5720,8110,21,33.6,7,15,0
AMM-SU-3160,SU,Monopole / greenfield,D-RAN,3,3,0,3,3,3,1,1,0,15,5720,8110,21,33.6,7,15,0
AMM-SU-3161,SU,Monopole / greenfield,D-RAN,3,3,0,3,3,3,1,1,0,15,5720,8110,21,33.6,7,15,0
AMM-SU-3162,SU,Monopole / greenfield,D-RAN,3,3,0,3,3,3,1,1,0,15,5720,8110,21,33.6,7,15,0
AMM-SU-3163,SU,Monopole / greenfield,D-RAN,3,3,0,3,3,3,1,1,0,15,5720,8110,21,33.6,7,15,0
AMM-SU-3164,SU,Monopole / greenfield,D-RAN,3,3,0,3,3,3,1,1,0,15,5720,8110,21,33.6,7,15,0
AMM-SU-3165,SU,Monopole / greenfield,D-RAN,3,3,0,3,3,3,1,1,0,15,5720,8110,21,33.6,7,15,0
AMM-SU-3166,SU,Monopole / greenfield,D-RAN,3,3,0,3,3,3,1,1,0,15,5720,8110,21,33.6,7,15,0
AMM-SU-3167,SU,Monopole / greenfield,D-RAN,3,3,0,3,3,3,1,1,0,15,5720,8110,21,33.6,7,15,0
AMM-SU-3168,SU,Monopole / greenfield,D-RAN,3,3,0,3,3,3,1,1,0,15,5720,8110,21,33.6,7,15,0
AMM-SU-3169,SU,Monopole / greenfield,D-RAN,3,3,0,3,3,3,1,1,0,15,5720,8110,21,33.6,7,15,0
AMM-SU-3170,SU,Monopole / greenfield,D-RAN,3,3,0,3,3,3,1,1,0,15,5720,8110,21,33.6,7,15,0
AMM-SU-3171,SU,Monopole / greenfield,D-RAN,3,3,0,3,3,3,1,1,0,15,5720,8110,21,33.6,7,15,0
AMM-SU-3172,SU,Monopole / greenfield,D-RAN,3,3,0,3,3,3,1,1,0,15,5720,8110,21,33.6,7,15,0
AMM-SU-3173,SU,Monopole / greenfield,D-RAN,3,3,0,3,3,3,1,1,0,15,5720,8110,21,33.6,7,15,0
AMM-SU-3174,SU,Monopole / greenfield,D-RAN,3,3,0,3,3,3,1,1,0,15,5720,8110,21,33.6,7,15,0
AMM-SU-3175,SU,Monopole / greenfield,D-RAN,3,3,0,3,3,3,1,1,0,15,5720,8110,21,33.6,7,15,0
AMM-SU-3176,SU,Monopole / greenfield,D-RAN,3,3,0,3,3,3,1,1,0,15,5720,8110,21,33.6,7,15,0
AMM-SU-3177,SU,Rooftop,C-RAN,3,3,0,3,3,3,0,0,1,15,5310,7540,18,28.8,6,15,0
AMM-SU-3178,SU,Monopole / greenfield,D-RAN,3,3,0,3,3,3,1,1,0,15,5720,8110,21,33.6,7,15,0
AMM-SU-3179,SU,Monopole / greenfield,D-RAN,3,3,0,3,3,3,1,1,0,15,5720,8110,21,33.6,7,15,0
AMM-SU-3180,SU,Monopole / greenfield,D-RAN,3,3,0,3,3,3,1,1,0,15,5720,8110,21,33.6,7,15,0
AMM-SU-3181,SU,Monopole / greenfield,D-RAN,3,3,0,3,3,3,1,1,0,15,5720,8110,21,33.6,7,15,0
SAL-SU-0125,SU,Monopole / greenfield,C-RAN,3,3,0,3,3,3,0,0,1,15,5310,7540,18,28.8,6,15,0
SAL-SU-0126,SU,Monopole / greenfield,C-RAN,3,3,0,3,3,3,0,0,1,15,5310,7540,18,28.8,6,15,0
SAL-SU-0127,SU,Rooftop,C-RAN,3,3,0,3,3,3,0,0,1,15,5310,7540,18,28.8,6,15,0
SAL-SU-0128,SU,Rooftop,C-RAN,3,3,0,3,3,3,0,0,1,15,5310,7540,18,28.8,6,15,0
SAL-SU-0129,SU,Rooftop,C-RAN,3,3,0,3,3,3,0,0,1,15,5310,7540,18,28.8,6,15,0
SAL-SU-0130,SU,Monopole / greenfield,C-RAN,3,3,0,3,3,3,0,0,1,15,5310,7540,18,28.8,6,15,0
SAL-SU-0131,SU,Monopole / greenfield,C-RAN,3,3,0,3,3,3,0,0,1,15,5310,7540,18,28.8,6,15,0
SAL-SU-0132,SU,Monopole / greenfield,C-RAN,3,3,0,3,3,3,0,0,1,15,5310,7540,18,28.8,6,15,0
AMM-SU-3182,SU,Monopole / greenfield,D-RAN,3,3,0,3,3,3,1,1,0,15,5720,8110,21,33.6,7,15,0
AMM-SU-3183,SU,Monopole / greenfield,D-RAN,3,3,0,3,3,3,1,1,0,15,5720,8110,21,33.6,7,15,0
AMM-SU-3184,SU,Monopole / greenfield,D-RAN,3,3,0,3,3,3,1,1,0,15,5720,8110,21,33.6,7,15,0
AMM-SU-3185,SU,Rooftop,D-RAN,3,3,0,3,3,3,1,1,0,15,5720,8110,21,33.6,7,15,0
AMM-SU-3186,SU,Monopole / greenfield,D-RAN,3,3,0,3,3,3,1,1,0,15,5720,8110,21,33.6,7,15,0
AMM-SU-3187,SU,Rooftop,D-RAN,3,3,0,3,3,3,1,1,0,15,5720,8110,21,33.6,7,15,0
AMM-SU-3188,SU,Rooftop,D-RAN,3,3,0,3,3,3,1,1,0,15,5720,8110,21,33.6,7,15,0
AMM-SU-3189,SU,Rooftop,D-RAN,3,3,0,3,3,3,1,1,0,15,5720,8110,21,33.6,7,15,0
AMM-SU-3190,SU,Monopole / greenfield,C-RAN,3,3,0,3,3,3,0,0,1,15,5310,7540,18,28.8,6,15,0
AMM-SU-3191,SU,Monopole / greenfield,C-RAN,3,3,0,3,3,3,0,0,1,15,5310,7540,18,28.8,6,15,0
AMM-SU-3192,SU,Monopole / greenfield,D-RAN,3,3,0,3,3,3,1,1,0,15,5720,8110,21,33.6,7,15,0
AMM-SU-3193,SU,Monopole / greenfield,D-RAN,3,3,0,3,3,3,1,1,0,15,5720,8110,21,33.6,7,15,0
AMM-SU-3194,SU,Rooftop,D-RAN,3,3,0,3,3,3,1,1,0,15,5720,8110,21,33.6,7,15,0
AMM-SU-3195,SU,Rooftop,D-RAN,3,3,0,3,3,3,1,1,0,15,5720,8110,21,33.6,7,15,0
AMM-SU-3196,SU,Rooftop,D-RAN,3,3,0,3,3,3,1,1,0,15,5720,8110,21,33.6,7,15,0
AMM-SU-3197,SU,Rooftop,D-RAN,3,3,0,3,3,3,1,1,0,15,5720,8110,21,33.6,7,15,0
AMM-SU-3198,SU,Rooftop,D-RAN,3,3,0,3,3,3,1,1,0,15,5720,8110,21,33.6,7,15,0
AMM-SU-3199,SU,Monopole / greenfield,D-RAN,3,3,0,3,3,3,1,1,0,15,5720,8110,21,33.6,7,15,0
AMM-SU-3200,SU,Monopole / greenfield,D-RAN,3,3,0,3,3,3,1,1,0,15,5720,8110,21,33.6,7,15,0
AMM-SU-3201,SU,Monopole / greenfield,D-RAN,3,3,0,3,3,3,1,1,0,15,5720,8110,21,33.6,7,15,0
AMM-SU-3202,SU,Monopole / greenfield,D-RAN,3,3,0,3,3,3,1,1,0,15,5720,8110,21,33.6,7,15,0
AMM-SU-3203,SU,Monopole / greenfield,D-RAN,3,3,0,3,3,3,1,1,0,15,5720,8110,21,33.6,7,15,0
AMM-SU-3204,SU,Monopole / greenfield,D-RAN,3,3,0,3,3,3,1,1,0,15,5720,8110,21,33.6,7,15,0
AMM-SU-3205,SU,Monopole / greenfield,D-RAN,3,3,0,3,3,3,1,1,0,15,5720,8110,21,33.6,7,15,0
AMM-SU-3206,SU,Monopole / greenfield,D-RAN,3,3,0,3,3,3,1,1,0,15,5720,8110,21,33.6,7,15,0
AMM-SU-3207,SU,Monopole / greenfield,D-RAN,3,3,0,3,3,3,1,1,0,15,5720,8110,21,33.6,7,15,0
AMM-SU-3208,SU,Monopole / greenfield,D-RAN,3,3,0,3,3,3,1,1,0,15,5720,8110,21,33.6,7,15,0
AMM-SU-3209,SU,Monopole / greenfield,D-RAN,3,3,0,3,3,3,1,1,0,15,5720,8110,21,33.6,7,15,0
AMM-SU-3210,SU,Monopole / greenfield,D-RAN,3,3,0,3,3,3,1,1,0,15,5720,8110,21,33.6,7,15,0
AMM-SU-3211,SU,Monopole / greenfield,D-RAN,3,3,0,3,3,3,1,1,0,15,5720,8110,21,33.6,7,15,0
AMM-SU-3212,SU,Monopole / greenfield,D-RAN,3,3,0,3,3,3,1,1,0,15,5720,8110,21,33.6,7,15,0
AMM-SU-3213,SU,Monopole / greenfield,D-RAN,3,3,0,3,3,3,1,1,0,15,5720,8110,21,33.6,7,15,0
AMM-SU-3214,SU,Monopole / greenfield,D-RAN,3,3,0,3,3,3,1,1,0,15,5720,8110,21,33.6,7,15,0
AMM-SU-3215,SU,Monopole / greenfield,D-RAN,3,3,0,3,3,3,1,1,0,15,5720,8110,21,33.6,7,15,0
AMM-SU-3216,SU,Monopole / greenfield,D-RAN,3,3,0,3,3,3,1,1,0,15,5720,8110,21,33.6,7,15,0
AMM-SU-3217,SU,Monopole / greenfield,D-RAN,3,3,0,3,3,3,1,1,0,15,5720,8110,21,33.6,7,15,0
AMM-SU-3218,SU,Monopole / greenfield,D-RAN,3,3,0,3,3,3,1,1,0,15,5720,8110,21,33.6,7,15,0
AMM-SU-3219,SU,Monopole / greenfield,D-RAN,3,3,0,3,3,3,1,1,0,15,5720,8110,21,33.6,7,15,0
SAL-SU-0133,SU,Monopole / greenfield,C-RAN,3,3,0,3,3,3,0,0,1,15,5310,7540,18,28.8,6,15,0
SAL-SU-0134,SU,Rooftop,C-RAN,3,3,0,3,3,3,0,0,1,15,5310,7540,18,28.8,6,15,0
SAL-SU-0135,SU,Rooftop,C-RAN,3,3,0,3,3,3,0,0,1,15,5310,7540,18,28.8,6,15,0
SAL-SU-0136,SU,Monopole / greenfield,C-RAN,3,3,0,3,3,3,0,0,1,15,5310,7540,18,28.8,6,15,0
SAL-SU-0137,SU,Monopole / greenfield,C-RAN,3,3,0,3,3,3,0,0,1,15,5310,7540,18,28.8,6,15,0
AMM-SU-3220,SU,Monopole / greenfield,D-RAN,3,3,0,3,3,3,1,1,0,15,5720,8110,21,33.6,7,15,0
AMM-SU-3221,SU,Monopole / greenfield,D-RAN,3,3,0,3,3,3,1,1,0,15,5720,8110,21,33.6,7,15,0
AMM-SU-3222,SU,Monopole / greenfield,D-RAN,3,3,0,3,3,3,1,1,0,15,5720,8110,21,33.6,7,15,0
AMM-SU-3223,SU,Monopole / greenfield,D-RAN,3,3,0,3,3,3,1,1,0,15,5720,8110,21,33.6,7,15,0
AMM-SU-3224,SU,Monopole / greenfield,D-RAN,3,3,0,3,3,3,1,1,0,15,5720,8110,21,33.6,7,15,0
AMM-SU-3225,SU,Rooftop,D-RAN,3,3,0,3,3,3,1,1,0,15,5720,8110,21,33.6,7,15,0
AMM-SU-3226,SU,Rooftop,C-RAN,3,3,0,3,3,3,0,0,1,15,5310,7540,18,28.8,6,15,0
AMM-SU-3227,SU,Monopole / greenfield,D-RAN,3,3,0,3,3,3,1,1,0,15,5720,8110,21,33.6,7,15,0
AMM-SU-3228,SU,Monopole / greenfield,D-RAN,3,3,0,3,3,3,1,1,0,15,5720,8110,21,33.6,7,15,0
AMM-SU-3229,SU,Rooftop,D-RAN,3,3,0,3,3,3,1,1,0,15,5720,8110,21,33.6,7,15,0
AMM-SU-3230,SU,Rooftop,D-RAN,3,3,0,3,3,3,1,1,0,15,5720,8110,21,33.6,7,15,0
AMM-SU-3231,SU,Rooftop,D-RAN,3,3,0,3,3,3,1,1,0,15,5720,8110,21,33.6,7,15,0
AMM-SU-3232,SU,Rooftop,D-RAN,3,3,0,3,3,3,1,1,0,15,5720,8110,21,33.6,7,15,0
AMM-SU-3233,SU,Monopole / greenfield,D-RAN,3,3,0,3,3,3,1,1,0,15,5720,8110,21,33.6,7,15,0
AMM-SU-3234,SU,Monopole / greenfield,D-RAN,3,3,0,3,3,3,1,1,0,15,5720,8110,21,33.6,7,15,0
AMM-SU-3235,SU,Monopole / greenfield,D-RAN,3,3,0,3,3,3,1,1,0,15,5720,8110,21,33.6,7,15,0
AMM-SU-3236,SU,Monopole / greenfield,D-RAN,3,3,0,3,3,3,1,1,0,15,5720,8110,21,33.6,7,15,0
AMM-SU-3237,SU,Monopole / greenfield,D-RAN,3,3,0,3,3,3,1,1,0,15,5720,8110,21,33.6,7,15,0
AMM-SU-3238,SU,Monopole / greenfield,D-RAN,3,3,0,3,3,3,1,1,0,15,5720,8110,21,33.6,7,15,0
AMM-SU-3239,SU,Monopole / greenfield,D-RAN,3,3,0,3,3,3,1,1,0,15,5720,8110,21,33.6,7,15,0
AMM-SU-3240,SU,Monopole / greenfield,D-RAN,3,3,0,3,3,3,1,1,0,15,5720,8110,21,33.6,7,15,0
AMM-SU-3241,SU,Monopole / greenfield,D-RAN,3,3,0,3,3,3,1,1,0,15,5720,8110,21,33.6,7,15,0
AMM-SU-3242,SU,Monopole / greenfield,D-RAN,3,3,0,3,3,3,1,1,0,15,5720,8110,21,33.6,7,15,0
AMM-SU-3243,SU,Monopole / greenfield,D-RAN,3,3,0,3,3,3,1,1,0,15,5720,8110,21,33.6,7,15,0
AMM-SU-3244,SU,Monopole / greenfield,D-RAN,3,3,0,3,3,3,1,1,0,15,5720,8110,21,33.6,7,15,0
AMM-SU-3245,SU,Monopole / greenfield,D-RAN,3,3,0,3,3,3,1,1,0,15,5720,8110,21,33.6,7,15,0
AMM-SU-3246,SU,Monopole / greenfield,D-RAN,3,3,0,3,3,3,1,1,0,15,5720,8110,21,33.6,7,15,0
AMM-SU-3247,SU,Rooftop,D-RAN,3,3,0,3,3,3,1,1,0,15,5720,8110,21,33.6,7,15,0
AMM-SU-3248,SU,Rooftop,D-RAN,3,3,0,3,3,3,1,1,0,15,5720,8110,21,33.6,7,15,0
AMM-SU-3249,SU,Monopole / greenfield,D-RAN,3,3,0,3,3,3,1,1,0,15,5720,8110,21,33.6,7,15,0
AMM-SU-3250,SU,Monopole / greenfield,D-RAN,3,3,0,3,3,3,1,1,0,15,5720,8110,21,33.6,7,15,0
AMM-SU-3251,SU,Monopole / greenfield,D-RAN,3,3,0,3,3,3,1,1,0,15,5720,8110,21,33.6,7,15,0
AMM-SU-3252,SU,Monopole / greenfield,D-RAN,3,3,0,3,3,3,1,1,0,15,5720,8110,21,33.6,7,15,0
AMM-SU-3253,SU,Monopole / greenfield,D-RAN,3,3,0,3,3,3,1,1,0,15,5720,8110,21,33.6,7,15,0
AMM-SU-3254,SU,Monopole / greenfield,D-RAN,3,3,0,3,3,3,1,1,0,15,5720,8110,21,33.6,7,15,0
AMM-SU-3255,SU,Monopole / greenfield,C-RAN,3,3,0,3,3,3,0,0,1,15,5310,7540,18,28.8,6,15,0
AMM-SU-3256,SU,Monopole / greenfield,D-RAN,3,3,0,3,3,3,1,1,0,15,5720,8110,21,33.6,7,15,0
AMM-SU-3257,SU,Monopole / greenfield,D-RAN,3,3,0,3,3,3,1,1,0,15,5720,8110,21,33.6,7,15,0
AMM-SU-3258,SU,Monopole / greenfield,D-RAN,3,3,0,3,3,3,1,1,0,15,5720,8110,21,33.6,7,15,0
AMM-SU-3259,SU,Rooftop,D-RAN,3,3,0,3,3,3,1,1,0,15,5720,8110,21,33.6,7,15,0
AMM-SU-3260,SU,Monopole / greenfield,D-RAN,3,3,0,3,3,3,1,1,0,15,5720,8110,21,33.6,7,15,0
AMM-SU-3261,SU,Monopole / greenfield,D-RAN,3,3,0,3,3,3,1,1,0,15,5720,8110,21,33.6,7,15,0
AMM-SU-3262,SU,Monopole / greenfield,D-RAN,3,3,0,3,3,3,1,1,0,15,5720,8110,21,33.6,7,15,0
AMM-SU-3263,SU,Monopole / greenfield,D-RAN,3,3,0,3,3,3,1,1,0,15,5720,8110,21,33.6,7,15,0
AMM-SU-3264,SU,Monopole / greenfield,D-RAN,3,3,0,3,3,3,1,1,0,15,5720,8110,21,33.6,7,15,0
AMM-SU-3265,SU,Monopole / greenfield,D-RAN,3,3,0,3,3,3,1,1,0,15,5720,8110,21,33.6,7,15,0
AMM-SU-3266,SU,Monopole / greenfield,D-RAN,3,3,0,3,3,3,1,1,0,15,5720,8110,21,33.6,7,15,0
AMM-SU-3267,SU,Monopole / greenfield,D-RAN,3,3,0,3,3,3,1,1,0,15,5720,8110,21,33.6,7,15,0
AMM-SU-3268,SU,Monopole / greenfield,D-RAN,3,3,0,3,3,3,1,1,0,15,5720,8110,21,33.6,7,15,0
AMM-SU-3269,SU,Monopole / greenfield,D-RAN,3,3,0,3,3,3,1,1,0,15,5720,8110,21,33.6,7,15,0
AMM-SU-3270,SU,Monopole / greenfield,D-RAN,3,3,0,3,3,3,1,1,0,15,5720,8110,21,33.6,7,15,0
AMM-SU-3271,SU,Monopole / greenfield,D-RAN,3,3,0,3,3,3,1,1,0,15,5720,8110,21,33.6,7,15,0
AMM-SU-3272,SU,Monopole / greenfield,D-RAN,3,3,0,3,3,3,1,1,0,15,5720,8110,21,33.6,7,15,0
AMM-SU-3273,SU,Monopole / greenfield,D-RAN,3,3,0,3,3,3,1,1,0,15,5720,8110,21,33.6,7,15,0
AMM-SU-3274,SU,Monopole / greenfield,D-RAN,3,3,0,3,3,3,1,1,0,15,5720,8110,21,33.6,7,15,0
AMM-SU-3275,SU,Rooftop,D-RAN,3,3,0,3,3,3,1,1,0,15,5720,8110,21,33.6,7,15,0
AMM-SU-3276,SU,Rooftop,D-RAN,3,3,0,3,3,3,1,1,0,15,5720,8110,21,33.6,7,15,0
AMM-SU-3277,SU,Rooftop,D-RAN,3,3,0,3,3,3,1,1,0,15,5720,8110,21,33.6,7,15,0
AMM-SU-3278,SU,Monopole / greenfield,D-RAN,3,3,0,3,3,3,1,1,0,15,5720,8110,21,33.6,7,15,0
AMM-SU-3279,SU,Monopole / greenfield,D-RAN,3,3,0,3,3,3,1,1,0,15,5720,8110,21,33.6,7,15,0
AMM-SU-3280,SU,Monopole / greenfield,D-RAN,3,3,0,3,3,3,1,1,0,15,5720,8110,21,33.6,7,15,0
AMM-SU-3281,SU,Monopole / greenfield,D-RAN,3,3,0,3,3,3,1,1,0,15,5720,8110,21,33.6,7,15,0
AMM-SU-3282,SU,Monopole / greenfield,D-RAN,3,3,0,3,3,3,1,1,0,15,5720,8110,21,33.6,7,15,0
AMM-SU-3283,SU,Monopole / greenfield,D-RAN,3,3,0,3,3,3,1,1,0,15,5720,8110,21,33.6,7,15,0
AMM-SU-3284,SU,Monopole / greenfield,D-RAN,3,3,0,3,3,3,1,1,0,15,5720,8110,21,33.6,7,15,0
AMM-SU-3285,SU,Monopole / greenfield,D-RAN,3,3,0,3,3,3,1,1,0,15,5720,8110,21,33.6,7,15,0
AMM-SU-3286,SU,Monopole / greenfield,D-RAN,3,3,0,3,3,3,1,1,0,15,5720,8110,21,33.6,7,15,0
AMM-SU-3287,SU,Monopole / greenfield,D-RAN,3,3,0,3,3,3,1,1,0,15,5720,8110,21,33.6,7,15,0
AMM-SU-3288,SU,Monopole / greenfield,D-RAN,3,3,0,3,3,3,1,1,0,15,5720,8110,21,33.6,7,15,0
AMM-SU-3289,SU,Monopole / greenfield,D-RAN,3,3,0,3,3,3,1,1,0,15,5720,8110,21,33.6,7,15,0
AMM-SU-3290,SU,Monopole / greenfield,D-RAN,3,3,0,3,3,3,1,1,0,15,5720,8110,21,33.6,7,15,0
AMM-SU-3291,SU,Monopole / greenfield,D-RAN,3,3,0,3,3,3,1,1,0,15,5720,8110,21,33.6,7,15,0
AMM-SU-3292,SU,Monopole / greenfield,D-RAN,3,3,0,3,3,3,1,1,0,15,5720,8110,21,33.6,7,15,0
AMM-SU-3293,SU,Monopole / greenfield,D-RAN,3,3,0,3,3,3,1,1,0,15,5720,8110,21,33.6,7,15,0
AMM-SU-3294,SU,Monopole / greenfield,D-RAN,3,3,0,3,3,3,1,1,0,15,5720,8110,21,33.6,7,15,0
AMM-SU-3295,SU,Monopole / greenfield,D-RAN,3,3,0,3,3,3,1,1,0,15,5720,8110,21,33.6,7,15,0
AMM-SU-3296,SU,Monopole / greenfield,D-RAN,3,3,0,3,3,3,1,1,0,15,5720,8110,21,33.6,7,15,0
AMM-SU-3297,SU,Monopole / greenfield,D-RAN,3,3,0,3,3,3,1,1,0,15,5720,8110,21,33.6,7,15,0
AMM-SU-3298,SU,Monopole / greenfield,D-RAN,3,3,0,3,3,3,1,1,0,15,5720,8110,21,33.6,7,15,0
AMM-SU-3299,SU,Monopole / greenfield,D-RAN,3,3,0,3,3,3,1,1,0,15,5720,8110,21,33.6,7,15,0
AMM-SU-3300,SU,Monopole / greenfield,D-RAN,3,3,0,3,3,3,1,1,0,15,5720,8110,21,33.6,7,15,0
AMM-SU-3301,SU,Monopole / greenfield,D-RAN,3,3,0,3,3,3,1,1,0,15,5720,8110,21,33.6,7,15,0
AMM-SU-3302,SU,Monopole / greenfield,D-RAN,3,3,0,3,3,3,1,1,0,15,5720,8110,21,33.6,7,15,0
AMM-SU-3303,SU,Monopole / greenfield,D-RAN,3,3,0,3,3,3,1,1,0,15,5720,8110,21,33.6,7,15,0
AMM-SU-3304,SU,Monopole / greenfield,D-RAN,3,3,0,3,3,3,1,1,0,15,5720,8110,21,33.6,7,15,0
AMM-SU-3305,SU,Monopole / greenfield,D-RAN,3,3,0,3,3,3,1,1,0,15,5720,8110,21,33.6,7,15,0
AMM-SU-3306,SU,Monopole / greenfield,D-RAN,3,3,0,3,3,3,1,1,0,15,5720,8110,21,33.6,7,15,0
AMM-SU-3307,SU,Monopole / greenfield,D-RAN,3,3,0,3,3,3,1,1,0,15,5720,8110,21,33.6,7,15,0
AMM-SU-3308,SU,Monopole / greenfield,D-RAN,3,3,0,3,3,3,1,1,0,15,5720,8110,21,33.6,7,15,0
AMM-SU-3309,SU,Monopole / greenfield,D-RAN,3,3,0,3,3,3,1,1,0,15,5720,8110,21,33.6,7,15,0
AMM-SU-3310,SU,Monopole / greenfield,D-RAN,3,3,0,3,3,3,1,1,0,15,5720,8110,21,33.6,7,15,0
AMM-SU-3311,SU,Monopole / greenfield,D-RAN,3,3,0,3,3,3,1,1,0,15,5720,8110,21,33.6,7,15,0
AMM-SU-3312,SU,Monopole / greenfield,D-RAN,3,3,0,3,3,3,1,1,0,15,5720,8110,21,33.6,7,15,0
AMM-SU-3313,SU,Monopole / greenfield,C-RAN,3,3,0,3,3,3,0,0,1,15,5310,7540,18,28.8,6,15,0
AMM-SU-3314,SU,Monopole / greenfield,D-RAN,3,3,0,3,3,3,1,1,0,15,5720,8110,21,33.6,7,15,0
AMM-SU-3315,SU,Monopole / greenfield,D-RAN,3,3,0,3,3,3,1,1,0,15,5720,8110,21,33.6,7,15,0
AMM-SU-3316,SU,Monopole / greenfield,D-RAN,3,3,0,3,3,3,1,1,0,15,5720,8110,21,33.6,7,15,0
AMM-SU-3317,SU,Monopole / greenfield,D-RAN,3,3,0,3,3,3,1,1,0,15,5720,8110,21,33.6,7,15,0
AMM-SU-3318,SU,Monopole / greenfield,D-RAN,3,3,0,3,3,3,1,1,0,15,5720,8110,21,33.6,7,15,0
AMM-SU-3319,SU,Monopole / greenfield,D-RAN,3,3,0,3,3,3,1,1,0,15,5720,8110,21,33.6,7,15,0
AMM-SU-3320,SU,Monopole / greenfield,D-RAN,3,3,0,3,3,3,1,1,0,15,5720,8110,21,33.6,7,15,0
AMM-SU-3321,SU,Monopole / greenfield,D-RAN,3,3,0,3,3,3,1,1,0,15,5720,8110,21,33.6,7,15,0
AMM-SU-3322,SU,Monopole / greenfield,D-RAN,3,3,0,3,3,3,1,1,0,15,5720,8110,21,33.6,7,15,0
AMM-SU-3323,SU,Monopole / greenfield,D-RAN,3,3,0,3,3,3,1,1,0,15,5720,8110,21,33.6,7,15,0
AMM-SU-3324,SU,Monopole / greenfield,D-RAN,3,3,0,3,3,3,1,1,0,15,5720,8110,21,33.6,7,15,0
AMM-SU-3325,SU,Monopole / greenfield,D-RAN,3,3,0,3,3,3,1,1,0,15,5720,8110,21,33.6,7,15,0
AMM-SU-3326,SU,Monopole / greenfield,D-RAN,3,3,0,3,3,3,1,1,0,15,5720,8110,21,33.6,7,15,0
AMM-SU-3327,SU,Monopole / greenfield,D-RAN,3,3,0,3,3,3,1,1,0,15,5720,8110,21,33.6,7,15,0
AMM-SU-3328,SU,Monopole / greenfield,D-RAN,3,3,0,3,3,3,1,1,0,15,5720,8110,21,33.6,7,15,0
AMM-SU-3329,SU,Monopole / greenfield,D-RAN,3,3,0,3,3,3,1,1,0,15,5720,8110,21,33.6,7,15,0
AMM-SU-3330,SU,Monopole / greenfield,D-RAN,3,3,0,3,3,3,1,1,0,15,5720,8110,21,33.6,7,15,0
AMM-SU-3331,SU,Monopole / greenfield,D-RAN,3,3,0,3,3,3,1,1,0,15,5720,8110,21,33.6,7,15,0
AMM-SU-3332,SU,Monopole / greenfield,D-RAN,3,3,0,3,3,3,1,1,0,15,5720,8110,21,33.6,7,15,0
AMM-SU-3333,SU,Monopole / greenfield,D-RAN,3,3,0,3,3,3,1,1,0,15,5720,8110,21,33.6,7,15,0
AMM-SU-3334,SU,Monopole / greenfield,D-RAN,3,3,0,3,3,3,1,1,0,15,5720,8110,21,33.6,7,15,0
AMM-SU-3335,SU,Monopole / greenfield,D-RAN,3,3,0,3,3,3,1,1,0,15,5720,8110,21,33.6,7,15,0
AMM-SU-3336,SU,Monopole / greenfield,D-RAN,3,3,0,3,3,3,1,1,0,15,5720,8110,21,33.6,7,15,0
AMM-SU-3337,SU,Monopole / greenfield,D-RAN,3,3,0,3,3,3,1,1,0,15,5720,8110,21,33.6,7,15,0
AMM-SU-3338,SU,Monopole / greenfield,D-RAN,3,3,0,3,3,3,1,1,0,15,5720,8110,21,33.6,7,15,0
AMM-SU-3339,SU,Monopole / greenfield,C-RAN,3,3,0,3,3,3,0,0,1,15,5310,7540,18,28.8,6,15,0
AMM-SU-3340,SU,Monopole / greenfield,C-RAN,3,3,0,3,3,3,0,0,1,15,5310,7540,18,28.8,6,15,0
AMM-SU-3341,SU,Monopole / greenfield,D-RAN,3,3,0,3,3,3,1,1,0,15,5720,8110,21,33.6,7,15,0
AMM-SU-3342,SU,Monopole / greenfield,D-RAN,3,3,0,3,3,3,1,1,0,15,5720,8110,21,33.6,7,15,0
AMM-SU-3343,SU,Monopole / greenfield,D-RAN,3,3,0,3,3,3,1,1,0,15,5720,8110,21,33.6,7,15,0
AMM-SU-3344,SU,Monopole / greenfield,D-RAN,3,3,0,3,3,3,1,1,0,15,5720,8110,21,33.6,7,15,0
AMM-SU-3345,SU,Monopole / greenfield,D-RAN,3,3,0,3,3,3,1,1,0,15,5720,8110,21,33.6,7,15,0
AMM-SU-3346,SU,Monopole / greenfield,D-RAN,3,3,0,3,3,3,1,1,0,15,5720,8110,21,33.6,7,15,0
AMM-SU-3347,SU,Monopole / greenfield,D-RAN,3,3,0,3,3,3,1,1,0,15,5720,8110,21,33.6,7,15,0
AMM-SU-3348,SU,Monopole / greenfield,D-RAN,3,3,0,3,3,3,1,1,0,15,5720,8110,21,33.6,7,15,0
AMM-SU-3349,SU,Monopole / greenfield,D-RAN,3,3,0,3,3,3,1,1,0,15,5720,8110,21,33.6,7,15,0
AMM-SU-3350,SU,Monopole / greenfield,D-RAN,3,3,0,3,3,3,1,1,0,15,5720,8110,21,33.6,7,15,0
AMM-SU-3351,SU,Monopole / greenfield,D-RAN,3,3,0,3,3,3,1,1,0,15,5720,8110,21,33.6,7,15,0
AMM-SU-3352,SU,Monopole / greenfield,D-RAN,3,3,0,3,3,3,1,1,0,15,5720,8110,21,33.6,7,15,0
AMM-SU-3353,SU,Monopole / greenfield,D-RAN,3,3,0,3,3,3,1,1,0,15,5720,8110,21,33.6,7,15,0
AMM-SU-3354,SU,Monopole / greenfield,D-RAN,3,3,0,3,3,3,1,1,0,15,5720,8110,21,33.6,7,15,0
AMM-SU-3355,SU,Monopole / greenfield,D-RAN,3,3,0,3,3,3,1,1,0,15,5720,8110,21,33.6,7,15,0
AMM-SU-3356,SU,Monopole / greenfield,D-RAN,3,3,0,3,3,3,1,1,0,15,5720,8110,21,33.6,7,15,0
AMM-SU-3357,SU,Monopole / greenfield,D-RAN,3,3,0,3,3,3,1,1,0,15,5720,8110,21,33.6,7,15,0
AMM-SU-3358,SU,Monopole / greenfield,D-RAN,3,3,0,3,3,3,1,1,0,15,5720,8110,21,33.6,7,15,0
AMM-SU-3359,SU,Monopole / greenfield,D-RAN,3,3,0,3,3,3,1,1,0,15,5720,8110,21,33.6,7,15,0
AMM-SU-3360,SU,Monopole / greenfield,C-RAN,3,3,0,3,3,3,0,0,1,15,5310,7540,18,28.8,6,15,0
AMM-SU-3361,SU,Monopole / greenfield,C-RAN,3,3,0,3,3,3,0,0,1,15,5310,7540,18,28.8,6,15,0
AMM-SU-3362,SU,Monopole / greenfield,C-RAN,3,3,0,3,3,3,0,0,1,15,5310,7540,18,28.8,6,15,0
AMM-SU-3363,SU,Monopole / greenfield,D-RAN,3,3,0,3,3,3,1,1,0,15,5720,8110,21,33.6,7,15,0
AMM-SU-3364,SU,Monopole / greenfield,D-RAN,3,3,0,3,3,3,1,1,0,15,5720,8110,21,33.6,7,15,0
AMM-SU-3365,SU,Monopole / greenfield,D-RAN,3,3,0,3,3,3,1,1,0,15,5720,8110,21,33.6,7,15,0
AMM-SU-3366,SU,Monopole / greenfield,D-RAN,3,3,0,3,3,3,1,1,0,15,5720,8110,21,33.6,7,15,0
AMM-SU-3367,SU,Monopole / greenfield,D-RAN,3,3,0,3,3,3,1,1,0,15,5720,8110,21,33.6,7,15,0
AMM-SU-3368,SU,Monopole / greenfield,D-RAN,3,3,0,3,3,3,1,1,0,15,5720,8110,21,33.6,7,15,0
AMM-SU-3369,SU,Monopole / greenfield,D-RAN,3,3,0,3,3,3,1,1,0,15,5720,8110,21,33.6,7,15,0
AMM-SU-3370,SU,Monopole / greenfield,D-RAN,3,3,0,3,3,3,1,1,0,15,5720,8110,21,33.6,7,15,0
AMM-SU-3371,SU,Monopole / greenfield,D-RAN,3,3,0,3,3,3,1,1,0,15,5720,8110,21,33.6,7,15,0
AMM-SU-3372,SU,Monopole / greenfield,D-RAN,3,3,0,3,3,3,1,1,0,15,5720,8110,21,33.6,7,15,0
AMM-SU-3373,SU,Monopole / greenfield,D-RAN,3,3,0,3,3,3,1,1,0,15,5720,8110,21,33.6,7,15,0
AMM-SU-3374,SU,Monopole / greenfield,D-RAN,3,3,0,3,3,3,1,1,0,15,5720,8110,21,33.6,7,15,0
AMM-SU-3375,SU,Monopole / greenfield,D-RAN,3,3,0,3,3,3,1,1,0,15,5720,8110,21,33.6,7,15,0
AMM-SU-3376,SU,Monopole / greenfield,D-RAN,3,3,0,3,3,3,1,1,0,15,5720,8110,21,33.6,7,15,0
AMM-SU-3377,SU,Monopole / greenfield,D-RAN,3,3,0,3,3,3,1,1,0,15,5720,8110,21,33.6,7,15,0
AMM-SU-3378,SU,Monopole / greenfield,D-RAN,3,3,0,3,3,3,1,1,0,15,5720,8110,21,33.6,7,15,0
AMM-SU-3379,SU,Monopole / greenfield,D-RAN,3,3,0,3,3,3,1,1,0,15,5720,8110,21,33.6,7,15,0
AMM-SU-3380,SU,Monopole / greenfield,D-RAN,3,3,0,3,3,3,1,1,0,15,5720,8110,21,33.6,7,15,0
AMM-SU-3381,SU,Monopole / greenfield,D-RAN,3,3,0,3,3,3,1,1,0,15,5720,8110,21,33.6,7,15,0
AMM-SU-3382,SU,Monopole / greenfield,D-RAN,3,3,0,3,3,3,1,1,0,15,5720,8110,21,33.6,7,15,0
AMM-SU-3383,SU,Monopole / greenfield,D-RAN,3,3,0,3,3,3,1,1,0,15,5720,8110,21,33.6,7,15,0
AMM-SU-3384,SU,Monopole / greenfield,D-RAN,3,3,0,3,3,3,1,1,0,15,5720,8110,21,33.6,7,15,0
AMM-SU-3385,SU,Rooftop,D-RAN,3,3,0,3,3,3,1,1,0,15,5720,8110,21,33.6,7,15,0
AMM-SU-3386,SU,Monopole / greenfield,D-RAN,3,3,0,3,3,3,1,1,0,15,5720,8110,21,33.6,7,15,0
AMM-SU-3387,SU,Monopole / greenfield,D-RAN,3,3,0,3,3,3,1,1,0,15,5720,8110,21,33.6,7,15,0
AMM-SU-3388,SU,Monopole / greenfield,D-RAN,3,3,0,3,3,3,1,1,0,15,5720,8110,21,33.6,7,15,0
AMM-SU-3389,SU,Monopole / greenfield,D-RAN,3,3,0,3,3,3,1,1,0,15,5720,8110,21,33.6,7,15,0
AMM-SU-3390,SU,Monopole / greenfield,D-RAN,3,3,0,3,3,3,1,1,0,15,5720,8110,21,33.6,7,15,0
AMM-SU-3391,SU,Monopole / greenfield,D-RAN,3,3,0,3,3,3,1,1,0,15,5720,8110,21,33.6,7,15,0
AMM-SU-3392,SU,Monopole / greenfield,D-RAN,3,3,0,3,3,3,1,1,0,15,5720,8110,21,33.6,7,15,0
AMM-SU-3393,SU,Monopole / greenfield,D-RAN,3,3,0,3,3,3,1,1,0,15,5720,8110,21,33.6,7,15,0
AMM-SU-3394,SU,Monopole / greenfield,D-RAN,3,3,0,3,3,3,1,1,0,15,5720,8110,21,33.6,7,15,0
AMM-SU-3395,SU,Monopole / greenfield,D-RAN,3,3,0,3,3,3,1,1,0,15,5720,8110,21,33.6,7,15,0
AMM-SU-3396,SU,Monopole / greenfield,D-RAN,3,3,0,3,3,3,1,1,0,15,5720,8110,21,33.6,7,15,0
AMM-SU-3397,SU,Monopole / greenfield,D-RAN,3,3,0,3,3,3,1,1,0,15,5720,8110,21,33.6,7,15,0
AMM-SU-3398,SU,Monopole / greenfield,D-RAN,3,3,0,3,3,3,1,1,0,15,5720,8110,21,33.6,7,15,0
AMM-SU-3399,SU,Rooftop,D-RAN,3,3,0,3,3,3,1,1,0,15,5720,8110,21,33.6,7,15,0
AMM-SU-3400,SU,Monopole / greenfield,D-RAN,3,3,0,3,3,3,1,1,0,15,5720,8110,21,33.6,7,15,0
AMM-SU-3401,SU,Monopole / greenfield,D-RAN,3,3,0,3,3,3,1,1,0,15,5720,8110,21,33.6,7,15,0
AMM-SU-3402,SU,Monopole / greenfield,D-RAN,3,3,0,3,3,3,1,1,0,15,5720,8110,21,33.6,7,15,0
AMM-SU-3403,SU,Monopole / greenfield,D-RAN,3,3,0,3,3,3,1,1,0,15,5720,8110,21,33.6,7,15,0
AMM-SU-3404,SU,Monopole / greenfield,D-RAN,3,3,0,3,3,3,1,1,0,15,5720,8110,21,33.6,7,15,0
AMM-SU-3405,SU,Monopole / greenfield,D-RAN,3,3,0,3,3,3,1,1,0,15,5720,8110,21,33.6,7,15,0
AMM-SU-3406,SU,Monopole / greenfield,D-RAN,3,3,0,3,3,3,1,1,0,15,5720,8110,21,33.6,7,15,0
AMM-SU-3407,SU,Monopole / greenfield,D-RAN,3,3,0,3,3,3,1,1,0,15,5720,8110,21,33.6,7,15,0
AMM-SU-3408,SU,Monopole / greenfield,D-RAN,3,3,0,3,3,3,1,1,0,15,5720,8110,21,33.6,7,15,0
AMM-SU-3409,SU,Monopole / greenfield,D-RAN,3,3,0,3,3,3,1,1,0,15,5720,8110,21,33.6,7,15,0
AMM-SU-3410,SU,Monopole / greenfield,D-RAN,3,3,0,3,3,3,1,1,0,15,5720,8110,21,33.6,7,15,0
AMM-SU-3411,SU,Monopole / greenfield,D-RAN,3,3,0,3,3,3,1,1,0,15,5720,8110,21,33.6,7,15,0
AMM-SU-3412,SU,Monopole / greenfield,D-RAN,3,3,0,3,3,3,1,1,0,15,5720,8110,21,33.6,7,15,0
AMM-SU-3413,SU,Monopole / greenfield,C-RAN,3,3,0,3,3,3,0,0,1,15,5310,7540,18,28.8,6,15,0
AMM-SU-3414,SU,Monopole / greenfield,C-RAN,3,3,0,3,3,3,0,0,1,15,5310,7540,18,28.8,6,15,0
AMM-SU-3415,SU,Monopole / greenfield,C-RAN,3,3,0,3,3,3,0,0,1,15,5310,7540,18,28.8,6,15,0
AMM-SU-3416,SU,Monopole / greenfield,C-RAN,3,3,0,3,3,3,0,0,1,15,5310,7540,18,28.8,6,15,0
AMM-SU-3417,SU,Rooftop,C-RAN,3,3,0,3,3,3,0,0,1,15,5310,7540,18,28.8,6,15,0
AMM-SU-3418,SU,Rooftop,D-RAN,3,3,0,3,3,3,1,1,0,15,5720,8110,21,33.6,7,15,0
AMM-SU-3419,SU,Rooftop,D-RAN,3,3,0,3,3,3,1,1,0,15,5720,8110,21,33.6,7,15,0
AMM-SU-3420,SU,Rooftop,D-RAN,3,3,0,3,3,3,1,1,0,15,5720,8110,21,33.6,7,15,0
AMM-SU-3421,SU,Monopole / greenfield,D-RAN,3,3,0,3,3,3,1,1,0,15,5720,8110,21,33.6,7,15,0
AMM-SU-3422,SU,Monopole / greenfield,D-RAN,3,3,0,3,3,3,1,1,0,15,5720,8110,21,33.6,7,15,0
AMM-SU-3423,SU,Monopole / greenfield,D-RAN,3,3,0,3,3,3,1,1,0,15,5720,8110,21,33.6,7,15,0
AMM-SU-3424,SU,Monopole / greenfield,D-RAN,3,3,0,3,3,3,1,1,0,15,5720,8110,21,33.6,7,15,0
AMM-SU-3425,SU,Monopole / greenfield,C-RAN,3,3,0,3,3,3,0,0,1,15,5310,7540,18,28.8,6,15,0
AMM-SU-3426,SU,Monopole / greenfield,C-RAN,3,3,0,3,3,3,0,0,1,15,5310,7540,18,28.8,6,15,0
AMM-SU-3427,SU,Monopole / greenfield,C-RAN,3,3,0,3,3,3,0,0,1,15,5310,7540,18,28.8,6,15,0
AMM-SU-3428,SU,Rooftop,C-RAN,3,3,0,3,3,3,0,0,1,15,5310,7540,18,28.8,6,15,0
AMM-SU-3429,SU,Rooftop,D-RAN,3,3,0,3,3,3,1,1,0,15,5720,8110,21,33.6,7,15,0
AMM-SU-3430,SU,Rooftop,D-RAN,3,3,0,3,3,3,1,1,0,15,5720,8110,21,33.6,7,15,0
AMM-SU-3431,SU,Monopole / greenfield,D-RAN,3,3,0,3,3,3,1,1,0,15,5720,8110,21,33.6,7,15,0
AMM-SU-3432,SU,Rooftop,D-RAN,3,3,0,3,3,3,1,1,0,15,5720,8110,21,33.6,7,15,0
AMM-SU-3433,SU,Rooftop,D-RAN,3,3,0,3,3,3,1,1,0,15,5720,8110,21,33.6,7,15,0
AMM-SU-3434,SU,Monopole / greenfield,C-RAN,3,3,0,3,3,3,0,0,1,15,5310,7540,18,28.8,6,15,0
AMM-SU-3435,SU,Monopole / greenfield,C-RAN,3,3,0,3,3,3,0,0,1,15,5310,7540,18,28.8,6,15,0
AMM-SU-3436,SU,Rooftop,C-RAN,3,3,0,3,3,3,0,0,1,15,5310,7540,18,28.8,6,15,0
AMM-SU-3437,SU,Rooftop,D-RAN,3,3,0,3,3,3,1,1,0,15,5720,8110,21,33.6,7,15,0
AMM-SU-3438,SU,Rooftop,D-RAN,3,3,0,3,3,3,1,1,0,15,5720,8110,21,33.6,7,15,0
AMM-SU-3439,SU,Monopole / greenfield,C-RAN,3,3,0,3,3,3,0,0,1,15,5310,7540,18,28.8,6,15,0
AMM-SU-3440,SU,Monopole / greenfield,C-RAN,3,3,0,3,3,3,0,0,1,15,5310,7540,18,28.8,6,15,0
DEI-SU-0001,SU,Monopole / greenfield,D-RAN,3,3,0,3,3,3,1,1,0,15,5720,8110,21,33.6,7,15,0
DEI-SU-0002,SU,Monopole / greenfield,D-RAN,3,3,0,3,3,3,1,1,0,15,5720,8110,21,33.6,7,15,0
DEI-SU-0003,SU,Monopole / greenfield,D-RAN,3,3,0,3,3,3,1,1,0,15,5720,8110,21,33.6,7,15,0
DEI-SU-0004,SU,Monopole / greenfield,D-RAN,3,3,0,3,3,3,1,1,0,15,5720,8110,21,33.6,7,15,0
DEI-SU-0005,SU,Monopole / greenfield,D-RAN,3,3,0,3,3,3,1,1,0,15,5720,8110,21,33.6,7,15,0
DEI-SU-0006,SU,Monopole / greenfield,D-RAN,3,3,0,3,3,3,1,1,0,15,5720,8110,21,33.6,7,15,0
DEI-SU-0007,SU,Rooftop,D-RAN,3,3,0,3,3,3,1,1,0,15,5720,8110,21,33.6,7,15,0
DEI-SU-0008,SU,Monopole / greenfield,D-RAN,3,3,0,3,3,3,1,1,0,15,5720,8110,21,33.6,7,15,0
DEI-SU-0009,SU,Monopole / greenfield,D-RAN,3,3,0,3,3,3,1,1,0,15,5720,8110,21,33.6,7,15,0
DEI-SU-0010,SU,Monopole / greenfield,D-RAN,3,3,0,3,3,3,1,1,0,15,5720,8110,21,33.6,7,15,0
DEI-SU-0011,SU,Monopole / greenfield,D-RAN,3,3,0,3,3,3,1,1,0,15,5720,8110,21,33.6,7,15,0
DEI-SU-0012,SU,Monopole / greenfield,D-RAN,3,3,0,3,3,3,1,1,0,15,5720,8110,21,33.6,7,15,0
DEI-SU-0013,SU,Monopole / greenfield,D-RAN,3,3,0,3,3,3,1,1,0,15,5720,8110,21,33.6,7,15,0
DEI-SU-0014,SU,Monopole / greenfield,D-RAN,3,3,0,3,3,3,1,1,0,15,5720,8110,21,33.6,7,15,0
DEI-SU-0015,SU,Monopole / greenfield,D-RAN,3,3,0,3,3,3,1,1,0,15,5720,8110,21,33.6,7,15,0
DEI-SU-0016,SU,Monopole / greenfield,D-RAN,3,3,0,3,3,3,1,1,0,15,5720,8110,21,33.6,7,15,0
DEI-SU-0017,SU,Monopole / greenfield,D-RAN,3,3,0,3,3,3,1,1,0,15,5720,8110,21,33.6,7,15,0
DEI-SU-0018,SU,Monopole / greenfield,D-RAN,3,3,0,3,3,3,1,1,0,15,5720,8110,21,33.6,7,15,0
DEI-SU-0019,SU,Monopole / greenfield,D-RAN,3,3,0,3,3,3,1,1,0,15,5720,8110,21,33.6,7,15,0
DEI-SU-0020,SU,Monopole / greenfield,D-RAN,3,3,0,3,3,3,1,1,0,15,5720,8110,21,33.6,7,15,0
DEI-SU-0021,SU,Monopole / greenfield,D-RAN,3,3,0,3,3,3,1,1,0,15,5720,8110,21,33.6,7,15,0
DEI-SU-0022,SU,Monopole / greenfield,D-RAN,3,3,0,3,3,3,1,1,0,15,5720,8110,21,33.6,7,15,0
DEI-SU-0023,SU,Monopole / greenfield,D-RAN,3,3,0,3,3,3,1,1,0,15,5720,8110,21,33.6,7,15,0
DEI-SU-0024,SU,Monopole / greenfield,D-RAN,3,3,0,3,3,3,1,1,0,15,5720,8110,21,33.6,7,15,0
JER-SU-0068,SU,Monopole / greenfield,C-RAN,3,3,0,3,3,3,0,0,1,15,5310,7540,18,28.8,6,15,0
JER-SU-0069,SU,Monopole / greenfield,C-RAN,3,3,0,3,3,3,0,0,1,15,5310,7540,18,28.8,6,15,0
JER-SU-0070,SU,Monopole / greenfield,C-RAN,3,3,0,3,3,3,0,0,1,15,5310,7540,18,28.8,6,15,0
JER-SU-0071,SU,Monopole / greenfield,C-RAN,3,3,0,3,3,3,0,0,1,15,5310,7540,18,28.8,6,15,0
JER-SU-0072,SU,Monopole / greenfield,C-RAN,3,3,0,3,3,3,0,0,1,15,5310,7540,18,28.8,6,15,0
JER-SU-0073,SU,Monopole / greenfield,C-RAN,3,3,0,3,3,3,0,0,1,15,5310,7540,18,28.8,6,15,0
JER-SU-0074,SU,Monopole / greenfield,C-RAN,3,3,0,3,3,3,0,0,1,15,5310,7540,18,28.8,6,15,0
JER-SU-0075,SU,Monopole / greenfield,C-RAN,3,3,0,3,3,3,0,0,1,15,5310,7540,18,28.8,6,15,0
JER-SU-0076,SU,Monopole / greenfield,C-RAN,3,3,0,3,3,3,0,0,1,15,5310,7540,18,28.8,6,15,0
JER-SU-0077,SU,Monopole / greenfield,C-RAN,3,3,0,3,3,3,0,0,1,15,5310,7540,18,28.8,6,15,0
JER-SU-0078,SU,Monopole / greenfield,C-RAN,3,3,0,3,3,3,0,0,1,15,5310,7540,18,28.8,6,15,0
JER-SU-0079,SU,Rooftop,C-RAN,3,3,0,3,3,3,0,0,1,15,5310,7540,18,28.8,6,15,0
JER-SU-0080,SU,Monopole / greenfield,C-RAN,3,3,0,3,3,3,0,0,1,15,5310,7540,18,28.8,6,15,0
JER-SU-0081,SU,Monopole / greenfield,C-RAN,3,3,0,3,3,3,0,0,1,15,5310,7540,18,28.8,6,15,0
JER-SU-0082,SU,Monopole / greenfield,C-RAN,3,3,0,3,3,3,0,0,1,15,5310,7540,18,28.8,6,15,0
JER-SU-0083,SU,Monopole / greenfield,C-RAN,3,3,0,3,3,3,0,0,1,15,5310,7540,18,28.8,6,15,0
JER-SU-0084,SU,Monopole / greenfield,C-RAN,3,3,0,3,3,3,0,0,1,15,5310,7540,18,28.8,6,15,0
JER-SU-0085,SU,Monopole / greenfield,C-RAN,3,3,0,3,3,3,0,0,1,15,5310,7540,18,28.8,6,15,0
JER-SU-0086,SU,Monopole / greenfield,C-RAN,3,3,0,3,3,3,0,0,1,15,5310,7540,18,28.8,6,15,0
JER-SU-0087,SU,Monopole / greenfield,C-RAN,3,3,0,3,3,3,0,0,1,15,5310,7540,18,28.8,6,15,0
JER-SU-0088,SU,Monopole / greenfield,C-RAN,3,3,0,3,3,3,0,0,1,15,5310,7540,18,28.8,6,15,0
JER-SU-0089,SU,Monopole / greenfield,C-RAN,3,3,0,3,3,3,0,0,1,15,5310,7540,18,28.8,6,15,0
JER-SU-0090,SU,Monopole / greenfield,C-RAN,3,3,0,3,3,3,0,0,1,15,5310,7540,18,28.8,6,15,0
JER-SU-0091,SU,Monopole / greenfield,C-RAN,3,3,0,3,3,3,0,0,1,15,5310,7540,18,28.8,6,15,0
JER-SU-0092,SU,Monopole / greenfield,C-RAN,3,3,0,3,3,3,0,0,1,15,5310,7540,18,28.8,6,15,0
JER-SU-0093,SU,Monopole / greenfield,C-RAN,3,3,0,3,3,3,0,0,1,15,5310,7540,18,28.8,6,15,0
JER-SU-0094,SU,Monopole / greenfield,C-RAN,3,3,0,3,3,3,0,0,1,15,5310,7540,18,28.8,6,15,0
JER-SU-0095,SU,Monopole / greenfield,C-RAN,3,3,0,3,3,3,0,0,1,15,5310,7540,18,28.8,6,15,0
JER-SU-0096,SU,Monopole / greenfield,C-RAN,3,3,0,3,3,3,0,0,1,15,5310,7540,18,28.8,6,15,0
JER-SU-0097,SU,Monopole / greenfield,C-RAN,3,3,0,3,3,3,0,0,1,15,5310,7540,18,28.8,6,15,0
JER-SU-0098,SU,Monopole / greenfield,C-RAN,3,3,0,3,3,3,0,0,1,15,5310,7540,18,28.8,6,15,0
JER-SU-0099,SU,Monopole / greenfield,C-RAN,3,3,0,3,3,3,0,0,1,15,5310,7540,18,28.8,6,15,0
JER-SU-0100,SU,Rooftop,C-RAN,3,3,0,3,3,3,0,0,1,15,5310,7540,18,28.8,6,15,0
JER-SU-0101,SU,Monopole / greenfield,C-RAN,3,3,0,3,3,3,0,0,1,15,5310,7540,18,28.8,6,15,0
JER-SU-0102,SU,Monopole / greenfield,C-RAN,3,3,0,3,3,3,0,0,1,15,5310,7540,18,28.8,6,15,0
JER-SU-0103,SU,Monopole / greenfield,C-RAN,3,3,0,3,3,3,0,0,1,15,5310,7540,18,28.8,6,15,0
JER-SU-0104,SU,Monopole / greenfield,C-RAN,3,3,0,3,3,3,0,0,1,15,5310,7540,18,28.8,6,15,0
JER-SU-0105,SU,Monopole / greenfield,C-RAN,3,3,0,3,3,3,0,0,1,15,5310,7540,18,28.8,6,15,0
JER-SU-0106,SU,Monopole / greenfield,C-RAN,3,3,0,3,3,3,0,0,1,15,5310,7540,18,28.8,6,15,0
JER-SU-0107,SU,Monopole / greenfield,C-RAN,3,3,0,3,3,3,0,0,1,15,5310,7540,18,28.8,6,15,0
JER-SU-0108,SU,Monopole / greenfield,C-RAN,3,3,0,3,3,3,0,0,1,15,5310,7540,18,28.8,6,15,0
JER-SU-0109,SU,Monopole / greenfield,C-RAN,3,3,0,3,3,3,0,0,1,15,5310,7540,18,28.8,6,15,0
JER-SU-0110,SU,Monopole / greenfield,C-RAN,3,3,0,3,3,3,0,0,1,15,5310,7540,18,28.8,6,15,0
JER-SU-0111,SU,Monopole / greenfield,C-RAN,3,3,0,3,3,3,0,0,1,15,5310,7540,18,28.8,6,15,0
JER-SU-0112,SU,Monopole / greenfield,C-RAN,3,3,0,3,3,3,0,0,1,15,5310,7540,18,28.8,6,15,0
JER-SU-0113,SU,Monopole / greenfield,C-RAN,3,3,0,3,3,3,0,0,1,15,5310,7540,18,28.8,6,15,0
JER-SU-0114,SU,Monopole / greenfield,C-RAN,3,3,0,3,3,3,0,0,1,15,5310,7540,18,28.8,6,15,0
JER-SU-0115,SU,Monopole / greenfield,C-RAN,3,3,0,3,3,3,0,0,1,15,5310,7540,18,28.8,6,15,0
JER-SU-0116,SU,Monopole / greenfield,C-RAN,3,3,0,3,3,3,0,0,1,15,5310,7540,18,28.8,6,15,0
JER-SU-0117,SU,Monopole / greenfield,C-RAN,3,3,0,3,3,3,0,0,1,15,5310,7540,18,28.8,6,15,0
AJL-SU-0041,SU,Monopole / greenfield,C-RAN,3,3,0,3,3,3,0,0,1,15,5310,7540,18,28.8,6,15,0
AJL-SU-0042,SU,Rooftop,C-RAN,3,3,0,3,3,3,0,0,1,15,5310,7540,18,28.8,6,15,0
AJL-SU-0043,SU,Rooftop,C-RAN,3,3,0,3,3,3,0,0,1,15,5310,7540,18,28.8,6,15,0
AJL-SU-0044,SU,Rooftop,C-RAN,3,3,0,3,3,3,0,0,1,15,5310,7540,18,28.8,6,15,0
MAF-SU-0121,SU,Monopole / greenfield,C-RAN,3,3,0,3,3,3,0,0,1,15,5310,7540,18,28.8,6,15,0
AJL-SU-0045,SU,Monopole / greenfield,D-RAN,3,3,0,3,3,3,1,1,0,15,5720,8110,21,33.6,7,15,0
AJL-SU-0046,SU,Monopole / greenfield,C-RAN,3,3,0,3,3,3,0,0,1,15,5310,7540,18,28.8,6,15,0
AJL-SU-0047,SU,Monopole / greenfield,C-RAN,3,3,0,3,3,3,0,0,1,15,5310,7540,18,28.8,6,15,0
AJL-SU-0048,SU,Monopole / greenfield,C-RAN,3,3,0,3,3,3,0,0,1,15,5310,7540,18,28.8,6,15,0
AJL-SU-0049,SU,Monopole / greenfield,C-RAN,3,3,0,3,3,3,0,0,1,15,5310,7540,18,28.8,6,15,0
AJL-SU-0050,SU,Monopole / greenfield,C-RAN,3,3,0,3,3,3,0,0,1,15,5310,7540,18,28.8,6,15,0
MAF-SU-0122,SU,Monopole / greenfield,C-RAN,3,3,0,3,3,3,0,0,1,15,5310,7540,18,28.8,6,15,0
MAF-SU-0123,SU,Monopole / greenfield,C-RAN,3,3,0,3,3,3,0,0,1,15,5310,7540,18,28.8,6,15,0
MAF-SU-0124,SU,Monopole / greenfield,C-RAN,3,3,0,3,3,3,0,0,1,15,5310,7540,18,28.8,6,15,0
MAF-SU-0125,SU,Monopole / greenfield,C-RAN,3,3,0,3,3,3,0,0,1,15,5310,7540,18,28.8,6,15,0
MAF-SU-0126,SU,Monopole / greenfield,C-RAN,3,3,0,3,3,3,0,0,1,15,5310,7540,18,28.8,6,15,0
MAF-SU-0127,SU,Monopole / greenfield,C-RAN,3,3,0,3,3,3,0,0,1,15,5310,7540,18,28.8,6,15,0
MAF-SU-0128,SU,Monopole / greenfield,C-RAN,3,3,0,3,3,3,0,0,1,15,5310,7540,18,28.8,6,15,0
AJL-SU-0051,SU,Monopole / greenfield,D-RAN,3,3,0,3,3,3,1,1,0,15,5720,8110,21,33.6,7,15,0
AJL-SU-0052,SU,Monopole / greenfield,D-RAN,3,3,0,3,3,3,1,1,0,15,5720,8110,21,33.6,7,15,0
AJL-SU-0053,SU,Monopole / greenfield,C-RAN,3,3,0,3,3,3,0,0,1,15,5310,7540,18,28.8,6,15,0
AJL-SU-0054,SU,Monopole / greenfield,C-RAN,3,3,0,3,3,3,0,0,1,15,5310,7540,18,28.8,6,15,0
AJL-SU-0055,SU,Monopole / greenfield,C-RAN,3,3,0,3,3,3,0,0,1,15,5310,7540,18,28.8,6,15,0
MAF-SU-0129,SU,Monopole / greenfield,C-RAN,3,3,0,3,3,3,0,0,1,15,5310,7540,18,28.8,6,15,0
MAF-SU-0130,SU,Monopole / greenfield,C-RAN,3,3,0,3,3,3,0,0,1,15,5310,7540,18,28.8,6,15,0
MAF-SU-0131,SU,Monopole / greenfield,C-RAN,3,3,0,3,3,3,0,0,1,15,5310,7540,18,28.8,6,15,0
MAF-SU-0132,SU,Monopole / greenfield,C-RAN,3,3,0,3,3,3,0,0,1,15,5310,7540,18,28.8,6,15,0
MAF-SU-0133,SU,Monopole / greenfield,C-RAN,3,3,0,3,3,3,0,0,1,15,5310,7540,18,28.8,6,15,0
MAF-SU-0134,SU,Monopole / greenfield,C-RAN,3,3,0,3,3,3,0,0,1,15,5310,7540,18,28.8,6,15,0
MAF-SU-0135,SU,Monopole / greenfield,C-RAN,3,3,0,3,3,3,0,0,1,15,5310,7540,18,28.8,6,15,0
MAF-SU-0136,SU,Monopole / greenfield,C-RAN,3,3,0,3,3,3,0,0,1,15,5310,7540,18,28.8,6,15,0
MAF-SU-0137,SU,Monopole / greenfield,C-RAN,3,3,0,3,3,3,0,0,1,15,5310,7540,18,28.8,6,15,0
AJL-SU-0056,SU,Monopole / greenfield,D-RAN,3,3,0,3,3,3,1,1,0,15,5720,8110,21,33.6,7,15,0
AJL-SU-0057,SU,Monopole / greenfield,D-RAN,3,3,0,3,3,3,1,1,0,15,5720,8110,21,33.6,7,15,0
AJL-SU-0058,SU,Monopole / greenfield,D-RAN,3,3,0,3,3,3,1,1,0,15,5720,8110,21,33.6,7,15,0
AJL-SU-0059,SU,Monopole / greenfield,C-RAN,3,3,0,3,3,3,0,0,1,15,5310,7540,18,28.8,6,15,0
MAF-SU-0138,SU,Monopole / greenfield,C-RAN,3,3,0,3,3,3,0,0,1,15,5310,7540,18,28.8,6,15,0
MAF-SU-0139,SU,Monopole / greenfield,C-RAN,3,3,0,3,3,3,0,0,1,15,5310,7540,18,28.8,6,15,0
MAF-SU-0140,SU,Monopole / greenfield,C-RAN,3,3,0,3,3,3,0,0,1,15,5310,7540,18,28.8,6,15,0
MAF-SU-0141,SU,Monopole / greenfield,C-RAN,3,3,0,3,3,3,0,0,1,15,5310,7540,18,28.8,6,15,0
AJL-SU-0060,SU,Monopole / greenfield,D-RAN,3,3,0,3,3,3,1,1,0,15,5720,8110,21,33.6,7,15,0
AJL-SU-0061,SU,Monopole / greenfield,C-RAN,3,3,0,3,3,3,0,0,1,15,5310,7540,18,28.8,6,15,0
MAF-SU-0142,SU,Monopole / greenfield,C-RAN,3,3,0,3,3,3,0,0,1,15,5310,7540,18,28.8,6,15,0
MAF-SU-0143,SU,Monopole / greenfield,C-RAN,3,3,0,3,3,3,0,0,1,15,5310,7540,18,28.8,6,15,0
MAF-SU-0144,SU,Monopole / greenfield,C-RAN,3,3,0,3,3,3,0,0,1,15,5310,7540,18,28.8,6,15,0
AJL-SU-0062,SU,Monopole / greenfield,D-RAN,3,3,0,3,3,3,1,1,0,15,5720,8110,21,33.6,7,15,0
AJL-SU-0063,SU,Monopole / greenfield,D-RAN,3,3,0,3,3,3,1,1,0,15,5720,8110,21,33.6,7,15,0
AJL-SU-0064,SU,Monopole / greenfield,D-RAN,3,3,0,3,3,3,1,1,0,15,5720,8110,21,33.6,7,15,0
MAF-SU-0145,SU,Monopole / greenfield,C-RAN,3,3,0,3,3,3,0,0,1,15,5310,7540,18,28.8,6,15,0
MAF-SU-0146,SU,Monopole / greenfield,C-RAN,3,3,0,3,3,3,0,0,1,15,5310,7540,18,28.8,6,15,0
MAF-SU-0147,SU,Monopole / greenfield,C-RAN,3,3,0,3,3,3,0,0,1,15,5310,7540,18,28.8,6,15,0
MAF-SU-0148,SU,Monopole / greenfield,C-RAN,3,3,0,3,3,3,0,0,1,15,5310,7540,18,28.8,6,15,0
AJL-SU-0065,SU,Monopole / greenfield,D-RAN,3,3,0,3,3,3,1,1,0,15,5720,8110,21,33.6,7,15,0
AJL-SU-0066,SU,Monopole / greenfield,D-RAN,3,3,0,3,3,3,1,1,0,15,5720,8110,21,33.6,7,15,0
AJL-SU-0067,SU,Monopole / greenfield,D-RAN,3,3,0,3,3,3,1,1,0,15,5720,8110,21,33.6,7,15,0
MAF-SU-0149,SU,Monopole / greenfield,C-RAN,3,3,0,3,3,3,0,0,1,15,5310,7540,18,28.8,6,15,0
MAF-SU-0150,SU,Monopole / greenfield,C-RAN,3,3,0,3,3,3,0,0,1,15,5310,7540,18,28.8,6,15,0
MAF-SU-0151,SU,Monopole / greenfield,C-RAN,3,3,0,3,3,3,0,0,1,15,5310,7540,18,28.8,6,15,0
MAF-SU-0152,SU,Monopole / greenfield,C-RAN,3,3,0,3,3,3,0,0,1,15,5310,7540,18,28.8,6,15,0
AJL-SU-0068,SU,Monopole / greenfield,D-RAN,3,3,0,3,3,3,1,1,0,15,5720,8110,21,33.6,7,15,0
AJL-SU-0069,SU,Monopole / greenfield,D-RAN,3,3,0,3,3,3,1,1,0,15,5720,8110,21,33.6,7,15,0
AJL-SU-0070,SU,Monopole / greenfield,D-RAN,3,3,0,3,3,3,1,1,0,15,5720,8110,21,33.6,7,15,0
AJL-SU-0071,SU,Monopole / greenfield,D-RAN,3,3,0,3,3,3,1,1,0,15,5720,8110,21,33.6,7,15,0
MAF-SU-0153,SU,Monopole / greenfield,C-RAN,3,3,0,3,3,3,0,0,1,15,5310,7540,18,28.8,6,15,0
MAF-SU-0154,SU,Monopole / greenfield,C-RAN,3,3,0,3,3,3,0,0,1,15,5310,7540,18,28.8,6,15,0
MAF-SU-0155,SU,Monopole / greenfield,C-RAN,3,3,0,3,3,3,0,0,1,15,5310,7540,18,28.8,6,15,0
AJL-SU-0072,SU,Monopole / greenfield,D-RAN,3,3,0,3,3,3,1,1,0,15,5720,8110,21,33.6,7,15,0
AJL-SU-0073,SU,Monopole / greenfield,D-RAN,3,3,0,3,3,3,1,1,0,15,5720,8110,21,33.6,7,15,0
AJL-SU-0074,SU,Monopole / greenfield,D-RAN,3,3,0,3,3,3,1,1,0,15,5720,8110,21,33.6,7,15,0
AJL-SU-0075,SU,Monopole / greenfield,D-RAN,3,3,0,3,3,3,1,1,0,15,5720,8110,21,33.6,7,15,0
AJL-SU-0076,SU,Monopole / greenfield,D-RAN,3,3,0,3,3,3,1,1,0,15,5720,8110,21,33.6,7,15,0
AJL-SU-0077,SU,Monopole / greenfield,D-RAN,3,3,0,3,3,3,1,1,0,15,5720,8110,21,33.6,7,15,0
MAF-SU-0156,SU,Monopole / greenfield,C-RAN,3,3,0,3,3,3,0,0,1,15,5310,7540,18,28.8,6,15,0
MAF-SU-0157,SU,Monopole / greenfield,C-RAN,3,3,0,3,3,3,0,0,1,15,5310,7540,18,28.8,6,15,0
MAF-SU-0158,SU,Monopole / greenfield,C-RAN,3,3,0,3,3,3,0,0,1,15,5310,7540,18,28.8,6,15,0
AJL-SU-0078,SU,Monopole / greenfield,D-RAN,3,3,0,3,3,3,1,1,0,15,5720,8110,21,33.6,7,15,0
AJL-SU-0079,SU,Monopole / greenfield,D-RAN,3,3,0,3,3,3,1,1,0,15,5720,8110,21,33.6,7,15,0
AJL-SU-0080,SU,Monopole / greenfield,D-RAN,3,3,0,3,3,3,1,1,0,15,5720,8110,21,33.6,7,15,0
AJL-SU-0081,SU,Monopole / greenfield,D-RAN,3,3,0,3,3,3,1,1,0,15,5720,8110,21,33.6,7,15,0
MAF-SU-0159,SU,Monopole / greenfield,C-RAN,3,3,0,3,3,3,0,0,1,15,5310,7540,18,28.8,6,15,0
MAF-SU-0160,SU,Monopole / greenfield,C-RAN,3,3,0,3,3,3,0,0,1,15,5310,7540,18,28.8,6,15,0
MAF-SU-0161,SU,Monopole / greenfield,C-RAN,3,3,0,3,3,3,0,0,1,15,5310,7540,18,28.8,6,15,0
MAF-SU-0162,SU,Monopole / greenfield,C-RAN,3,3,0,3,3,3,0,0,1,15,5310,7540,18,28.8,6,15,0
MAF-SU-0163,SU,Monopole / greenfield,C-RAN,3,3,0,3,3,3,0,0,1,15,5310,7540,18,28.8,6,15,0
MAF-SU-0164,SU,Monopole / greenfield,C-RAN,3,3,0,3,3,3,0,0,1,15,5310,7540,18,28.8,6,15,0
MAF-SU-0165,SU,Monopole / greenfield,C-RAN,3,3,0,3,3,3,0,0,1,15,5310,7540,18,28.8,6,15,0
MAF-SU-0166,SU,Monopole / greenfield,C-RAN,3,3,0,3,3,3,0,0,1,15,5310,7540,18,28.8,6,15,0
MAF-SU-0167,SU,Monopole / greenfield,C-RAN,3,3,0,3,3,3,0,0,1,15,5310,7540,18,28.8,6,15,0
MAF-SU-0168,SU,Monopole / greenfield,C-RAN,3,3,0,3,3,3,0,0,1,15,5310,7540,18,28.8,6,15,0
MAF-SU-0169,SU,Monopole / greenfield,C-RAN,3,3,0,3,3,3,0,0,1,15,5310,7540,18,28.8,6,15,0
MAF-SU-0170,SU,Monopole / greenfield,C-RAN,3,3,0,3,3,3,0,0,1,15,5310,7540,18,28.8,6,15,0
MAF-SU-0171,SU,Monopole / greenfield,C-RAN,3,3,0,3,3,3,0,0,1,15,5310,7540,18,28.8,6,15,0
MAF-SU-0172,SU,Monopole / greenfield,C-RAN,3,3,0,3,3,3,0,0,1,15,5310,7540,18,28.8,6,15,0
MAF-SU-0173,SU,Monopole / greenfield,C-RAN,3,3,0,3,3,3,0,0,1,15,5310,7540,18,28.8,6,15,0
MAF-SU-0174,SU,Monopole / greenfield,C-RAN,3,3,0,3,3,3,0,0,1,15,5310,7540,18,28.8,6,15,0
MAF-SU-0175,SU,Monopole / greenfield,C-RAN,3,3,0,3,3,3,0,0,1,15,5310,7540,18,28.8,6,15,0
MAF-SU-0176,SU,Monopole / greenfield,C-RAN,3,3,0,3,3,3,0,0,1,15,5310,7540,18,28.8,6,15,0
MAF-SU-0177,SU,Monopole / greenfield,C-RAN,3,3,0,3,3,3,0,0,1,15,5310,7540,18,28.8,6,15,0
IRB-SU-0492,SU,Monopole / greenfield,D-RAN,3,3,0,3,3,3,1,1,0,15,5720,8110,21,33.6,7,15,0
IRB-SU-0493,SU,Monopole / greenfield,D-RAN,3,3,0,3,3,3,1,1,0,15,5720,8110,21,33.6,7,15,0
IRB-SU-0494,SU,Monopole / greenfield,D-RAN,3,3,0,3,3,3,1,1,0,15,5720,8110,21,33.6,7,15,0
IRB-SU-0495,SU,Monopole / greenfield,D-RAN,3,3,0,3,3,3,1,1,0,15,5720,8110,21,33.6,7,15,0
IRB-SU-0496,SU,Monopole / greenfield,D-RAN,3,3,0,3,3,3,1,1,0,15,5720,8110,21,33.6,7,15,0
IRB-SU-0497,SU,Rooftop,D-RAN,3,3,0,3,3,3,1,1,0,15,5720,8110,21,33.6,7,15,0
IRB-SU-0498,SU,Monopole / greenfield,D-RAN,3,3,0,3,3,3,1,1,0,15,5720,8110,21,33.6,7,15,0
IRB-SU-0499,SU,Monopole / greenfield,D-RAN,3,3,0,3,3,3,1,1,0,15,5720,8110,21,33.6,7,15,0
IRB-SU-0500,SU,Monopole / greenfield,D-RAN,3,3,0,3,3,3,1,1,0,15,5720,8110,21,33.6,7,15,0
IRB-SU-0501,SU,Monopole / greenfield,D-RAN,3,3,0,3,3,3,1,1,0,15,5720,8110,21,33.6,7,15,0
IRB-SU-0502,SU,Monopole / greenfield,D-RAN,3,3,0,3,3,3,1,1,0,15,5720,8110,21,33.6,7,15,0
IRB-SU-0503,SU,Monopole / greenfield,D-RAN,3,3,0,3,3,3,1,1,0,15,5720,8110,21,33.6,7,15,0
IRB-SU-0504,SU,Monopole / greenfield,D-RAN,3,3,0,3,3,3,1,1,0,15,5720,8110,21,33.6,7,15,0
IRB-SU-0505,SU,Monopole / greenfield,D-RAN,3,3,0,3,3,3,1,1,0,15,5720,8110,21,33.6,7,15,0
IRB-SU-0506,SU,Rooftop,D-RAN,3,3,0,3,3,3,1,1,0,15,5720,8110,21,33.6,7,15,0
IRB-SU-0507,SU,Monopole / greenfield,D-RAN,3,3,0,3,3,3,1,1,0,15,5720,8110,21,33.6,7,15,0
IRB-SU-0508,SU,Monopole / greenfield,D-RAN,3,3,0,3,3,3,1,1,0,15,5720,8110,21,33.6,7,15,0
IRB-SU-0509,SU,Monopole / greenfield,D-RAN,3,3,0,3,3,3,1,1,0,15,5720,8110,21,33.6,7,15,0
IRB-SU-0510,SU,Monopole / greenfield,D-RAN,3,3,0,3,3,3,1,1,0,15,5720,8110,21,33.6,7,15,0
IRB-SU-0511,SU,Monopole / greenfield,D-RAN,3,3,0,3,3,3,1,1,0,15,5720,8110,21,33.6,7,15,0
IRB-SU-0512,SU,Monopole / greenfield,D-RAN,3,3,0,3,3,3,1,1,0,15,5720,8110,21,33.6,7,15,0
IRB-SU-0513,SU,Monopole / greenfield,D-RAN,3,3,0,3,3,3,1,1,0,15,5720,8110,21,33.6,7,15,0
IRB-SU-0514,SU,Monopole / greenfield,D-RAN,3,3,0,3,3,3,1,1,0,15,5720,8110,21,33.6,7,15,0
IRB-SU-0515,SU,Monopole / greenfield,D-RAN,3,3,0,3,3,3,1,1,0,15,5720,8110,21,33.6,7,15,0
IRB-SU-0516,SU,Monopole / greenfield,D-RAN,3,3,0,3,3,3,1,1,0,15,5720,8110,21,33.6,7,15,0
IRB-SU-0517,SU,Monopole / greenfield,D-RAN,3,3,0,3,3,3,1,1,0,15,5720,8110,21,33.6,7,15,0
IRB-SU-0518,SU,Monopole / greenfield,D-RAN,3,3,0,3,3,3,1,1,0,15,5720,8110,21,33.6,7,15,0
IRB-SU-0519,SU,Monopole / greenfield,D-RAN,3,3,0,3,3,3,1,1,0,15,5720,8110,21,33.6,7,15,0
IRB-SU-0520,SU,Monopole / greenfield,D-RAN,3,3,0,3,3,3,1,1,0,15,5720,8110,21,33.6,7,15,0
IRB-SU-0521,SU,Monopole / greenfield,D-RAN,3,3,0,3,3,3,1,1,0,15,5720,8110,21,33.6,7,15,0
IRB-SU-0522,SU,Monopole / greenfield,D-RAN,3,3,0,3,3,3,1,1,0,15,5720,8110,21,33.6,7,15,0
IRB-SU-0523,SU,Monopole / greenfield,D-RAN,3,3,0,3,3,3,1,1,0,15,5720,8110,21,33.6,7,15,0
IRB-SU-0524,SU,Monopole / greenfield,D-RAN,3,3,0,3,3,3,1,1,0,15,5720,8110,21,33.6,7,15,0
IRB-SU-0525,SU,Monopole / greenfield,D-RAN,3,3,0,3,3,3,1,1,0,15,5720,8110,21,33.6,7,15,0
IRB-SU-0526,SU,Monopole / greenfield,D-RAN,3,3,0,3,3,3,1,1,0,15,5720,8110,21,33.6,7,15,0
IRB-SU-0527,SU,Monopole / greenfield,D-RAN,3,3,0,3,3,3,1,1,0,15,5720,8110,21,33.6,7,15,0
IRB-SU-0528,SU,Monopole / greenfield,D-RAN,3,3,0,3,3,3,1,1,0,15,5720,8110,21,33.6,7,15,0
IRB-SU-0529,SU,Monopole / greenfield,D-RAN,3,3,0,3,3,3,1,1,0,15,5720,8110,21,33.6,7,15,0
IRB-SU-0530,SU,Monopole / greenfield,D-RAN,3,3,0,3,3,3,1,1,0,15,5720,8110,21,33.6,7,15,0
IRB-SU-0531,SU,Monopole / greenfield,D-RAN,3,3,0,3,3,3,1,1,0,15,5720,8110,21,33.6,7,15,0
IRB-SU-0532,SU,Monopole / greenfield,D-RAN,3,3,0,3,3,3,1,1,0,15,5720,8110,21,33.6,7,15,0
IRB-SU-0533,SU,Monopole / greenfield,D-RAN,3,3,0,3,3,3,1,1,0,15,5720,8110,21,33.6,7,15,0
IRB-SU-0534,SU,Monopole / greenfield,D-RAN,3,3,0,3,3,3,1,1,0,15,5720,8110,21,33.6,7,15,0
IRB-SU-0535,SU,Monopole / greenfield,D-RAN,3,3,0,3,3,3,1,1,0,15,5720,8110,21,33.6,7,15,0
IRB-SU-0536,SU,Rooftop,D-RAN,3,3,0,3,3,3,1,1,0,15,5720,8110,21,33.6,7,15,0
IRB-SU-0537,SU,Monopole / greenfield,D-RAN,3,3,0,3,3,3,1,1,0,15,5720,8110,21,33.6,7,15,0
IRB-SU-0538,SU,Monopole / greenfield,D-RAN,3,3,0,3,3,3,1,1,0,15,5720,8110,21,33.6,7,15,0
IRB-SU-0539,SU,Monopole / greenfield,D-RAN,3,3,0,3,3,3,1,1,0,15,5720,8110,21,33.6,7,15,0
IRB-SU-0540,SU,Monopole / greenfield,D-RAN,3,3,0,3,3,3,1,1,0,15,5720,8110,21,33.6,7,15,0
IRB-SU-0541,SU,Monopole / greenfield,D-RAN,3,3,0,3,3,3,1,1,0,15,5720,8110,21,33.6,7,15,0
IRB-SU-0542,SU,Monopole / greenfield,D-RAN,3,3,0,3,3,3,1,1,0,15,5720,8110,21,33.6,7,15,0
IRB-SU-0543,SU,Monopole / greenfield,D-RAN,3,3,0,3,3,3,1,1,0,15,5720,8110,21,33.6,7,15,0
IRB-SU-0544,SU,Monopole / greenfield,D-RAN,3,3,0,3,3,3,1,1,0,15,5720,8110,21,33.6,7,15,0
IRB-SU-0545,SU,Monopole / greenfield,D-RAN,3,3,0,3,3,3,1,1,0,15,5720,8110,21,33.6,7,15,0
IRB-SU-0546,SU,Monopole / greenfield,D-RAN,3,3,0,3,3,3,1,1,0,15,5720,8110,21,33.6,7,15,0
IRB-SU-0547,SU,Monopole / greenfield,D-RAN,3,3,0,3,3,3,1,1,0,15,5720,8110,21,33.6,7,15,0
IRB-SU-0548,SU,Monopole / greenfield,D-RAN,3,3,0,3,3,3,1,1,0,15,5720,8110,21,33.6,7,15,0
IRB-SU-0549,SU,Monopole / greenfield,D-RAN,3,3,0,3,3,3,1,1,0,15,5720,8110,21,33.6,7,15,0
IRB-SU-0550,SU,Rooftop,D-RAN,3,3,0,3,3,3,1,1,0,15,5720,8110,21,33.6,7,15,0
IRB-SU-0551,SU,Monopole / greenfield,D-RAN,3,3,0,3,3,3,1,1,0,15,5720,8110,21,33.6,7,15,0
IRB-SU-0552,SU,Monopole / greenfield,D-RAN,3,3,0,3,3,3,1,1,0,15,5720,8110,21,33.6,7,15,0
IRB-SU-0553,SU,Monopole / greenfield,D-RAN,3,3,0,3,3,3,1,1,0,15,5720,8110,21,33.6,7,15,0
IRB-SU-0554,SU,Rooftop,D-RAN,3,3,0,3,3,3,1,1,0,15,5720,8110,21,33.6,7,15,0
IRB-SU-0555,SU,Rooftop,D-RAN,3,3,0,3,3,3,1,1,0,15,5720,8110,21,33.6,7,15,0
IRB-SU-0556,SU,Monopole / greenfield,D-RAN,3,3,0,3,3,3,1,1,0,15,5720,8110,21,33.6,7,15,0
IRB-SU-0557,SU,Monopole / greenfield,D-RAN,3,3,0,3,3,3,1,1,0,15,5720,8110,21,33.6,7,15,0
IRB-SU-0558,SU,Monopole / greenfield,D-RAN,3,3,0,3,3,3,1,1,0,15,5720,8110,21,33.6,7,15,0
IRB-SU-0559,SU,Monopole / greenfield,D-RAN,3,3,0,3,3,3,1,1,0,15,5720,8110,21,33.6,7,15,0
IRB-SU-0560,SU,Monopole / greenfield,D-RAN,3,3,0,3,3,3,1,1,0,15,5720,8110,21,33.6,7,15,0
IRB-SU-0561,SU,Monopole / greenfield,D-RAN,3,3,0,3,3,3,1,1,0,15,5720,8110,21,33.6,7,15,0
IRB-SU-0562,SU,Monopole / greenfield,D-RAN,3,3,0,3,3,3,1,1,0,15,5720,8110,21,33.6,7,15,0
IRB-SU-0563,SU,Monopole / greenfield,D-RAN,3,3,0,3,3,3,1,1,0,15,5720,8110,21,33.6,7,15,0
IRB-SU-0564,SU,Monopole / greenfield,D-RAN,3,3,0,3,3,3,1,1,0,15,5720,8110,21,33.6,7,15,0
IRB-SU-0565,SU,Monopole / greenfield,D-RAN,3,3,0,3,3,3,1,1,0,15,5720,8110,21,33.6,7,15,0
IRB-SU-0566,SU,Monopole / greenfield,D-RAN,3,3,0,3,3,3,1,1,0,15,5720,8110,21,33.6,7,15,0
IRB-SU-0567,SU,Monopole / greenfield,D-RAN,3,3,0,3,3,3,1,1,0,15,5720,8110,21,33.6,7,15,0
IRB-SU-0568,SU,Rooftop,D-RAN,3,3,0,3,3,3,1,1,0,15,5720,8110,21,33.6,7,15,0
IRB-SU-0569,SU,Monopole / greenfield,D-RAN,3,3,0,3,3,3,1,1,0,15,5720,8110,21,33.6,7,15,0
IRB-SU-0570,SU,Monopole / greenfield,D-RAN,3,3,0,3,3,3,1,1,0,15,5720,8110,21,33.6,7,15,0
IRB-SU-0571,SU,Monopole / greenfield,D-RAN,3,3,0,3,3,3,1,1,0,15,5720,8110,21,33.6,7,15,0
IRB-SU-0572,SU,Monopole / greenfield,D-RAN,3,3,0,3,3,3,1,1,0,15,5720,8110,21,33.6,7,15,0
IRB-SU-0573,SU,Monopole / greenfield,D-RAN,3,3,0,3,3,3,1,1,0,15,5720,8110,21,33.6,7,15,0
IRB-SU-0574,SU,Monopole / greenfield,D-RAN,3,3,0,3,3,3,1,1,0,15,5720,8110,21,33.6,7,15,0
IRB-SU-0575,SU,Monopole / greenfield,D-RAN,3,3,0,3,3,3,1,1,0,15,5720,8110,21,33.6,7,15,0
IRB-SU-0576,SU,Monopole / greenfield,D-RAN,3,3,0,3,3,3,1,1,0,15,5720,8110,21,33.6,7,15,0
IRB-SU-0577,SU,Monopole / greenfield,D-RAN,3,3,0,3,3,3,1,1,0,15,5720,8110,21,33.6,7,15,0
IRB-SU-0578,SU,Monopole / greenfield,C-RAN,3,3,0,3,3,3,0,0,1,15,5310,7540,18,28.8,6,15,0
IRB-SU-0579,SU,Monopole / greenfield,D-RAN,3,3,0,3,3,3,1,1,0,15,5720,8110,21,33.6,7,15,0
IRB-SU-0580,SU,Monopole / greenfield,D-RAN,3,3,0,3,3,3,1,1,0,15,5720,8110,21,33.6,7,15,0
IRB-SU-0581,SU,Monopole / greenfield,D-RAN,3,3,0,3,3,3,1,1,0,15,5720,8110,21,33.6,7,15,0
IRB-SU-0582,SU,Monopole / greenfield,D-RAN,3,3,0,3,3,3,1,1,0,15,5720,8110,21,33.6,7,15,0
IRB-SU-0583,SU,Monopole / greenfield,D-RAN,3,3,0,3,3,3,1,1,0,15,5720,8110,21,33.6,7,15,0
IRB-SU-0584,SU,Monopole / greenfield,D-RAN,3,3,0,3,3,3,1,1,0,15,5720,8110,21,33.6,7,15,0
IRB-SU-0585,SU,Monopole / greenfield,D-RAN,3,3,0,3,3,3,1,1,0,15,5720,8110,21,33.6,7,15,0
IRB-SU-0586,SU,Rooftop,D-RAN,3,3,0,3,3,3,1,1,0,15,5720,8110,21,33.6,7,15,0
IRB-SU-0587,SU,Monopole / greenfield,D-RAN,3,3,0,3,3,3,1,1,0,15,5720,8110,21,33.6,7,15,0
IRB-SU-0588,SU,Monopole / greenfield,D-RAN,3,3,0,3,3,3,1,1,0,15,5720,8110,21,33.6,7,15,0
IRB-SU-0589,SU,Monopole / greenfield,D-RAN,3,3,0,3,3,3,1,1,0,15,5720,8110,21,33.6,7,15,0
IRB-SU-0590,SU,Monopole / greenfield,D-RAN,3,3,0,3,3,3,1,1,0,15,5720,8110,21,33.6,7,15,0
IRB-SU-0591,SU,Monopole / greenfield,D-RAN,3,3,0,3,3,3,1,1,0,15,5720,8110,21,33.6,7,15,0
IRB-SU-0592,SU,Monopole / greenfield,D-RAN,3,3,0,3,3,3,1,1,0,15,5720,8110,21,33.6,7,15,0
IRB-SU-0593,SU,Monopole / greenfield,D-RAN,3,3,0,3,3,3,1,1,0,15,5720,8110,21,33.6,7,15,0
IRB-SU-0594,SU,Monopole / greenfield,D-RAN,3,3,0,3,3,3,1,1,0,15,5720,8110,21,33.6,7,15,0
IRB-SU-0595,SU,Monopole / greenfield,D-RAN,3,3,0,3,3,3,1,1,0,15,5720,8110,21,33.6,7,15,0
IRB-SU-0596,SU,Monopole / greenfield,D-RAN,3,3,0,3,3,3,1,1,0,15,5720,8110,21,33.6,7,15,0
IRB-SU-0597,SU,Monopole / greenfield,D-RAN,3,3,0,3,3,3,1,1,0,15,5720,8110,21,33.6,7,15,0
IRB-SU-0598,SU,Monopole / greenfield,D-RAN,3,3,0,3,3,3,1,1,0,15,5720,8110,21,33.6,7,15,0
IRB-SU-0599,SU,Monopole / greenfield,D-RAN,3,3,0,3,3,3,1,1,0,15,5720,8110,21,33.6,7,15,0
IRB-SU-0600,SU,Monopole / greenfield,D-RAN,3,3,0,3,3,3,1,1,0,15,5720,8110,21,33.6,7,15,0
IRB-SU-0601,SU,Monopole / greenfield,D-RAN,3,3,0,3,3,3,1,1,0,15,5720,8110,21,33.6,7,15,0
IRB-SU-0602,SU,Monopole / greenfield,D-RAN,3,3,0,3,3,3,1,1,0,15,5720,8110,21,33.6,7,15,0
IRB-SU-0603,SU,Monopole / greenfield,D-RAN,3,3,0,3,3,3,1,1,0,15,5720,8110,21,33.6,7,15,0
IRB-SU-0604,SU,Monopole / greenfield,D-RAN,3,3,0,3,3,3,1,1,0,15,5720,8110,21,33.6,7,15,0
IRB-SU-0605,SU,Monopole / greenfield,D-RAN,3,3,0,3,3,3,1,1,0,15,5720,8110,21,33.6,7,15,0
IRB-SU-0606,SU,Monopole / greenfield,D-RAN,3,3,0,3,3,3,1,1,0,15,5720,8110,21,33.6,7,15,0
IRB-SU-0607,SU,Monopole / greenfield,D-RAN,3,3,0,3,3,3,1,1,0,15,5720,8110,21,33.6,7,15,0
IRB-SU-0608,SU,Monopole / greenfield,D-RAN,3,3,0,3,3,3,1,1,0,15,5720,8110,21,33.6,7,15,0
IRB-SU-0609,SU,Monopole / greenfield,D-RAN,3,3,0,3,3,3,1,1,0,15,5720,8110,21,33.6,7,15,0
IRB-SU-0610,SU,Monopole / greenfield,D-RAN,3,3,0,3,3,3,1,1,0,15,5720,8110,21,33.6,7,15,0
IRB-SU-0611,SU,Monopole / greenfield,D-RAN,3,3,0,3,3,3,1,1,0,15,5720,8110,21,33.6,7,15,0
IRB-SU-0612,SU,Monopole / greenfield,C-RAN,3,3,0,3,3,3,0,0,1,15,5310,7540,18,28.8,6,15,0
IRB-SU-0613,SU,Monopole / greenfield,C-RAN,3,3,0,3,3,3,0,0,1,15,5310,7540,18,28.8,6,15,0
IRB-SU-0614,SU,Monopole / greenfield,D-RAN,3,3,0,3,3,3,1,1,0,15,5720,8110,21,33.6,7,15,0
IRB-SU-0615,SU,Monopole / greenfield,D-RAN,3,3,0,3,3,3,1,1,0,15,5720,8110,21,33.6,7,15,0
IRB-SU-0616,SU,Monopole / greenfield,C-RAN,3,3,0,3,3,3,0,0,1,15,5310,7540,18,28.8,6,15,0
IRB-SU-0617,SU,Monopole / greenfield,C-RAN,3,3,0,3,3,3,0,0,1,15,5310,7540,18,28.8,6,15,0
IRB-SU-0618,SU,Monopole / greenfield,C-RAN,3,3,0,3,3,3,0,0,1,15,5310,7540,18,28.8,6,15,0
IRB-SU-0619,SU,Monopole / greenfield,C-RAN,3,3,0,3,3,3,0,0,1,15,5310,7540,18,28.8,6,15,0
IRB-SU-0620,SU,Monopole / greenfield,D-RAN,3,3,0,3,3,3,1,1,0,15,5720,8110,21,33.6,7,15,0
IRB-SU-0621,SU,Monopole / greenfield,D-RAN,3,3,0,3,3,3,1,1,0,15,5720,8110,21,33.6,7,15,0
IRB-SU-0622,SU,Monopole / greenfield,C-RAN,3,3,0,3,3,3,0,0,1,15,5310,7540,18,28.8,6,15,0
IRB-SU-0623,SU,Monopole / greenfield,C-RAN,3,3,0,3,3,3,0,0,1,15,5310,7540,18,28.8,6,15,0
IRB-SU-0624,SU,Monopole / greenfield,C-RAN,3,3,0,3,3,3,0,0,1,15,5310,7540,18,28.8,6,15,0
IRB-SU-0625,SU,Monopole / greenfield,C-RAN,3,3,0,3,3,3,0,0,1,15,5310,7540,18,28.8,6,15,0
IRB-SU-0626,SU,Monopole / greenfield,C-RAN,3,3,0,3,3,3,0,0,1,15,5310,7540,18,28.8,6,15,0
IRB-SU-0627,SU,Monopole / greenfield,C-RAN,3,3,0,3,3,3,0,0,1,15,5310,7540,18,28.8,6,15,0
IRB-SU-0628,SU,Monopole / greenfield,C-RAN,3,3,0,3,3,3,0,0,1,15,5310,7540,18,28.8,6,15,0
IRB-SU-0629,SU,Monopole / greenfield,C-RAN,3,3,0,3,3,3,0,0,1,15,5310,7540,18,28.8,6,15,0
IRB-SU-0630,SU,Monopole / greenfield,C-RAN,3,3,0,3,3,3,0,0,1,15,5310,7540,18,28.8,6,15,0
IRB-SU-0631,SU,Monopole / greenfield,C-RAN,3,3,0,3,3,3,0,0,1,15,5310,7540,18,28.8,6,15,0
IRB-SU-0632,SU,Monopole / greenfield,C-RAN,3,3,0,3,3,3,0,0,1,15,5310,7540,18,28.8,6,15,0
IRB-SU-0633,SU,Monopole / greenfield,D-RAN,3,3,0,3,3,3,1,1,0,15,5720,8110,21,33.6,7,15,0
IRB-SU-0634,SU,Monopole / greenfield,D-RAN,3,3,0,3,3,3,1,1,0,15,5720,8110,21,33.6,7,15,0
IRB-SU-0635,SU,Monopole / greenfield,C-RAN,3,3,0,3,3,3,0,0,1,15,5310,7540,18,28.8,6,15,0
IRB-SU-0636,SU,Monopole / greenfield,C-RAN,3,3,0,3,3,3,0,0,1,15,5310,7540,18,28.8,6,15,0
IRB-SU-0637,SU,Monopole / greenfield,C-RAN,3,3,0,3,3,3,0,0,1,15,5310,7540,18,28.8,6,15,0
IRB-SU-0638,SU,Monopole / greenfield,C-RAN,3,3,0,3,3,3,0,0,1,15,5310,7540,18,28.8,6,15,0
IRB-SU-0639,SU,Rooftop,C-RAN,3,3,0,3,3,3,0,0,1,15,5310,7540,18,28.8,6,15,0
IRB-SU-0640,SU,Monopole / greenfield,C-RAN,3,3,0,3,3,3,0,0,1,15,5310,7540,18,28.8,6,15,0
IRB-SU-0641,SU,Monopole / greenfield,C-RAN,3,3,0,3,3,3,0,0,1,15,5310,7540,18,28.8,6,15,0
IRB-SU-0642,SU,Monopole / greenfield,C-RAN,3,3,0,3,3,3,0,0,1,15,5310,7540,18,28.8,6,15,0
IRB-SU-0643,SU,Monopole / greenfield,C-RAN,3,3,0,3,3,3,0,0,1,15,5310,7540,18,28.8,6,15,0
IRB-SU-0644,SU,Monopole / greenfield,C-RAN,3,3,0,3,3,3,0,0,1,15,5310,7540,18,28.8,6,15,0
IRB-SU-0645,SU,Monopole / greenfield,C-RAN,3,3,0,3,3,3,0,0,1,15,5310,7540,18,28.8,6,15,0
IRB-SU-0646,SU,Monopole / greenfield,C-RAN,3,3,0,3,3,3,0,0,1,15,5310,7540,18,28.8,6,15,0
IRB-SU-0647,SU,Monopole / greenfield,C-RAN,3,3,0,3,3,3,0,0,1,15,5310,7540,18,28.8,6,15,0
IRB-SU-0648,SU,Monopole / greenfield,D-RAN,3,3,0,3,3,3,1,1,0,15,5720,8110,21,33.6,7,15,0
IRB-SU-0649,SU,Monopole / greenfield,D-RAN,3,3,0,3,3,3,1,1,0,15,5720,8110,21,33.6,7,15,0
IRB-SU-0650,SU,Monopole / greenfield,D-RAN,3,3,0,3,3,3,1,1,0,15,5720,8110,21,33.6,7,15,0
IRB-SU-0651,SU,Monopole / greenfield,C-RAN,3,3,0,3,3,3,0,0,1,15,5310,7540,18,28.8,6,15,0
IRB-SU-0652,SU,Monopole / greenfield,C-RAN,3,3,0,3,3,3,0,0,1,15,5310,7540,18,28.8,6,15,0
IRB-SU-0653,SU,Monopole / greenfield,C-RAN,3,3,0,3,3,3,0,0,1,15,5310,7540,18,28.8,6,15,0
IRB-SU-0654,SU,Monopole / greenfield,C-RAN,3,3,0,3,3,3,0,0,1,15,5310,7540,18,28.8,6,15,0
IRB-SU-0655,SU,Monopole / greenfield,C-RAN,3,3,0,3,3,3,0,0,1,15,5310,7540,18,28.8,6,15,0
IRB-SU-0656,SU,Monopole / greenfield,C-RAN,3,3,0,3,3,3,0,0,1,15,5310,7540,18,28.8,6,15,0
IRB-SU-0657,SU,Monopole / greenfield,C-RAN,3,3,0,3,3,3,0,0,1,15,5310,7540,18,28.8,6,15,0
IRB-SU-0658,SU,Monopole / greenfield,C-RAN,3,3,0,3,3,3,0,0,1,15,5310,7540,18,28.8,6,15,0
IRB-SU-0659,SU,Monopole / greenfield,C-RAN,3,3,0,3,3,3,0,0,1,15,5310,7540,18,28.8,6,15,0
IRB-SU-0660,SU,Monopole / greenfield,D-RAN,3,3,0,3,3,3,1,1,0,15,5720,8110,21,33.6,7,15,0
IRB-SU-0661,SU,Monopole / greenfield,D-RAN,3,3,0,3,3,3,1,1,0,15,5720,8110,21,33.6,7,15,0
IRB-SU-0662,SU,Monopole / greenfield,C-RAN,3,3,0,3,3,3,0,0,1,15,5310,7540,18,28.8,6,15,0
IRB-SU-0663,SU,Monopole / greenfield,C-RAN,3,3,0,3,3,3,0,0,1,15,5310,7540,18,28.8,6,15,0
IRB-SU-0664,SU,Monopole / greenfield,C-RAN,3,3,0,3,3,3,0,0,1,15,5310,7540,18,28.8,6,15,0
IRB-SU-0665,SU,Monopole / greenfield,C-RAN,3,3,0,3,3,3,0,0,1,15,5310,7540,18,28.8,6,15,0
IRB-SU-0666,SU,Monopole / greenfield,C-RAN,3,3,0,3,3,3,0,0,1,15,5310,7540,18,28.8,6,15,0
IRB-SU-0667,SU,Monopole / greenfield,C-RAN,3,3,0,3,3,3,0,0,1,15,5310,7540,18,28.8,6,15,0
IRB-SU-0668,SU,Monopole / greenfield,C-RAN,3,3,0,3,3,3,0,0,1,15,5310,7540,18,28.8,6,15,0
IRB-SU-0669,SU,Monopole / greenfield,D-RAN,3,3,0,3,3,3,1,1,0,15,5720,8110,21,33.6,7,15,0
IRB-SU-0670,SU,Monopole / greenfield,D-RAN,3,3,0,3,3,3,1,1,0,15,5720,8110,21,33.6,7,15,0
IRB-SU-0671,SU,Monopole / greenfield,D-RAN,3,3,0,3,3,3,1,1,0,15,5720,8110,21,33.6,7,15,0
IRB-SU-0672,SU,Monopole / greenfield,D-RAN,3,3,0,3,3,3,1,1,0,15,5720,8110,21,33.6,7,15,0
IRB-SU-0673,SU,Monopole / greenfield,D-RAN,3,3,0,3,3,3,1,1,0,15,5720,8110,21,33.6,7,15,0
IRB-SU-0674,SU,Monopole / greenfield,C-RAN,3,3,0,3,3,3,0,0,1,15,5310,7540,18,28.8,6,15,0
IRB-SU-0675,SU,Monopole / greenfield,C-RAN,3,3,0,3,3,3,0,0,1,15,5310,7540,18,28.8,6,15,0
IRB-SU-0676,SU,Monopole / greenfield,C-RAN,3,3,0,3,3,3,0,0,1,15,5310,7540,18,28.8,6,15,0
IRB-SU-0677,SU,Monopole / greenfield,C-RAN,3,3,0,3,3,3,0,0,1,15,5310,7540,18,28.8,6,15,0
IRB-SU-0678,SU,Monopole / greenfield,C-RAN,3,3,0,3,3,3,0,0,1,15,5310,7540,18,28.8,6,15,0
IRB-SU-0679,SU,Monopole / greenfield,C-RAN,3,3,0,3,3,3,0,0,1,15,5310,7540,18,28.8,6,15,0
IRB-SU-0680,SU,Monopole / greenfield,D-RAN,3,3,0,3,3,3,1,1,0,15,5720,8110,21,33.6,7,15,0
IRB-SU-0681,SU,Monopole / greenfield,D-RAN,3,3,0,3,3,3,1,1,0,15,5720,8110,21,33.6,7,15,0
IRB-SU-0682,SU,Monopole / greenfield,D-RAN,3,3,0,3,3,3,1,1,0,15,5720,8110,21,33.6,7,15,0
IRB-SU-0683,SU,Monopole / greenfield,D-RAN,3,3,0,3,3,3,1,1,0,15,5720,8110,21,33.6,7,15,0
IRB-SU-0684,SU,Monopole / greenfield,D-RAN,3,3,0,3,3,3,1,1,0,15,5720,8110,21,33.6,7,15,0
IRB-SU-0685,SU,Monopole / greenfield,C-RAN,3,3,0,3,3,3,0,0,1,15,5310,7540,18,28.8,6,15,0
IRB-SU-0686,SU,Monopole / greenfield,C-RAN,3,3,0,3,3,3,0,0,1,15,5310,7540,18,28.8,6,15,0
IRB-SU-0687,SU,Monopole / greenfield,C-RAN,3,3,0,3,3,3,0,0,1,15,5310,7540,18,28.8,6,15,0
IRB-SU-0688,SU,Monopole / greenfield,C-RAN,3,3,0,3,3,3,0,0,1,15,5310,7540,18,28.8,6,15,0
IRB-SU-0689,SU,Monopole / greenfield,C-RAN,3,3,0,3,3,3,0,0,1,15,5310,7540,18,28.8,6,15,0
IRB-SU-0690,SU,Monopole / greenfield,C-RAN,3,3,0,3,3,3,0,0,1,15,5310,7540,18,28.8,6,15,0
IRB-SU-0691,SU,Rooftop,D-RAN,3,3,0,3,3,3,1,1,0,15,5720,8110,21,33.6,7,15,0
IRB-SU-0692,SU,Monopole / greenfield,D-RAN,3,3,0,3,3,3,1,1,0,15,5720,8110,21,33.6,7,15,0
IRB-SU-0693,SU,Monopole / greenfield,D-RAN,3,3,0,3,3,3,1,1,0,15,5720,8110,21,33.6,7,15,0
IRB-SU-0694,SU,Monopole / greenfield,D-RAN,3,3,0,3,3,3,1,1,0,15,5720,8110,21,33.6,7,15,0
IRB-SU-0695,SU,Monopole / greenfield,D-RAN,3,3,0,3,3,3,1,1,0,15,5720,8110,21,33.6,7,15,0
IRB-SU-0696,SU,Monopole / greenfield,C-RAN,3,3,0,3,3,3,0,0,1,15,5310,7540,18,28.8,6,15,0
IRB-SU-0697,SU,Monopole / greenfield,C-RAN,3,3,0,3,3,3,0,0,1,15,5310,7540,18,28.8,6,15,0
IRB-SU-0698,SU,Monopole / greenfield,C-RAN,3,3,0,3,3,3,0,0,1,15,5310,7540,18,28.8,6,15,0
IRB-SU-0699,SU,Monopole / greenfield,C-RAN,3,3,0,3,3,3,0,0,1,15,5310,7540,18,28.8,6,15,0
IRB-SU-0700,SU,Monopole / greenfield,C-RAN,3,3,0,3,3,3,0,0,1,15,5310,7540,18,28.8,6,15,0
IRB-SU-0701,SU,Monopole / greenfield,C-RAN,3,3,0,3,3,3,0,0,1,15,5310,7540,18,28.8,6,15,0
IRB-SU-0702,SU,Rooftop,D-RAN,3,3,0,3,3,3,1,1,0,15,5720,8110,21,33.6,7,15,0
IRB-SU-0703,SU,Rooftop,D-RAN,3,3,0,3,3,3,1,1,0,15,5720,8110,21,33.6,7,15,0
IRB-SU-0704,SU,Monopole / greenfield,D-RAN,3,3,0,3,3,3,1,1,0,15,5720,8110,21,33.6,7,15,0
IRB-SU-0705,SU,Monopole / greenfield,D-RAN,3,3,0,3,3,3,1,1,0,15,5720,8110,21,33.6,7,15,0
IRB-SU-0706,SU,Monopole / greenfield,C-RAN,3,3,0,3,3,3,0,0,1,15,5310,7540,18,28.8,6,15,0
IRB-SU-0707,SU,Monopole / greenfield,C-RAN,3,3,0,3,3,3,0,0,1,15,5310,7540,18,28.8,6,15,0
IRB-SU-0708,SU,Monopole / greenfield,C-RAN,3,3,0,3,3,3,0,0,1,15,5310,7540,18,28.8,6,15,0
IRB-SU-0709,SU,Monopole / greenfield,C-RAN,3,3,0,3,3,3,0,0,1,15,5310,7540,18,28.8,6,15,0
IRB-SU-0710,SU,Monopole / greenfield,C-RAN,3,3,0,3,3,3,0,0,1,15,5310,7540,18,28.8,6,15,0
IRB-SU-0711,SU,Monopole / greenfield,C-RAN,3,3,0,3,3,3,0,0,1,15,5310,7540,18,28.8,6,15,0
IRB-SU-0712,SU,Monopole / greenfield,C-RAN,3,3,0,3,3,3,0,0,1,15,5310,7540,18,28.8,6,15,0
IRB-SU-0713,SU,Monopole / greenfield,C-RAN,3,3,0,3,3,3,0,0,1,15,5310,7540,18,28.8,6,15,0
IRB-SU-0714,SU,Monopole / greenfield,D-RAN,3,3,0,3,3,3,1,1,0,15,5720,8110,21,33.6,7,15,0
IRB-SU-0715,SU,Monopole / greenfield,D-RAN,3,3,0,3,3,3,1,1,0,15,5720,8110,21,33.6,7,15,0
IRB-SU-0716,SU,Monopole / greenfield,D-RAN,3,3,0,3,3,3,1,1,0,15,5720,8110,21,33.6,7,15,0
IRB-SU-0717,SU,Monopole / greenfield,D-RAN,3,3,0,3,3,3,1,1,0,15,5720,8110,21,33.6,7,15,0
IRB-SU-0718,SU,Monopole / greenfield,C-RAN,3,3,0,3,3,3,0,0,1,15,5310,7540,18,28.8,6,15,0
IRB-SU-0719,SU,Monopole / greenfield,C-RAN,3,3,0,3,3,3,0,0,1,15,5310,7540,18,28.8,6,15,0
IRB-SU-0720,SU,Monopole / greenfield,C-RAN,3,3,0,3,3,3,0,0,1,15,5310,7540,18,28.8,6,15,0
IRB-SU-0721,SU,Monopole / greenfield,C-RAN,3,3,0,3,3,3,0,0,1,15,5310,7540,18,28.8,6,15,0
IRB-SU-0722,SU,Monopole / greenfield,C-RAN,3,3,0,3,3,3,0,0,1,15,5310,7540,18,28.8,6,15,0
IRB-SU-0723,SU,Monopole / greenfield,C-RAN,3,3,0,3,3,3,0,0,1,15,5310,7540,18,28.8,6,15,0
IRB-SU-0724,SU,Monopole / greenfield,D-RAN,3,3,0,3,3,3,1,1,0,15,5720,8110,21,33.6,7,15,0
IRB-SU-0725,SU,Monopole / greenfield,D-RAN,3,3,0,3,3,3,1,1,0,15,5720,8110,21,33.6,7,15,0
IRB-SU-0726,SU,Monopole / greenfield,D-RAN,3,3,0,3,3,3,1,1,0,15,5720,8110,21,33.6,7,15,0
IRB-SU-0727,SU,Monopole / greenfield,D-RAN,3,3,0,3,3,3,1,1,0,15,5720,8110,21,33.6,7,15,0
IRB-SU-0728,SU,Monopole / greenfield,D-RAN,3,3,0,3,3,3,1,1,0,15,5720,8110,21,33.6,7,15,0
IRB-SU-0729,SU,Monopole / greenfield,C-RAN,3,3,0,3,3,3,0,0,1,15,5310,7540,18,28.8,6,15,0
IRB-SU-0730,SU,Monopole / greenfield,C-RAN,3,3,0,3,3,3,0,0,1,15,5310,7540,18,28.8,6,15,0
IRB-SU-0731,SU,Monopole / greenfield,C-RAN,3,3,0,3,3,3,0,0,1,15,5310,7540,18,28.8,6,15,0
IRB-SU-0732,SU,Monopole / greenfield,C-RAN,3,3,0,3,3,3,0,0,1,15,5310,7540,18,28.8,6,15,0
IRB-SU-0733,SU,Monopole / greenfield,C-RAN,3,3,0,3,3,3,0,0,1,15,5310,7540,18,28.8,6,15,0
IRB-SU-0734,SU,Monopole / greenfield,C-RAN,3,3,0,3,3,3,0,0,1,15,5310,7540,18,28.8,6,15,0
IRB-SU-0735,SU,Monopole / greenfield,C-RAN,3,3,0,3,3,3,0,0,1,15,5310,7540,18,28.8,6,15,0
IRB-SU-0736,SU,Monopole / greenfield,C-RAN,3,3,0,3,3,3,0,0,1,15,5310,7540,18,28.8,6,15,0
IRB-SU-0737,SU,Monopole / greenfield,C-RAN,3,3,0,3,3,3,0,0,1,15,5310,7540,18,28.8,6,15,0
IRB-SU-0738,SU,Monopole / greenfield,C-RAN,3,3,0,3,3,3,0,0,1,15,5310,7540,18,28.8,6,15,0
IRB-SU-0739,SU,Monopole / greenfield,C-RAN,3,3,0,3,3,3,0,0,1,15,5310,7540,18,28.8,6,15,0
IRB-SU-0740,SU,Rooftop,D-RAN,3,3,0,3,3,3,1,1,0,15,5720,8110,21,33.6,7,15,0
IRB-SU-0741,SU,Rooftop,D-RAN,3,3,0,3,3,3,1,1,0,15,5720,8110,21,33.6,7,15,0
IRB-SU-0742,SU,Monopole / greenfield,D-RAN,3,3,0,3,3,3,1,1,0,15,5720,8110,21,33.6,7,15,0
IRB-SU-0743,SU,Monopole / greenfield,D-RAN,3,3,0,3,3,3,1,1,0,15,5720,8110,21,33.6,7,15,0
IRB-SU-0744,SU,Monopole / greenfield,D-RAN,3,3,0,3,3,3,1,1,0,15,5720,8110,21,33.6,7,15,0
IRB-SU-0745,SU,Monopole / greenfield,D-RAN,3,3,0,3,3,3,1,1,0,15,5720,8110,21,33.6,7,15,0
IRB-SU-0746,SU,Monopole / greenfield,D-RAN,3,3,0,3,3,3,1,1,0,15,5720,8110,21,33.6,7,15,0
IRB-SU-0747,SU,Monopole / greenfield,D-RAN,3,3,0,3,3,3,1,1,0,15,5720,8110,21,33.6,7,15,0
IRB-SU-0748,SU,Monopole / greenfield,C-RAN,3,3,0,3,3,3,0,0,1,15,5310,7540,18,28.8,6,15,0
IRB-SU-0749,SU,Monopole / greenfield,C-RAN,3,3,0,3,3,3,0,0,1,15,5310,7540,18,28.8,6,15,0
IRB-SU-0750,SU,Monopole / greenfield,C-RAN,3,3,0,3,3,3,0,0,1,15,5310,7540,18,28.8,6,15,0
IRB-SU-0751,SU,Monopole / greenfield,C-RAN,3,3,0,3,3,3,0,0,1,15,5310,7540,18,28.8,6,15,0
IRB-SU-0752,SU,Monopole / greenfield,C-RAN,3,3,0,3,3,3,0,0,1,15,5310,7540,18,28.8,6,15,0
IRB-SU-0753,SU,Monopole / greenfield,C-RAN,3,3,0,3,3,3,0,0,1,15,5310,7540,18,28.8,6,15,0
IRB-SU-0754,SU,Monopole / greenfield,C-RAN,3,3,0,3,3,3,0,0,1,15,5310,7540,18,28.8,6,15,0
IRB-SU-0755,SU,Monopole / greenfield,C-RAN,3,3,0,3,3,3,0,0,1,15,5310,7540,18,28.8,6,15,0
IRB-SU-0756,SU,Rooftop,C-RAN,3,3,0,3,3,3,0,0,1,15,5310,7540,18,28.8,6,15,0
IRB-SU-0757,SU,Rooftop,C-RAN,3,3,0,3,3,3,0,0,1,15,5310,7540,18,28.8,6,15,0
IRB-SU-0758,SU,Monopole / greenfield,C-RAN,3,3,0,3,3,3,0,0,1,15,5310,7540,18,28.8,6,15,0
IRB-SU-0759,SU,Rooftop,D-RAN,3,3,0,3,3,3,1,1,0,15,5720,8110,21,33.6,7,15,0
IRB-SU-0760,SU,Monopole / greenfield,D-RAN,3,3,0,3,3,3,1,1,0,15,5720,8110,21,33.6,7,15,0
IRB-SU-0761,SU,Monopole / greenfield,D-RAN,3,3,0,3,3,3,1,1,0,15,5720,8110,21,33.6,7,15,0
IRB-SU-0762,SU,Monopole / greenfield,D-RAN,3,3,0,3,3,3,1,1,0,15,5720,8110,21,33.6,7,15,0
IRB-SU-0763,SU,Monopole / greenfield,D-RAN,3,3,0,3,3,3,1,1,0,15,5720,8110,21,33.6,7,15,0
IRB-SU-0764,SU,Monopole / greenfield,D-RAN,3,3,0,3,3,3,1,1,0,15,5720,8110,21,33.6,7,15,0
NOR-SU-0001,SU,Monopole / greenfield,D-RAN,3,3,0,3,3,3,1,1,0,15,5720,8110,21,33.6,7,15,0
NOR-SU-0002,SU,Monopole / greenfield,D-RAN,3,3,0,3,3,3,1,1,0,15,5720,8110,21,33.6,7,15,0
IRB-SU-0765,SU,Monopole / greenfield,C-RAN,3,3,0,3,3,3,0,0,1,15,5310,7540,18,28.8,6,15,0
IRB-SU-0766,SU,Monopole / greenfield,C-RAN,3,3,0,3,3,3,0,0,1,15,5310,7540,18,28.8,6,15,0
IRB-SU-0767,SU,Monopole / greenfield,C-RAN,3,3,0,3,3,3,0,0,1,15,5310,7540,18,28.8,6,15,0
IRB-SU-0768,SU,Rooftop,C-RAN,3,3,0,3,3,3,0,0,1,15,5310,7540,18,28.8,6,15,0
IRB-SU-0769,SU,Monopole / greenfield,C-RAN,3,3,0,3,3,3,0,0,1,15,5310,7540,18,28.8,6,15,0
IRB-SU-0770,SU,Monopole / greenfield,D-RAN,3,3,0,3,3,3,1,1,0,15,5720,8110,21,33.6,7,15,0
IRB-SU-0771,SU,Monopole / greenfield,D-RAN,3,3,0,3,3,3,1,1,0,15,5720,8110,21,33.6,7,15,0
IRB-SU-0772,SU,Rooftop,D-RAN,3,3,0,3,3,3,1,1,0,15,5720,8110,21,33.6,7,15,0
IRB-SU-0773,SU,Rooftop,D-RAN,3,3,0,3,3,3,1,1,0,15,5720,8110,21,33.6,7,15,0
NOR-SU-0003,SU,Monopole / greenfield,D-RAN,3,3,0,3,3,3,1,1,0,15,5720,8110,21,33.6,7,15,0
NOR-SU-0004,SU,Monopole / greenfield,D-RAN,3,3,0,3,3,3,1,1,0,15,5720,8110,21,33.6,7,15,0
NOR-SU-0005,SU,Monopole / greenfield,D-RAN,3,3,0,3,3,3,1,1,0,15,5720,8110,21,33.6,7,15,0
NOR-SU-0006,SU,Monopole / greenfield,D-RAN,3,3,0,3,3,3,1,1,0,15,5720,8110,21,33.6,7,15,0
NOR-SU-0007,SU,Monopole / greenfield,D-RAN,3,3,0,3,3,3,1,1,0,15,5720,8110,21,33.6,7,15,0
NOR-SU-0008,SU,Monopole / greenfield,D-RAN,3,3,0,3,3,3,1,1,0,15,5720,8110,21,33.6,7,15,0
NOR-SU-0009,SU,Monopole / greenfield,D-RAN,3,3,0,3,3,3,1,1,0,15,5720,8110,21,33.6,7,15,0
NOR-SU-0010,SU,Monopole / greenfield,D-RAN,3,3,0,3,3,3,1,1,0,15,5720,8110,21,33.6,7,15,0
NOR-SU-0011,SU,Rooftop,D-RAN,3,3,0,3,3,3,1,1,0,15,5720,8110,21,33.6,7,15,0
NOR-SU-0012,SU,Monopole / greenfield,D-RAN,3,3,0,3,3,3,1,1,0,15,5720,8110,21,33.6,7,15,0
NOR-SU-0013,SU,Monopole / greenfield,D-RAN,3,3,0,3,3,3,1,1,0,15,5720,8110,21,33.6,7,15,0
NOR-SU-0014,SU,Monopole / greenfield,D-RAN,3,3,0,3,3,3,1,1,0,15,5720,8110,21,33.6,7,15,0
NOR-SU-0015,SU,Monopole / greenfield,D-RAN,3,3,0,3,3,3,1,1,0,15,5720,8110,21,33.6,7,15,0
NOR-SU-0016,SU,Monopole / greenfield,D-RAN,3,3,0,3,3,3,1,1,0,15,5720,8110,21,33.6,7,15,0
NOR-SU-0017,SU,Monopole / greenfield,D-RAN,3,3,0,3,3,3,1,1,0,15,5720,8110,21,33.6,7,15,0
NOR-SU-0018,SU,Monopole / greenfield,D-RAN,3,3,0,3,3,3,1,1,0,15,5720,8110,21,33.6,7,15,0
NOR-SU-0019,SU,Monopole / greenfield,D-RAN,3,3,0,3,3,3,1,1,0,15,5720,8110,21,33.6,7,15,0
NOR-SU-0020,SU,Monopole / greenfield,D-RAN,3,3,0,3,3,3,1,1,0,15,5720,8110,21,33.6,7,15,0
RUR-R-0001,R,Lattice tower,D-RAN,3,0,3,3,3,3,1,1,0,18,6620,9100,30,72.0,15,15,0
RUR-R-0002,R,Lattice tower,D-RAN,3,0,3,3,3,3,1,1,0,18,6620,9100,30,72.0,15,0,23.1
RUR-R-0003,R,Lattice tower,D-RAN,3,0,3,3,3,3,1,1,0,18,6620,9100,30,72.0,15,0,23.1
RUR-R-0004,R,Lattice tower,D-RAN,3,0,3,3,3,3,1,1,0,18,6620,9100,30,72.0,15,0,23.1
RUR-R-0005,R,Lattice tower,D-RAN,3,0,3,3,3,3,1,1,0,18,6620,9100,30,72.0,15,15,0
RUR-R-0006,R,Lattice tower,D-RAN,3,0,3,3,3,3,1,1,0,18,6620,9100,30,72.0,15,0,23.1
RUR-R-0007,R,Lattice tower,D-RAN,3,0,3,3,3,3,1,1,0,18,6620,9100,30,72.0,15,0,23.1
RUR-R-0008,R,Lattice tower,D-RAN,3,0,3,3,3,3,1,1,0,18,6620,9100,30,72.0,15,15,0
RUR-R-0009,R,Lattice tower,D-RAN,3,0,3,3,3,3,1,1,0,18,6620,9100,30,72.0,15,15,0
RUR-R-0010,R,Lattice tower,D-RAN,3,0,3,3,3,3,1,1,0,18,6620,9100,30,72.0,15,0,23.1
RUR-R-0011,R,Lattice tower,D-RAN,3,0,3,3,3,3,1,1,0,18,6620,9100,30,72.0,15,15,0
RUR-R-0012,R,Lattice tower,D-RAN,3,0,3,3,3,3,1,1,0,18,6620,9100,30,72.0,15,15,0
RUR-R-0013,R,Lattice tower,D-RAN,3,0,3,3,3,3,1,1,0,18,6620,9100,30,72.0,15,0,23.1
RUR-R-0014,R,Lattice tower,D-RAN,3,0,3,3,3,3,1,1,0,18,6620,9100,30,72.0,15,15,0
RUR-R-0015,R,Lattice tower,D-RAN,3,0,3,3,3,3,1,1,0,18,6620,9100,30,72.0,15,0,23.1
RUR-R-0016,R,Lattice tower,D-RAN,3,0,3,3,3,3,1,1,0,18,6620,9100,30,72.0,15,0,23.1
RUR-R-0017,R,Lattice tower,D-RAN,3,0,3,3,3,3,1,1,0,18,6620,9100,30,72.0,15,0,23.1
RUR-R-0018,R,Lattice tower,D-RAN,3,0,3,3,3,3,1,1,0,18,6620,9100,30,72.0,15,0,23.1
RUR-R-0019,R,Lattice tower,D-RAN,3,0,3,3,3,3,1,1,0,18,6620,9100,30,72.0,15,0,23.1
RUR-R-0020,R,Lattice tower,D-RAN,3,0,3,3,3,3,1,1,0,18,6620,9100,30,72.0,15,0,23.1
RUR-R-0021,R,Lattice tower,D-RAN,3,0,3,3,3,3,1,1,0,18,6620,9100,30,72.0,15,0,23.1
RUR-R-0022,R,Lattice tower,D-RAN,3,0,3,3,3,3,1,1,0,18,6620,9100,30,72.0,15,0,23.1
RUR-R-0023,R,Lattice tower,D-RAN,3,0,3,3,3,3,1,1,0,18,6620,9100,30,72.0,15,0,23.1
RUR-R-0024,R,Lattice tower,D-RAN,3,0,3,3,3,3,1,1,0,18,6620,9100,30,72.0,15,0,23.1
RUR-R-0025,R,Lattice tower,D-RAN,3,0,3,3,3,3,1,1,0,18,6620,9100,30,72.0,15,0,23.1
RUR-R-0026,R,Lattice tower,D-RAN,3,0,3,3,3,3,1,1,0,18,6620,9100,30,72.0,15,0,23.1
RUR-R-0027,R,Lattice tower,D-RAN,3,0,3,3,3,3,1,1,0,18,6620,9100,30,72.0,15,0,23.1
RUR-R-0028,R,Lattice tower,D-RAN,3,0,3,3,3,3,1,1,0,18,6620,9100,30,72.0,15,15,0
RUR-R-0029,R,Lattice tower,D-RAN,3,0,3,3,3,3,1,1,0,18,6620,9100,30,72.0,15,0,23.1
RUR-R-0030,R,Lattice tower,D-RAN,3,0,3,3,3,3,1,1,0,18,6620,9100,30,72.0,15,0,23.1
RUR-R-0031,R,Lattice tower,D-RAN,3,0,3,3,3,3,1,1,0,18,6620,9100,30,72.0,15,0,23.1
RUR-R-0032,R,Lattice tower,D-RAN,3,0,3,3,3,3,1,1,0,18,6620,9100,30,72.0,15,0,23.1
RUR-R-0033,R,Lattice tower,D-RAN,3,0,3,3,3,3,1,1,0,18,6620,9100,30,72.0,15,0,23.1
RUR-R-0034,R,Lattice tower,D-RAN,3,0,3,3,3,3,1,1,0,18,6620,9100,30,72.0,15,0,23.1
RUR-R-0035,R,Lattice tower,D-RAN,3,0,3,3,3,3,1,1,0,18,6620,9100,30,72.0,15,15,0
RUR-R-0036,R,Lattice tower,D-RAN,3,0,3,3,3,3,1,1,0,18,6620,9100,30,72.0,15,0,23.1
RUR-R-0037,R,Lattice tower,D-RAN,3,0,3,3,3,3,1,1,0,18,6620,9100,30,72.0,15,0,23.1
RUR-R-0038,R,Lattice tower,D-RAN,3,0,3,3,3,3,1,1,0,18,6620,9100,30,72.0,15,0,23.1
RUR-R-0039,R,Lattice tower,D-RAN,3,0,3,3,3,3,1,1,0,18,6620,9100,30,72.0,15,0,23.1
RUR-R-0040,R,Lattice tower,D-RAN,3,0,3,3,3,3,1,1,0,18,6620,9100,30,72.0,15,0,23.1
RUR-R-0041,R,Lattice tower,D-RAN,3,0,3,3,3,3,1,1,0,18,6620,9100,30,72.0,15,0,23.1
RUR-R-0042,R,Lattice tower,D-RAN,3,0,3,3,3,3,1,1,0,18,6620,9100,30,72.0,15,0,23.1
RUR-R-0043,R,Lattice tower,D-RAN,3,0,3,3,3,3,1,1,0,18,6620,9100,30,72.0,15,0,23.1
RUR-R-0044,R,Lattice tower,D-RAN,3,0,3,3,3,3,1,1,0,18,6620,9100,30,72.0,15,0,23.1
RUR-R-0045,R,Lattice tower,D-RAN,3,0,3,3,3,3,1,1,0,18,6620,9100,30,72.0,15,0,23.1
RUR-R-0046,R,Lattice tower,D-RAN,3,0,3,3,3,3,1,1,0,18,6620,9100,30,72.0,15,0,23.1
RUR-R-0047,R,Lattice tower,D-RAN,3,0,3,3,3,3,1,1,0,18,6620,9100,30,72.0,15,0,23.1
RUR-R-0048,R,Lattice tower,D-RAN,3,0,3,3,3,3,1,1,0,18,6620,9100,30,72.0,15,0,23.1
RUR-R-0049,R,Lattice tower,D-RAN,3,0,3,3,3,3,1,1,0,18,6620,9100,30,72.0,15,15,0
RUR-R-0050,R,Lattice tower,D-RAN,3,0,3,3,3,3,1,1,0,18,6620,9100,30,72.0,15,0,23.1
RUR-R-0051,R,Lattice tower,D-RAN,3,0,3,3,3,3,1,1,0,18,6620,9100,30,72.0,15,0,23.1
RUR-R-0052,R,Lattice tower,D-RAN,3,0,3,3,3,3,1,1,0,18,6620,9100,30,72.0,15,0,23.1
RUR-R-0053,R,Lattice tower,D-RAN,3,0,3,3,3,3,1,1,0,18,6620,9100,30,72.0,15,0,23.1
RUR-R-0054,R,Lattice tower,D-RAN,3,0,3,3,3,3,1,1,0,18,6620,9100,30,72.0,15,0,23.1
RUR-R-0055,R,Lattice tower,D-RAN,3,0,3,3,3,3,1,1,0,18,6620,9100,30,72.0,15,0,23.1
RUR-R-0056,R,Lattice tower,D-RAN,3,0,3,3,3,3,1,1,0,18,6620,9100,30,72.0,15,0,23.1
RUR-R-0057,R,Lattice tower,D-RAN,3,0,3,3,3,3,1,1,0,18,6620,9100,30,72.0,15,0,23.1
RUR-R-0058,R,Lattice tower,D-RAN,3,0,3,3,3,3,1,1,0,18,6620,9100,30,72.0,15,0,23.1
RUR-R-0059,R,Lattice tower,D-RAN,3,0,3,3,3,3,1,1,0,18,6620,9100,30,72.0,15,0,23.1
RUR-R-0060,R,Lattice tower,D-RAN,3,0,3,3,3,3,1,1,0,18,6620,9100,30,72.0,15,0,23.1
RUR-R-0061,R,Lattice tower,D-RAN,3,0,3,3,3,3,1,1,0,18,6620,9100,30,72.0,15,0,23.1
RUR-R-0062,R,Lattice tower,D-RAN,3,0,3,3,3,3,1,1,0,18,6620,9100,30,72.0,15,0,23.1
RUR-R-0063,R,Lattice tower,D-RAN,3,0,3,3,3,3,1,1,0,18,6620,9100,30,72.0,15,0,23.1
RUR-R-0064,R,Lattice tower,D-RAN,3,0,3,3,3,3,1,1,0,18,6620,9100,30,72.0,15,0,23.1
RUR-R-0065,R,Lattice tower,D-RAN,3,0,3,3,3,3,1,1,0,18,6620,9100,30,72.0,15,0,23.1
RUR-R-0066,R,Lattice tower,D-RAN,3,0,3,3,3,3,1,1,0,18,6620,9100,30,72.0,15,0,23.1
RUR-R-0067,R,Lattice tower,D-RAN,3,0,3,3,3,3,1,1,0,18,6620,9100,30,72.0,15,0,23.1
RUR-R-0068,R,Lattice tower,D-RAN,3,0,3,3,3,3,1,1,0,18,6620,9100,30,72.0,15,0,23.1
RUR-R-0069,R,Lattice tower,D-RAN,3,0,3,3,3,3,1,1,0,18,6620,9100,30,72.0,15,0,23.1
RUR-R-0070,R,Lattice tower,D-RAN,3,0,3,3,3,3,1,1,0,18,6620,9100,30,72.0,15,0,23.1
RUR-R-0071,R,Lattice tower,D-RAN,3,0,3,3,3,3,1,1,0,18,6620,9100,30,72.0,15,0,23.1
RUR-R-0072,R,Lattice tower,D-RAN,3,0,3,3,3,3,1,1,0,18,6620,9100,30,72.0,15,0,23.1
RUR-R-0073,R,Lattice tower,D-RAN,3,0,3,3,3,3,1,1,0,18,6620,9100,30,72.0,15,0,23.1
RUR-R-0074,R,Lattice tower,D-RAN,3,0,3,3,3,3,1,1,0,18,6620,9100,30,72.0,15,0,23.1
RUR-R-0075,R,Lattice tower,D-RAN,3,0,3,3,3,3,1,1,0,18,6620,9100,30,72.0,15,0,23.1
RUR-R-0076,R,Lattice tower,D-RAN,3,0,3,3,3,3,1,1,0,18,6620,9100,30,72.0,15,0,23.1
RUR-R-0077,R,Lattice tower,D-RAN,3,0,3,3,3,3,1,1,0,18,6620,9100,30,72.0,15,15,0
RUR-R-0078,R,Lattice tower,D-RAN,3,0,3,3,3,3,1,1,0,18,6620,9100,30,72.0,15,15,0
RUR-R-0079,R,Lattice tower,D-RAN,3,0,3,3,3,3,1,1,0,18,6620,9100,30,72.0,15,0,23.1
RUR-R-0080,R,Lattice tower,D-RAN,3,0,3,3,3,3,1,1,0,18,6620,9100,30,72.0,15,0,23.1
RUR-R-0081,R,Lattice tower,D-RAN,3,0,3,3,3,3,1,1,0,18,6620,9100,30,72.0,15,0,23.1
RUR-R-0082,R,Lattice tower,D-RAN,3,0,3,3,3,3,1,1,0,18,6620,9100,30,72.0,15,15,0
RUR-R-0083,R,Lattice tower,D-RAN,3,0,3,3,3,3,1,1,0,18,6620,9100,30,72.0,15,0,23.1
RUR-R-0084,R,Lattice tower,D-RAN,3,0,3,3,3,3,1,1,0,18,6620,9100,30,72.0,15,0,23.1
RUR-R-0085,R,Lattice tower,D-RAN,3,0,3,3,3,3,1,1,0,18,6620,9100,30,72.0,15,0,23.1
RUR-R-0086,R,Lattice tower,D-RAN,3,0,3,3,3,3,1,1,0,18,6620,9100,30,72.0,15,15,0
RUR-R-0087,R,Lattice tower,D-RAN,3,0,3,3,3,3,1,1,0,18,6620,9100,30,72.0,15,0,23.1
RUR-R-0088,R,Lattice tower,D-RAN,3,0,3,3,3,3,1,1,0,18,6620,9100,30,72.0,15,0,23.1
RUR-R-0089,R,Lattice tower,D-RAN,3,0,3,3,3,3,1,1,0,18,6620,9100,30,72.0,15,15,0
RUR-R-0090,R,Lattice tower,D-RAN,3,0,3,3,3,3,1,1,0,18,6620,9100,30,72.0,15,0,23.1
RUR-R-0091,R,Lattice tower,D-RAN,3,0,3,3,3,3,1,1,0,18,6620,9100,30,72.0,15,0,23.1
RUR-R-0092,R,Lattice tower,D-RAN,3,0,3,3,3,3,1,1,0,18,6620,9100,30,72.0,15,0,23.1
RUR-R-0093,R,Lattice tower,D-RAN,3,0,3,3,3,3,1,1,0,18,6620,9100,30,72.0,15,0,23.1
RUR-R-0094,R,Lattice tower,D-RAN,3,0,3,3,3,3,1,1,0,18,6620,9100,30,72.0,15,0,23.1
RUR-R-0095,R,Lattice tower,D-RAN,3,0,3,3,3,3,1,1,0,18,6620,9100,30,72.0,15,0,23.1
RUR-R-0096,R,Lattice tower,D-RAN,3,0,3,3,3,3,1,1,0,18,6620,9100,30,72.0,15,15,0
RUR-R-0097,R,Lattice tower,D-RAN,3,0,3,3,3,3,1,1,0,18,6620,9100,30,72.0,15,0,23.1
RUR-R-0098,R,Lattice tower,D-RAN,3,0,3,3,3,3,1,1,0,18,6620,9100,30,72.0,15,0,23.1
RUR-R-0099,R,Lattice tower,D-RAN,3,0,3,3,3,3,1,1,0,18,6620,9100,30,72.0,15,0,23.1
RUR-R-0100,R,Lattice tower,D-RAN,3,0,3,3,3,3,1,1,0,18,6620,9100,30,72.0,15,0,23.1
RUR-R-0101,R,Lattice tower,D-RAN,3,0,3,3,3,3,1,1,0,18,6620,9100,30,72.0,15,0,23.1
RUR-R-0102,R,Lattice tower,D-RAN,3,0,3,3,3,3,1,1,0,18,6620,9100,30,72.0,15,0,23.1
RUR-R-0103,R,Lattice tower,D-RAN,3,0,3,3,3,3,1,1,0,18,6620,9100,30,72.0,15,0,23.1
RUR-R-0104,R,Lattice tower,D-RAN,3,0,3,3,3,3,1,1,0,18,6620,9100,30,72.0,15,0,23.1
RUR-R-0105,R,Lattice tower,D-RAN,3,0,3,3,3,3,1,1,0,18,6620,9100,30,72.0,15,0,23.1
RUR-R-0106,R,Lattice tower,D-RAN,3,0,3,3,3,3,1,1,0,18,6620,9100,30,72.0,15,0,23.1
RUR-R-0107,R,Lattice tower,D-RAN,3,0,3,3,3,3,1,1,0,18,6620,9100,30,72.0,15,0,23.1
RUR-R-0108,R,Lattice tower,D-RAN,3,0,3,3,3,3,1,1,0,18,6620,9100,30,72.0,15,0,23.1
RUR-R-0109,R,Lattice tower,D-RAN,3,0,3,3,3,3,1,1,0,18,6620,9100,30,72.0,15,15,0
RUR-R-0110,R,Lattice tower,D-RAN,3,0,3,3,3,3,1,1,0,18,6620,9100,30,72.0,15,0,23.1
RUR-R-0111,R,Lattice tower,D-RAN,3,0,3,3,3,3,1,1,0,18,6620,9100,30,72.0,15,0,23.1
RUR-R-0112,R,Lattice tower,D-RAN,3,0,3,3,3,3,1,1,0,18,6620,9100,30,72.0,15,0,23.1
RUR-R-0113,R,Lattice tower,D-RAN,3,0,3,3,3,3,1,1,0,18,6620,9100,30,72.0,15,0,23.1
RUR-R-0114,R,Lattice tower,D-RAN,3,0,3,3,3,3,1,1,0,18,6620,9100,30,72.0,15,0,23.1
RUR-R-0115,R,Lattice tower,D-RAN,3,0,3,3,3,3,1,1,0,18,6620,9100,30,72.0,15,0,23.1
RUR-R-0116,R,Lattice tower,D-RAN,3,0,3,3,3,3,1,1,0,18,6620,9100,30,72.0,15,15,0
RUR-R-0117,R,Lattice tower,D-RAN,3,0,3,3,3,3,1,1,0,18,6620,9100,30,72.0,15,0,23.1
RUR-R-0118,R,Lattice tower,D-RAN,3,0,3,3,3,3,1,1,0,18,6620,9100,30,72.0,15,0,23.1
RUR-R-0119,R,Lattice tower,D-RAN,3,0,3,3,3,3,1,1,0,18,6620,9100,30,72.0,15,0,23.1
RUR-R-0120,R,Lattice tower,D-RAN,3,0,3,3,3,3,1,1,0,18,6620,9100,30,72.0,15,0,23.1
RUR-R-0121,R,Lattice tower,D-RAN,3,0,3,3,3,3,1,1,0,18,6620,9100,30,72.0,15,0,23.1
RUR-R-0122,R,Lattice tower,D-RAN,3,0,3,3,3,3,1,1,0,18,6620,9100,30,72.0,15,15,0
RUR-R-0123,R,Lattice tower,D-RAN,3,0,3,3,3,3,1,1,0,18,6620,9100,30,72.0,15,0,23.1
RUR-R-0124,R,Lattice tower,D-RAN,3,0,3,3,3,3,1,1,0,18,6620,9100,30,72.0,15,0,23.1
RUR-R-0125,R,Lattice tower,D-RAN,3,0,3,3,3,3,1,1,0,18,6620,9100,30,72.0,15,0,23.1
RUR-R-0126,R,Lattice tower,D-RAN,3,0,3,3,3,3,1,1,0,18,6620,9100,30,72.0,15,0,23.1
RUR-R-0127,R,Lattice tower,D-RAN,3,0,3,3,3,3,1,1,0,18,6620,9100,30,72.0,15,0,23.1
RUR-R-0128,R,Lattice tower,D-RAN,3,0,3,3,3,3,1,1,0,18,6620,9100,30,72.0,15,0,23.1
RUR-R-0129,R,Lattice tower,D-RAN,3,0,3,3,3,3,1,1,0,18,6620,9100,30,72.0,15,15,0
RUR-R-0130,R,Lattice tower,D-RAN,3,0,3,3,3,3,1,1,0,18,6620,9100,30,72.0,15,0,23.1
RUR-R-0131,R,Lattice tower,D-RAN,3,0,3,3,3,3,1,1,0,18,6620,9100,30,72.0,15,0,23.1
RUR-R-0132,R,Lattice tower,D-RAN,3,0,3,3,3,3,1,1,0,18,6620,9100,30,72.0,15,0,23.1
RUR-R-0133,R,Lattice tower,D-RAN,3,0,3,3,3,3,1,1,0,18,6620,9100,30,72.0,15,0,23.1
RUR-R-0134,R,Lattice tower,D-RAN,3,0,3,3,3,3,1,1,0,18,6620,9100,30,72.0,15,0,23.1
RUR-R-0135,R,Lattice tower,D-RAN,3,0,3,3,3,3,1,1,0,18,6620,9100,30,72.0,15,0,23.1
RUR-R-0136,R,Lattice tower,D-RAN,3,0,3,3,3,3,1,1,0,18,6620,9100,30,72.0,15,0,23.1
RUR-R-0137,R,Lattice tower,D-RAN,3,0,3,3,3,3,1,1,0,18,6620,9100,30,72.0,15,15,0
RUR-R-0138,R,Lattice tower,D-RAN,3,0,3,3,3,3,1,1,0,18,6620,9100,30,72.0,15,0,23.1
RUR-R-0139,R,Lattice tower,D-RAN,3,0,3,3,3,3,1,1,0,18,6620,9100,30,72.0,15,0,23.1
RUR-R-0140,R,Lattice tower,D-RAN,3,0,3,3,3,3,1,1,0,18,6620,9100,30,72.0,15,0,23.1
RUR-R-0141,R,Lattice tower,D-RAN,3,0,3,3,3,3,1,1,0,18,6620,9100,30,72.0,15,15,0
RUR-R-0142,R,Lattice tower,D-RAN,3,0,3,3,3,3,1,1,0,18,6620,9100,30,72.0,15,0,23.1
RUR-R-0143,R,Lattice tower,D-RAN,3,0,3,3,3,3,1,1,0,18,6620,9100,30,72.0,15,0,23.1
RUR-R-0144,R,Lattice tower,D-RAN,3,0,3,3,3,3,1,1,0,18,6620,9100,30,72.0,15,15,0
RUR-R-0145,R,Lattice tower,D-RAN,3,0,3,3,3,3,1,1,0,18,6620,9100,30,72.0,15,0,23.1
RUR-R-0146,R,Lattice tower,D-RAN,3,0,3,3,3,3,1,1,0,18,6620,9100,30,72.0,15,0,23.1
RUR-R-0147,R,Lattice tower,D-RAN,3,0,3,3,3,3,1,1,0,18,6620,9100,30,72.0,15,0,23.1
RUR-R-0148,R,Lattice tower,D-RAN,3,0,3,3,3,3,1,1,0,18,6620,9100,30,72.0,15,0,23.1
RUR-R-0149,R,Lattice tower,D-RAN,3,0,3,3,3,3,1,1,0,18,6620,9100,30,72.0,15,15,0
RUR-R-0150,R,Lattice tower,D-RAN,3,0,3,3,3,3,1,1,0,18,6620,9100,30,72.0,15,0,23.1
RUR-R-0151,R,Lattice tower,D-RAN,3,0,3,3,3,3,1,1,0,18,6620,9100,30,72.0,15,0,23.1
RUR-R-0152,R,Lattice tower,D-RAN,3,0,3,3,3,3,1,1,0,18,6620,9100,30,72.0,15,0,23.1
RUR-R-0153,R,Lattice tower,D-RAN,3,0,3,3,3,3,1,1,0,18,6620,9100,30,72.0,15,15,0
RUR-R-0154,R,Lattice tower,D-RAN,3,0,3,3,3,3,1,1,0,18,6620,9100,30,72.0,15,0,23.1
RUR-R-0155,R,Lattice tower,D-RAN,3,0,3,3,3,3,1,1,0,18,6620,9100,30,72.0,15,0,23.1
RUR-R-0156,R,Lattice tower,D-RAN,3,0,3,3,3,3,1,1,0,18,6620,9100,30,72.0,15,0,23.1
RUR-R-0157,R,Lattice tower,D-RAN,3,0,3,3,3,3,1,1,0,18,6620,9100,30,72.0,15,15,0
RUR-R-0158,R,Lattice tower,D-RAN,3,0,3,3,3,3,1,1,0,18,6620,9100,30,72.0,15,0,23.1
RUR-R-0159,R,Lattice tower,D-RAN,3,0,3,3,3,3,1,1,0,18,6620,9100,30,72.0,15,0,23.1
RUR-R-0160,R,Lattice tower,D-RAN,3,0,3,3,3,3,1,1,0,18,6620,9100,30,72.0,15,0,23.1
RUR-R-0161,R,Lattice tower,D-RAN,3,0,3,3,3,3,1,1,0,18,6620,9100,30,72.0,15,0,23.1
RUR-R-0162,R,Lattice tower,D-RAN,3,0,3,3,3,3,1,1,0,18,6620,9100,30,72.0,15,15,0
RUR-R-0163,R,Lattice tower,D-RAN,3,0,3,3,3,3,1,1,0,18,6620,9100,30,72.0,15,0,23.1
RUR-R-0164,R,Lattice tower,D-RAN,3,0,3,3,3,3,1,1,0,18,6620,9100,30,72.0,15,0,23.1
RUR-R-0165,R,Lattice tower,D-RAN,3,0,3,3,3,3,1,1,0,18,6620,9100,30,72.0,15,0,23.1
RUR-R-0166,R,Lattice tower,D-RAN,3,0,3,3,3,3,1,1,0,18,6620,9100,30,72.0,15,15,0
RUR-R-0167,R,Lattice tower,D-RAN,3,0,3,3,3,3,1,1,0,18,6620,9100,30,72.0,15,0,23.1
RUR-R-0168,R,Lattice tower,D-RAN,3,0,3,3,3,3,1,1,0,18,6620,9100,30,72.0,15,0,23.1
RUR-R-0169,R,Lattice tower,D-RAN,3,0,3,3,3,3,1,1,0,18,6620,9100,30,72.0,15,0,23.1
RUR-R-0170,R,Lattice tower,D-RAN,3,0,3,3,3,3,1,1,0,18,6620,9100,30,72.0,15,0,23.1
RUR-R-0171,R,Lattice tower,D-RAN,3,0,3,3,3,3,1,1,0,18,6620,9100,30,72.0,15,0,23.1
RUR-R-0172,R,Lattice tower,D-RAN,3,0,3,3,3,3,1,1,0,18,6620,9100,30,72.0,15,15,0
RUR-R-0173,R,Lattice tower,D-RAN,3,0,3,3,3,3,1,1,0,18,6620,9100,30,72.0,15,0,23.1
RUR-R-0174,R,Lattice tower,D-RAN,3,0,3,3,3,3,1,1,0,18,6620,9100,30,72.0,15,0,23.1
RUR-R-0175,R,Lattice tower,D-RAN,3,0,3,3,3,3,1,1,0,18,6620,9100,30,72.0,15,0,23.1
RUR-R-0176,R,Lattice tower,D-RAN,3,0,3,3,3,3,1,1,0,18,6620,9100,30,72.0,15,15,0
RUR-R-0177,R,Lattice tower,D-RAN,3,0,3,3,3,3,1,1,0,18,6620,9100,30,72.0,15,0,23.1
RUR-R-0178,R,Lattice tower,D-RAN,3,0,3,3,3,3,1,1,0,18,6620,9100,30,72.0,15,0,23.1
RUR-R-0179,R,Lattice tower,D-RAN,3,0,3,3,3,3,1,1,0,18,6620,9100,30,72.0,15,0,23.1
RUR-R-0180,R,Lattice tower,D-RAN,3,0,3,3,3,3,1,1,0,18,6620,9100,30,72.0,15,0,23.1
RUR-R-0181,R,Lattice tower,D-RAN,3,0,3,3,3,3,1,1,0,18,6620,9100,30,72.0,15,0,23.1
RUR-R-0182,R,Lattice tower,D-RAN,3,0,3,3,3,3,1,1,0,18,6620,9100,30,72.0,15,0,23.1
RUR-R-0183,R,Lattice tower,D-RAN,3,0,3,3,3,3,1,1,0,18,6620,9100,30,72.0,15,0,23.1
RUR-R-0184,R,Lattice tower,D-RAN,3,0,3,3,3,3,1,1,0,18,6620,9100,30,72.0,15,0,23.1
RUR-R-0185,R,Lattice tower,D-RAN,3,0,3,3,3,3,1,1,0,18,6620,9100,30,72.0,15,0,23.1
RUR-R-0186,R,Lattice tower,D-RAN,3,0,3,3,3,3,1,1,0,18,6620,9100,30,72.0,15,0,23.1
RUR-R-0187,R,Lattice tower,D-RAN,3,0,3,3,3,3,1,1,0,18,6620,9100,30,72.0,15,0,23.1
RUR-R-0188,R,Lattice tower,D-RAN,3,0,3,3,3,3,1,1,0,18,6620,9100,30,72.0,15,0,23.1
RUR-R-0189,R,Lattice tower,D-RAN,3,0,3,3,3,3,1,1,0,18,6620,9100,30,72.0,15,15,0
RUR-R-0190,R,Lattice tower,D-RAN,3,0,3,3,3,3,1,1,0,18,6620,9100,30,72.0,15,0,23.1
RUR-R-0191,R,Lattice tower,D-RAN,3,0,3,3,3,3,1,1,0,18,6620,9100,30,72.0,15,0,23.1
RUR-R-0192,R,Lattice tower,D-RAN,3,0,3,3,3,3,1,1,0,18,6620,9100,30,72.0,15,0,23.1
RUR-R-0193,R,Lattice tower,D-RAN,3,0,3,3,3,3,1,1,0,18,6620,9100,30,72.0,15,0,23.1
RUR-R-0194,R,Lattice tower,D-RAN,3,0,3,3,3,3,1,1,0,18,6620,9100,30,72.0,15,0,23.1
RUR-R-0195,R,Lattice tower,D-RAN,3,0,3,3,3,3,1,1,0,18,6620,9100,30,72.0,15,0,23.1
RUR-R-0196,R,Lattice tower,D-RAN,3,0,3,3,3,3,1,1,0,18,6620,9100,30,72.0,15,0,23.1
RUR-R-0197,R,Lattice tower,D-RAN,3,0,3,3,3,3,1,1,0,18,6620,9100,30,72.0,15,15,0
RUR-R-0198,R,Lattice tower,D-RAN,3,0,3,3,3,3,1,1,0,18,6620,9100,30,72.0,15,0,23.1
RUR-R-0199,R,Lattice tower,D-RAN,3,0,3,3,3,3,1,1,0,18,6620,9100,30,72.0,15,0,23.1
RUR-R-0200,R,Lattice tower,D-RAN,3,0,3,3,3,3,1,1,0,18,6620,9100,30,72.0,15,0,23.1
RUR-R-0201,R,Lattice tower,D-RAN,3,0,3,3,3,3,1,1,0,18,6620,9100,30,72.0,15,15,0
RUR-R-0202,R,Lattice tower,D-RAN,3,0,3,3,3,3,1,1,0,18,6620,9100,30,72.0,15,0,23.1
RUR-R-0203,R,Lattice tower,D-RAN,3,0,3,3,3,3,1,1,0,18,6620,9100,30,72.0,15,0,23.1
RUR-R-0204,R,Lattice tower,D-RAN,3,0,3,3,3,3,1,1,0,18,6620,9100,30,72.0,15,0,23.1
RUR-R-0205,R,Lattice tower,D-RAN,3,0,3,3,3,3,1,1,0,18,6620,9100,30,72.0,15,0,23.1
RUR-R-0206,R,Lattice tower,D-RAN,3,0,3,3,3,3,1,1,0,18,6620,9100,30,72.0,15,15,0
RUR-R-0207,R,Lattice tower,D-RAN,3,0,3,3,3,3,1,1,0,18,6620,9100,30,72.0,15,0,23.1
RUR-R-0208,R,Lattice tower,D-RAN,3,0,3,3,3,3,1,1,0,18,6620,9100,30,72.0,15,15,0
RUR-R-0209,R,Lattice tower,D-RAN,3,0,3,3,3,3,1,1,0,18,6620,9100,30,72.0,15,0,23.1
RUR-R-0210,R,Lattice tower,D-RAN,3,0,3,3,3,3,1,1,0,18,6620,9100,30,72.0,15,0,23.1
RUR-R-0211,R,Lattice tower,D-RAN,3,0,3,3,3,3,1,1,0,18,6620,9100,30,72.0,15,15,0
RUR-R-0212,R,Lattice tower,D-RAN,3,0,3,3,3,3,1,1,0,18,6620,9100,30,72.0,15,15,0
RUR-R-0213,R,Lattice tower,D-RAN,3,0,3,3,3,3,1,1,0,18,6620,9100,30,72.0,15,0,23.1
RUR-R-0214,R,Lattice tower,D-RAN,3,0,3,3,3,3,1,1,0,18,6620,9100,30,72.0,15,15,0
RUR-R-0215,R,Lattice tower,D-RAN,3,0,3,3,3,3,1,1,0,18,6620,9100,30,72.0,15,15,0
RUR-R-0216,R,Lattice tower,D-RAN,3,0,3,3,3,3,1,1,0,18,6620,9100,30,72.0,15,15,0
RUR-R-0217,R,Lattice tower,D-RAN,3,0,3,3,3,3,1,1,0,18,6620,9100,30,72.0,15,0,23.1
RUR-R-0218,R,Lattice tower,D-RAN,3,0,3,3,3,3,1,1,0,18,6620,9100,30,72.0,15,0,23.1
RUR-R-0219,R,Lattice tower,D-RAN,3,0,3,3,3,3,1,1,0,18,6620,9100,30,72.0,15,15,0
RUR-R-0220,R,Lattice tower,D-RAN,3,0,3,3,3,3,1,1,0,18,6620,9100,30,72.0,15,0,23.1
RUR-R-0221,R,Lattice tower,D-RAN,3,0,3,3,3,3,1,1,0,18,6620,9100,30,72.0,15,0,23.1
RUR-R-0222,R,Lattice tower,D-RAN,3,0,3,3,3,3,1,1,0,18,6620,9100,30,72.0,15,0,23.1
RUR-R-0223,R,Lattice tower,D-RAN,3,0,3,3,3,3,1,1,0,18,6620,9100,30,72.0,15,0,23.1
RUR-R-0224,R,Lattice tower,D-RAN,3,0,3,3,3,3,1,1,0,18,6620,9100,30,72.0,15,0,23.1
RUR-R-0225,R,Lattice tower,D-RAN,3,0,3,3,3,3,1,1,0,18,6620,9100,30,72.0,15,0,23.1
RUR-R-0226,R,Lattice tower,D-RAN,3,0,3,3,3,3,1,1,0,18,6620,9100,30,72.0,15,0,23.1
RUR-R-0227,R,Lattice tower,D-RAN,3,0,3,3,3,3,1,1,0,18,6620,9100,30,72.0,15,0,23.1
RUR-R-0228,R,Lattice tower,D-RAN,3,0,3,3,3,3,1,1,0,18,6620,9100,30,72.0,15,0,23.1
RUR-R-0229,R,Lattice tower,D-RAN,3,0,3,3,3,3,1,1,0,18,6620,9100,30,72.0,15,0,23.1
RUR-R-0230,R,Lattice tower,D-RAN,3,0,3,3,3,3,1,1,0,18,6620,9100,30,72.0,15,0,23.1
RUR-R-0231,R,Lattice tower,D-RAN,3,0,3,3,3,3,1,1,0,18,6620,9100,30,72.0,15,0,23.1
RUR-R-0232,R,Lattice tower,D-RAN,3,0,3,3,3,3,1,1,0,18,6620,9100,30,72.0,15,0,23.1
RUR-R-0233,R,Lattice tower,D-RAN,3,0,3,3,3,3,1,1,0,18,6620,9100,30,72.0,15,15,0
RUR-R-0234,R,Lattice tower,D-RAN,3,0,3,3,3,3,1,1,0,18,6620,9100,30,72.0,15,0,23.1
RUR-R-0235,R,Lattice tower,D-RAN,3,0,3,3,3,3,1,1,0,18,6620,9100,30,72.0,15,0,23.1
RUR-R-0236,R,Lattice tower,D-RAN,3,0,3,3,3,3,1,1,0,18,6620,9100,30,72.0,15,0,23.1
RUR-R-0237,R,Lattice tower,D-RAN,3,0,3,3,3,3,1,1,0,18,6620,9100,30,72.0,15,0,23.1
RUR-R-0238,R,Lattice tower,D-RAN,3,0,3,3,3,3,1,1,0,18,6620,9100,30,72.0,15,0,23.1
RUR-R-0239,R,Lattice tower,D-RAN,3,0,3,3,3,3,1,1,0,18,6620,9100,30,72.0,15,15,0
RUR-R-0240,R,Lattice tower,D-RAN,3,0,3,3,3,3,1,1,0,18,6620,9100,30,72.0,15,0,23.1
RUR-R-0241,R,Lattice tower,D-RAN,3,0,3,3,3,3,1,1,0,18,6620,9100,30,72.0,15,0,23.1
RUR-R-0242,R,Lattice tower,D-RAN,3,0,3,3,3,3,1,1,0,18,6620,9100,30,72.0,15,0,23.1
RUR-R-0243,R,Lattice tower,D-RAN,3,0,3,3,3,3,1,1,0,18,6620,9100,30,72.0,15,0,23.1
RUR-R-0244,R,Lattice tower,D-RAN,3,0,3,3,3,3,1,1,0,18,6620,9100,30,72.0,15,0,23.1
RUR-R-0245,R,Lattice tower,D-RAN,3,0,3,3,3,3,1,1,0,18,6620,9100,30,72.0,15,0,23.1
RUR-R-0246,R,Lattice tower,D-RAN,3,0,3,3,3,3,1,1,0,18,6620,9100,30,72.0,15,15,0
RUR-R-0247,R,Lattice tower,D-RAN,3,0,3,3,3,3,1,1,0,18,6620,9100,30,72.0,15,0,23.1
RUR-R-0248,R,Lattice tower,D-RAN,3,0,3,3,3,3,1,1,0,18,6620,9100,30,72.0,15,0,23.1
RUR-R-0249,R,Lattice tower,D-RAN,3,0,3,3,3,3,1,1,0,18,6620,9100,30,72.0,15,15,0
RUR-R-0250,R,Lattice tower,D-RAN,3,0,3,3,3,3,1,1,0,18,6620,9100,30,72.0,15,15,0
RUR-R-0251,R,Lattice tower,D-RAN,3,0,3,3,3,3,1,1,0,18,6620,9100,30,72.0,15,15,0
RUR-R-0252,R,Lattice tower,D-RAN,3,0,3,3,3,3,1,1,0,18,6620,9100,30,72.0,15,0,23.1
RUR-R-0253,R,Lattice tower,D-RAN,3,0,3,3,3,3,1,1,0,18,6620,9100,30,72.0,15,15,0
RUR-R-0254,R,Lattice tower,D-RAN,3,0,3,3,3,3,1,1,0,18,6620,9100,30,72.0,15,0,23.1
RUR-R-0255,R,Lattice tower,D-RAN,3,0,3,3,3,3,1,1,0,18,6620,9100,30,72.0,15,0,23.1
RUR-R-0256,R,Lattice tower,D-RAN,3,0,3,3,3,3,1,1,0,18,6620,9100,30,72.0,15,15,0
RUR-R-0257,R,Lattice tower,D-RAN,3,0,3,3,3,3,1,1,0,18,6620,9100,30,72.0,15,0,23.1
RUR-R-0258,R,Lattice tower,D-RAN,3,0,3,3,3,3,1,1,0,18,6620,9100,30,72.0,15,0,23.1
RUR-R-0259,R,Lattice tower,D-RAN,3,0,3,3,3,3,1,1,0,18,6620,9100,30,72.0,15,0,23.1
RUR-R-0260,R,Lattice tower,D-RAN,3,0,3,3,3,3,1,1,0,18,6620,9100,30,72.0,15,0,23.1
RUR-R-0261,R,Lattice tower,D-RAN,3,0,3,3,3,3,1,1,0,18,6620,9100,30,72.0,15,0,23.1
RUR-R-0262,R,Lattice tower,D-RAN,3,0,3,3,3,3,1,1,0,18,6620,9100,30,72.0,15,15,0
RUR-R-0263,R,Lattice tower,D-RAN,3,0,3,3,3,3,1,1,0,18,6620,9100,30,72.0,15,0,23.1
RUR-R-0264,R,Lattice tower,D-RAN,3,0,3,3,3,3,1,1,0,18,6620,9100,30,72.0,15,0,23.1
RUR-R-0265,R,Lattice tower,D-RAN,3,0,3,3,3,3,1,1,0,18,6620,9100,30,72.0,15,0,23.1
RUR-R-0266,R,Lattice tower,D-RAN,3,0,3,3,3,3,1,1,0,18,6620,9100,30,72.0,15,0,23.1
RUR-R-0267,R,Lattice tower,D-RAN,3,0,3,3,3,3,1,1,0,18,6620,9100,30,72.0,15,0,23.1
RUR-R-0268,R,Lattice tower,D-RAN,3,0,3,3,3,3,1,1,0,18,6620,9100,30,72.0,15,0,23.1
RUR-R-0269,R,Lattice tower,D-RAN,3,0,3,3,3,3,1,1,0,18,6620,9100,30,72.0,15,0,23.1
RUR-R-0270,R,Lattice tower,D-RAN,3,0,3,3,3,3,1,1,0,18,6620,9100,30,72.0,15,0,23.1
RUR-R-0271,R,Lattice tower,D-RAN,3,0,3,3,3,3,1,1,0,18,6620,9100,30,72.0,15,15,0
RUR-R-0272,R,Lattice tower,D-RAN,3,0,3,3,3,3,1,1,0,18,6620,9100,30,72.0,15,0,23.1
RUR-R-0273,R,Lattice tower,D-RAN,3,0,3,3,3,3,1,1,0,18,6620,9100,30,72.0,15,0,23.1
RUR-R-0274,R,Lattice tower,D-RAN,3,0,3,3,3,3,1,1,0,18,6620,9100,30,72.0,15,0,23.1
RUR-R-0275,R,Lattice tower,D-RAN,3,0,3,3,3,3,1,1,0,18,6620,9100,30,72.0,15,0,23.1
RUR-R-0276,R,Lattice tower,D-RAN,3,0,3,3,3,3,1,1,0,18,6620,9100,30,72.0,15,15,0
RUR-R-0277,R,Lattice tower,D-RAN,3,0,3,3,3,3,1,1,0,18,6620,9100,30,72.0,15,0,23.1
RUR-R-0278,R,Lattice tower,D-RAN,3,0,3,3,3,3,1,1,0,18,6620,9100,30,72.0,15,0,23.1
RUR-R-0279,R,Lattice tower,D-RAN,3,0,3,3,3,3,1,1,0,18,6620,9100,30,72.0,15,0,23.1
RUR-R-0280,R,Lattice tower,D-RAN,3,0,3,3,3,3,1,1,0,18,6620,9100,30,72.0,15,15,0
RUR-R-0281,R,Lattice tower,D-RAN,3,0,3,3,3,3,1,1,0,18,6620,9100,30,72.0,15,0,23.1
RUR-R-0282,R,Lattice tower,D-RAN,3,0,3,3,3,3,1,1,0,18,6620,9100,30,72.0,15,0,23.1
RUR-R-0283,R,Lattice tower,D-RAN,3,0,3,3,3,3,1,1,0,18,6620,9100,30,72.0,15,0,23.1
RUR-R-0284,R,Lattice tower,D-RAN,3,0,3,3,3,3,1,1,0,18,6620,9100,30,72.0,15,0,23.1
RUR-R-0285,R,Lattice tower,D-RAN,3,0,3,3,3,3,1,1,0,18,6620,9100,30,72.0,15,0,23.1
RUR-R-0286,R,Lattice tower,D-RAN,3,0,3,3,3,3,1,1,0,18,6620,9100,30,72.0,15,0,23.1
RUR-R-0287,R,Lattice tower,D-RAN,3,0,3,3,3,3,1,1,0,18,6620,9100,30,72.0,15,0,23.1
RUR-R-0288,R,Lattice tower,D-RAN,3,0,3,3,3,3,1,1,0,18,6620,9100,30,72.0,15,0,23.1
RUR-R-0289,R,Lattice tower,D-RAN,3,0,3,3,3,3,1,1,0,18,6620,9100,30,72.0,15,15,0
RUR-R-0290,R,Lattice tower,D-RAN,3,0,3,3,3,3,1,1,0,18,6620,9100,30,72.0,15,0,23.1
RUR-R-0291,R,Lattice tower,D-RAN,3,0,3,3,3,3,1,1,0,18,6620,9100,30,72.0,15,0,23.1
RUR-R-0292,R,Lattice tower,D-RAN,3,0,3,3,3,3,1,1,0,18,6620,9100,30,72.0,15,0,23.1
RUR-R-0293,R,Lattice tower,D-RAN,3,0,3,3,3,3,1,1,0,18,6620,9100,30,72.0,15,0,23.1
RUR-R-0294,R,Lattice tower,D-RAN,3,0,3,3,3,3,1,1,0,18,6620,9100,30,72.0,15,0,23.1
RUR-R-0295,R,Lattice tower,D-RAN,3,0,3,3,3,3,1,1,0,18,6620,9100,30,72.0,15,15,0
RUR-R-0296,R,Lattice tower,D-RAN,3,0,3,3,3,3,1,1,0,18,6620,9100,30,72.0,15,0,23.1
RUR-R-0297,R,Lattice tower,D-RAN,3,0,3,3,3,3,1,1,0,18,6620,9100,30,72.0,15,0,23.1
RUR-R-0298,R,Lattice tower,D-RAN,3,0,3,3,3,3,1,1,0,18,6620,9100,30,72.0,15,0,23.1
RUR-R-0299,R,Lattice tower,D-RAN,3,0,3,3,3,3,1,1,0,18,6620,9100,30,72.0,15,0,23.1
RUR-R-0300,R,Lattice tower,D-RAN,3,0,3,3,3,3,1,1,0,18,6620,9100,30,72.0,15,0,23.1
RUR-R-0301,R,Lattice tower,D-RAN,3,0,3,3,3,3,1,1,0,18,6620,9100,30,72.0,15,0,23.1
RUR-R-0302,R,Lattice tower,D-RAN,3,0,3,3,3,3,1,1,0,18,6620,9100,30,72.0,15,0,23.1
RUR-R-0303,R,Lattice tower,D-RAN,3,0,3,3,3,3,1,1,0,18,6620,9100,30,72.0,15,0,23.1
RUR-R-0304,R,Lattice tower,D-RAN,3,0,3,3,3,3,1,1,0,18,6620,9100,30,72.0,15,0,23.1
RUR-R-0305,R,Lattice tower,D-RAN,3,0,3,3,3,3,1,1,0,18,6620,9100,30,72.0,15,15,0
RUR-R-0306,R,Lattice tower,D-RAN,3,0,3,3,3,3,1,1,0,18,6620,9100,30,72.0,15,0,23.1
RUR-R-0307,R,Lattice tower,D-RAN,3,0,3,3,3,3,1,1,0,18,6620,9100,30,72.0,15,0,23.1
RUR-R-0308,R,Lattice tower,D-RAN,3,0,3,3,3,3,1,1,0,18,6620,9100,30,72.0,15,0,23.1
RUR-R-0309,R,Lattice tower,D-RAN,3,0,3,3,3,3,1,1,0,18,6620,9100,30,72.0,15,0,23.1
RUR-R-0310,R,Lattice tower,D-RAN,3,0,3,3,3,3,1,1,0,18,6620,9100,30,72.0,15,0,23.1
RUR-R-0311,R,Lattice tower,D-RAN,3,0,3,3,3,3,1,1,0,18,6620,9100,30,72.0,15,15,0
RUR-R-0312,R,Lattice tower,D-RAN,3,0,3,3,3,3,1,1,0,18,6620,9100,30,72.0,15,0,23.1
RUR-R-0313,R,Lattice tower,D-RAN,3,0,3,3,3,3,1,1,0,18,6620,9100,30,72.0,15,0,23.1
RUR-R-0314,R,Lattice tower,D-RAN,3,0,3,3,3,3,1,1,0,18,6620,9100,30,72.0,15,0,23.1
RUR-R-0315,R,Lattice tower,D-RAN,3,0,3,3,3,3,1,1,0,18,6620,9100,30,72.0,15,0,23.1
RUR-R-0316,R,Lattice tower,D-RAN,2,0,2,2,2,2,1,1,0,12,4620,6350,21,52.8,11,0,16.1
RUR-R-0317,R,Lattice tower,D-RAN,3,0,3,3,3,3,1,1,0,18,6620,9100,30,72.0,15,0,23.1
RUR-R-0318,R,Lattice tower,D-RAN,3,0,3,3,3,3,1,1,0,18,6620,9100,30,72.0,15,0,23.1
RUR-R-0319,R,Lattice tower,D-RAN,3,0,3,3,3,3,1,1,0,18,6620,9100,30,72.0,15,0,23.1
RUR-R-0320,R,Lattice tower,D-RAN,3,0,3,3,3,3,1,1,0,18,6620,9100,30,72.0,15,0,23.1
RUR-R-0321,R,Lattice tower,D-RAN,3,0,3,3,3,3,1,1,0,18,6620,9100,30,72.0,15,0,23.1
RUR-R-0322,R,Lattice tower,D-RAN,3,0,3,3,3,3,1,1,0,18,6620,9100,30,72.0,15,0,23.1
RUR-R-0323,R,Lattice tower,D-RAN,3,0,3,3,3,3,1,1,0,18,6620,9100,30,72.0,15,0,23.1
RUR-R-0324,R,Lattice tower,D-RAN,3,0,3,3,3,3,1,1,0,18,6620,9100,30,72.0,15,0,23.1
RUR-R-0325,R,Lattice tower,D-RAN,3,0,3,3,3,3,1,1,0,18,6620,9100,30,72.0,15,0,23.1
RUR-R-0326,R,Lattice tower,D-RAN,3,0,3,3,3,3,1,1,0,18,6620,9100,30,72.0,15,0,23.1
RUR-R-0327,R,Lattice tower,D-RAN,3,0,3,3,3,3,1,1,0,18,6620,9100,30,72.0,15,0,23.1
RUR-R-0328,R,Lattice tower,D-RAN,3,0,3,3,3,3,1,1,0,18,6620,9100,30,72.0,15,0,23.1
RUR-R-0329,R,Lattice tower,D-RAN,3,0,3,3,3,3,1,1,0,18,6620,9100,30,72.0,15,0,23.1
RUR-R-0330,R,Lattice tower,D-RAN,3,0,3,3,3,3,1,1,0,18,6620,9100,30,72.0,15,0,23.1
RUR-R-0331,R,Lattice tower,D-RAN,3,0,3,3,3,3,1,1,0,18,6620,9100,30,72.0,15,0,23.1
RUR-R-0332,R,Lattice tower,D-RAN,3,0,3,3,3,3,1,1,0,18,6620,9100,30,72.0,15,15,0
RUR-R-0333,R,Lattice tower,D-RAN,3,0,3,3,3,3,1,1,0,18,6620,9100,30,72.0,15,0,23.1
RUR-R-0334,R,Lattice tower,D-RAN,3,0,3,3,3,3,1,1,0,18,6620,9100,30,72.0,15,0,23.1
RUR-R-0335,R,Lattice tower,D-RAN,3,0,3,3,3,3,1,1,0,18,6620,9100,30,72.0,15,0,23.1
RUR-R-0336,R,Lattice tower,D-RAN,3,0,3,3,3,3,1,1,0,18,6620,9100,30,72.0,15,0,23.1
RUR-R-0337,R,Lattice tower,D-RAN,3,0,3,3,3,3,1,1,0,18,6620,9100,30,72.0,15,0,23.1
RUR-R-0338,R,Lattice tower,D-RAN,3,0,3,3,3,3,1,1,0,18,6620,9100,30,72.0,15,0,23.1
RUR-R-0339,R,Lattice tower,D-RAN,3,0,3,3,3,3,1,1,0,18,6620,9100,30,72.0,15,0,23.1
RUR-R-0340,R,Lattice tower,D-RAN,3,0,3,3,3,3,1,1,0,18,6620,9100,30,72.0,15,15,0
RUR-R-0341,R,Lattice tower,D-RAN,3,0,3,3,3,3,1,1,0,18,6620,9100,30,72.0,15,0,23.1
RUR-R-0342,R,Lattice tower,D-RAN,3,0,3,3,3,3,1,1,0,18,6620,9100,30,72.0,15,0,23.1
RUR-R-0343,R,Lattice tower,D-RAN,3,0,3,3,3,3,1,1,0,18,6620,9100,30,72.0,15,0,23.1
RUR-R-0344,R,Lattice tower,D-RAN,3,0,3,3,3,3,1,1,0,18,6620,9100,30,72.0,15,15,0
RUR-R-0345,R,Lattice tower,D-RAN,3,0,3,3,3,3,1,1,0,18,6620,9100,30,72.0,15,0,23.1
RUR-R-0346,R,Lattice tower,D-RAN,3,0,3,3,3,3,1,1,0,18,6620,9100,30,72.0,15,0,23.1
RUR-R-0347,R,Lattice tower,D-RAN,3,0,3,3,3,3,1,1,0,18,6620,9100,30,72.0,15,15,0
RUR-R-0348,R,Lattice tower,D-RAN,3,0,3,3,3,3,1,1,0,18,6620,9100,30,72.0,15,0,23.1
RUR-R-0349,R,Lattice tower,D-RAN,3,0,3,3,3,3,1,1,0,18,6620,9100,30,72.0,15,0,23.1
RUR-R-0350,R,Lattice tower,D-RAN,3,0,3,3,3,3,1,1,0,18,6620,9100,30,72.0,15,0,23.1
RUR-R-0351,R,Lattice tower,D-RAN,3,0,3,3,3,3,1,1,0,18,6620,9100,30,72.0,15,0,23.1
RUR-R-0352,R,Lattice tower,D-RAN,3,0,3,3,3,3,1,1,0,18,6620,9100,30,72.0,15,0,23.1
RUR-R-0353,R,Lattice tower,D-RAN,3,0,3,3,3,3,1,1,0,18,6620,9100,30,72.0,15,0,23.1
RUR-R-0354,R,Lattice tower,D-RAN,3,0,3,3,3,3,1,1,0,18,6620,9100,30,72.0,15,15,0
RUR-R-0355,R,Lattice tower,D-RAN,3,0,3,3,3,3,1,1,0,18,6620,9100,30,72.0,15,15,0
RUR-R-0356,R,Lattice tower,D-RAN,3,0,3,3,3,3,1,1,0,18,6620,9100,30,72.0,15,15,0
RUR-R-0357,R,Lattice tower,D-RAN,3,0,3,3,3,3,1,1,0,18,6620,9100,30,72.0,15,15,0
RUR-R-0358,R,Lattice tower,D-RAN,3,0,3,3,3,3,1,1,0,18,6620,9100,30,72.0,15,0,23.1
RUR-R-0359,R,Lattice tower,D-RAN,3,0,3,3,3,3,1,1,0,18,6620,9100,30,72.0,15,0,23.1
RUR-R-0360,R,Lattice tower,D-RAN,3,0,3,3,3,3,1,1,0,18,6620,9100,30,72.0,15,0,23.1
RUR-R-0361,R,Lattice tower,D-RAN,3,0,3,3,3,3,1,1,0,18,6620,9100,30,72.0,15,0,23.1
RUR-R-0362,R,Lattice tower,D-RAN,3,0,3,3,3,3,1,1,0,18,6620,9100,30,72.0,15,15,0
RUR-R-0363,R,Lattice tower,D-RAN,3,0,3,3,3,3,1,1,0,18,6620,9100,30,72.0,15,0,23.1
RUR-R-0364,R,Lattice tower,D-RAN,3,0,3,3,3,3,1,1,0,18,6620,9100,30,72.0,15,0,23.1
RUR-R-0365,R,Lattice tower,D-RAN,3,0,3,3,3,3,1,1,0,18,6620,9100,30,72.0,15,0,23.1
RUR-R-0366,R,Lattice tower,D-RAN,3,0,3,3,3,3,1,1,0,18,6620,9100,30,72.0,15,0,23.1
RUR-R-0367,R,Lattice tower,D-RAN,3,0,3,3,3,3,1,1,0,18,6620,9100,30,72.0,15,0,23.1
RUR-R-0368,R,Lattice tower,D-RAN,3,0,3,3,3,3,1,1,0,18,6620,9100,30,72.0,15,0,23.1
RUR-R-0369,R,Lattice tower,D-RAN,3,0,3,3,3,3,1,1,0,18,6620,9100,30,72.0,15,0,23.1
RUR-R-0370,R,Lattice tower,D-RAN,3,0,3,3,3,3,1,1,0,18,6620,9100,30,72.0,15,0,23.1
RUR-R-0371,R,Lattice tower,D-RAN,3,0,3,3,3,3,1,1,0,18,6620,9100,30,72.0,15,15,0
RUR-R-0372,R,Lattice tower,D-RAN,3,0,3,3,3,3,1,1,0,18,6620,9100,30,72.0,15,0,23.1
RUR-R-0373,R,Lattice tower,D-RAN,3,0,3,3,3,3,1,1,0,18,6620,9100,30,72.0,15,0,23.1
RUR-R-0374,R,Lattice tower,D-RAN,3,0,3,3,3,3,1,1,0,18,6620,9100,30,72.0,15,0,23.1
RUR-R-0375,R,Lattice tower,D-RAN,3,0,3,3,3,3,1,1,0,18,6620,9100,30,72.0,15,15,0
RUR-R-0376,R,Lattice tower,D-RAN,3,0,3,3,3,3,1,1,0,18,6620,9100,30,72.0,15,0,23.1
RUR-R-0377,R,Lattice tower,D-RAN,3,0,3,3,3,3,1,1,0,18,6620,9100,30,72.0,15,15,0
RUR-R-0378,R,Lattice tower,D-RAN,3,0,3,3,3,3,1,1,0,18,6620,9100,30,72.0,15,0,23.1
RUR-R-0379,R,Lattice tower,D-RAN,3,0,3,3,3,3,1,1,0,18,6620,9100,30,72.0,15,0,23.1
RUR-R-0380,R,Lattice tower,D-RAN,3,0,3,3,3,3,1,1,0,18,6620,9100,30,72.0,15,0,23.1
RUR-R-0381,R,Lattice tower,D-RAN,3,0,3,3,3,3,1,1,0,18,6620,9100,30,72.0,15,0,23.1
RUR-R-0382,R,Lattice tower,D-RAN,3,0,3,3,3,3,1,1,0,18,6620,9100,30,72.0,15,0,23.1
RUR-R-0383,R,Lattice tower,D-RAN,3,0,3,3,3,3,1,1,0,18,6620,9100,30,72.0,15,15,0
RUR-R-0384,R,Lattice tower,D-RAN,3,0,3,3,3,3,1,1,0,18,6620,9100,30,72.0,15,15,0
RUR-R-0385,R,Lattice tower,D-RAN,3,0,3,3,3,3,1,1,0,18,6620,9100,30,72.0,15,0,23.1
RUR-R-0386,R,Lattice tower,D-RAN,3,0,3,3,3,3,1,1,0,18,6620,9100,30,72.0,15,0,23.1
RUR-R-0387,R,Lattice tower,D-RAN,3,0,3,3,3,3,1,1,0,18,6620,9100,30,72.0,15,0,23.1
RUR-R-0388,R,Lattice tower,D-RAN,3,0,3,3,3,3,1,1,0,18,6620,9100,30,72.0,15,15,0
RUR-R-0389,R,Lattice tower,D-RAN,3,0,3,3,3,3,1,1,0,18,6620,9100,30,72.0,15,0,23.1
RUR-R-0390,R,Lattice tower,D-RAN,3,0,3,3,3,3,1,1,0,18,6620,9100,30,72.0,15,0,23.1
RUR-R-0391,R,Lattice tower,D-RAN,3,0,3,3,3,3,1,1,0,18,6620,9100,30,72.0,15,0,23.1
RUR-R-0392,R,Lattice tower,D-RAN,3,0,3,3,3,3,1,1,0,18,6620,9100,30,72.0,15,15,0
RUR-R-0393,R,Lattice tower,D-RAN,3,0,3,3,3,3,1,1,0,18,6620,9100,30,72.0,15,0,23.1
RUR-R-0394,R,Lattice tower,D-RAN,3,0,3,3,3,3,1,1,0,18,6620,9100,30,72.0,15,15,0
RUR-R-0395,R,Lattice tower,D-RAN,3,0,3,3,3,3,1,1,0,18,6620,9100,30,72.0,15,0,23.1
RUR-R-0396,R,Lattice tower,D-RAN,3,0,3,3,3,3,1,1,0,18,6620,9100,30,72.0,15,0,23.1
RUR-R-0397,R,Lattice tower,D-RAN,3,0,3,3,3,3,1,1,0,18,6620,9100,30,72.0,15,0,23.1
RUR-R-0398,R,Lattice tower,D-RAN,3,0,3,3,3,3,1,1,0,18,6620,9100,30,72.0,15,15,0
RUR-R-0399,R,Lattice tower,D-RAN,3,0,3,3,3,3,1,1,0,18,6620,9100,30,72.0,15,0,23.1
RUR-R-0400,R,Lattice tower,D-RAN,3,0,3,3,3,3,1,1,0,18,6620,9100,30,72.0,15,0,23.1
RUR-R-0401,R,Lattice tower,D-RAN,3,0,3,3,3,3,1,1,0,18,6620,9100,30,72.0,15,15,0
RUR-R-0402,R,Lattice tower,D-RAN,3,0,3,3,3,3,1,1,0,18,6620,9100,30,72.0,15,0,23.1
RUR-R-0403,R,Lattice tower,D-RAN,3,0,3,3,3,3,1,1,0,18,6620,9100,30,72.0,15,0,23.1
RUR-R-0404,R,Lattice tower,D-RAN,3,0,3,3,3,3,1,1,0,18,6620,9100,30,72.0,15,0,23.1
RUR-R-0405,R,Lattice tower,D-RAN,3,0,3,3,3,3,1,1,0,18,6620,9100,30,72.0,15,0,23.1
RUR-R-0406,R,Lattice tower,D-RAN,3,0,3,3,3,3,1,1,0,18,6620,9100,30,72.0,15,0,23.1
RUR-R-0407,R,Lattice tower,D-RAN,3,0,3,3,3,3,1,1,0,18,6620,9100,30,72.0,15,15,0
RUR-R-0408,R,Lattice tower,D-RAN,3,0,3,3,3,3,1,1,0,18,6620,9100,30,72.0,15,0,23.1
RUR-R-0409,R,Lattice tower,D-RAN,3,0,3,3,3,3,1,1,0,18,6620,9100,30,72.0,15,0,23.1
RUR-R-0410,R,Lattice tower,D-RAN,3,0,3,3,3,3,1,1,0,18,6620,9100,30,72.0,15,0,23.1
RUR-R-0411,R,Lattice tower,D-RAN,3,0,3,3,3,3,1,1,0,18,6620,9100,30,72.0,15,15,0
RUR-R-0412,R,Lattice tower,D-RAN,3,0,3,3,3,3,1,1,0,18,6620,9100,30,72.0,15,0,23.1
RUR-R-0413,R,Lattice tower,D-RAN,3,0,3,3,3,3,1,1,0,18,6620,9100,30,72.0,15,0,23.1
RUR-R-0414,R,Lattice tower,D-RAN,3,0,3,3,3,3,1,1,0,18,6620,9100,30,72.0,15,15,0
RUR-R-0415,R,Lattice tower,D-RAN,3,0,3,3,3,3,1,1,0,18,6620,9100,30,72.0,15,0,23.1
RUR-R-0416,R,Lattice tower,D-RAN,3,0,3,3,3,3,1,1,0,18,6620,9100,30,72.0,15,15,0
RUR-R-0417,R,Lattice tower,D-RAN,3,0,3,3,3,3,1,1,0,18,6620,9100,30,72.0,15,0,23.1
RUR-R-0418,R,Lattice tower,D-RAN,3,0,3,3,3,3,1,1,0,18,6620,9100,30,72.0,15,0,23.1
RUR-R-0419,R,Lattice tower,D-RAN,3,0,3,3,3,3,1,1,0,18,6620,9100,30,72.0,15,0,23.1
RUR-R-0420,R,Lattice tower,D-RAN,3,0,3,3,3,3,1,1,0,18,6620,9100,30,72.0,15,0,23.1
RUR-R-0421,R,Lattice tower,D-RAN,3,0,3,3,3,3,1,1,0,18,6620,9100,30,72.0,15,15,0
RUR-R-0422,R,Lattice tower,D-RAN,3,0,3,3,3,3,1,1,0,18,6620,9100,30,72.0,15,0,23.1
RUR-R-0423,R,Lattice tower,D-RAN,3,0,3,3,3,3,1,1,0,18,6620,9100,30,72.0,15,0,23.1
RUR-R-0424,R,Lattice tower,D-RAN,3,0,3,3,3,3,1,1,0,18,6620,9100,30,72.0,15,0,23.1
RUR-R-0425,R,Lattice tower,D-RAN,3,0,3,3,3,3,1,1,0,18,6620,9100,30,72.0,15,0,23.1
RUR-R-0426,R,Lattice tower,D-RAN,3,0,3,3,3,3,1,1,0,18,6620,9100,30,72.0,15,0,23.1
RUR-R-0427,R,Lattice tower,D-RAN,3,0,3,3,3,3,1,1,0,18,6620,9100,30,72.0,15,0,23.1
RUR-R-0428,R,Lattice tower,D-RAN,3,0,3,3,3,3,1,1,0,18,6620,9100,30,72.0,15,15,0
RUR-R-0429,R,Lattice tower,D-RAN,3,0,3,3,3,3,1,1,0,18,6620,9100,30,72.0,15,15,0
RUR-R-0430,R,Lattice tower,D-RAN,3,0,3,3,3,3,1,1,0,18,6620,9100,30,72.0,15,15,0
RUR-R-0431,R,Lattice tower,D-RAN,3,0,3,3,3,3,1,1,0,18,6620,9100,30,72.0,15,0,23.1
RUR-R-0432,R,Lattice tower,D-RAN,3,0,3,3,3,3,1,1,0,18,6620,9100,30,72.0,15,0,23.1
RUR-R-0433,R,Lattice tower,D-RAN,3,0,3,3,3,3,1,1,0,18,6620,9100,30,72.0,15,0,23.1
RUR-R-0434,R,Lattice tower,D-RAN,3,0,3,3,3,3,1,1,0,18,6620,9100,30,72.0,15,0,23.1
RUR-R-0435,R,Lattice tower,D-RAN,3,0,3,3,3,3,1,1,0,18,6620,9100,30,72.0,15,0,23.1
RUR-R-0436,R,Lattice tower,D-RAN,3,0,3,3,3,3,1,1,0,18,6620,9100,30,72.0,15,0,23.1
RUR-R-0437,R,Lattice tower,D-RAN,3,0,3,3,3,3,1,1,0,18,6620,9100,30,72.0,15,0,23.1
RUR-R-0438,R,Lattice tower,D-RAN,3,0,3,3,3,3,1,1,0,18,6620,9100,30,72.0,15,0,23.1
RUR-R-0439,R,Lattice tower,D-RAN,3,0,3,3,3,3,1,1,0,18,6620,9100,30,72.0,15,0,23.1
RUR-R-0440,R,Lattice tower,D-RAN,3,0,3,3,3,3,1,1,0,18,6620,9100,30,72.0,15,0,23.1
RUR-R-0441,R,Lattice tower,D-RAN,3,0,3,3,3,3,1,1,0,18,6620,9100,30,72.0,15,0,23.1
RUR-R-0442,R,Lattice tower,D-RAN,3,0,3,3,3,3,1,1,0,18,6620,9100,30,72.0,15,0,23.1
RUR-R-0443,R,Lattice tower,D-RAN,3,0,3,3,3,3,1,1,0,18,6620,9100,30,72.0,15,0,23.1
RUR-R-0444,R,Lattice tower,D-RAN,3,0,3,3,3,3,1,1,0,18,6620,9100,30,72.0,15,0,23.1
HWY-HW-0001,HW,Lattice tower,D-RAN,2,0,0,2,2,2,1,1,0,4,2620,3590,15,28.8,6,5,0
HWY-HW-0002,HW,Lattice tower,D-RAN,2,0,0,2,2,2,1,1,0,4,2620,3590,15,28.8,6,5,0
HWY-HW-0003,HW,Lattice tower,D-RAN,2,0,0,2,2,2,1,1,0,4,2620,3590,15,28.8,6,5,0
HWY-HW-0004,HW,Lattice tower,D-RAN,2,0,0,2,2,2,1,1,0,4,2620,3590,15,28.8,6,5,0
HWY-HW-0005,HW,Lattice tower,D-RAN,2,0,0,2,2,2,1,1,0,4,2620,3590,15,28.8,6,5,0
HWY-HW-0006,HW,Lattice tower,D-RAN,2,0,0,2,2,2,1,1,0,4,2620,3590,15,28.8,6,5,0
HWY-HW-0007,HW,Lattice tower,D-RAN,2,0,0,2,2,2,1,1,0,4,2620,3590,15,28.8,6,5,0
HWY-HW-0008,HW,Lattice tower,D-RAN,2,0,0,2,2,2,1,1,0,4,2620,3590,15,28.8,6,5,0
HWY-HW-0009,HW,Lattice tower,D-RAN,2,0,0,2,2,2,1,1,0,4,2620,3590,15,28.8,6,5,0
HWY-HW-0010,HW,Lattice tower,D-RAN,2,0,0,2,2,2,1,1,0,4,2620,3590,15,28.8,6,5,0
HWY-HW-0011,HW,Lattice tower,D-RAN,2,0,0,2,2,2,1,1,0,4,2620,3590,15,28.8,6,5,0
HWY-HW-0012,HW,Lattice tower,D-RAN,2,0,0,2,2,2,1,1,0,4,2620,3590,15,28.8,6,5,0
HWY-HW-0013,HW,Lattice tower,D-RAN,2,0,0,2,2,2,1,1,0,4,2620,3590,15,28.8,6,5,0
HWY-HW-0014,HW,Lattice tower,D-RAN,2,0,0,2,2,2,1,1,0,4,2620,3590,15,28.8,6,5,0
HWY-HW-0015,HW,Lattice tower,D-RAN,2,0,0,2,2,2,1,1,0,4,2620,3590,15,28.8,6,5,0
HWY-HW-0016,HW,Lattice tower,D-RAN,2,0,0,2,2,2,1,1,0,4,2620,3590,15,28.8,6,5,0
HWY-HW-0017,HW,Lattice tower,D-RAN,2,0,0,2,2,2,1,1,0,4,2620,3590,15,28.8,6,5,0
HWY-HW-0018,HW,Lattice tower,D-RAN,2,0,0,2,2,2,1,1,0,4,2620,3590,15,28.8,6,5,0
HWY-HW-0019,HW,Lattice tower,D-RAN,2,0,0,2,2,2,1,1,0,4,2620,3590,15,28.8,6,5,0
HWY-HW-0020,HW,Lattice tower,D-RAN,2,0,0,2,2,2,1,1,0,4,2620,3590,15,28.8,6,5,0
HWY-HW-0021,HW,Lattice tower,D-RAN,2,0,0,2,2,2,1,1,0,4,2620,3590,15,28.8,6,5,0
HWY-HW-0022,HW,Lattice tower,D-RAN,2,0,0,2,2,2,1,1,0,4,2620,3590,15,28.8,6,5,0
HWY-HW-0023,HW,Lattice tower,D-RAN,2,0,0,2,2,2,1,1,0,4,2620,3590,15,28.8,6,5,0
HWY-HW-0024,HW,Lattice tower,D-RAN,2,0,0,2,2,2,1,1,0,4,2620,3590,15,28.8,6,5,0
HWY-HW-0025,HW,Lattice tower,D-RAN,2,0,0,2,2,2,1,1,0,4,2620,3590,15,28.8,6,5,0
HWY-HW-0026,HW,Lattice tower,D-RAN,2,0,0,2,2,2,1,1,0,4,2620,3590,15,28.8,6,5,0
HWY-HW-0027,HW,Lattice tower,D-RAN,2,0,0,2,2,2,1,1,0,4,2620,3590,15,28.8,6,5,0
HWY-HW-0028,HW,Lattice tower,D-RAN,2,0,0,2,2,2,1,1,0,4,2620,3590,15,28.8,6,5,0
HWY-HW-0029,HW,Lattice tower,D-RAN,2,0,0,2,2,2,1,1,0,4,2620,3590,15,28.8,6,5,0
HWY-HW-0030,HW,Lattice tower,D-RAN,2,0,0,2,2,2,1,1,0,4,2620,3590,15,28.8,6,5,0
HWY-HW-0031,HW,Lattice tower,D-RAN,2,0,0,2,2,2,1,1,0,4,2620,3590,15,28.8,6,5,0
HWY-HW-0032,HW,Lattice tower,D-RAN,2,0,0,2,2,2,1,1,0,4,2620,3590,15,28.8,6,5,0
HWY-HW-0033,HW,Lattice tower,D-RAN,2,0,0,2,2,2,1,1,0,4,2620,3590,15,28.8,6,5,0
HWY-HW-0034,HW,Lattice tower,D-RAN,2,0,0,2,2,2,1,1,0,4,2620,3590,15,28.8,6,5,0
HWY-HW-0035,HW,Lattice tower,D-RAN,2,0,0,2,2,2,1,1,0,4,2620,3590,15,28.8,6,5,0
HWY-HW-0036,HW,Lattice tower,D-RAN,2,0,0,2,2,2,1,1,0,4,2620,3590,15,28.8,6,5,0
HWY-HW-0037,HW,Lattice tower,D-RAN,2,0,0,2,2,2,1,1,0,4,2620,3590,15,28.8,6,5,0
HWY-HW-0038,HW,Lattice tower,D-RAN,2,0,0,2,2,2,1,1,0,4,2620,3590,15,28.8,6,5,0
HWY-HW-0039,HW,Lattice tower,D-RAN,2,0,0,2,2,2,1,1,0,4,2620,3590,15,28.8,6,5,0
HWY-HW-0040,HW,Lattice tower,D-RAN,2,0,0,2,2,2,1,1,0,4,2620,3590,15,28.8,6,5,0
HWY-HW-0041,HW,Lattice tower,D-RAN,2,0,0,2,2,2,1,1,0,4,2620,3590,15,28.8,6,5,0
HWY-HW-0042,HW,Lattice tower,D-RAN,2,0,0,2,2,2,1,1,0,4,2620,3590,15,28.8,6,5,0
HWY-HW-0043,HW,Lattice tower,D-RAN,2,0,0,2,2,2,1,1,0,4,2620,3590,15,28.8,6,5,0
HWY-HW-0044,HW,Lattice tower,D-RAN,2,0,0,2,2,2,1,1,0,4,2620,3590,15,28.8,6,5,0
HWY-HW-0045,HW,Lattice tower,D-RAN,2,0,0,2,2,2,1,1,0,4,2620,3590,15,28.8,6,5,0
HWY-HW-0046,HW,Lattice tower,D-RAN,2,0,0,2,2,2,1,1,0,4,2620,3590,15,28.8,6,5,0
HWY-HW-0047,HW,Lattice tower,D-RAN,2,0,0,2,2,2,1,1,0,4,2620,3590,15,28.8,6,5,0
HWY-HW-0048,HW,Lattice tower,D-RAN,2,0,0,2,2,2,1,1,0,4,2620,3590,15,28.8,6,5,0
HWY-HW-0049,HW,Lattice tower,D-RAN,2,0,0,2,2,2,1,1,0,4,2620,3590,15,28.8,6,5,0
HWY-HW-0050,HW,Lattice tower,D-RAN,2,0,0,2,2,2,1,1,0,4,2620,3590,15,28.8,6,5,0
HWY-HW-0051,HW,Lattice tower,D-RAN,2,0,0,2,2,2,1,1,0,4,2620,3590,15,28.8,6,5,0
HWY-HW-0052,HW,Lattice tower,D-RAN,2,0,0,2,2,2,1,1,0,4,2620,3590,15,28.8,6,5,0
HWY-HW-0053,HW,Lattice tower,D-RAN,2,0,0,2,2,2,1,1,0,4,2620,3590,15,28.8,6,5,0
HWY-HW-0054,HW,Lattice tower,D-RAN,2,0,0,2,2,2,1,1,0,4,2620,3590,15,28.8,6,5,0
HWY-HW-0055,HW,Lattice tower,D-RAN,2,0,0,2,2,2,1,1,0,4,2620,3590,15,28.8,6,5,0
HWY-HW-0056,HW,Lattice tower,D-RAN,2,0,0,2,2,2,1,1,0,4,2620,3590,15,28.8,6,5,0
HWY-HW-0057,HW,Lattice tower,D-RAN,2,0,0,2,2,2,1,1,0,4,2620,3590,15,28.8,6,5,0
HWY-HW-0058,HW,Lattice tower,D-RAN,2,0,0,2,2,2,1,1,0,4,2620,3590,15,28.8,6,5,0
HWY-HW-0059,HW,Lattice tower,D-RAN,2,0,0,2,2,2,1,1,0,4,2620,3590,15,28.8,6,5,0
HWY-HW-0060,HW,Lattice tower,D-RAN,2,0,0,2,2,2,1,1,0,4,2620,3590,15,28.8,6,5,0
HWY-HW-0061,HW,Lattice tower,D-RAN,2,0,0,2,2,2,1,1,0,4,2620,3590,15,28.8,6,5,0
HWY-HW-0062,HW,Lattice tower,D-RAN,2,0,0,2,2,2,1,1,0,4,2620,3590,15,28.8,6,5,0
HWY-HW-0063,HW,Lattice tower,D-RAN,2,0,0,2,2,2,1,1,0,4,2620,3590,15,28.8,6,5,0
HWY-HW-0064,HW,Lattice tower,D-RAN,2,0,0,2,2,2,1,1,0,4,2620,3590,15,28.8,6,5,0
HWY-HW-0065,HW,Lattice tower,D-RAN,2,0,0,2,2,2,1,1,0,4,2620,3590,15,28.8,6,5,0
HWY-HW-0066,HW,Lattice tower,D-RAN,2,0,0,2,2,2,1,1,0,4,2620,3590,15,28.8,6,5,0
HWY-HW-0067,HW,Lattice tower,D-RAN,2,0,0,2,2,2,1,1,0,4,2620,3590,15,28.8,6,5,0
HWY-HW-0068,HW,Lattice tower,D-RAN,2,0,0,2,2,2,1,1,0,4,2620,3590,15,28.8,6,5,0
HWY-HW-0069,HW,Lattice tower,D-RAN,2,0,0,2,2,2,1,1,0,4,2620,3590,15,28.8,6,5,0
HWY-HW-0070,HW,Lattice tower,D-RAN,2,0,0,2,2,2,1,1,0,4,2620,3590,15,28.8,6,5,0
HWY-HW-0071,HW,Lattice tower,D-RAN,2,0,0,2,2,2,1,1,0,4,2620,3590,15,28.8,6,5,0
HWY-HW-0072,HW,Lattice tower,D-RAN,2,0,0,2,2,2,1,1,0,4,2620,3590,15,28.8,6,5,0
HWY-HW-0073,HW,Lattice tower,D-RAN,2,0,0,2,2,2,1,1,0,4,2620,3590,15,28.8,6,5,0
HWY-HW-0074,HW,Lattice tower,D-RAN,2,0,0,2,2,2,1,1,0,4,2620,3590,15,28.8,6,5,0
HWY-HW-0075,HW,Lattice tower,D-RAN,2,0,0,2,2,2,1,1,0,4,2620,3590,15,28.8,6,5,0
HWY-HW-0076,HW,Lattice tower,D-RAN,2,0,0,2,2,2,1,1,0,4,2620,3590,15,28.8,6,5,0
HWY-HW-0077,HW,Lattice tower,D-RAN,2,0,0,2,2,2,1,1,0,4,2620,3590,15,28.8,6,5,0
HWY-HW-0078,HW,Lattice tower,D-RAN,2,0,0,2,2,2,1,1,0,4,2620,3590,15,28.8,6,5,0
HWY-HW-0079,HW,Lattice tower,D-RAN,2,0,0,2,2,2,1,1,0,4,2620,3590,15,28.8,6,5,0
HWY-HW-0080,HW,Lattice tower,D-RAN,2,0,0,2,2,2,1,1,0,4,2620,3590,15,28.8,6,5,0
HWY-HW-0081,HW,Lattice tower,D-RAN,2,0,0,2,2,2,1,1,0,4,2620,3590,15,28.8,6,5,0
HWY-HW-0082,HW,Lattice tower,D-RAN,2,0,0,2,2,2,1,1,0,4,2620,3590,15,28.8,6,5,0
HWY-HW-0083,HW,Lattice tower,D-RAN,2,0,0,2,2,2,1,1,0,4,2620,3590,15,28.8,6,5,0
HWY-HW-0084,HW,Lattice tower,D-RAN,2,0,0,2,2,2,1,1,0,4,2620,3590,15,28.8,6,5,0
HWY-HW-0085,HW,Lattice tower,D-RAN,2,0,0,2,2,2,1,1,0,4,2620,3590,15,28.8,6,5,0
HWY-HW-0086,HW,Lattice tower,D-RAN,2,0,0,2,2,2,1,1,0,4,2620,3590,15,28.8,6,5,0
HWY-HW-0087,HW,Lattice tower,D-RAN,2,0,0,2,2,2,1,1,0,4,2620,3590,15,28.8,6,5,0
HWY-HW-0088,HW,Lattice tower,D-RAN,2,0,0,2,2,2,1,1,0,4,2620,3590,15,28.8,6,5,0
HWY-HW-0089,HW,Lattice tower,D-RAN,2,0,0,2,2,2,1,1,0,4,2620,3590,15,28.8,6,5,0
HWY-HW-0090,HW,Lattice tower,D-RAN,2,0,0,2,2,2,1,1,0,4,2620,3590,15,28.8,6,5,0
HWY-HW-0091,HW,Lattice tower,D-RAN,2,0,0,2,2,2,1,1,0,4,2620,3590,15,28.8,6,5,0
HWY-HW-0092,HW,Lattice tower,D-RAN,2,0,0,2,2,2,1,1,0,4,2620,3590,15,28.8,6,5,0
HWY-HW-0093,HW,Lattice tower,D-RAN,2,0,0,2,2,2,1,1,0,4,2620,3590,15,28.8,6,5,0
HWY-HW-0094,HW,Lattice tower,D-RAN,2,0,0,2,2,2,1,1,0,4,2620,3590,15,28.8,6,5,0
HWY-HW-0095,HW,Lattice tower,D-RAN,2,0,0,2,2,2,1,1,0,4,2620,3590,15,28.8,6,5,0
HWY-HW-0096,HW,Lattice tower,D-RAN,2,0,0,2,2,2,1,1,0,4,2620,3590,15,28.8,6,5,0
HWY-HW-0097,HW,Lattice tower,D-RAN,2,0,0,2,2,2,1,1,0,4,2620,3590,15,28.8,6,5,0
HWY-HW-0098,HW,Lattice tower,D-RAN,2,0,0,2,2,2,1,1,0,4,2620,3590,15,28.8,6,5,0
HWY-HW-0099,HW,Lattice tower,D-RAN,2,0,0,2,2,2,1,1,0,4,2620,3590,15,28.8,6,5,0
HWY-HW-0100,HW,Lattice tower,D-RAN,2,0,0,2,2,2,1,1,0,4,2620,3590,15,28.8,6,5,0
HWY-HW-0101,HW,Lattice tower,D-RAN,2,0,0,2,2,2,1,1,0,4,2620,3590,15,28.8,6,5,0
HWY-HW-0102,HW,Lattice tower,D-RAN,2,0,0,2,2,2,1,1,0,4,2620,3590,15,28.8,6,5,0
HWY-HW-0103,HW,Lattice tower,D-RAN,2,0,0,2,2,2,1,1,0,4,2620,3590,15,28.8,6,5,0
HWY-HW-0104,HW,Lattice tower,D-RAN,2,0,0,2,2,2,1,1,0,4,2620,3590,15,28.8,6,5,0
HWY-HW-0105,HW,Lattice tower,D-RAN,2,0,0,2,2,2,1,1,0,4,2620,3590,15,28.8,6,5,0
HWY-HW-0106,HW,Lattice tower,D-RAN,2,0,0,2,2,2,1,1,0,4,2620,3590,15,28.8,6,5,0
HWY-HW-0107,HW,Lattice tower,D-RAN,2,0,0,2,2,2,1,1,0,4,2620,3590,15,28.8,6,5,0
HWY-HW-0108,HW,Lattice tower,D-RAN,2,0,0,2,2,2,1,1,0,4,2620,3590,15,28.8,6,5,0
HWY-HW-0109,HW,Lattice tower,D-RAN,2,0,0,2,2,2,1,1,0,4,2620,3590,15,28.8,6,5,0
HWY-HW-0110,HW,Lattice tower,D-RAN,2,0,0,2,2,2,1,1,0,4,2620,3590,15,28.8,6,5,0
HWY-HW-0111,HW,Lattice tower,D-RAN,2,0,0,2,2,2,1,1,0,4,2620,3590,15,28.8,6,5,0
HWY-HW-0112,HW,Lattice tower,D-RAN,2,0,0,2,2,2,1,1,0,4,2620,3590,15,28.8,6,5,0
HWY-HW-0113,HW,Lattice tower,D-RAN,2,0,0,2,2,2,1,1,0,4,2620,3590,15,28.8,6,5,0
HWY-HW-0114,HW,Lattice tower,D-RAN,2,0,0,2,2,2,1,1,0,4,2620,3590,15,28.8,6,5,0
HWY-HW-0115,HW,Lattice tower,D-RAN,2,0,0,2,2,2,1,1,0,4,2620,3590,15,28.8,6,5,0
HWY-HW-0116,HW,Lattice tower,D-RAN,2,0,0,2,2,2,1,1,0,4,2620,3590,15,28.8,6,5,0
HWY-HW-0117,HW,Lattice tower,D-RAN,2,0,0,2,2,2,1,1,0,4,2620,3590,15,28.8,6,5,0
HWY-HW-0118,HW,Lattice tower,D-RAN,2,0,0,2,2,2,1,1,0,4,2620,3590,15,28.8,6,5,0
HWY-HW-0119,HW,Lattice tower,D-RAN,2,0,0,2,2,2,1,1,0,4,2620,3590,15,28.8,6,5,0
HWY-HW-0120,HW,Lattice tower,D-RAN,2,0,0,2,2,2,1,1,0,4,2620,3590,15,28.8,6,5,0
HWY-HW-0121,HW,Lattice tower,D-RAN,2,0,0,2,2,2,1,1,0,4,2620,3590,15,28.8,6,5,0
HWY-HW-0122,HW,Lattice tower,D-RAN,2,0,0,2,2,2,1,1,0,4,2620,3590,15,28.8,6,5,0
HWY-HW-0123,HW,Lattice tower,D-RAN,2,0,0,2,2,2,1,1,0,4,2620,3590,15,28.8,6,5,0
HWY-HW-0124,HW,Lattice tower,D-RAN,2,0,0,2,2,2,1,1,0,4,2620,3590,15,28.8,6,5,0
HWY-HW-0125,HW,Lattice tower,D-RAN,2,0,0,2,2,2,1,1,0,4,2620,3590,15,28.8,6,5,0
HWY-HW-0126,HW,Lattice tower,D-RAN,2,0,0,2,2,2,1,1,0,4,2620,3590,15,28.8,6,5,0
HWY-HW-0127,HW,Lattice tower,D-RAN,2,0,0,2,2,2,1,1,0,4,2620,3590,15,28.8,6,5,0
HWY-HW-0128,HW,Lattice tower,D-RAN,2,0,0,2,2,2,1,1,0,4,2620,3590,15,28.8,6,5,0
HWY-HW-0129,HW,Lattice tower,D-RAN,2,0,0,2,2,2,1,1,0,4,2620,3590,15,28.8,6,5,0
HWY-HW-0130,HW,Lattice tower,D-RAN,2,0,0,2,2,2,1,1,0,4,2620,3590,15,28.8,6,5,0
HWY-HW-0131,HW,Lattice tower,D-RAN,2,0,0,2,2,2,1,1,0,4,2620,3590,15,28.8,6,5,0
HWY-HW-0132,HW,Lattice tower,D-RAN,2,0,0,2,2,2,1,1,0,4,2620,3590,15,28.8,6,5,0
HWY-HW-0133,HW,Lattice tower,D-RAN,2,0,0,2,2,2,1,1,0,4,2620,3590,15,28.8,6,5,0
HWY-HW-0134,HW,Lattice tower,D-RAN,2,0,0,2,2,2,1,1,0,4,2620,3590,15,28.8,6,5,0
