rollout,on_air_window,site_id,class,site_type,cluster,zone,governorate,lat,lon,antenna_height_agl_m,sectors,hub,ring,backhaul,is_hub
RO-01,Apr 2027 – Jun 2027,AMM-DU-0139,DU,Rooftop,Amman-Zarqa Metro,Amman core,Amman,31.95482,35.86013,28,3,HUB-AMM-13,HUB-AMM-13-R01,Fiber ring,0
RO-01,Apr 2027 – Jun 2027,AMM-DU-0167,DU,Rooftop,Amman-Zarqa Metro,Amman core,Amman,31.95775,35.85816,29,3,HUB-AMM-13,HUB-AMM-13-R01,Fiber ring,0
RO-01,Apr 2027 – Jun 2027,AMM-DU-0168,DU,Rooftop,Amman-Zarqa Metro,Amman core,Amman,31.95775,35.86131,29,3,HUB-AMM-13,HUB-AMM-13-R01,Fiber ring,0
RO-01,Apr 2027 – Jun 2027,AMM-DU-0195,DU,Rooftop,Amman-Zarqa Metro,Amman core,Amman,31.96069,35.85540,26,3,HUB-AMM-13,HUB-AMM-13-R01,Fiber ring,0
RO-01,Apr 2027 – Jun 2027,AMM-DU-0196,DU,Rooftop,Amman-Zarqa Metro,Amman core,Amman,31.96069,35.85934,28,3,HUB-AMM-13,HUB-AMM-13-R01,Fiber ring,0
RO-01,Apr 2027 – Jun 2027,AMM-DU-0197,DU,Rooftop,Amman-Zarqa Metro,Amman core,Amman,31.96069,35.86328,27,3,HUB-AMM-13,HUB-AMM-13-R01,Fiber ring,0
RO-01,Apr 2027 – Jun 2027,AMM-DU-0198,DU,Rooftop,Amman-Zarqa Metro,Amman core,Amman,31.96069,35.86800,25,3,HUB-AMM-13,HUB-AMM-13-R01,Fiber ring,0
RO-01,Apr 2027 – Jun 2027,AMM-DU-0199,DU,Rooftop,Amman-Zarqa Metro,Amman core,Amman,31.96137,35.87115,37,3,HUB-AMM-13,HUB-AMM-13-R01,Fiber ring,1
RO-01,Apr 2027 – Jun 2027,AMM-DU-0110,DU,Rooftop,Amman-Zarqa Metro,Amman core,Amman,31.95188,35.86131,26,3,HUB-AMM-13,HUB-AMM-13-R02,Fiber ring,0
RO-01,Apr 2027 – Jun 2027,AMM-DU-0111,DU,Rooftop,Amman-Zarqa Metro,Amman core,Amman,31.95256,35.86525,27,3,HUB-AMM-13,HUB-AMM-13-R02,Fiber ring,0
RO-01,Apr 2027 – Jun 2027,AMM-DU-0112,DU,Rooftop,Amman-Zarqa Metro,Amman core,Amman,31.95188,35.86918,25,3,HUB-AMM-13,HUB-AMM-13-R02,Fiber ring,0
RO-01,Apr 2027 – Jun 2027,AMM-DU-0140,DU,Rooftop,Amman-Zarqa Metro,Amman core,Amman,31.95482,35.86406,29,3,HUB-AMM-13,HUB-AMM-13-R02,Fiber ring,0
RO-01,Apr 2027 – Jun 2027,AMM-DU-0141,DU,Rooftop,Amman-Zarqa Metro,Amman core,Amman,31.95550,35.86722,29,3,HUB-AMM-13,HUB-AMM-13-R02,Fiber ring,0
RO-01,Apr 2027 – Jun 2027,AMM-DU-0169,DU,Rooftop,Amman-Zarqa Metro,Amman core,Amman,31.95708,35.86525,29,3,HUB-AMM-13,HUB-AMM-13-R02,Fiber ring,0
RO-01,Apr 2027 – Jun 2027,AMM-DU-0170,DU,Rooftop,Amman-Zarqa Metro,Amman core,Amman,31.95775,35.86918,28,3,HUB-AMM-13,HUB-AMM-13-R02,Fiber ring,0
RO-01,Apr 2027 – Jun 2027,AMM-DU-0113,DU,Rooftop,Amman-Zarqa Metro,Amman core,Amman,31.95188,35.87312,25,3,HUB-AMM-13,HUB-AMM-13-R03,Fiber ring,0
RO-01,Apr 2027 – Jun 2027,AMM-DU-0114,DU,Rooftop,Amman-Zarqa Metro,Amman core,Amman,31.95188,35.87627,25,3,HUB-AMM-13,HUB-AMM-13-R03,Fiber ring,0
RO-01,Apr 2027 – Jun 2027,AMM-DU-0115,DU,Rooftop,Amman-Zarqa Metro,Amman core,Amman,31.95188,35.88100,25,3,HUB-AMM-13,HUB-AMM-13-R03,Fiber ring,0
RO-01,Apr 2027 – Jun 2027,AMM-DU-0142,DU,Rooftop,Amman-Zarqa Metro,Amman core,Amman,31.95482,35.87115,25,3,HUB-AMM-13,HUB-AMM-13-R03,Fiber ring,0
RO-01,Apr 2027 – Jun 2027,AMM-DU-0143,DU,Rooftop,Amman-Zarqa Metro,Amman core,Amman,31.95482,35.87509,25,3,HUB-AMM-13,HUB-AMM-13-R03,Fiber ring,0
RO-01,Apr 2027 – Jun 2027,AMM-DU-0144,DU,Rooftop,Amman-Zarqa Metro,Amman core,Amman,31.95482,35.87824,25,3,HUB-AMM-13,HUB-AMM-13-R03,Fiber ring,0
RO-01,Apr 2027 – Jun 2027,AMM-DU-0171,DU,Rooftop,Amman-Zarqa Metro,Amman core,Amman,31.95843,35.87312,31,3,HUB-AMM-13,HUB-AMM-13-R03,Fiber ring,0
RO-01,Apr 2027 – Jun 2027,AMM-DU-0116,DU,Rooftop,Amman-Zarqa Metro,Amman core,Amman,31.95188,35.88415,25,3,HUB-AMM-13,HUB-AMM-13-R04,Fiber ring,0
RO-01,Apr 2027 – Jun 2027,AMM-DU-0145,DU,Rooftop,Amman-Zarqa Metro,Amman core,Amman,31.95482,35.88297,33,3,HUB-AMM-13,HUB-AMM-13-R04,Fiber ring,0
RO-01,Apr 2027 – Jun 2027,AMM-DU-0172,DU,Rooftop,Amman-Zarqa Metro,Amman core,Amman,31.95843,35.87706,45,3,HUB-AMM-13,HUB-AMM-13-R04,Fiber ring,0
RO-01,Apr 2027 – Jun 2027,AMM-DU-0173,DU,Rooftop,Amman-Zarqa Metro,Amman core,Amman,31.95843,35.88100,45,3,HUB-AMM-13,HUB-AMM-13-R04,Fiber ring,0
RO-01,Apr 2027 – Jun 2027,AMM-DU-0200,DU,Rooftop,Amman-Zarqa Metro,Amman core,Amman,31.96137,35.87509,37,3,HUB-AMM-13,HUB-AMM-13-R04,Fiber ring,0
RO-01,Apr 2027 – Jun 2027,AMM-DU-0201,DU,Rooftop,Amman-Zarqa Metro,Amman core,Amman,31.96069,35.87903,49,3,HUB-AMM-13,HUB-AMM-13-R04,Fiber ring,0
RO-01,Apr 2027 – Jun 2027,AMM-DU-0202,DU,Rooftop,Amman-Zarqa Metro,Amman core,Amman,31.96103,35.88257,49,3,HUB-AMM-13,HUB-AMM-13-R04,Fiber ring,0
RO-01,Apr 2027 – Jun 2027,AMM-DU-0228,DU,Rooftop,Amman-Zarqa Metro,Amman core,Amman,31.96329,35.87352,37,3,HUB-AMM-13,HUB-AMM-13-R05,Fiber ring,0
RO-01,Apr 2027 – Jun 2027,AMM-DU-0229,DU,Rooftop,Amman-Zarqa Metro,Amman core,Amman,31.96329,35.87667,37,3,HUB-AMM-13,HUB-AMM-13-R05,Fiber ring,0
RO-01,Apr 2027 – Jun 2027,AMM-DU-0230,DU,Rooftop,Amman-Zarqa Metro,Amman core,Amman,31.96329,35.88061,49,3,HUB-AMM-13,HUB-AMM-13-R05,Fiber ring,0
RO-01,Apr 2027 – Jun 2027,AMM-DU-0256,DU,Rooftop,Amman-Zarqa Metro,Amman core,Amman,31.96657,35.87509,25,3,HUB-AMM-13,HUB-AMM-13-R05,Fiber ring,0
RO-01,Apr 2027 – Jun 2027,AMM-DU-0257,DU,Rooftop,Amman-Zarqa Metro,Amman core,Amman,31.96657,35.87824,25,3,HUB-AMM-13,HUB-AMM-13-R05,Fiber ring,0
RO-01,Apr 2027 – Jun 2027,AMM-DU-0284,DU,Rooftop,Amman-Zarqa Metro,Amman core,Amman,31.96950,35.88100,27,3,HUB-AMM-13,HUB-AMM-13-R05,Fiber ring,0
RO-01,Apr 2027 – Jun 2027,AMM-DU-0311,DU,Rooftop,Amman-Zarqa Metro,Amman core,Amman,31.97244,35.87903,26,3,HUB-AMM-13,HUB-AMM-13-R05,Fiber ring,0
RO-01,Apr 2027 – Jun 2027,AMM-DU-0227,DU,Rooftop,Amman-Zarqa Metro,Amman core,Amman,31.96363,35.86918,25,3,HUB-AMM-13,HUB-AMM-13-R06,Fiber ring,0
RO-01,Apr 2027 – Jun 2027,AMM-DU-0253,DU,Rooftop,Amman-Zarqa Metro,Amman core,Amman,31.96657,35.86406,25,3,HUB-AMM-13,HUB-AMM-13-R06,Fiber ring,0
RO-01,Apr 2027 – Jun 2027,AMM-DU-0254,DU,Rooftop,Amman-Zarqa Metro,Amman core,Amman,31.96623,35.86761,25,3,HUB-AMM-13,HUB-AMM-13-R06,Fiber ring,0
RO-01,Apr 2027 – Jun 2027,AMM-DU-0255,DU,Rooftop,Amman-Zarqa Metro,Amman core,Amman,31.96657,35.87115,25,3,HUB-AMM-13,HUB-AMM-13-R06,Fiber ring,0
RO-01,Apr 2027 – Jun 2027,AMM-DU-0281,DU,Rooftop,Amman-Zarqa Metro,Amman core,Amman,31.96950,35.86997,25,3,HUB-AMM-13,HUB-AMM-13-R06,Fiber ring,0
RO-01,Apr 2027 – Jun 2027,AMM-DU-0282,DU,Rooftop,Amman-Zarqa Metro,Amman core,Amman,31.96950,35.87312,25,3,HUB-AMM-13,HUB-AMM-13-R06,Fiber ring,0
RO-01,Apr 2027 – Jun 2027,AMM-DU-0283,DU,Rooftop,Amman-Zarqa Metro,Amman core,Amman,31.96950,35.87627,25,3,HUB-AMM-13,HUB-AMM-13-R06,Fiber ring,0
RO-01,Apr 2027 – Jun 2027,AMM-DU-0224,DU,Rooftop,Amman-Zarqa Metro,Amman core,Amman,31.96363,35.85737,27,3,HUB-AMM-13,HUB-AMM-13-R07,Fiber ring,0
RO-01,Apr 2027 – Jun 2027,AMM-DU-0225,DU,Rooftop,Amman-Zarqa Metro,Amman core,Amman,31.96363,35.86131,25,3,HUB-AMM-13,HUB-AMM-13-R07,Fiber ring,0
RO-01,Apr 2027 – Jun 2027,AMM-DU-0226,DU,Rooftop,Amman-Zarqa Metro,Amman core,Amman,31.96363,35.86603,25,3,HUB-AMM-13,HUB-AMM-13-R07,Fiber ring,0
RO-01,Apr 2027 – Jun 2027,AMM-DU-0252,DU,Rooftop,Amman-Zarqa Metro,Amman core,Amman,31.96657,35.85934,25,3,HUB-AMM-13,HUB-AMM-13-R07,Fiber ring,0
RO-01,Apr 2027 – Jun 2027,AMM-DU-0174,DU,Rooftop,Amman-Zarqa Metro,Amman core,Amman,31.95775,35.88494,31,3,HUB-AMM-14,HUB-AMM-14-R01,Fiber ring,0
RO-01,Apr 2027 – Jun 2027,AMM-DU-0203,DU,Rooftop,Amman-Zarqa Metro,Amman core,Amman,31.96035,35.88651,28,3,HUB-AMM-14,HUB-AMM-14-R01,Fiber ring,0
RO-01,Apr 2027 – Jun 2027,AMM-DU-0231,DU,Rooftop,Amman-Zarqa Metro,Amman core,Amman,31.96329,35.88454,49,3,HUB-AMM-14,HUB-AMM-14-R01,Fiber ring,0
RO-01,Apr 2027 – Jun 2027,AMM-DU-0232,DU,Rooftop,Amman-Zarqa Metro,Amman core,Amman,31.96363,35.88966,30,3,HUB-AMM-14,HUB-AMM-14-R01,Fiber ring,0
RO-01,Apr 2027 – Jun 2027,AMM-DU-0233,DU,Rooftop,Amman-Zarqa Metro,Amman core,Amman,31.96363,35.89203,30,3,HUB-AMM-14,HUB-AMM-14-R01,Fiber ring,0
RO-01,Apr 2027 – Jun 2027,AMM-DU-0259,DU,Rooftop,Amman-Zarqa Metro,Amman core,Amman,31.96657,35.88612,29,3,HUB-AMM-14,HUB-AMM-14-R01,Fiber ring,0
RO-01,Apr 2027 – Jun 2027,AMM-DU-0260,DU,Rooftop,Amman-Zarqa Metro,Amman core,Amman,31.96657,35.89084,29,3,HUB-AMM-14,HUB-AMM-14-R01,Fiber ring,0
RO-01,Apr 2027 – Jun 2027,AMM-DU-0261,DU,Rooftop,Amman-Zarqa Metro,Amman core,Amman,31.96724,35.89478,38,3,HUB-AMM-14,HUB-AMM-14-R01,Fiber ring,1
RO-01,Apr 2027 – Jun 2027,AMM-DU-0146,DU,Rooftop,Amman-Zarqa Metro,Amman core,Amman,31.95550,35.88691,33,3,HUB-AMM-14,HUB-AMM-14-R02,Fiber ring,0
RO-01,Apr 2027 – Jun 2027,AMM-DU-0147,DU,Rooftop,Amman-Zarqa Metro,Amman core,Amman,31.95550,35.89084,27,3,HUB-AMM-14,HUB-AMM-14-R02,Fiber ring,0
RO-01,Apr 2027 – Jun 2027,AMM-DU-0148,DU,Rooftop,Amman-Zarqa Metro,Amman core,Amman,31.95448,35.89439,28,3,HUB-AMM-14,HUB-AMM-14-R02,Fiber ring,0
RO-01,Apr 2027 – Jun 2027,AMM-DU-0175,DU,Rooftop,Amman-Zarqa Metro,Amman core,Amman,31.95775,35.88888,30,3,HUB-AMM-14,HUB-AMM-14-R02,Fiber ring,0
RO-01,Apr 2027 – Jun 2027,AMM-DU-0176,DU,Rooftop,Amman-Zarqa Metro,Amman core,Amman,31.95775,35.89281,29,3,HUB-AMM-14,HUB-AMM-14-R02,Fiber ring,0
RO-01,Apr 2027 – Jun 2027,AMM-DU-0204,DU,Rooftop,Amman-Zarqa Metro,Amman core,Amman,31.96069,35.89006,29,3,HUB-AMM-14,HUB-AMM-14-R02,Fiber ring,0
RO-01,Apr 2027 – Jun 2027,AMM-DU-0205,DU,Rooftop,Amman-Zarqa Metro,Amman core,Amman,31.96137,35.89478,31,3,HUB-AMM-14,HUB-AMM-14-R02,Fiber ring,0
RO-01,Apr 2027 – Jun 2027,AMM-DU-0149,DU,Rooftop,Amman-Zarqa Metro,Amman core,Amman,31.95550,35.89872,29,3,HUB-AMM-14,HUB-AMM-14-R03,Fiber ring,0
RO-01,Apr 2027 – Jun 2027,AMM-DU-0150,DU,Rooftop,Amman-Zarqa Metro,Amman core,Amman,31.95482,35.90266,26,3,HUB-AMM-14,HUB-AMM-14-R03,Fiber ring,0
RO-01,Apr 2027 – Jun 2027,AMM-DU-0177,DU,Rooftop,Amman-Zarqa Metro,Amman core,Amman,31.95775,35.89675,45,3,HUB-AMM-14,HUB-AMM-14-R03,Fiber ring,0
RO-01,Apr 2027 – Jun 2027,AMM-DU-0178,DU,Rooftop,Amman-Zarqa Metro,Amman core,Amman,31.95742,35.90030,49,3,HUB-AMM-14,HUB-AMM-14-R03,Fiber ring,0
RO-01,Apr 2027 – Jun 2027,AMM-DU-0179,DU,Rooftop,Amman-Zarqa Metro,Amman core,Amman,31.95708,35.90463,27,3,HUB-AMM-14,HUB-AMM-14-R03,Fiber ring,0
RO-01,Apr 2027 – Jun 2027,AMM-DU-0206,DU,Rooftop,Amman-Zarqa Metro,Amman core,Amman,31.96137,35.89872,49,3,HUB-AMM-14,HUB-AMM-14-R03,Fiber ring,0
RO-01,Apr 2027 – Jun 2027,AMM-DU-0234,DU,Rooftop,Amman-Zarqa Metro,Amman core,Amman,31.96329,35.89636,31,3,HUB-AMM-14,HUB-AMM-14-R03,Fiber ring,0
RO-01,Apr 2027 – Jun 2027,AMM-DU-0207,DU,Rooftop,Amman-Zarqa Metro,Amman core,Amman,31.96069,35.90187,49,3,HUB-AMM-14,HUB-AMM-14-R04,Fiber ring,0
RO-01,Apr 2027 – Jun 2027,AMM-DU-0208,DU,Rooftop,Amman-Zarqa Metro,Amman core,Amman,31.96069,35.90660,31,3,HUB-AMM-14,HUB-AMM-14-R04,Fiber ring,0
RO-01,Apr 2027 – Jun 2027,AMM-DU-0235,DU,Rooftop,Amman-Zarqa Metro,Amman core,Amman,31.96363,35.89990,31,3,HUB-AMM-14,HUB-AMM-14-R04,Fiber ring,0
RO-01,Apr 2027 – Jun 2027,AMM-DU-0236,DU,Rooftop,Amman-Zarqa Metro,Amman core,Amman,31.96363,35.90463,36,3,HUB-AMM-14,HUB-AMM-14-R04,Fiber ring,0
RO-01,Apr 2027 – Jun 2027,AMM-DU-0237,DU,Rooftop,Amman-Zarqa Metro,Amman core,Amman,31.96363,35.90778,36,3,HUB-AMM-14,HUB-AMM-14-R04,Fiber ring,0
RO-01,Apr 2027 – Jun 2027,AMM-DU-0263,DU,Rooftop,Amman-Zarqa Metro,Amman core,Amman,31.96657,35.90187,33,3,HUB-AMM-14,HUB-AMM-14-R04,Fiber ring,0
RO-01,Apr 2027 – Jun 2027,AMM-DU-0265,DU,Rooftop,Amman-Zarqa Metro,Amman core,Amman,31.96657,35.91054,34,3,HUB-AMM-14,HUB-AMM-14-R04,Fiber ring,0
RO-01,Apr 2027 – Jun 2027,AMM-DU-0262,DU,Rooftop,Amman-Zarqa Metro,Amman core,Amman,31.96724,35.89872,38,3,HUB-AMM-14,HUB-AMM-14-R05,Fiber ring,0
RO-01,Apr 2027 – Jun 2027,AMM-DU-0264,DU,Rooftop,Amman-Zarqa Metro,Amman core,Amman,31.96690,35.90660,34,3,HUB-AMM-14,HUB-AMM-14-R05,Fiber ring,0
RO-01,Apr 2027 – Jun 2027,AMM-DU-0289,DU,Rooftop,Amman-Zarqa Metro,Amman core,Amman,31.96950,35.90069,33,3,HUB-AMM-14,HUB-AMM-14-R05,Fiber ring,0
RO-01,Apr 2027 – Jun 2027,AMM-DU-0290,DU,Rooftop,Amman-Zarqa Metro,Amman core,Amman,31.96950,35.90463,39,3,HUB-AMM-14,HUB-AMM-14-R05,Fiber ring,0
RO-01,Apr 2027 – Jun 2027,AMM-DU-0291,DU,Rooftop,Amman-Zarqa Metro,Amman core,Amman,31.96916,35.90817,39,3,HUB-AMM-14,HUB-AMM-14-R05,Fiber ring,0
RO-01,Apr 2027 – Jun 2027,AMM-DU-0317,DU,Rooftop,Amman-Zarqa Metro,Amman core,Amman,31.97312,35.90266,33,3,HUB-AMM-14,HUB-AMM-14-R05,Fiber ring,0
RO-01,Apr 2027 – Jun 2027,AMM-DU-0318,DU,Rooftop,Amman-Zarqa Metro,Amman core,Amman,31.97244,35.90660,39,3,HUB-AMM-14,HUB-AMM-14-R05,Fiber ring,0
RO-01,Apr 2027 – Jun 2027,AMM-DU-0288,DU,Rooftop,Amman-Zarqa Metro,Amman core,Amman,31.96916,35.89636,38,3,HUB-AMM-14,HUB-AMM-14-R06,Fiber ring,0
RO-01,Apr 2027 – Jun 2027,AMM-DU-0315,DU,Rooftop,Amman-Zarqa Metro,Amman core,Amman,31.97244,35.89478,25,3,HUB-AMM-14,HUB-AMM-14-R06,Fiber ring,0
RO-01,Apr 2027 – Jun 2027,AMM-DU-0316,DU,Rooftop,Amman-Zarqa Metro,Amman core,Amman,31.97244,35.89872,25,3,HUB-AMM-14,HUB-AMM-14-R06,Fiber ring,0
RO-01,Apr 2027 – Jun 2027,AMM-DU-0341,DU,Rooftop,Amman-Zarqa Metro,Amman core,Amman,31.97470,35.89281,25,3,HUB-AMM-14,HUB-AMM-14-R06,Fiber ring,0
RO-01,Apr 2027 – Jun 2027,AMM-DU-0342,DU,Rooftop,Amman-Zarqa Metro,Amman core,Amman,31.97470,35.89675,26,3,HUB-AMM-14,HUB-AMM-14-R06,Fiber ring,0
RO-01,Apr 2027 – Jun 2027,AMM-DU-0343,DU,Rooftop,Amman-Zarqa Metro,Amman core,Amman,31.97538,35.90069,25,3,HUB-AMM-14,HUB-AMM-14-R06,Fiber ring,0
RO-01,Apr 2027 – Jun 2027,AMM-DU-0344,DU,Rooftop,Amman-Zarqa Metro,Amman core,Amman,31.97470,35.90463,34,3,HUB-AMM-14,HUB-AMM-14-R06,Fiber ring,0
RO-01,Apr 2027 – Jun 2027,AMM-DU-0285,DU,Rooftop,Amman-Zarqa Metro,Amman core,Amman,31.96950,35.88415,27,3,HUB-AMM-14,HUB-AMM-14-R07,Fiber ring,0
RO-01,Apr 2027 – Jun 2027,AMM-DU-0286,DU,Rooftop,Amman-Zarqa Metro,Amman core,Amman,31.97018,35.88888,25,3,HUB-AMM-14,HUB-AMM-14-R07,Fiber ring,0
RO-01,Apr 2027 – Jun 2027,AMM-DU-0287,DU,Rooftop,Amman-Zarqa Metro,Amman core,Amman,31.96950,35.89281,32,3,HUB-AMM-14,HUB-AMM-14-R07,Fiber ring,0
RO-01,Apr 2027 – Jun 2027,AMM-DU-0312,DU,Rooftop,Amman-Zarqa Metro,Amman core,Amman,31.97278,35.88257,28,3,HUB-AMM-14,HUB-AMM-14-R07,Fiber ring,0
RO-01,Apr 2027 – Jun 2027,AMM-DU-0313,DU,Rooftop,Amman-Zarqa Metro,Amman core,Amman,31.97244,35.88769,29,3,HUB-AMM-14,HUB-AMM-14-R07,Fiber ring,0
RO-01,Apr 2027 – Jun 2027,AMM-DU-0314,DU,Rooftop,Amman-Zarqa Metro,Amman core,Amman,31.97278,35.89045,25,3,HUB-AMM-14,HUB-AMM-14-R07,Fiber ring,0
RO-01,Apr 2027 – Jun 2027,AMM-DU-0340,DU,Rooftop,Amman-Zarqa Metro,Amman core,Amman,31.97470,35.88888,29,3,HUB-AMM-14,HUB-AMM-14-R07,Fiber ring,0
RO-01,Apr 2027 – Jun 2027,AMM-DU-0258,DU,Rooftop,Amman-Zarqa Metro,Amman core,Amman,31.96724,35.88297,26,3,HUB-AMM-14,HUB-AMM-14-R08,Fiber ring,0
RO-01,Apr 2027 – Jun 2027,AMM-DU-0187,DU,Rooftop,Amman-Zarqa Metro,Amman core,Amman,31.95843,35.93614,32,3,HUB-AMM-28,HUB-AMM-28-R01,Fiber ring,0
RO-01,Apr 2027 – Jun 2027,AMM-DU-0188,DU,Rooftop,Amman-Zarqa Metro,Amman core,Amman,31.95775,35.94007,35,3,HUB-AMM-28,HUB-AMM-28-R01,Fiber ring,0
RO-01,Apr 2027 – Jun 2027,AMM-DU-0216,DU,Rooftop,Amman-Zarqa Metro,Amman core,Amman,31.96069,35.93810,29,3,HUB-AMM-28,HUB-AMM-28-R01,Fiber ring,0
RO-01,Apr 2027 – Jun 2027,AMM-DU-0217,DU,Rooftop,Amman-Zarqa Metro,Amman core,Amman,31.96069,35.94125,25,3,HUB-AMM-28,HUB-AMM-28-R01,Fiber ring,0
RO-01,Apr 2027 – Jun 2027,AMM-DU-0244,DU,Rooftop,Amman-Zarqa Metro,Amman core,Amman,31.96397,35.93653,29,3,HUB-AMM-28,HUB-AMM-28-R01,Fiber ring,0
RO-01,Apr 2027 – Jun 2027,AMM-DU-0245,DU,Rooftop,Amman-Zarqa Metro,Amman core,Amman,31.96329,35.93968,25,3,HUB-AMM-28,HUB-AMM-28-R01,Fiber ring,0
RO-01,Apr 2027 – Jun 2027,AMM-DU-0246,DU,Rooftop,Amman-Zarqa Metro,Amman core,Amman,31.96363,35.94401,25,3,HUB-AMM-28,HUB-AMM-28-R01,Fiber ring,0
RO-01,Apr 2027 – Jun 2027,AMM-DU-0275,DU,Rooftop,Amman-Zarqa Metro,Amman core,Amman,31.96623,35.94953,32,3,HUB-AMM-28,HUB-AMM-28-R01,Fiber ring,1
RO-01,Apr 2027 – Jun 2027,AMM-DU-0130,DU,Rooftop,Amman-Zarqa Metro,Amman core,Amman,31.95120,35.94007,34,3,HUB-AMM-28,HUB-AMM-28-R02,Fiber ring,0
RO-01,Apr 2027 – Jun 2027,AMM-DU-0131,DU,Rooftop,Amman-Zarqa Metro,Amman core,Amman,31.95120,35.94401,32,3,HUB-AMM-28,HUB-AMM-28-R02,Fiber ring,0
RO-01,Apr 2027 – Jun 2027,AMM-DU-0159,DU,Rooftop,Amman-Zarqa Metro,Amman core,Amman,31.95448,35.93850,37,3,HUB-AMM-28,HUB-AMM-28-R02,Fiber ring,0
RO-01,Apr 2027 – Jun 2027,AMM-DU-0160,DU,Rooftop,Amman-Zarqa Metro,Amman core,Amman,31.95414,35.94204,37,3,HUB-AMM-28,HUB-AMM-28-R02,Fiber ring,0
RO-01,Apr 2027 – Jun 2027,AMM-DU-0189,DU,Rooftop,Amman-Zarqa Metro,Amman core,Amman,31.95809,35.94362,35,3,HUB-AMM-28,HUB-AMM-28-R02,Fiber ring,0
RO-01,Apr 2027 – Jun 2027,AMM-DU-0218,DU,Rooftop,Amman-Zarqa Metro,Amman core,Amman,31.96001,35.94598,25,3,HUB-AMM-28,HUB-AMM-28-R02,Fiber ring,0
RO-01,Apr 2027 – Jun 2027,AMM-DU-0247,DU,Rooftop,Amman-Zarqa Metro,Amman core,Amman,31.96363,35.94795,30,3,HUB-AMM-28,HUB-AMM-28-R02,Fiber ring,0
RO-01,Apr 2027 – Jun 2027,AMM-DU-0161,DU,Rooftop,Amman-Zarqa Metro,Amman core,Amman,31.95550,35.94598,29,3,HUB-AMM-28,HUB-AMM-28-R03,Fiber ring,0
RO-01,Apr 2027 – Jun 2027,AMM-DU-0162,DU,Rooftop,Amman-Zarqa Metro,Amman core,Amman,31.95550,35.94992,28,3,HUB-AMM-28,HUB-AMM-28-R03,Fiber ring,0
RO-01,Apr 2027 – Jun 2027,AMM-DU-0163,DU,Rooftop,Amman-Zarqa Metro,Amman core,Amman,31.95414,35.95386,28,3,HUB-AMM-28,HUB-AMM-28-R03,Fiber ring,0
RO-01,Apr 2027 – Jun 2027,AMM-DU-0190,DU,Rooftop,Amman-Zarqa Metro,Amman core,Amman,31.95843,35.94795,25,3,HUB-AMM-28,HUB-AMM-28-R03,Fiber ring,0
RO-01,Apr 2027 – Jun 2027,AMM-DU-0191,DU,Rooftop,Amman-Zarqa Metro,Amman core,Amman,31.95843,35.95189,25,3,HUB-AMM-28,HUB-AMM-28-R03,Fiber ring,0
RO-01,Apr 2027 – Jun 2027,AMM-DU-0219,DU,Rooftop,Amman-Zarqa Metro,Amman core,Amman,31.96069,35.94913,25,3,HUB-AMM-28,HUB-AMM-28-R03,Fiber ring,0
RO-01,Apr 2027 – Jun 2027,AMM-DU-0248,DU,Rooftop,Amman-Zarqa Metro,Amman core,Amman,31.96363,35.95110,35,3,HUB-AMM-28,HUB-AMM-28-R03,Fiber ring,0
RO-01,Apr 2027 – Jun 2027,AMM-DU-0164,DU,Rooftop,Amman-Zarqa Metro,Amman core,Amman,31.95414,35.95780,25,3,HUB-AMM-28,HUB-AMM-28-R04,Fiber ring,0
RO-01,Apr 2027 – Jun 2027,AMM-DU-0165,DU,Rooftop,Amman-Zarqa Metro,Amman core,Amman,31.95448,35.96134,25,3,HUB-AMM-28,HUB-AMM-28-R04,Fiber ring,0
RO-01,Apr 2027 – Jun 2027,AMM-DU-0192,DU,Rooftop,Amman-Zarqa Metro,Amman core,Amman,31.95775,35.95583,25,3,HUB-AMM-28,HUB-AMM-28-R04,Fiber ring,0
RO-01,Apr 2027 – Jun 2027,AMM-DU-0193,DU,Rooftop,Amman-Zarqa Metro,Amman core,Amman,31.95742,35.95937,25,3,HUB-AMM-28,HUB-AMM-28-R04,Fiber ring,0
RO-01,Apr 2027 – Jun 2027,AMM-DU-0220,DU,Rooftop,Amman-Zarqa Metro,Amman core,Amman,31.96069,35.95386,27,3,HUB-AMM-28,HUB-AMM-28-R04,Fiber ring,0
RO-01,Apr 2027 – Jun 2027,AMM-DU-0221,DU,Rooftop,Amman-Zarqa Metro,Amman core,Amman,31.96069,35.95701,27,3,HUB-AMM-28,HUB-AMM-28-R04,Fiber ring,0
RO-01,Apr 2027 – Jun 2027,AMM-DU-0222,DU,Rooftop,Amman-Zarqa Metro,Amman core,Amman,31.96069,35.96252,31,3,HUB-AMM-28,HUB-AMM-28-R04,Fiber ring,0
RO-01,Apr 2027 – Jun 2027,AMM-DU-0249,DU,Rooftop,Amman-Zarqa Metro,Amman core,Amman,31.96431,35.95583,35,3,HUB-AMM-28,HUB-AMM-28-R05,Fiber ring,0
RO-01,Apr 2027 – Jun 2027,AMM-DU-0250,DU,Rooftop,Amman-Zarqa Metro,Amman core,Amman,31.96363,35.95898,28,3,HUB-AMM-28,HUB-AMM-28-R05,Fiber ring,0
RO-01,Apr 2027 – Jun 2027,AMM-DU-0276,DU,Rooftop,Amman-Zarqa Metro,Amman core,Amman,31.96657,35.95386,34,3,HUB-AMM-28,HUB-AMM-28-R05,Fiber ring,0
RO-01,Apr 2027 – Jun 2027,AMM-DU-0277,DU,Rooftop,Amman-Zarqa Metro,Amman core,Amman,31.96657,35.95780,33,3,HUB-AMM-28,HUB-AMM-28-R05,Fiber ring,0
RO-01,Apr 2027 – Jun 2027,AMM-DU-0303,DU,Rooftop,Amman-Zarqa Metro,Amman core,Amman,31.96950,35.95504,25,3,HUB-AMM-28,HUB-AMM-28-R05,Fiber ring,0
RO-01,Apr 2027 – Jun 2027,AMM-DU-0304,DU,Rooftop,Amman-Zarqa Metro,Amman core,Amman,31.97018,35.95976,27,3,HUB-AMM-28,HUB-AMM-28-R05,Fiber ring,0
RO-01,Apr 2027 – Jun 2027,AMM-U-0994,U,Rooftop,Amman-Zarqa Metro,Amman,Amman,31.97145,35.96087,30,3,HUB-AMM-28,HUB-AMM-28-R05,Fiber ring,0
RO-01,Apr 2027 – Jun 2027,AMM-DU-0302,DU,Rooftop,Amman-Zarqa Metro,Amman core,Amman,31.96984,35.95228,30,3,HUB-AMM-28,HUB-AMM-28-R06,Fiber ring,0
RO-01,Apr 2027 – Jun 2027,AMM-DU-0329,DU,Rooftop,Amman-Zarqa Metro,Amman core,Amman,31.97244,35.94992,29,3,HUB-AMM-28,HUB-AMM-28-R06,Fiber ring,0
RO-01,Apr 2027 – Jun 2027,AMM-DU-0330,DU,Rooftop,Amman-Zarqa Metro,Amman core,Amman,31.97244,35.95386,28,3,HUB-AMM-28,HUB-AMM-28-R06,Fiber ring,0
RO-01,Apr 2027 – Jun 2027,AMM-DU-0331,DU,Rooftop,Amman-Zarqa Metro,Amman core,Amman,31.97244,35.95780,25,3,HUB-AMM-28,HUB-AMM-28-R06,Fiber ring,0
RO-01,Apr 2027 – Jun 2027,AMM-DU-0356,DU,Rooftop,Amman-Zarqa Metro,Amman core,Amman,31.97606,35.95189,25,3,HUB-AMM-28,HUB-AMM-28-R06,Fiber ring,0
RO-01,Apr 2027 – Jun 2027,AMM-DU-0357,DU,Rooftop,Amman-Zarqa Metro,Amman core,Amman,31.97606,35.95583,25,3,HUB-AMM-28,HUB-AMM-28-R06,Fiber ring,0
RO-01,Apr 2027 – Jun 2027,AMM-U-1047,U,Rooftop,Amman-Zarqa Metro,Amman,Amman,31.97890,35.95661,30,3,HUB-AMM-28,HUB-AMM-28-R06,Fiber ring,0
RO-01,Apr 2027 – Jun 2027,AMM-DU-0328,DU,Rooftop,Amman-Zarqa Metro,Amman core,Amman,31.97176,35.94598,26,3,HUB-AMM-28,HUB-AMM-28-R07,Fiber ring,0
RO-01,Apr 2027 – Jun 2027,AMM-DU-0354,DU,Rooftop,Amman-Zarqa Metro,Amman core,Amman,31.97606,35.94401,25,3,HUB-AMM-28,HUB-AMM-28-R07,Fiber ring,0
RO-01,Apr 2027 – Jun 2027,AMM-DU-0355,DU,Rooftop,Amman-Zarqa Metro,Amman core,Amman,31.97606,35.94795,25,3,HUB-AMM-28,HUB-AMM-28-R07,Fiber ring,0
RO-01,Apr 2027 – Jun 2027,AMM-DU-0377,DU,Rooftop,Amman-Zarqa Metro,Amman core,Amman,31.97899,35.94204,25,3,HUB-AMM-28,HUB-AMM-28-R07,Fiber ring,0
RO-01,Apr 2027 – Jun 2027,AMM-DU-0378,DU,Rooftop,Amman-Zarqa Metro,Amman core,Amman,31.97831,35.94519,25,3,HUB-AMM-28,HUB-AMM-28-R07,Fiber ring,0
RO-01,Apr 2027 – Jun 2027,AMM-DU-0379,DU,Rooftop,Amman-Zarqa Metro,Amman core,Amman,31.97797,35.94953,25,3,HUB-AMM-28,HUB-AMM-28-R07,Fiber ring,0
RO-01,Apr 2027 – Jun 2027,AMM-DU-0397,DU,Rooftop,Amman-Zarqa Metro,Amman core,Amman,31.98125,35.94322,25,3,HUB-AMM-28,HUB-AMM-28-R07,Fiber ring,0
RO-01,Apr 2027 – Jun 2027,AMM-DU-0298,DU,Rooftop,Amman-Zarqa Metro,Amman core,Amman,31.96916,35.93574,25,3,HUB-AMM-28,HUB-AMM-28-R08,Fiber ring,0
RO-01,Apr 2027 – Jun 2027,AMM-DU-0299,DU,Rooftop,Amman-Zarqa Metro,Amman core,Amman,31.96882,35.94007,25,3,HUB-AMM-28,HUB-AMM-28-R08,Fiber ring,0
RO-01,Apr 2027 – Jun 2027,AMM-DU-0300,DU,Rooftop,Amman-Zarqa Metro,Amman core,Amman,31.97018,35.94401,26,3,HUB-AMM-28,HUB-AMM-28-R08,Fiber ring,0
RO-01,Apr 2027 – Jun 2027,AMM-DU-0301,DU,Rooftop,Amman-Zarqa Metro,Amman core,Amman,31.96950,35.94716,30,3,HUB-AMM-28,HUB-AMM-28-R08,Fiber ring,0
RO-01,Apr 2027 – Jun 2027,AMM-DU-0326,DU,Rooftop,Amman-Zarqa Metro,Amman core,Amman,31.97312,35.93810,25,3,HUB-AMM-28,HUB-AMM-28-R08,Fiber ring,0
RO-01,Apr 2027 – Jun 2027,AMM-DU-0327,DU,Rooftop,Amman-Zarqa Metro,Amman core,Amman,31.97244,35.94204,25,3,HUB-AMM-28,HUB-AMM-28-R08,Fiber ring,0
RO-01,Apr 2027 – Jun 2027,AMM-DU-0353,DU,Rooftop,Amman-Zarqa Metro,Amman core,Amman,31.97606,35.94007,25,3,HUB-AMM-28,HUB-AMM-28-R08,Fiber ring,0
RO-01,Apr 2027 – Jun 2027,AMM-DU-0271,DU,Rooftop,Amman-Zarqa Metro,Amman core,Amman,31.96724,35.93417,26,3,HUB-AMM-28,HUB-AMM-28-R09,Fiber ring,0
RO-01,Apr 2027 – Jun 2027,AMM-DU-0272,DU,Rooftop,Amman-Zarqa Metro,Amman core,Amman,31.96657,35.93810,25,3,HUB-AMM-28,HUB-AMM-28-R09,Fiber ring,0
RO-01,Apr 2027 – Jun 2027,AMM-DU-0273,DU,Rooftop,Amman-Zarqa Metro,Amman core,Amman,31.96690,35.94165,25,3,HUB-AMM-28,HUB-AMM-28-R09,Fiber ring,0
RO-01,Apr 2027 – Jun 2027,AMM-DU-0274,DU,Rooftop,Amman-Zarqa Metro,Amman core,Amman,31.96623,35.94637,28,3,HUB-AMM-28,HUB-AMM-28-R09,Fiber ring,0
RO-01,Apr 2027 – Jun 2027,AMM-DU-0004,DU,Rooftop,Amman-Zarqa Metro,Amman core,Amman,31.93358,35.91644,25,3,HUB-AMM-38,HUB-AMM-38-R01,Fiber ring,0
RO-01,Apr 2027 – Jun 2027,AMM-DU-0005,DU,Rooftop,Amman-Zarqa Metro,Amman core,Amman,31.93392,35.91999,30,3,HUB-AMM-38,HUB-AMM-38-R01,Fiber ring,0
RO-01,Apr 2027 – Jun 2027,AMM-DU-0006,DU,Rooftop,Amman-Zarqa Metro,Amman core,Amman,31.93426,35.92511,30,3,HUB-AMM-38,HUB-AMM-38-R01,Fiber ring,0
RO-01,Apr 2027 – Jun 2027,AMM-DU-0017,DU,Rooftop,Amman-Zarqa Metro,Amman core,Amman,31.93652,35.91841,27,3,HUB-AMM-38,HUB-AMM-38-R01,Fiber ring,0
RO-01,Apr 2027 – Jun 2027,AMM-DU-0020,DU,Rooftop,Amman-Zarqa Metro,Amman core,Amman,31.93686,35.92983,31,3,HUB-AMM-38,HUB-AMM-38-R01,Fiber ring,1
RO-01,Apr 2027 – Jun 2027,AMM-U-0696,U,Rooftop,Amman-Zarqa Metro,Amman,Amman,31.92956,35.91503,30,3,HUB-AMM-38,HUB-AMM-38-R01,Fiber ring,0
RO-01,Apr 2027 – Jun 2027,AMM-U-0697,U,Rooftop,Amman-Zarqa Metro,Amman,Amman,31.92956,35.91786,30,3,HUB-AMM-38,HUB-AMM-38-R01,Fiber ring,0
RO-01,Apr 2027 – Jun 2027,AMM-U-0698,U,Rooftop,Amman-Zarqa Metro,Amman,Amman,31.92875,35.92353,30,3,HUB-AMM-38,HUB-AMM-38-R01,Fiber ring,0
RO-01,Apr 2027 – Jun 2027,AMM-DU-0001,DU,Rooftop,Amman-Zarqa Metro,Amman core,Amman,31.93132,35.93810,25,3,HUB-AMM-38,HUB-AMM-38-R02,Fiber ring,0
RO-01,Apr 2027 – Jun 2027,AMM-DU-0007,DU,Rooftop,Amman-Zarqa Metro,Amman core,Amman,31.93392,35.92865,30,3,HUB-AMM-38,HUB-AMM-38-R02,Fiber ring,0
RO-01,Apr 2027 – Jun 2027,AMM-DU-0008,DU,Rooftop,Amman-Zarqa Metro,Amman core,Amman,31.93358,35.93220,30,3,HUB-AMM-38,HUB-AMM-38-R02,Fiber ring,0
RO-01,Apr 2027 – Jun 2027,AMM-U-0667,U,Rooftop,Amman-Zarqa Metro,Amman,Amman,31.92603,35.93535,30,3,HUB-AMM-38,HUB-AMM-38-R02,Fiber ring,0
RO-01,Apr 2027 – Jun 2027,AMM-U-0668,U,Rooftop,Amman-Zarqa Metro,Amman,Amman,31.92603,35.94007,30,3,HUB-AMM-38,HUB-AMM-38-R02,Fiber ring,0
RO-01,Apr 2027 – Jun 2027,AMM-U-0699,U,Rooftop,Amman-Zarqa Metro,Amman,Amman,31.92875,35.92826,31,3,HUB-AMM-38,HUB-AMM-38-R02,Fiber ring,0
RO-01,Apr 2027 – Jun 2027,AMM-U-0700,U,Rooftop,Amman-Zarqa Metro,Amman,Amman,31.92956,35.93393,32,3,HUB-AMM-38,HUB-AMM-38-R02,Fiber ring,0
RO-01,Apr 2027 – Jun 2027,AMM-DU-0009,DU,Rooftop,Amman-Zarqa Metro,Amman core,Amman,31.93426,35.93614,25,3,HUB-AMM-38,HUB-AMM-38-R03,Fiber ring,0
RO-01,Apr 2027 – Jun 2027,AMM-DU-0010,DU,Rooftop,Amman-Zarqa Metro,Amman core,Amman,31.93460,35.93968,25,3,HUB-AMM-38,HUB-AMM-38-R03,Fiber ring,0
RO-01,Apr 2027 – Jun 2027,AMM-DU-0021,DU,Rooftop,Amman-Zarqa Metro,Amman core,Amman,31.93652,35.93417,28,3,HUB-AMM-38,HUB-AMM-38-R03,Fiber ring,0
RO-01,Apr 2027 – Jun 2027,AMM-DU-0022,DU,Rooftop,Amman-Zarqa Metro,Amman core,Amman,31.93720,35.93810,26,3,HUB-AMM-38,HUB-AMM-38-R03,Fiber ring,0
RO-01,Apr 2027 – Jun 2027,AMM-DU-0023,DU,Rooftop,Amman-Zarqa Metro,Amman core,Amman,31.93720,35.94125,26,3,HUB-AMM-38,HUB-AMM-38-R03,Fiber ring,0
RO-01,Apr 2027 – Jun 2027,AMM-DU-0037,DU,Rooftop,Amman-Zarqa Metro,Amman core,Amman,31.94047,35.93653,25,3,HUB-AMM-38,HUB-AMM-38-R03,Fiber ring,0
RO-01,Apr 2027 – Jun 2027,AMM-DU-0038,DU,Rooftop,Amman-Zarqa Metro,Amman core,Amman,31.94013,35.94007,26,3,HUB-AMM-38,HUB-AMM-38-R03,Fiber ring,0
RO-01,Apr 2027 – Jun 2027,AMM-DU-0036,DU,Rooftop,Amman-Zarqa Metro,Amman core,Amman,31.94013,35.93298,31,3,HUB-AMM-38,HUB-AMM-38-R04,Fiber ring,0
RO-01,Apr 2027 – Jun 2027,AMM-DU-0055,DU,Rooftop,Amman-Zarqa Metro,Amman core,Amman,31.94273,35.93456,31,3,HUB-AMM-38,HUB-AMM-38-R04,Fiber ring,0
RO-01,Apr 2027 – Jun 2027,AMM-DU-0056,DU,Rooftop,Amman-Zarqa Metro,Amman core,Amman,31.94307,35.93889,27,3,HUB-AMM-38,HUB-AMM-38-R04,Fiber ring,0
RO-01,Apr 2027 – Jun 2027,AMM-DU-0078,DU,Rooftop,Amman-Zarqa Metro,Amman core,Amman,31.94601,35.93692,32,3,HUB-AMM-38,HUB-AMM-38-R04,Fiber ring,0
RO-01,Apr 2027 – Jun 2027,AMM-DU-0079,DU,Rooftop,Amman-Zarqa Metro,Amman core,Amman,31.94533,35.94007,25,3,HUB-AMM-38,HUB-AMM-38-R04,Fiber ring,0
RO-01,Apr 2027 – Jun 2027,AMM-DU-0102,DU,Rooftop,Amman-Zarqa Metro,Amman core,Amman,31.94894,35.93338,30,3,HUB-AMM-38,HUB-AMM-38-R04,Fiber ring,0
RO-01,Apr 2027 – Jun 2027,AMM-DU-0103,DU,Rooftop,Amman-Zarqa Metro,Amman core,Amman,31.94827,35.93810,32,3,HUB-AMM-38,HUB-AMM-38-R04,Fiber ring,0
RO-01,Apr 2027 – Jun 2027,AMM-DU-0035,DU,Rooftop,Amman-Zarqa Metro,Amman core,Amman,31.94013,35.92747,28,3,HUB-AMM-38,HUB-AMM-38-R05,Fiber ring,0
RO-01,Apr 2027 – Jun 2027,AMM-DU-0053,DU,Rooftop,Amman-Zarqa Metro,Amman core,Amman,31.94307,35.92629,31,3,HUB-AMM-38,HUB-AMM-38-R05,Fiber ring,0
RO-01,Apr 2027 – Jun 2027,AMM-DU-0054,DU,Rooftop,Amman-Zarqa Metro,Amman core,Amman,31.94273,35.93062,31,3,HUB-AMM-38,HUB-AMM-38-R05,Fiber ring,0
RO-01,Apr 2027 – Jun 2027,AMM-DU-0075,DU,Rooftop,Amman-Zarqa Metro,Amman core,Amman,31.94668,35.92432,31,3,HUB-AMM-38,HUB-AMM-38-R05,Fiber ring,0
RO-01,Apr 2027 – Jun 2027,AMM-DU-0076,DU,Rooftop,Amman-Zarqa Metro,Amman core,Amman,31.94668,35.92826,33,3,HUB-AMM-38,HUB-AMM-38-R05,Fiber ring,0
RO-01,Apr 2027 – Jun 2027,AMM-DU-0077,DU,Rooftop,Amman-Zarqa Metro,Amman core,Amman,31.94668,35.93220,31,3,HUB-AMM-38,HUB-AMM-38-R05,Fiber ring,0
RO-01,Apr 2027 – Jun 2027,AMM-DU-0101,DU,Rooftop,Amman-Zarqa Metro,Amman core,Amman,31.94860,35.92983,33,3,HUB-AMM-38,HUB-AMM-38-R05,Fiber ring,0
RO-01,Apr 2027 – Jun 2027,AMM-DU-0016,DU,Rooftop,Amman-Zarqa Metro,Amman core,Amman,31.93787,35.91447,25,3,HUB-AMM-38,HUB-AMM-38-R06,Fiber ring,0
RO-01,Apr 2027 – Jun 2027,AMM-DU-0019,DU,Rooftop,Amman-Zarqa Metro,Amman core,Amman,31.93720,35.92708,30,3,HUB-AMM-38,HUB-AMM-38-R06,Fiber ring,0
RO-01,Apr 2027 – Jun 2027,AMM-DU-0032,DU,Rooftop,Amman-Zarqa Metro,Amman core,Amman,31.94013,35.91566,25,3,HUB-AMM-38,HUB-AMM-38-R06,Fiber ring,0
RO-01,Apr 2027 – Jun 2027,AMM-DU-0033,DU,Rooftop,Amman-Zarqa Metro,Amman core,Amman,31.94013,35.91959,29,3,HUB-AMM-38,HUB-AMM-38-R06,Fiber ring,0
RO-01,Apr 2027 – Jun 2027,AMM-DU-0034,DU,Rooftop,Amman-Zarqa Metro,Amman core,Amman,31.94013,35.92511,29,3,HUB-AMM-38,HUB-AMM-38-R06,Fiber ring,0
RO-01,Apr 2027 – Jun 2027,AMM-DU-0051,DU,Rooftop,Amman-Zarqa Metro,Amman core,Amman,31.94239,35.91841,30,3,HUB-AMM-38,HUB-AMM-38-R06,Fiber ring,0
RO-01,Apr 2027 – Jun 2027,AMM-DU-0052,DU,Rooftop,Amman-Zarqa Metro,Amman core,Amman,31.94307,35.92156,30,3,HUB-AMM-38,HUB-AMM-38-R06,Fiber ring,0
RO-01,Apr 2027 – Jun 2027,AMM-DU-0018,DU,Rooftop,Amman-Zarqa Metro,Amman core,Amman,31.93720,35.92156,29,3,HUB-AMM-38,HUB-AMM-38-R07,Fiber ring,0
RO-01,Apr 2027 – Jun 2027,AMM-DU-0292,DU,Rooftop,Amman-Zarqa Metro,Amman core,Amman,31.96950,35.91329,29,3,HUB-AMM-69,HUB-AMM-69-R01,Fiber ring,0
RO-01,Apr 2027 – Jun 2027,AMM-DU-0319,DU,Rooftop,Amman-Zarqa Metro,Amman core,Amman,31.97244,35.91054,30,3,HUB-AMM-69,HUB-AMM-69-R01,Fiber ring,0
RO-01,Apr 2027 – Jun 2027,AMM-DU-0320,DU,Rooftop,Amman-Zarqa Metro,Amman core,Amman,31.97244,35.91447,28,3,HUB-AMM-69,HUB-AMM-69-R01,Fiber ring,0
RO-01,Apr 2027 – Jun 2027,AMM-DU-0345,DU,Rooftop,Amman-Zarqa Metro,Amman core,Amman,31.97538,35.90857,34,3,HUB-AMM-69,HUB-AMM-69-R01,Fiber ring,0
RO-01,Apr 2027 – Jun 2027,AMM-DU-0346,DU,Rooftop,Amman-Zarqa Metro,Amman core,Amman,31.97538,35.91251,25,3,HUB-AMM-69,HUB-AMM-69-R01,Fiber ring,0
RO-01,Apr 2027 – Jun 2027,AMM-DU-0347,DU,Rooftop,Amman-Zarqa Metro,Amman core,Amman,31.97538,35.91644,25,3,HUB-AMM-69,HUB-AMM-69-R01,Fiber ring,0
RO-01,Apr 2027 – Jun 2027,AMM-DU-0348,DU,Rooftop,Amman-Zarqa Metro,Amman core,Amman,31.97538,35.91959,25,3,HUB-AMM-69,HUB-AMM-69-R01,Fiber ring,0
RO-01,Apr 2027 – Jun 2027,AMM-DU-0372,DU,Rooftop,Amman-Zarqa Metro,Amman core,Amman,31.97831,35.92235,27,3,HUB-AMM-69,HUB-AMM-69-R01,Fiber ring,1
RO-01,Apr 2027 – Jun 2027,AMM-DU-0293,DU,Rooftop,Amman-Zarqa Metro,Amman core,Amman,31.96984,35.91605,29,3,HUB-AMM-69,HUB-AMM-69-R02,Fiber ring,0
RO-01,Apr 2027 – Jun 2027,AMM-DU-0294,DU,Rooftop,Amman-Zarqa Metro,Amman core,Amman,31.96950,35.92038,27,3,HUB-AMM-69,HUB-AMM-69-R02,Fiber ring,0
RO-01,Apr 2027 – Jun 2027,AMM-DU-0295,DU,Rooftop,Amman-Zarqa Metro,Amman core,Amman,31.96950,35.92353,25,3,HUB-AMM-69,HUB-AMM-69-R02,Fiber ring,0
RO-01,Apr 2027 – Jun 2027,AMM-DU-0321,DU,Rooftop,Amman-Zarqa Metro,Amman core,Amman,31.97244,35.91841,25,3,HUB-AMM-69,HUB-AMM-69-R02,Fiber ring,0
RO-01,Apr 2027 – Jun 2027,AMM-DU-0322,DU,Rooftop,Amman-Zarqa Metro,Amman core,Amman,31.97244,35.92156,26,3,HUB-AMM-69,HUB-AMM-69-R02,Fiber ring,0
RO-01,Apr 2027 – Jun 2027,AMM-DU-0323,DU,Rooftop,Amman-Zarqa Metro,Amman core,Amman,31.97312,35.92629,25,3,HUB-AMM-69,HUB-AMM-69-R02,Fiber ring,0
RO-01,Apr 2027 – Jun 2027,AMM-DU-0349,DU,Rooftop,Amman-Zarqa Metro,Amman core,Amman,31.97538,35.92432,26,3,HUB-AMM-69,HUB-AMM-69-R02,Fiber ring,0
RO-01,Apr 2027 – Jun 2027,AMM-DU-0296,DU,Rooftop,Amman-Zarqa Metro,Amman core,Amman,31.96950,35.92905,25,3,HUB-AMM-69,HUB-AMM-69-R03,Fiber ring,0
RO-01,Apr 2027 – Jun 2027,AMM-DU-0297,DU,Rooftop,Amman-Zarqa Metro,Amman core,Amman,31.96950,35.93220,25,3,HUB-AMM-69,HUB-AMM-69-R03,Fiber ring,0
RO-01,Apr 2027 – Jun 2027,AMM-DU-0324,DU,Rooftop,Amman-Zarqa Metro,Amman core,Amman,31.97244,35.93023,25,3,HUB-AMM-69,HUB-AMM-69-R03,Fiber ring,0
RO-01,Apr 2027 – Jun 2027,AMM-DU-0325,DU,Rooftop,Amman-Zarqa Metro,Amman core,Amman,31.97244,35.93338,25,3,HUB-AMM-69,HUB-AMM-69-R03,Fiber ring,0
RO-01,Apr 2027 – Jun 2027,AMM-DU-0350,DU,Rooftop,Amman-Zarqa Metro,Amman core,Amman,31.97538,35.92747,25,3,HUB-AMM-69,HUB-AMM-69-R03,Fiber ring,0
RO-01,Apr 2027 – Jun 2027,AMM-DU-0351,DU,Rooftop,Amman-Zarqa Metro,Amman core,Amman,31.97538,35.93220,25,3,HUB-AMM-69,HUB-AMM-69-R03,Fiber ring,0
RO-01,Apr 2027 – Jun 2027,AMM-DU-0352,DU,Rooftop,Amman-Zarqa Metro,Amman core,Amman,31.97470,35.93614,25,3,HUB-AMM-69,HUB-AMM-69-R03,Fiber ring,0
RO-01,Apr 2027 – Jun 2027,AMM-DU-0373,DU,Rooftop,Amman-Zarqa Metro,Amman core,Amman,31.97831,35.92550,25,3,HUB-AMM-69,HUB-AMM-69-R04,Fiber ring,0
RO-01,Apr 2027 – Jun 2027,AMM-DU-0374,DU,Rooftop,Amman-Zarqa Metro,Amman core,Amman,31.97899,35.93023,25,3,HUB-AMM-69,HUB-AMM-69-R04,Fiber ring,0
RO-01,Apr 2027 – Jun 2027,AMM-DU-0375,DU,Rooftop,Amman-Zarqa Metro,Amman core,Amman,31.97831,35.93338,25,3,HUB-AMM-69,HUB-AMM-69-R04,Fiber ring,0
RO-01,Apr 2027 – Jun 2027,AMM-DU-0376,DU,Rooftop,Amman-Zarqa Metro,Amman core,Amman,31.97831,35.93810,25,3,HUB-AMM-69,HUB-AMM-69-R04,Fiber ring,0
RO-01,Apr 2027 – Jun 2027,AMM-DU-0394,DU,Rooftop,Amman-Zarqa Metro,Amman core,Amman,31.98125,35.93141,25,3,HUB-AMM-69,HUB-AMM-69-R04,Fiber ring,0
RO-01,Apr 2027 – Jun 2027,AMM-DU-0395,DU,Rooftop,Amman-Zarqa Metro,Amman core,Amman,31.98193,35.93614,31,3,HUB-AMM-69,HUB-AMM-69-R04,Fiber ring,0
RO-01,Apr 2027 – Jun 2027,AMM-DU-0396,DU,Rooftop,Amman-Zarqa Metro,Amman core,Amman,31.98125,35.94007,25,3,HUB-AMM-69,HUB-AMM-69-R04,Fiber ring,0
RO-01,Apr 2027 – Jun 2027,AMM-DU-0392,DU,Rooftop,Amman-Zarqa Metro,Amman core,Amman,31.98125,35.92432,27,3,HUB-AMM-69,HUB-AMM-69-R05,Fiber ring,0
RO-01,Apr 2027 – Jun 2027,AMM-DU-0393,DU,Rooftop,Amman-Zarqa Metro,Amman core,Amman,31.98125,35.92826,25,3,HUB-AMM-69,HUB-AMM-69-R05,Fiber ring,0
RO-01,Apr 2027 – Jun 2027,AMM-DU-0408,DU,Rooftop,Amman-Zarqa Metro,Amman core,Amman,31.98419,35.92944,25,3,HUB-AMM-69,HUB-AMM-69-R05,Fiber ring,0
RO-01,Apr 2027 – Jun 2027,AMM-DU-0409,DU,Rooftop,Amman-Zarqa Metro,Amman core,Amman,31.98419,35.93417,31,3,HUB-AMM-69,HUB-AMM-69-R05,Fiber ring,0
RO-01,Apr 2027 – Jun 2027,AMM-DU-0410,DU,Rooftop,Amman-Zarqa Metro,Amman core,Amman,31.98419,35.93810,31,3,HUB-AMM-69,HUB-AMM-69-R05,Fiber ring,0
RO-01,Apr 2027 – Jun 2027,AMM-DU-0417,DU,Rooftop,Amman-Zarqa Metro,Amman core,Amman,31.98712,35.93141,25,3,HUB-AMM-69,HUB-AMM-69-R05,Fiber ring,0
RO-01,Apr 2027 – Jun 2027,AMM-U-1153,U,Rooftop,Amman-Zarqa Metro,Amman,Amman,31.98947,35.93535,30,3,HUB-AMM-69,HUB-AMM-69-R05,Fiber ring,0
RO-01,Apr 2027 – Jun 2027,AMM-DU-0405,DU,Rooftop,Amman-Zarqa Metro,Amman core,Amman,31.98419,35.91920,25,3,HUB-AMM-69,HUB-AMM-69-R06,Fiber ring,0
RO-01,Apr 2027 – Jun 2027,AMM-DU-0406,DU,Rooftop,Amman-Zarqa Metro,Amman core,Amman,31.98419,35.92235,25,3,HUB-AMM-69,HUB-AMM-69-R06,Fiber ring,0
RO-01,Apr 2027 – Jun 2027,AMM-DU-0407,DU,Rooftop,Amman-Zarqa Metro,Amman core,Amman,31.98419,35.92629,25,3,HUB-AMM-69,HUB-AMM-69-R06,Fiber ring,0
RO-01,Apr 2027 – Jun 2027,AMM-DU-0414,DU,Rooftop,Amman-Zarqa Metro,Amman core,Amman,31.98780,35.92038,25,3,HUB-AMM-69,HUB-AMM-69-R06,Fiber ring,0
RO-01,Apr 2027 – Jun 2027,AMM-DU-0415,DU,Rooftop,Amman-Zarqa Metro,Amman core,Amman,31.98780,35.92432,28,3,HUB-AMM-69,HUB-AMM-69-R06,Fiber ring,0
RO-01,Apr 2027 – Jun 2027,AMM-DU-0416,DU,Rooftop,Amman-Zarqa Metro,Amman core,Amman,31.98712,35.92747,27,3,HUB-AMM-69,HUB-AMM-69-R06,Fiber ring,0
RO-01,Apr 2027 – Jun 2027,AMM-U-1152,U,Rooftop,Amman-Zarqa Metro,Amman,Amman,31.98947,35.92117,30,3,HUB-AMM-69,HUB-AMM-69-R06,Fiber ring,0
RO-01,Apr 2027 – Jun 2027,AMM-DU-0391,DU,Rooftop,Amman-Zarqa Metro,Amman core,Amman,31.98193,35.92038,25,3,HUB-AMM-69,HUB-AMM-69-R07,Fiber ring,0
RO-01,Apr 2027 – Jun 2027,AMM-DU-0403,DU,Rooftop,Amman-Zarqa Metro,Amman core,Amman,31.98419,35.91132,25,3,HUB-AMM-69,HUB-AMM-69-R07,Fiber ring,0
RO-01,Apr 2027 – Jun 2027,AMM-DU-0404,DU,Rooftop,Amman-Zarqa Metro,Amman core,Amman,31.98419,35.91447,25,3,HUB-AMM-69,HUB-AMM-69-R07,Fiber ring,0
RO-01,Apr 2027 – Jun 2027,AMM-DU-0412,DU,Rooftop,Amman-Zarqa Metro,Amman core,Amman,31.98712,35.91329,27,3,HUB-AMM-69,HUB-AMM-69-R07,Fiber ring,0
RO-01,Apr 2027 – Jun 2027,AMM-DU-0413,DU,Rooftop,Amman-Zarqa Metro,Amman core,Amman,31.98712,35.91566,27,3,HUB-AMM-69,HUB-AMM-69-R07,Fiber ring,0
RO-01,Apr 2027 – Jun 2027,AMM-U-1150,U,Rooftop,Amman-Zarqa Metro,Amman,Amman,31.98947,35.91266,30,3,HUB-AMM-69,HUB-AMM-69-R07,Fiber ring,0
RO-01,Apr 2027 – Jun 2027,AMM-U-1151,U,Rooftop,Amman-Zarqa Metro,Amman,Amman,31.98907,35.91597,30,3,HUB-AMM-69,HUB-AMM-69-R07,Fiber ring,0
RO-01,Apr 2027 – Jun 2027,AMM-DU-0369,DU,Rooftop,Amman-Zarqa Metro,Amman core,Amman,31.97831,35.90975,29,3,HUB-AMM-69,HUB-AMM-69-R08,Fiber ring,0
RO-01,Apr 2027 – Jun 2027,AMM-DU-0370,DU,Rooftop,Amman-Zarqa Metro,Amman core,Amman,31.97831,35.91447,25,3,HUB-AMM-69,HUB-AMM-69-R08,Fiber ring,0
RO-01,Apr 2027 – Jun 2027,AMM-DU-0371,DU,Rooftop,Amman-Zarqa Metro,Amman core,Amman,31.97831,35.91920,27,3,HUB-AMM-69,HUB-AMM-69-R08,Fiber ring,0
RO-01,Apr 2027 – Jun 2027,AMM-DU-0389,DU,Rooftop,Amman-Zarqa Metro,Amman core,Amman,31.98193,35.91251,25,3,HUB-AMM-69,HUB-AMM-69-R08,Fiber ring,0
RO-01,Apr 2027 – Jun 2027,AMM-DU-0390,DU,Rooftop,Amman-Zarqa Metro,Amman core,Amman,31.98125,35.91566,25,3,HUB-AMM-69,HUB-AMM-69-R08,Fiber ring,0
RO-01,Apr 2027 – Jun 2027,AMM-DU-0096,DU,Rooftop,Amman-Zarqa Metro,Amman core,Amman,31.94962,35.91054,25,3,HUB-AMM-82,HUB-AMM-82-R01,Fiber ring,0
RO-01,Apr 2027 – Jun 2027,AMM-DU-0122,DU,Rooftop,Amman-Zarqa Metro,Amman core,Amman,31.95256,35.90857,27,3,HUB-AMM-82,HUB-AMM-82-R01,Fiber ring,0
RO-01,Apr 2027 – Jun 2027,AMM-DU-0123,DU,Rooftop,Amman-Zarqa Metro,Amman core,Amman,31.95256,35.91251,32,3,HUB-AMM-82,HUB-AMM-82-R01,Fiber ring,0
RO-01,Apr 2027 – Jun 2027,AMM-DU-0151,DU,Rooftop,Amman-Zarqa Metro,Amman core,Amman,31.95482,35.90660,29,3,HUB-AMM-82,HUB-AMM-82-R01,Fiber ring,0
RO-01,Apr 2027 – Jun 2027,AMM-DU-0152,DU,Rooftop,Amman-Zarqa Metro,Amman core,Amman,31.95482,35.91054,34,3,HUB-AMM-82,HUB-AMM-82-R01,Fiber ring,0
RO-01,Apr 2027 – Jun 2027,AMM-DU-0153,DU,Rooftop,Amman-Zarqa Metro,Amman core,Amman,31.95414,35.91447,35,3,HUB-AMM-82,HUB-AMM-82-R01,Fiber ring,0
RO-01,Apr 2027 – Jun 2027,AMM-DU-0154,DU,Rooftop,Amman-Zarqa Metro,Amman core,Amman,31.95550,35.91841,35,3,HUB-AMM-82,HUB-AMM-82-R01,Fiber ring,0
RO-01,Apr 2027 – Jun 2027,AMM-DU-0183,DU,Rooftop,Amman-Zarqa Metro,Amman core,Amman,31.95708,35.92038,34,3,HUB-AMM-82,HUB-AMM-82-R01,Fiber ring,1
RO-01,Apr 2027 – Jun 2027,AMM-DU-0073,DU,Rooftop,Amman-Zarqa Metro,Amman core,Amman,31.94533,35.91644,30,3,HUB-AMM-82,HUB-AMM-82-R02,Fiber ring,0
RO-01,Apr 2027 – Jun 2027,AMM-DU-0074,DU,Rooftop,Amman-Zarqa Metro,Amman core,Amman,31.94668,35.92038,30,3,HUB-AMM-82,HUB-AMM-82-R02,Fiber ring,0
RO-01,Apr 2027 – Jun 2027,AMM-DU-0097,DU,Rooftop,Amman-Zarqa Metro,Amman core,Amman,31.94962,35.91447,27,3,HUB-AMM-82,HUB-AMM-82-R02,Fiber ring,0
RO-01,Apr 2027 – Jun 2027,AMM-DU-0098,DU,Rooftop,Amman-Zarqa Metro,Amman core,Amman,31.94894,35.91841,30,3,HUB-AMM-82,HUB-AMM-82-R02,Fiber ring,0
RO-01,Apr 2027 – Jun 2027,AMM-DU-0099,DU,Rooftop,Amman-Zarqa Metro,Amman core,Amman,31.94894,35.92235,28,3,HUB-AMM-82,HUB-AMM-82-R02,Fiber ring,0
RO-01,Apr 2027 – Jun 2027,AMM-DU-0124,DU,Rooftop,Amman-Zarqa Metro,Amman core,Amman,31.95188,35.91644,27,3,HUB-AMM-82,HUB-AMM-82-R02,Fiber ring,0
RO-01,Apr 2027 – Jun 2027,AMM-DU-0125,DU,Rooftop,Amman-Zarqa Metro,Amman core,Amman,31.95188,35.92038,32,3,HUB-AMM-82,HUB-AMM-82-R02,Fiber ring,0
RO-01,Apr 2027 – Jun 2027,AMM-DU-0100,DU,Rooftop,Amman-Zarqa Metro,Amman core,Amman,31.94894,35.92629,29,3,HUB-AMM-82,HUB-AMM-82-R03,Fiber ring,0
RO-01,Apr 2027 – Jun 2027,AMM-DU-0126,DU,Rooftop,Amman-Zarqa Metro,Amman core,Amman,31.95188,35.92353,32,3,HUB-AMM-82,HUB-AMM-82-R03,Fiber ring,0
RO-01,Apr 2027 – Jun 2027,AMM-DU-0127,DU,Rooftop,Amman-Zarqa Metro,Amman core,Amman,31.95256,35.92826,30,3,HUB-AMM-82,HUB-AMM-82-R03,Fiber ring,0
RO-01,Apr 2027 – Jun 2027,AMM-DU-0128,DU,Rooftop,Amman-Zarqa Metro,Amman core,Amman,31.95120,35.93220,30,3,HUB-AMM-82,HUB-AMM-82-R03,Fiber ring,0
RO-01,Apr 2027 – Jun 2027,AMM-DU-0129,DU,Rooftop,Amman-Zarqa Metro,Amman core,Amman,31.95256,35.93614,28,3,HUB-AMM-82,HUB-AMM-82-R03,Fiber ring,0
RO-01,Apr 2027 – Jun 2027,AMM-DU-0155,DU,Rooftop,Amman-Zarqa Metro,Amman core,Amman,31.95550,35.92235,32,3,HUB-AMM-82,HUB-AMM-82-R03,Fiber ring,0
RO-01,Apr 2027 – Jun 2027,AMM-DU-0156,DU,Rooftop,Amman-Zarqa Metro,Amman core,Amman,31.95482,35.92629,32,3,HUB-AMM-82,HUB-AMM-82-R03,Fiber ring,0
RO-01,Apr 2027 – Jun 2027,AMM-DU-0157,DU,Rooftop,Amman-Zarqa Metro,Amman core,Amman,31.95482,35.92944,32,3,HUB-AMM-82,HUB-AMM-82-R04,Fiber ring,0
RO-01,Apr 2027 – Jun 2027,AMM-DU-0158,DU,Rooftop,Amman-Zarqa Metro,Amman core,Amman,31.95482,35.93456,31,3,HUB-AMM-82,HUB-AMM-82-R04,Fiber ring,0
RO-01,Apr 2027 – Jun 2027,AMM-DU-0184,DU,Rooftop,Amman-Zarqa Metro,Amman core,Amman,31.95708,35.92432,29,3,HUB-AMM-82,HUB-AMM-82-R04,Fiber ring,0
RO-01,Apr 2027 – Jun 2027,AMM-DU-0185,DU,Rooftop,Amman-Zarqa Metro,Amman core,Amman,31.95708,35.92826,33,3,HUB-AMM-82,HUB-AMM-82-R04,Fiber ring,0
RO-01,Apr 2027 – Jun 2027,AMM-DU-0186,DU,Rooftop,Amman-Zarqa Metro,Amman core,Amman,31.95809,35.93180,33,3,HUB-AMM-82,HUB-AMM-82-R04,Fiber ring,0
RO-01,Apr 2027 – Jun 2027,AMM-DU-0214,DU,Rooftop,Amman-Zarqa Metro,Amman core,Amman,31.96069,35.93023,32,3,HUB-AMM-82,HUB-AMM-82-R04,Fiber ring,0
RO-01,Apr 2027 – Jun 2027,AMM-DU-0215,DU,Rooftop,Amman-Zarqa Metro,Amman core,Amman,31.96069,35.93338,30,3,HUB-AMM-82,HUB-AMM-82-R04,Fiber ring,0
RO-01,Apr 2027 – Jun 2027,AMM-DU-0212,DU,Rooftop,Amman-Zarqa Metro,Amman core,Amman,31.96137,35.92235,33,3,HUB-AMM-82,HUB-AMM-82-R05,Fiber ring,0
RO-01,Apr 2027 – Jun 2027,AMM-DU-0213,DU,Rooftop,Amman-Zarqa Metro,Amman core,Amman,31.96069,35.92629,33,3,HUB-AMM-82,HUB-AMM-82-R05,Fiber ring,0
RO-01,Apr 2027 – Jun 2027,AMM-DU-0241,DU,Rooftop,Amman-Zarqa Metro,Amman core,Amman,31.96363,35.92353,25,3,HUB-AMM-82,HUB-AMM-82-R05,Fiber ring,0
RO-01,Apr 2027 – Jun 2027,AMM-DU-0242,DU,Rooftop,Amman-Zarqa Metro,Amman core,Amman,31.96431,35.92826,25,3,HUB-AMM-82,HUB-AMM-82-R05,Fiber ring,0
RO-01,Apr 2027 – Jun 2027,AMM-DU-0243,DU,Rooftop,Amman-Zarqa Metro,Amman core,Amman,31.96329,35.93259,29,3,HUB-AMM-82,HUB-AMM-82-R05,Fiber ring,0
RO-01,Apr 2027 – Jun 2027,AMM-DU-0269,DU,Rooftop,Amman-Zarqa Metro,Amman core,Amman,31.96657,35.92550,25,3,HUB-AMM-82,HUB-AMM-82-R05,Fiber ring,0
RO-01,Apr 2027 – Jun 2027,AMM-DU-0270,DU,Rooftop,Amman-Zarqa Metro,Amman core,Amman,31.96657,35.92944,25,3,HUB-AMM-82,HUB-AMM-82-R05,Fiber ring,0
RO-01,Apr 2027 – Jun 2027,AMM-DU-0211,DU,Rooftop,Amman-Zarqa Metro,Amman core,Amman,31.96137,35.91841,33,3,HUB-AMM-82,HUB-AMM-82-R06,Fiber ring,0
RO-01,Apr 2027 – Jun 2027,AMM-DU-0238,DU,Rooftop,Amman-Zarqa Metro,Amman core,Amman,31.96363,35.91251,35,3,HUB-AMM-82,HUB-AMM-82-R06,Fiber ring,0
RO-01,Apr 2027 – Jun 2027,AMM-DU-0239,DU,Rooftop,Amman-Zarqa Metro,Amman core,Amman,31.96397,35.91684,35,3,HUB-AMM-82,HUB-AMM-82-R06,Fiber ring,0
RO-01,Apr 2027 – Jun 2027,AMM-DU-0240,DU,Rooftop,Amman-Zarqa Metro,Amman core,Amman,31.96431,35.92038,25,3,HUB-AMM-82,HUB-AMM-82-R06,Fiber ring,0
RO-01,Apr 2027 – Jun 2027,AMM-DU-0266,DU,Rooftop,Amman-Zarqa Metro,Amman core,Amman,31.96657,35.91447,30,3,HUB-AMM-82,HUB-AMM-82-R06,Fiber ring,0
RO-01,Apr 2027 – Jun 2027,AMM-DU-0267,DU,Rooftop,Amman-Zarqa Metro,Amman core,Amman,31.96657,35.91841,30,3,HUB-AMM-82,HUB-AMM-82-R06,Fiber ring,0
RO-01,Apr 2027 – Jun 2027,AMM-DU-0268,DU,Rooftop,Amman-Zarqa Metro,Amman core,Amman,31.96657,35.92156,25,3,HUB-AMM-82,HUB-AMM-82-R06,Fiber ring,0
RO-01,Apr 2027 – Jun 2027,AMM-DU-0180,DU,Rooftop,Amman-Zarqa Metro,Amman core,Amman,31.95843,35.90857,32,3,HUB-AMM-82,HUB-AMM-82-R07,Fiber ring,0
RO-01,Apr 2027 – Jun 2027,AMM-DU-0181,DU,Rooftop,Amman-Zarqa Metro,Amman core,Amman,31.95809,35.91211,34,3,HUB-AMM-82,HUB-AMM-82-R07,Fiber ring,0
RO-01,Apr 2027 – Jun 2027,AMM-DU-0182,DU,Rooftop,Amman-Zarqa Metro,Amman core,Amman,31.95775,35.91644,33,3,HUB-AMM-82,HUB-AMM-82-R07,Fiber ring,0
RO-01,Apr 2027 – Jun 2027,AMM-DU-0209,DU,Rooftop,Amman-Zarqa Metro,Amman core,Amman,31.96137,35.91054,31,3,HUB-AMM-82,HUB-AMM-82-R07,Fiber ring,0
RO-01,Apr 2027 – Jun 2027,AMM-DU-0210,DU,Rooftop,Amman-Zarqa Metro,Amman core,Amman,31.96103,35.91408,35,3,HUB-AMM-82,HUB-AMM-82-R07,Fiber ring,0
RO-02,Jul 2027 – Sep 2027,AMM-DU-0338,DU,Rooftop,Amman-Zarqa Metro,Amman core,Amman,31.97538,35.88100,28,3,HUB-AMM-23,HUB-AMM-23-R01,Fiber ring,0
RO-02,Jul 2027 – Sep 2027,AMM-DU-0339,DU,Rooftop,Amman-Zarqa Metro,Amman core,Amman,31.97538,35.88415,28,3,HUB-AMM-23,HUB-AMM-23-R01,Fiber ring,0
RO-02,Jul 2027 – Sep 2027,AMM-DU-0362,DU,Rooftop,Amman-Zarqa Metro,Amman core,Amman,31.97831,35.88297,25,3,HUB-AMM-23,HUB-AMM-23-R01,Fiber ring,0
RO-02,Jul 2027 – Sep 2027,AMM-DU-0363,DU,Rooftop,Amman-Zarqa Metro,Amman core,Amman,31.97899,35.88691,25,3,HUB-AMM-23,HUB-AMM-23-R01,Fiber ring,0
RO-02,Jul 2027 – Sep 2027,AMM-DU-0381,DU,Rooftop,Amman-Zarqa Metro,Amman core,Amman,31.98193,35.88100,29,3,HUB-AMM-23,HUB-AMM-23-R01,Fiber ring,0
RO-02,Jul 2027 – Sep 2027,AMM-DU-0382,DU,Rooftop,Amman-Zarqa Metro,Amman core,Amman,31.98125,35.88494,28,3,HUB-AMM-23,HUB-AMM-23-R01,Fiber ring,0
RO-02,Jul 2027 – Sep 2027,AMM-DU-0383,DU,Rooftop,Amman-Zarqa Metro,Amman core,Amman,31.98125,35.88809,28,3,HUB-AMM-23,HUB-AMM-23-R01,Fiber ring,0
RO-02,Jul 2027 – Sep 2027,AMM-DU-0399,DU,Rooftop,Amman-Zarqa Metro,Amman core,Amman,31.98487,35.89478,26,3,HUB-AMM-23,HUB-AMM-23-R01,Fiber ring,1
RO-02,Jul 2027 – Sep 2027,AMM-DU-0364,DU,Rooftop,Amman-Zarqa Metro,Amman core,Amman,31.97831,35.89084,25,3,HUB-AMM-23,HUB-AMM-23-R02,Fiber ring,0
RO-02,Jul 2027 – Sep 2027,AMM-DU-0365,DU,Rooftop,Amman-Zarqa Metro,Amman core,Amman,31.97797,35.89439,26,3,HUB-AMM-23,HUB-AMM-23-R02,Fiber ring,0
RO-02,Jul 2027 – Sep 2027,AMM-DU-0366,DU,Rooftop,Amman-Zarqa Metro,Amman core,Amman,31.97831,35.89872,25,3,HUB-AMM-23,HUB-AMM-23-R02,Fiber ring,0
RO-02,Jul 2027 – Sep 2027,AMM-DU-0367,DU,Rooftop,Amman-Zarqa Metro,Amman core,Amman,31.97764,35.90266,25,3,HUB-AMM-23,HUB-AMM-23-R02,Fiber ring,0
RO-02,Jul 2027 – Sep 2027,AMM-DU-0384,DU,Rooftop,Amman-Zarqa Metro,Amman core,Amman,31.98125,35.89281,25,3,HUB-AMM-23,HUB-AMM-23-R02,Fiber ring,0
RO-02,Jul 2027 – Sep 2027,AMM-DU-0385,DU,Rooftop,Amman-Zarqa Metro,Amman core,Amman,31.98125,35.89675,25,3,HUB-AMM-23,HUB-AMM-23-R02,Fiber ring,0
RO-02,Jul 2027 – Sep 2027,AMM-DU-0386,DU,Rooftop,Amman-Zarqa Metro,Amman core,Amman,31.98125,35.90069,25,3,HUB-AMM-23,HUB-AMM-23-R02,Fiber ring,0
RO-02,Jul 2027 – Sep 2027,AMM-DU-0368,DU,Rooftop,Amman-Zarqa Metro,Amman core,Amman,31.97831,35.90660,29,3,HUB-AMM-23,HUB-AMM-23-R03,Fiber ring,0
RO-02,Jul 2027 – Sep 2027,AMM-DU-0387,DU,Rooftop,Amman-Zarqa Metro,Amman core,Amman,31.98125,35.90542,25,3,HUB-AMM-23,HUB-AMM-23-R03,Fiber ring,0
RO-02,Jul 2027 – Sep 2027,AMM-DU-0388,DU,Rooftop,Amman-Zarqa Metro,Amman core,Amman,31.98125,35.90778,25,3,HUB-AMM-23,HUB-AMM-23-R03,Fiber ring,0
RO-02,Jul 2027 – Sep 2027,AMM-DU-0400,DU,Rooftop,Amman-Zarqa Metro,Amman core,Amman,31.98351,35.89872,25,3,HUB-AMM-23,HUB-AMM-23-R03,Fiber ring,0
RO-02,Jul 2027 – Sep 2027,AMM-DU-0401,DU,Rooftop,Amman-Zarqa Metro,Amman core,Amman,31.98419,35.90266,25,3,HUB-AMM-23,HUB-AMM-23-R03,Fiber ring,0
RO-02,Jul 2027 – Sep 2027,AMM-DU-0402,DU,Rooftop,Amman-Zarqa Metro,Amman core,Amman,31.98419,35.90660,25,3,HUB-AMM-23,HUB-AMM-23-R03,Fiber ring,0
RO-02,Jul 2027 – Sep 2027,AMM-DU-0411,DU,Rooftop,Amman-Zarqa Metro,Amman core,Amman,31.98712,35.90778,25,3,HUB-AMM-23,HUB-AMM-23-R03,Fiber ring,0
RO-02,Jul 2027 – Sep 2027,AMM-U-1147,U,Rooftop,Amman-Zarqa Metro,Amman,Amman,31.99029,35.89754,30,3,HUB-AMM-23,HUB-AMM-23-R04,Fiber ring,0
RO-02,Jul 2027 – Sep 2027,AMM-U-1148,U,Rooftop,Amman-Zarqa Metro,Amman,Amman,31.98947,35.90227,30,3,HUB-AMM-23,HUB-AMM-23-R04,Fiber ring,0
RO-02,Jul 2027 – Sep 2027,AMM-U-1149,U,Rooftop,Amman-Zarqa Metro,Amman,Amman,31.98947,35.90699,30,3,HUB-AMM-23,HUB-AMM-23-R04,Fiber ring,0
RO-02,Jul 2027 – Sep 2027,AMM-U-1190,U,Rooftop,Amman-Zarqa Metro,Amman,Amman,31.99219,35.89990,30,3,HUB-AMM-23,HUB-AMM-23-R04,Fiber ring,0
RO-02,Jul 2027 – Sep 2027,AMM-U-1191,U,Rooftop,Amman-Zarqa Metro,Amman,Amman,31.99300,35.90557,30,3,HUB-AMM-23,HUB-AMM-23-R04,Fiber ring,0
RO-02,Jul 2027 – Sep 2027,AMM-U-1235,U,Rooftop,Amman-Zarqa Metro,Amman,Amman,31.99734,35.90227,30,3,HUB-AMM-23,HUB-AMM-23-R04,Fiber ring,0
RO-02,Jul 2027 – Sep 2027,AMM-U-1278,U,Rooftop,Amman-Zarqa Metro,Amman,Amman,31.99923,35.89990,30,3,HUB-AMM-23,HUB-AMM-23-R04,Fiber ring,0
RO-02,Jul 2027 – Sep 2027,AMM-U-1146,U,Rooftop,Amman-Zarqa Metro,Amman,Amman,31.98947,35.89187,34,3,HUB-AMM-23,HUB-AMM-23-R05,Fiber ring,0
RO-02,Jul 2027 – Sep 2027,AMM-U-1187,U,Rooftop,Amman-Zarqa Metro,Amman,Amman,31.99300,35.88478,30,3,HUB-AMM-23,HUB-AMM-23-R05,Fiber ring,0
RO-02,Jul 2027 – Sep 2027,AMM-U-1188,U,Rooftop,Amman-Zarqa Metro,Amman,Amman,31.99341,35.88998,36,3,HUB-AMM-23,HUB-AMM-23-R05,Fiber ring,0
RO-02,Jul 2027 – Sep 2027,AMM-U-1189,U,Rooftop,Amman-Zarqa Metro,Amman,Amman,31.99300,35.89518,35,3,HUB-AMM-23,HUB-AMM-23-R05,Fiber ring,0
RO-02,Jul 2027 – Sep 2027,AMM-U-1233,U,Rooftop,Amman-Zarqa Metro,Amman,Amman,31.99734,35.89281,30,3,HUB-AMM-23,HUB-AMM-23-R05,Fiber ring,0
RO-02,Jul 2027 – Sep 2027,AMM-U-1234,U,Rooftop,Amman-Zarqa Metro,Amman,Amman,31.99734,35.89754,30,3,HUB-AMM-23,HUB-AMM-23-R05,Fiber ring,0
RO-02,Jul 2027 – Sep 2027,AMM-U-1277,U,Rooftop,Amman-Zarqa Metro,Amman,Amman,31.99923,35.89518,30,3,HUB-AMM-23,HUB-AMM-23-R05,Fiber ring,0
RO-02,Jul 2027 – Sep 2027,AMM-DU-0398,DU,Rooftop,Amman-Zarqa Metro,Amman core,Amman,31.98487,35.89084,29,3,HUB-AMM-23,HUB-AMM-23-R06,Fiber ring,0
RO-02,Jul 2027 – Sep 2027,AMM-U-1109,U,Rooftop,Amman-Zarqa Metro,Amman,Amman,31.98636,35.88053,31,3,HUB-AMM-23,HUB-AMM-23-R06,Fiber ring,0
RO-02,Jul 2027 – Sep 2027,AMM-U-1110,U,Rooftop,Amman-Zarqa Metro,Amman,Amman,31.98595,35.88572,30,3,HUB-AMM-23,HUB-AMM-23-R06,Fiber ring,0
RO-02,Jul 2027 – Sep 2027,AMM-U-1143,U,Rooftop,Amman-Zarqa Metro,Amman,Amman,31.98947,35.87769,30,3,HUB-AMM-23,HUB-AMM-23-R06,Fiber ring,0
RO-02,Jul 2027 – Sep 2027,AMM-U-1144,U,Rooftop,Amman-Zarqa Metro,Amman,Amman,31.98947,35.88431,30,3,HUB-AMM-23,HUB-AMM-23-R06,Fiber ring,0
RO-02,Jul 2027 – Sep 2027,AMM-U-1145,U,Rooftop,Amman-Zarqa Metro,Amman,Amman,31.99029,35.88809,36,3,HUB-AMM-23,HUB-AMM-23-R06,Fiber ring,0
RO-02,Jul 2027 – Sep 2027,AMM-U-1186,U,Rooftop,Amman-Zarqa Metro,Amman,Amman,31.99300,35.88194,30,3,HUB-AMM-23,HUB-AMM-23-R06,Fiber ring,0
RO-02,Jul 2027 – Sep 2027,AMM-U-0488,U,Rooftop,Amman-Zarqa Metro,Amman,Amman,31.90489,35.91172,30,3,HUB-AMM-35,HUB-AMM-35-R01,Fiber ring,0
RO-02,Jul 2027 – Sep 2027,AMM-U-0489,U,Rooftop,Amman-Zarqa Metro,Amman,Amman,31.90489,35.91739,30,3,HUB-AMM-35,HUB-AMM-35-R01,Fiber ring,0
RO-02,Jul 2027 – Sep 2027,AMM-U-0512,U,Rooftop,Amman-Zarqa Metro,Amman,Amman,31.90760,35.91408,30,3,HUB-AMM-35,HUB-AMM-35-R01,Fiber ring,0
RO-02,Jul 2027 – Sep 2027,AMM-U-0513,U,Rooftop,Amman-Zarqa Metro,Amman,Amman,31.90841,35.91881,30,3,HUB-AMM-35,HUB-AMM-35-R01,Fiber ring,0
RO-02,Jul 2027 – Sep 2027,AMM-U-0537,U,Rooftop,Amman-Zarqa Metro,Amman,Amman,31.91153,35.91219,30,3,HUB-AMM-35,HUB-AMM-35-R01,Fiber ring,0
RO-02,Jul 2027 – Sep 2027,AMM-U-0538,U,Rooftop,Amman-Zarqa Metro,Amman,Amman,31.91112,35.91644,30,3,HUB-AMM-35,HUB-AMM-35-R01,Fiber ring,0
RO-02,Jul 2027 – Sep 2027,AMM-U-0539,U,Rooftop,Amman-Zarqa Metro,Amman,Amman,31.91194,35.92117,30,3,HUB-AMM-35,HUB-AMM-35-R01,Fiber ring,0
RO-02,Jul 2027 – Sep 2027,AMM-U-0567,U,Rooftop,Amman-Zarqa Metro,Amman,Amman,31.91546,35.92353,30,3,HUB-AMM-35,HUB-AMM-35-R01,Fiber ring,1
RO-02,Jul 2027 – Sep 2027,AMM-U-0469,U,Rooftop,Amman-Zarqa Metro,Amman,Amman,31.90136,35.92353,30,3,HUB-AMM-35,HUB-AMM-35-R02,Fiber ring,0
RO-02,Jul 2027 – Sep 2027,AMM-U-0470,U,Rooftop,Amman-Zarqa Metro,Amman,Amman,31.90136,35.92826,30,3,HUB-AMM-35,HUB-AMM-35-R02,Fiber ring,0
RO-02,Jul 2027 – Sep 2027,AMM-U-0490,U,Rooftop,Amman-Zarqa Metro,Amman,Amman,31.90489,35.92022,30,3,HUB-AMM-35,HUB-AMM-35-R02,Fiber ring,0
RO-02,Jul 2027 – Sep 2027,AMM-U-0491,U,Rooftop,Amman-Zarqa Metro,Amman,Amman,31.90489,35.92590,30,3,HUB-AMM-35,HUB-AMM-35-R02,Fiber ring,0
RO-02,Jul 2027 – Sep 2027,AMM-U-0492,U,Rooftop,Amman-Zarqa Metro,Amman,Amman,31.90489,35.93062,30,3,HUB-AMM-35,HUB-AMM-35-R02,Fiber ring,0
RO-02,Jul 2027 – Sep 2027,AMM-U-0514,U,Rooftop,Amman-Zarqa Metro,Amman,Amman,31.90841,35.92353,30,3,HUB-AMM-35,HUB-AMM-35-R02,Fiber ring,0
RO-02,Jul 2027 – Sep 2027,AMM-U-0540,U,Rooftop,Amman-Zarqa Metro,Amman,Amman,31.91153,35.92637,30,3,HUB-AMM-35,HUB-AMM-35-R02,Fiber ring,0
RO-02,Jul 2027 – Sep 2027,AMM-U-0515,U,Rooftop,Amman-Zarqa Metro,Amman,Amman,31.90841,35.92920,30,3,HUB-AMM-35,HUB-AMM-35-R03,Fiber ring,0
RO-02,Jul 2027 – Sep 2027,AMM-U-0516,U,Rooftop,Amman-Zarqa Metro,Amman,Amman,31.90841,35.93298,30,3,HUB-AMM-35,HUB-AMM-35-R03,Fiber ring,0
RO-02,Jul 2027 – Sep 2027,AMM-U-0541,U,Rooftop,Amman-Zarqa Metro,Amman,Amman,31.91112,35.93062,30,3,HUB-AMM-35,HUB-AMM-35-R03,Fiber ring,0
RO-02,Jul 2027 – Sep 2027,AMM-U-0542,U,Rooftop,Amman-Zarqa Metro,Amman,Amman,31.91194,35.93535,30,3,HUB-AMM-35,HUB-AMM-35-R03,Fiber ring,0
RO-02,Jul 2027 – Sep 2027,AMM-U-0568,U,Rooftop,Amman-Zarqa Metro,Amman,Amman,31.91628,35.92826,30,3,HUB-AMM-35,HUB-AMM-35-R03,Fiber ring,0
RO-02,Jul 2027 – Sep 2027,AMM-U-0569,U,Rooftop,Amman-Zarqa Metro,Amman,Amman,31.91546,35.93298,30,3,HUB-AMM-35,HUB-AMM-35-R03,Fiber ring,0
RO-02,Jul 2027 – Sep 2027,AMM-U-0570,U,Rooftop,Amman-Zarqa Metro,Amman,Amman,31.91465,35.93771,30,3,HUB-AMM-35,HUB-AMM-35-R03,Fiber ring,0
RO-02,Jul 2027 – Sep 2027,AMM-U-0598,U,Rooftop,Amman-Zarqa Metro,Amman,Amman,31.91899,35.92590,30,3,HUB-AMM-35,HUB-AMM-35-R04,Fiber ring,0
RO-02,Jul 2027 – Sep 2027,AMM-U-0599,U,Rooftop,Amman-Zarqa Metro,Amman,Amman,31.91858,35.93015,30,3,HUB-AMM-35,HUB-AMM-35-R04,Fiber ring,0
RO-02,Jul 2027 – Sep 2027,AMM-U-0600,U,Rooftop,Amman-Zarqa Metro,Amman,Amman,31.91899,35.93535,30,3,HUB-AMM-35,HUB-AMM-35-R04,Fiber ring,0
RO-02,Jul 2027 – Sep 2027,AMM-U-0601,U,Rooftop,Amman-Zarqa Metro,Amman,Amman,31.91899,35.94007,30,3,HUB-AMM-35,HUB-AMM-35-R04,Fiber ring,0
RO-02,Jul 2027 – Sep 2027,AMM-U-0632,U,Rooftop,Amman-Zarqa Metro,Amman,Amman,31.92251,35.93298,30,3,HUB-AMM-35,HUB-AMM-35-R04,Fiber ring,0
RO-02,Jul 2027 – Sep 2027,AMM-U-0633,U,Rooftop,Amman-Zarqa Metro,Amman,Amman,31.92251,35.93771,30,3,HUB-AMM-35,HUB-AMM-35-R04,Fiber ring,0
RO-02,Jul 2027 – Sep 2027,AMM-U-0634,U,Rooftop,Amman-Zarqa Metro,Amman,Amman,31.92251,35.94244,30,3,HUB-AMM-35,HUB-AMM-35-R04,Fiber ring,0
RO-02,Jul 2027 – Sep 2027,AMM-U-0629,U,Rooftop,Amman-Zarqa Metro,Amman,Amman,31.92170,35.91881,30,3,HUB-AMM-35,HUB-AMM-35-R05,Fiber ring,0
RO-02,Jul 2027 – Sep 2027,AMM-U-0630,U,Rooftop,Amman-Zarqa Metro,Amman,Amman,31.92251,35.92353,30,3,HUB-AMM-35,HUB-AMM-35-R05,Fiber ring,0
RO-02,Jul 2027 – Sep 2027,AMM-U-0631,U,Rooftop,Amman-Zarqa Metro,Amman,Amman,31.92251,35.92731,30,3,HUB-AMM-35,HUB-AMM-35-R05,Fiber ring,0
RO-02,Jul 2027 – Sep 2027,AMM-U-0663,U,Rooftop,Amman-Zarqa Metro,Amman,Amman,31.92522,35.91644,30,3,HUB-AMM-35,HUB-AMM-35-R05,Fiber ring,0
RO-02,Jul 2027 – Sep 2027,AMM-U-0664,U,Rooftop,Amman-Zarqa Metro,Amman,Amman,31.92603,35.92211,30,3,HUB-AMM-35,HUB-AMM-35-R05,Fiber ring,0
RO-02,Jul 2027 – Sep 2027,AMM-U-0665,U,Rooftop,Amman-Zarqa Metro,Amman,Amman,31.92522,35.92590,30,3,HUB-AMM-35,HUB-AMM-35-R05,Fiber ring,0
RO-02,Jul 2027 – Sep 2027,AMM-U-0666,U,Rooftop,Amman-Zarqa Metro,Amman,Amman,31.92563,35.93015,32,3,HUB-AMM-35,HUB-AMM-35-R05,Fiber ring,0
RO-02,Jul 2027 – Sep 2027,AMM-U-0565,U,Rooftop,Amman-Zarqa Metro,Amman,Amman,31.91546,35.91408,30,3,HUB-AMM-35,HUB-AMM-35-R06,Fiber ring,0
RO-02,Jul 2027 – Sep 2027,AMM-U-0566,U,Rooftop,Amman-Zarqa Metro,Amman,Amman,31.91628,35.91881,30,3,HUB-AMM-35,HUB-AMM-35-R06,Fiber ring,0
RO-02,Jul 2027 – Sep 2027,AMM-U-0595,U,Rooftop,Amman-Zarqa Metro,Amman,Amman,31.91899,35.91266,30,3,HUB-AMM-35,HUB-AMM-35-R06,Fiber ring,0
RO-02,Jul 2027 – Sep 2027,AMM-U-0596,U,Rooftop,Amman-Zarqa Metro,Amman,Amman,31.91899,35.91644,30,3,HUB-AMM-35,HUB-AMM-35-R06,Fiber ring,0
RO-02,Jul 2027 – Sep 2027,AMM-U-0597,U,Rooftop,Amman-Zarqa Metro,Amman,Amman,31.91817,35.92117,30,3,HUB-AMM-35,HUB-AMM-35-R06,Fiber ring,0
RO-02,Jul 2027 – Sep 2027,AMM-U-0628,U,Rooftop,Amman-Zarqa Metro,Amman,Amman,31.92292,35.91455,30,3,HUB-AMM-35,HUB-AMM-35-R06,Fiber ring,0
RO-02,Jul 2027 – Sep 2027,AMM-U-0662,U,Rooftop,Amman-Zarqa Metro,Amman,Amman,31.92685,35.91172,30,3,HUB-AMM-35,HUB-AMM-35-R06,Fiber ring,0
RO-02,Jul 2027 – Sep 2027,AMM-DU-0026,DU,Rooftop,Amman-Zarqa Metro,Amman core,Amman,31.94013,35.89281,28,3,HUB-AMM-41,HUB-AMM-41-R01,Fiber ring,0
RO-02,Jul 2027 – Sep 2027,AMM-DU-0027,DU,Rooftop,Amman-Zarqa Metro,Amman core,Amman,31.93979,35.89636,28,3,HUB-AMM-41,HUB-AMM-41-R01,Fiber ring,0
RO-02,Jul 2027 – Sep 2027,AMM-DU-0028,DU,Rooftop,Amman-Zarqa Metro,Amman core,Amman,31.94081,35.90069,25,3,HUB-AMM-41,HUB-AMM-41-R01,Fiber ring,1
RO-02,Jul 2027 – Sep 2027,AMM-U-0691,U,Monopole / greenfield,Amman-Zarqa Metro,Amman,Amman,31.92875,35.89045,30,3,HUB-AMM-41,HUB-AMM-41-R01,Fiber ring,0
RO-02,Jul 2027 – Sep 2027,AMM-U-0726,U,Rooftop,Amman-Zarqa Metro,Amman,Amman,31.93390,35.88809,30,3,HUB-AMM-41,HUB-AMM-41-R01,Fiber ring,0
RO-02,Jul 2027 – Sep 2027,AMM-U-0727,U,Rooftop,Amman-Zarqa Metro,Amman,Amman,31.93308,35.89187,30,3,HUB-AMM-41,HUB-AMM-41-R01,Fiber ring,0
RO-02,Jul 2027 – Sep 2027,AMM-U-0759,U,Rooftop,Amman-Zarqa Metro,Amman,Amman,31.93620,35.88998,30,3,HUB-AMM-41,HUB-AMM-41-R01,Fiber ring,0
RO-02,Jul 2027 – Sep 2027,AMM-U-0760,U,Rooftop,Amman-Zarqa Metro,Amman,Amman,31.93661,35.89423,30,3,HUB-AMM-41,HUB-AMM-41-R01,Fiber ring,0
RO-02,Jul 2027 – Sep 2027,AMM-DU-0013,DU,Rooftop,Amman-Zarqa Metro,Amman core,Amman,31.93652,35.90266,25,3,HUB-AMM-41,HUB-AMM-41-R02,Fiber ring,0
RO-02,Jul 2027 – Sep 2027,AMM-U-0692,U,Rooftop,Amman-Zarqa Metro,Amman,Amman,31.92956,35.89612,30,3,HUB-AMM-41,HUB-AMM-41-R02,Fiber ring,0
RO-02,Jul 2027 – Sep 2027,AMM-U-0693,U,Rooftop,Amman-Zarqa Metro,Amman,Amman,31.92875,35.89990,30,3,HUB-AMM-41,HUB-AMM-41-R02,Fiber ring,0
RO-02,Jul 2027 – Sep 2027,AMM-U-0694,U,Rooftop,Amman-Zarqa Metro,Amman,Amman,31.92875,35.90463,30,3,HUB-AMM-41,HUB-AMM-41-R02,Fiber ring,0
RO-02,Jul 2027 – Sep 2027,AMM-U-0728,U,Rooftop,Amman-Zarqa Metro,Amman,Amman,31.93227,35.89754,30,3,HUB-AMM-41,HUB-AMM-41-R02,Fiber ring,0
RO-02,Jul 2027 – Sep 2027,AMM-U-0729,U,Rooftop,Amman-Zarqa Metro,Amman,Amman,31.93268,35.90274,30,3,HUB-AMM-41,HUB-AMM-41-R02,Fiber ring,0
RO-02,Jul 2027 – Sep 2027,AMM-U-0761,U,Rooftop,Amman-Zarqa Metro,Amman,Amman,31.93661,35.90085,30,3,HUB-AMM-41,HUB-AMM-41-R02,Fiber ring,0
RO-02,Jul 2027 – Sep 2027,AMM-DU-0014,DU,Rooftop,Amman-Zarqa Metro,Amman core,Amman,31.93652,35.90660,30,3,HUB-AMM-41,HUB-AMM-41-R03,Fiber ring,0
RO-02,Jul 2027 – Sep 2027,AMM-DU-0015,DU,Rooftop,Amman-Zarqa Metro,Amman core,Amman,31.93720,35.91132,30,3,HUB-AMM-41,HUB-AMM-41-R03,Fiber ring,0
RO-02,Jul 2027 – Sep 2027,AMM-DU-0030,DU,Rooftop,Amman-Zarqa Metro,Amman core,Amman,31.94013,35.90935,30,3,HUB-AMM-41,HUB-AMM-41-R03,Fiber ring,0
RO-02,Jul 2027 – Sep 2027,AMM-DU-0031,DU,Rooftop,Amman-Zarqa Metro,Amman core,Amman,31.94013,35.91329,29,3,HUB-AMM-41,HUB-AMM-41-R03,Fiber ring,0
RO-02,Jul 2027 – Sep 2027,AMM-U-0695,U,Rooftop,Amman-Zarqa Metro,Amman,Amman,31.92956,35.90935,30,3,HUB-AMM-41,HUB-AMM-41-R03,Fiber ring,0
RO-02,Jul 2027 – Sep 2027,AMM-U-0730,U,Rooftop,Amman-Zarqa Metro,Amman,Amman,31.93308,35.90605,30,3,HUB-AMM-41,HUB-AMM-41-R03,Fiber ring,0
RO-02,Jul 2027 – Sep 2027,AMM-U-0731,U,Rooftop,Amman-Zarqa Metro,Amman,Amman,31.93227,35.91172,30,3,HUB-AMM-41,HUB-AMM-41-R03,Fiber ring,0
RO-02,Jul 2027 – Sep 2027,AMM-DU-0029,DU,Rooftop,Amman-Zarqa Metro,Amman core,Amman,31.94081,35.90463,26,3,HUB-AMM-41,HUB-AMM-41-R04,Fiber ring,0
RO-02,Jul 2027 – Sep 2027,AMM-DU-0048,DU,Rooftop,Amman-Zarqa Metro,Amman core,Amman,31.94307,35.90581,27,3,HUB-AMM-41,HUB-AMM-41-R04,Fiber ring,0
RO-02,Jul 2027 – Sep 2027,AMM-DU-0049,DU,Rooftop,Amman-Zarqa Metro,Amman core,Amman,31.94239,35.91054,26,3,HUB-AMM-41,HUB-AMM-41-R04,Fiber ring,0
RO-02,Jul 2027 – Sep 2027,AMM-DU-0050,DU,Rooftop,Amman-Zarqa Metro,Amman core,Amman,31.94307,35.91447,28,3,HUB-AMM-41,HUB-AMM-41-R04,Fiber ring,0
RO-02,Jul 2027 – Sep 2027,AMM-DU-0071,DU,Rooftop,Amman-Zarqa Metro,Amman core,Amman,31.94668,35.90857,27,3,HUB-AMM-41,HUB-AMM-41-R04,Fiber ring,0
RO-02,Jul 2027 – Sep 2027,AMM-DU-0072,DU,Rooftop,Amman-Zarqa Metro,Amman core,Amman,31.94533,35.91251,30,3,HUB-AMM-41,HUB-AMM-41-R04,Fiber ring,0
RO-02,Jul 2027 – Sep 2027,AMM-DU-0095,DU,Rooftop,Amman-Zarqa Metro,Amman core,Amman,31.94928,35.90620,28,3,HUB-AMM-41,HUB-AMM-41-R04,Fiber ring,0
RO-02,Jul 2027 – Sep 2027,AMM-DU-0047,DU,Rooftop,Amman-Zarqa Metro,Amman core,Amman,31.94307,35.90187,25,3,HUB-AMM-41,HUB-AMM-41-R05,Fiber ring,0
RO-02,Jul 2027 – Sep 2027,AMM-DU-0069,DU,Rooftop,Amman-Zarqa Metro,Amman core,Amman,31.94601,35.90069,25,3,HUB-AMM-41,HUB-AMM-41-R05,Fiber ring,0
RO-02,Jul 2027 – Sep 2027,AMM-DU-0070,DU,Rooftop,Amman-Zarqa Metro,Amman core,Amman,31.94601,35.90384,25,3,HUB-AMM-41,HUB-AMM-41-R05,Fiber ring,0
RO-02,Jul 2027 – Sep 2027,AMM-DU-0094,DU,Rooftop,Amman-Zarqa Metro,Amman core,Amman,31.94894,35.90187,28,3,HUB-AMM-41,HUB-AMM-41-R05,Fiber ring,0
RO-02,Jul 2027 – Sep 2027,AMM-DU-0119,DU,Rooftop,Amman-Zarqa Metro,Amman core,Amman,31.95256,35.89675,29,3,HUB-AMM-41,HUB-AMM-41-R05,Fiber ring,0
RO-02,Jul 2027 – Sep 2027,AMM-DU-0120,DU,Rooftop,Amman-Zarqa Metro,Amman core,Amman,31.95256,35.90069,29,3,HUB-AMM-41,HUB-AMM-41-R05,Fiber ring,0
RO-02,Jul 2027 – Sep 2027,AMM-DU-0121,DU,Rooftop,Amman-Zarqa Metro,Amman core,Amman,31.95188,35.90463,28,3,HUB-AMM-41,HUB-AMM-41-R05,Fiber ring,0
RO-02,Jul 2027 – Sep 2027,AMM-DU-0046,DU,Rooftop,Amman-Zarqa Metro,Amman core,Amman,31.94375,35.89872,26,3,HUB-AMM-41,HUB-AMM-41-R06,Fiber ring,0
RO-02,Jul 2027 – Sep 2027,AMM-DU-0068,DU,Rooftop,Amman-Zarqa Metro,Amman core,Amman,31.94601,35.89675,25,3,HUB-AMM-41,HUB-AMM-41-R06,Fiber ring,0
RO-02,Jul 2027 – Sep 2027,AMM-DU-0091,DU,Rooftop,Amman-Zarqa Metro,Amman core,Amman,31.94962,35.89084,25,3,HUB-AMM-41,HUB-AMM-41-R06,Fiber ring,0
RO-02,Jul 2027 – Sep 2027,AMM-DU-0092,DU,Rooftop,Amman-Zarqa Metro,Amman core,Amman,31.94894,35.89478,25,3,HUB-AMM-41,HUB-AMM-41-R06,Fiber ring,0
RO-02,Jul 2027 – Sep 2027,AMM-DU-0093,DU,Rooftop,Amman-Zarqa Metro,Amman core,Amman,31.94894,35.89793,25,3,HUB-AMM-41,HUB-AMM-41-R06,Fiber ring,0
RO-02,Jul 2027 – Sep 2027,AMM-DU-0117,DU,Rooftop,Amman-Zarqa Metro,Amman core,Amman,31.95188,35.88809,26,3,HUB-AMM-41,HUB-AMM-41-R06,Fiber ring,0
RO-02,Jul 2027 – Sep 2027,AMM-DU-0118,DU,Rooftop,Amman-Zarqa Metro,Amman core,Amman,31.95256,35.89281,28,3,HUB-AMM-41,HUB-AMM-41-R06,Fiber ring,0
RO-02,Jul 2027 – Sep 2027,AMM-DU-0043,DU,Rooftop,Amman-Zarqa Metro,Amman core,Amman,31.94239,35.88691,25,3,HUB-AMM-41,HUB-AMM-41-R07,Fiber ring,0
RO-02,Jul 2027 – Sep 2027,AMM-DU-0044,DU,Rooftop,Amman-Zarqa Metro,Amman core,Amman,31.94307,35.89006,28,3,HUB-AMM-41,HUB-AMM-41-R07,Fiber ring,0
RO-02,Jul 2027 – Sep 2027,AMM-DU-0045,DU,Rooftop,Amman-Zarqa Metro,Amman core,Amman,31.94375,35.89478,31,3,HUB-AMM-41,HUB-AMM-41-R07,Fiber ring,0
RO-02,Jul 2027 – Sep 2027,AMM-DU-0066,DU,Rooftop,Amman-Zarqa Metro,Amman core,Amman,31.94668,35.88888,25,3,HUB-AMM-41,HUB-AMM-41-R07,Fiber ring,0
RO-02,Jul 2027 – Sep 2027,AMM-DU-0067,DU,Rooftop,Amman-Zarqa Metro,Amman core,Amman,31.94601,35.89281,25,3,HUB-AMM-41,HUB-AMM-41-R07,Fiber ring,0
RO-02,Jul 2027 – Sep 2027,AMM-DU-0090,DU,Rooftop,Amman-Zarqa Metro,Amman core,Amman,31.94894,35.88691,25,3,HUB-AMM-41,HUB-AMM-41-R07,Fiber ring,0
RO-02,Jul 2027 – Sep 2027,AMM-U-0788,U,Rooftop,Amman-Zarqa Metro,Amman,Amman,31.94095,35.88809,30,3,HUB-AMM-41,HUB-AMM-41-R07,Fiber ring,0
RO-02,Jul 2027 – Sep 2027,AMM-U-0652,U,Monopole / greenfield,Amman-Zarqa Metro,Amman,Amman,31.92603,35.86446,30,3,HUB-AMM-45,HUB-AMM-45-R01,Fiber ring,0
RO-02,Jul 2027 – Sep 2027,AMM-U-0653,U,Monopole / greenfield,Amman-Zarqa Metro,Amman,Amman,31.92685,35.86918,30,3,HUB-AMM-45,HUB-AMM-45-R01,Fiber ring,0
RO-02,Jul 2027 – Sep 2027,AMM-U-0654,U,Monopole / greenfield,Amman-Zarqa Metro,Amman,Amman,31.92685,35.87391,30,3,HUB-AMM-45,HUB-AMM-45-R01,Fiber ring,0
RO-02,Jul 2027 – Sep 2027,AMM-U-0687,U,Monopole / greenfield,Amman-Zarqa Metro,Amman,Amman,31.92956,35.86304,30,3,HUB-AMM-45,HUB-AMM-45-R01,Fiber ring,0
RO-02,Jul 2027 – Sep 2027,AMM-U-0720,U,Rooftop,Amman-Zarqa Metro,Amman,Amman,31.93390,35.85973,30,3,HUB-AMM-45,HUB-AMM-45-R01,Fiber ring,0
RO-02,Jul 2027 – Sep 2027,AMM-U-0721,U,Monopole / greenfield,Amman-Zarqa Metro,Amman,Amman,31.93227,35.86446,30,3,HUB-AMM-45,HUB-AMM-45-R01,Fiber ring,0
RO-02,Jul 2027 – Sep 2027,AMM-U-0722,U,Monopole / greenfield,Amman-Zarqa Metro,Amman,Amman,31.93227,35.86918,30,3,HUB-AMM-45,HUB-AMM-45-R01,Fiber ring,0
RO-02,Jul 2027 – Sep 2027,AMM-U-0755,U,Rooftop,Amman-Zarqa Metro,Amman,Amman,31.93661,35.87060,30,3,HUB-AMM-45,HUB-AMM-45-R01,Fiber ring,1
RO-02,Jul 2027 – Sep 2027,AMM-U-0655,U,Monopole / greenfield,Amman-Zarqa Metro,Amman,Amman,31.92522,35.87864,30,3,HUB-AMM-45,HUB-AMM-45-R02,Fiber ring,0
RO-02,Jul 2027 – Sep 2027,AMM-U-0688,U,Monopole / greenfield,Amman-Zarqa Metro,Amman,Amman,31.92875,35.87627,30,3,HUB-AMM-45,HUB-AMM-45-R02,Fiber ring,0
RO-02,Jul 2027 – Sep 2027,AMM-U-0689,U,Monopole / greenfield,Amman-Zarqa Metro,Amman,Amman,31.93037,35.88100,30,3,HUB-AMM-45,HUB-AMM-45-R02,Fiber ring,0
RO-02,Jul 2027 – Sep 2027,AMM-U-0690,U,Monopole / greenfield,Amman-Zarqa Metro,Amman,Amman,31.92875,35.88572,30,3,HUB-AMM-45,HUB-AMM-45-R02,Fiber ring,0
RO-02,Jul 2027 – Sep 2027,AMM-U-0723,U,Monopole / greenfield,Amman-Zarqa Metro,Amman,Amman,31.93268,35.87344,30,3,HUB-AMM-45,HUB-AMM-45-R02,Fiber ring,0
RO-02,Jul 2027 – Sep 2027,AMM-U-0724,U,Rooftop,Amman-Zarqa Metro,Amman,Amman,31.93390,35.87864,30,3,HUB-AMM-45,HUB-AMM-45-R02,Fiber ring,0
RO-02,Jul 2027 – Sep 2027,AMM-U-0725,U,Monopole / greenfield,Amman-Zarqa Metro,Amman,Amman,31.93390,35.88336,30,3,HUB-AMM-45,HUB-AMM-45-R02,Fiber ring,0
RO-02,Jul 2027 – Sep 2027,AMM-DU-0042,DU,Rooftop,Amman-Zarqa Metro,Amman core,Amman,31.94307,35.88297,25,3,HUB-AMM-45,HUB-AMM-45-R03,Fiber ring,0
RO-02,Jul 2027 – Sep 2027,AMM-DU-0065,DU,Rooftop,Amman-Zarqa Metro,Amman core,Amman,31.94601,35.88415,25,3,HUB-AMM-45,HUB-AMM-45-R03,Fiber ring,0
RO-02,Jul 2027 – Sep 2027,AMM-U-0756,U,Rooftop,Amman-Zarqa Metro,Amman,Amman,31.93661,35.87722,30,3,HUB-AMM-45,HUB-AMM-45-R03,Fiber ring,0
RO-02,Jul 2027 – Sep 2027,AMM-U-0757,U,Rooftop,Amman-Zarqa Metro,Amman,Amman,31.93661,35.88005,30,3,HUB-AMM-45,HUB-AMM-45-R03,Fiber ring,0
RO-02,Jul 2027 – Sep 2027,AMM-U-0758,U,Rooftop,Amman-Zarqa Metro,Amman,Amman,31.93661,35.88478,30,3,HUB-AMM-45,HUB-AMM-45-R03,Fiber ring,0
RO-02,Jul 2027 – Sep 2027,AMM-U-0786,U,Rooftop,Amman-Zarqa Metro,Amman,Amman,31.94013,35.87864,30,3,HUB-AMM-45,HUB-AMM-45-R03,Fiber ring,0
RO-02,Jul 2027 – Sep 2027,AMM-U-0787,U,Rooftop,Amman-Zarqa Metro,Amman,Amman,31.94013,35.88242,30,3,HUB-AMM-45,HUB-AMM-45-R03,Fiber ring,0
RO-02,Jul 2027 – Sep 2027,AMM-DU-0063,DU,Rooftop,Amman-Zarqa Metro,Amman core,Amman,31.94601,35.87706,25,3,HUB-AMM-45,HUB-AMM-45-R04,Fiber ring,0
RO-02,Jul 2027 – Sep 2027,AMM-DU-0064,DU,Rooftop,Amman-Zarqa Metro,Amman core,Amman,31.94601,35.88100,25,3,HUB-AMM-45,HUB-AMM-45-R04,Fiber ring,0
RO-02,Jul 2027 – Sep 2027,AMM-DU-0087,DU,Rooftop,Amman-Zarqa Metro,Amman core,Amman,31.94894,35.87509,25,3,HUB-AMM-45,HUB-AMM-45-R04,Fiber ring,0
RO-02,Jul 2027 – Sep 2027,AMM-DU-0088,DU,Rooftop,Amman-Zarqa Metro,Amman core,Amman,31.94894,35.87903,25,3,HUB-AMM-45,HUB-AMM-45-R04,Fiber ring,0
RO-02,Jul 2027 – Sep 2027,AMM-DU-0089,DU,Rooftop,Amman-Zarqa Metro,Amman core,Amman,31.94962,35.88297,25,3,HUB-AMM-45,HUB-AMM-45-R04,Fiber ring,0
RO-02,Jul 2027 – Sep 2027,AMM-U-0785,U,Rooftop,Amman-Zarqa Metro,Amman,Amman,31.94013,35.87486,30,3,HUB-AMM-45,HUB-AMM-45-R04,Fiber ring,0
RO-02,Jul 2027 – Sep 2027,AMM-U-0813,U,Rooftop,Amman-Zarqa Metro,Amman,Amman,31.94447,35.87627,30,3,HUB-AMM-45,HUB-AMM-45-R04,Fiber ring,0
RO-02,Jul 2027 – Sep 2027,AMM-DU-0062,DU,Rooftop,Amman-Zarqa Metro,Amman core,Amman,31.94668,35.87312,25,3,HUB-AMM-45,HUB-AMM-45-R05,Fiber ring,0
RO-02,Jul 2027 – Sep 2027,AMM-DU-0085,DU,Rooftop,Amman-Zarqa Metro,Amman core,Amman,31.94894,35.86722,25,3,HUB-AMM-45,HUB-AMM-45-R05,Fiber ring,0
RO-02,Jul 2027 – Sep 2027,AMM-DU-0086,DU,Rooftop,Amman-Zarqa Metro,Amman core,Amman,31.94894,35.87115,25,3,HUB-AMM-45,HUB-AMM-45-R05,Fiber ring,0
RO-02,Jul 2027 – Sep 2027,AMM-U-0811,U,Rooftop,Amman-Zarqa Metro,Amman,Amman,31.94366,35.86682,30,3,HUB-AMM-45,HUB-AMM-45-R05,Fiber ring,0
RO-02,Jul 2027 – Sep 2027,AMM-U-0812,U,Rooftop,Amman-Zarqa Metro,Amman,Amman,31.94447,35.87155,30,3,HUB-AMM-45,HUB-AMM-45-R05,Fiber ring,0
RO-02,Jul 2027 – Sep 2027,AMM-U-0836,U,Rooftop,Amman-Zarqa Metro,Amman,Amman,31.94718,35.86446,30,3,HUB-AMM-45,HUB-AMM-45-R05,Fiber ring,0
RO-02,Jul 2027 – Sep 2027,AMM-U-0837,U,Rooftop,Amman-Zarqa Metro,Amman,Amman,31.94718,35.86918,30,3,HUB-AMM-45,HUB-AMM-45-R05,Fiber ring,0
RO-02,Jul 2027 – Sep 2027,AMM-U-0781,U,Rooftop,Amman-Zarqa Metro,Amman,Amman,31.94054,35.85548,30,3,HUB-AMM-45,HUB-AMM-45-R06,Fiber ring,0
RO-02,Jul 2027 – Sep 2027,AMM-U-0782,U,Rooftop,Amman-Zarqa Metro,Amman,Amman,31.94013,35.86068,30,3,HUB-AMM-45,HUB-AMM-45-R06,Fiber ring,0
RO-02,Jul 2027 – Sep 2027,AMM-U-0783,U,Rooftop,Amman-Zarqa Metro,Amman,Amman,31.94013,35.86351,30,3,HUB-AMM-45,HUB-AMM-45-R06,Fiber ring,0
RO-02,Jul 2027 – Sep 2027,AMM-U-0784,U,Rooftop,Amman-Zarqa Metro,Amman,Amman,31.93973,35.86871,30,3,HUB-AMM-45,HUB-AMM-45-R06,Fiber ring,0
RO-02,Jul 2027 – Sep 2027,AMM-U-0809,U,Rooftop,Amman-Zarqa Metro,Amman,Amman,31.94366,35.85737,30,3,HUB-AMM-45,HUB-AMM-45-R06,Fiber ring,0
RO-02,Jul 2027 – Sep 2027,AMM-U-0810,U,Rooftop,Amman-Zarqa Metro,Amman,Amman,31.94366,35.86210,30,3,HUB-AMM-45,HUB-AMM-45-R06,Fiber ring,0
RO-02,Jul 2027 – Sep 2027,AMM-U-0835,U,Rooftop,Amman-Zarqa Metro,Amman,Amman,31.94718,35.86068,30,3,HUB-AMM-45,HUB-AMM-45-R06,Fiber ring,0
RO-02,Jul 2027 – Sep 2027,AMM-U-0752,U,Rooftop,Amman-Zarqa Metro,Amman,Amman,31.93701,35.85784,30,3,HUB-AMM-45,HUB-AMM-45-R07,Fiber ring,0
RO-02,Jul 2027 – Sep 2027,AMM-U-0753,U,Rooftop,Amman-Zarqa Metro,Amman,Amman,31.93742,35.86210,30,3,HUB-AMM-45,HUB-AMM-45-R07,Fiber ring,0
RO-02,Jul 2027 – Sep 2027,AMM-U-0754,U,Rooftop,Amman-Zarqa Metro,Amman,Amman,31.93661,35.86682,30,3,HUB-AMM-45,HUB-AMM-45-R07,Fiber ring,0
RO-02,Jul 2027 – Sep 2027,AMM-DU-0002,DU,Rooftop,Amman-Zarqa Metro,Amman core,Amman,31.93166,35.94244,25,3,HUB-AMM-52,HUB-AMM-52-R01,Fiber ring,0
RO-02,Jul 2027 – Sep 2027,AMM-DU-0003,DU,Rooftop,Amman-Zarqa Metro,Amman core,Amman,31.93132,35.94519,25,3,HUB-AMM-52,HUB-AMM-52-R01,Fiber ring,0
RO-02,Jul 2027 – Sep 2027,AMM-DU-0011,DU,Rooftop,Amman-Zarqa Metro,Amman core,Amman,31.93358,35.94401,25,3,HUB-AMM-52,HUB-AMM-52-R01,Fiber ring,0
RO-02,Jul 2027 – Sep 2027,AMM-DU-0012,DU,Rooftop,Amman-Zarqa Metro,Amman core,Amman,31.93426,35.94874,28,3,HUB-AMM-52,HUB-AMM-52-R01,Fiber ring,0
RO-02,Jul 2027 – Sep 2027,AMM-U-0669,U,Rooftop,Amman-Zarqa Metro,Amman,Amman,31.92603,35.94385,30,3,HUB-AMM-52,HUB-AMM-52-R01,Fiber ring,0
RO-02,Jul 2027 – Sep 2027,AMM-U-0670,U,Rooftop,Amman-Zarqa Metro,Amman,Amman,31.92603,35.94953,30,3,HUB-AMM-52,HUB-AMM-52-R01,Fiber ring,0
RO-02,Jul 2027 – Sep 2027,AMM-U-0732,U,Rooftop,Amman-Zarqa Metro,Amman,Amman,31.93227,35.95425,30,3,HUB-AMM-52,HUB-AMM-52-R01,Fiber ring,0
RO-02,Jul 2027 – Sep 2027,AMM-U-0762,U,Rooftop,Amman-Zarqa Metro,Amman,Amman,31.93661,35.95756,30,3,HUB-AMM-52,HUB-AMM-52-R01,Fiber ring,1
RO-02,Jul 2027 – Sep 2027,AMM-U-0635,U,Rooftop,Amman-Zarqa Metro,Amman,Amman,31.92251,35.94811,30,3,HUB-AMM-52,HUB-AMM-52-R02,Fiber ring,0
RO-02,Jul 2027 – Sep 2027,AMM-U-0636,U,Rooftop,Amman-Zarqa Metro,Amman,Amman,31.92251,35.95283,30,3,HUB-AMM-52,HUB-AMM-52-R02,Fiber ring,0
RO-02,Jul 2027 – Sep 2027,AMM-U-0637,U,Rooftop,Amman-Zarqa Metro,Amman,Amman,31.92170,35.95661,30,3,HUB-AMM-52,HUB-AMM-52-R02,Fiber ring,0
RO-02,Jul 2027 – Sep 2027,AMM-U-0671,U,Rooftop,Amman-Zarqa Metro,Amman,Amman,31.92603,35.95520,30,3,HUB-AMM-52,HUB-AMM-52-R02,Fiber ring,0
RO-02,Jul 2027 – Sep 2027,AMM-U-0672,U,Rooftop,Amman-Zarqa Metro,Amman,Amman,31.92603,35.95992,30,3,HUB-AMM-52,HUB-AMM-52-R02,Fiber ring,0
RO-02,Jul 2027 – Sep 2027,AMM-U-0701,U,Rooftop,Amman-Zarqa Metro,Amman,Amman,31.92956,35.95283,30,3,HUB-AMM-52,HUB-AMM-52-R02,Fiber ring,0
RO-02,Jul 2027 – Sep 2027,AMM-U-0702,U,Rooftop,Amman-Zarqa Metro,Amman,Amman,31.92956,35.95567,30,3,HUB-AMM-52,HUB-AMM-52-R02,Fiber ring,0
RO-02,Jul 2027 – Sep 2027,AMM-U-0673,U,Rooftop,Amman-Zarqa Metro,Amman,Amman,31.92603,35.96465,30,3,HUB-AMM-52,HUB-AMM-52-R03,Fiber ring,0
RO-02,Jul 2027 – Sep 2027,AMM-U-0703,U,Rooftop,Amman-Zarqa Metro,Amman,Amman,31.92956,35.96229,30,3,HUB-AMM-52,HUB-AMM-52-R03,Fiber ring,0
RO-02,Jul 2027 – Sep 2027,AMM-U-0704,U,Rooftop,Amman-Zarqa Metro,Amman,Amman,31.92956,35.96512,30,3,HUB-AMM-52,HUB-AMM-52-R03,Fiber ring,0
RO-02,Jul 2027 – Sep 2027,AMM-U-0705,U,Rooftop,Amman-Zarqa Metro,Amman,Amman,31.92956,35.96985,30,3,HUB-AMM-52,HUB-AMM-52-R03,Fiber ring,0
RO-02,Jul 2027 – Sep 2027,AMM-U-0733,U,Rooftop,Amman-Zarqa Metro,Amman,Amman,31.93308,35.95992,30,3,HUB-AMM-52,HUB-AMM-52-R03,Fiber ring,0
RO-02,Jul 2027 – Sep 2027,AMM-U-0734,U,Rooftop,Amman-Zarqa Metro,Amman,Amman,31.93227,35.96370,30,3,HUB-AMM-52,HUB-AMM-52-R03,Fiber ring,0
RO-02,Jul 2027 – Sep 2027,AMM-U-0735,U,Rooftop,Amman-Zarqa Metro,Amman,Amman,31.93349,35.96890,30,3,HUB-AMM-52,HUB-AMM-52-R03,Fiber ring,0
RO-02,Jul 2027 – Sep 2027,AMM-DU-0109,DU,Rooftop,Amman-Zarqa Metro,Amman core,Amman,31.94827,35.96173,29,3,HUB-AMM-52,HUB-AMM-52-R04,Fiber ring,0
RO-02,Jul 2027 – Sep 2027,AMM-U-0763,U,Rooftop,Amman-Zarqa Metro,Amman,Amman,31.93742,35.96134,30,3,HUB-AMM-52,HUB-AMM-52-R04,Fiber ring,0
RO-02,Jul 2027 – Sep 2027,AMM-U-0764,U,Rooftop,Amman-Zarqa Metro,Amman,Amman,31.93661,35.96701,30,3,HUB-AMM-52,HUB-AMM-52-R04,Fiber ring,0
RO-02,Jul 2027 – Sep 2027,AMM-U-0790,U,Rooftop,Amman-Zarqa Metro,Amman,Amman,31.94013,35.96276,30,3,HUB-AMM-52,HUB-AMM-52-R04,Fiber ring,0
RO-02,Jul 2027 – Sep 2027,AMM-U-0814,U,Rooftop,Amman-Zarqa Metro,Amman,Amman,31.94447,35.96134,30,3,HUB-AMM-52,HUB-AMM-52-R04,Fiber ring,0
RO-02,Jul 2027 – Sep 2027,AMM-U-0815,U,Rooftop,Amman-Zarqa Metro,Amman,Amman,31.94325,35.96559,30,3,HUB-AMM-52,HUB-AMM-52-R04,Fiber ring,0
RO-02,Jul 2027 – Sep 2027,AMM-U-0838,U,Rooftop,Amman-Zarqa Metro,Amman,Amman,31.94637,35.96370,30,3,HUB-AMM-52,HUB-AMM-52-R04,Fiber ring,0
RO-02,Jul 2027 – Sep 2027,AMM-DU-0061,DU,Rooftop,Amman-Zarqa Metro,Amman core,Amman,31.94239,35.95780,28,3,HUB-AMM-52,HUB-AMM-52-R05,Fiber ring,0
RO-02,Jul 2027 – Sep 2027,AMM-DU-0083,DU,Rooftop,Amman-Zarqa Metro,Amman core,Amman,31.94601,35.95661,29,3,HUB-AMM-52,HUB-AMM-52-R05,Fiber ring,0
RO-02,Jul 2027 – Sep 2027,AMM-DU-0084,DU,Rooftop,Amman-Zarqa Metro,Amman core,Amman,31.94601,35.95976,25,3,HUB-AMM-52,HUB-AMM-52-R05,Fiber ring,0
RO-02,Jul 2027 – Sep 2027,AMM-DU-0108,DU,Rooftop,Amman-Zarqa Metro,Amman core,Amman,31.94962,35.95780,26,3,HUB-AMM-52,HUB-AMM-52-R05,Fiber ring,0
RO-02,Jul 2027 – Sep 2027,AMM-DU-0134,DU,Rooftop,Amman-Zarqa Metro,Amman core,Amman,31.95120,35.95583,26,3,HUB-AMM-52,HUB-AMM-52-R05,Fiber ring,0
RO-02,Jul 2027 – Sep 2027,AMM-DU-0135,DU,Rooftop,Amman-Zarqa Metro,Amman core,Amman,31.95188,35.95898,25,3,HUB-AMM-52,HUB-AMM-52-R05,Fiber ring,0
RO-02,Jul 2027 – Sep 2027,AMM-U-0789,U,Rooftop,Amman-Zarqa Metro,Amman,Amman,31.94095,35.95898,30,3,HUB-AMM-52,HUB-AMM-52-R05,Fiber ring,0
RO-02,Jul 2027 – Sep 2027,AMM-DU-0060,DU,Rooftop,Amman-Zarqa Metro,Amman core,Amman,31.94307,35.95464,29,3,HUB-AMM-52,HUB-AMM-52-R06,Fiber ring,0
RO-02,Jul 2027 – Sep 2027,AMM-DU-0082,DU,Rooftop,Amman-Zarqa Metro,Amman core,Amman,31.94668,35.95189,28,3,HUB-AMM-52,HUB-AMM-52-R06,Fiber ring,0
RO-02,Jul 2027 – Sep 2027,AMM-DU-0105,DU,Rooftop,Amman-Zarqa Metro,Amman core,Amman,31.94827,35.94598,28,3,HUB-AMM-52,HUB-AMM-52-R06,Fiber ring,0
RO-02,Jul 2027 – Sep 2027,AMM-DU-0106,DU,Rooftop,Amman-Zarqa Metro,Amman core,Amman,31.94827,35.94992,25,3,HUB-AMM-52,HUB-AMM-52-R06,Fiber ring,0
RO-02,Jul 2027 – Sep 2027,AMM-DU-0107,DU,Rooftop,Amman-Zarqa Metro,Amman core,Amman,31.94860,35.95346,26,3,HUB-AMM-52,HUB-AMM-52-R06,Fiber ring,0
RO-02,Jul 2027 – Sep 2027,AMM-DU-0132,DU,Rooftop,Amman-Zarqa Metro,Amman core,Amman,31.95120,35.94795,29,3,HUB-AMM-52,HUB-AMM-52-R06,Fiber ring,0
RO-02,Jul 2027 – Sep 2027,AMM-DU-0133,DU,Rooftop,Amman-Zarqa Metro,Amman core,Amman,31.95120,35.95189,27,3,HUB-AMM-52,HUB-AMM-52-R06,Fiber ring,0
RO-02,Jul 2027 – Sep 2027,AMM-DU-0041,DU,Rooftop,Amman-Zarqa Metro,Amman core,Amman,31.94013,35.95110,27,3,HUB-AMM-52,HUB-AMM-52-R07,Fiber ring,0
RO-02,Jul 2027 – Sep 2027,AMM-DU-0057,DU,Rooftop,Amman-Zarqa Metro,Amman core,Amman,31.94375,35.94204,25,3,HUB-AMM-52,HUB-AMM-52-R07,Fiber ring,0
RO-02,Jul 2027 – Sep 2027,AMM-DU-0058,DU,Rooftop,Amman-Zarqa Metro,Amman core,Amman,31.94375,35.94598,25,3,HUB-AMM-52,HUB-AMM-52-R07,Fiber ring,0
RO-02,Jul 2027 – Sep 2027,AMM-DU-0059,DU,Rooftop,Amman-Zarqa Metro,Amman core,Amman,31.94273,35.94953,26,3,HUB-AMM-52,HUB-AMM-52-R07,Fiber ring,0
RO-02,Jul 2027 – Sep 2027,AMM-DU-0080,DU,Rooftop,Amman-Zarqa Metro,Amman core,Amman,31.94533,35.94401,25,3,HUB-AMM-52,HUB-AMM-52-R07,Fiber ring,0
RO-02,Jul 2027 – Sep 2027,AMM-DU-0081,DU,Rooftop,Amman-Zarqa Metro,Amman core,Amman,31.94601,35.94795,26,3,HUB-AMM-52,HUB-AMM-52-R07,Fiber ring,0
RO-02,Jul 2027 – Sep 2027,AMM-DU-0104,DU,Rooftop,Amman-Zarqa Metro,Amman core,Amman,31.94894,35.94283,31,3,HUB-AMM-52,HUB-AMM-52-R07,Fiber ring,0
RO-02,Jul 2027 – Sep 2027,AMM-DU-0024,DU,Rooftop,Amman-Zarqa Metro,Amman core,Amman,31.93787,35.94598,28,3,HUB-AMM-52,HUB-AMM-52-R08,Fiber ring,0
RO-02,Jul 2027 – Sep 2027,AMM-DU-0025,DU,Rooftop,Amman-Zarqa Metro,Amman core,Amman,31.93720,35.94913,28,3,HUB-AMM-52,HUB-AMM-52-R08,Fiber ring,0
RO-02,Jul 2027 – Sep 2027,AMM-DU-0039,DU,Rooftop,Amman-Zarqa Metro,Amman core,Amman,31.94013,35.94322,25,3,HUB-AMM-52,HUB-AMM-52-R08,Fiber ring,0
RO-02,Jul 2027 – Sep 2027,AMM-DU-0040,DU,Rooftop,Amman-Zarqa Metro,Amman core,Amman,31.94013,35.94716,28,3,HUB-AMM-52,HUB-AMM-52-R08,Fiber ring,0
RO-02,Jul 2027 – Sep 2027,AMM-U-0461,U,Rooftop,Amman-Zarqa Metro,Amman,Amman,31.90136,35.88478,30,3,HUB-AMM-57,HUB-AMM-57-R01,Fiber ring,0
RO-02,Jul 2027 – Sep 2027,AMM-U-0482,U,Rooftop,Amman-Zarqa Metro,Amman,Amman,31.90489,35.88336,30,3,HUB-AMM-57,HUB-AMM-57-R01,Fiber ring,0
RO-02,Jul 2027 – Sep 2027,AMM-U-0506,U,Rooftop,Amman-Zarqa Metro,Amman,Amman,31.90923,35.88572,30,3,HUB-AMM-57,HUB-AMM-57-R01,Fiber ring,0
RO-02,Jul 2027 – Sep 2027,AMM-U-0507,U,Rooftop,Amman-Zarqa Metro,Amman,Amman,31.90841,35.88951,30,3,HUB-AMM-57,HUB-AMM-57-R01,Fiber ring,0
RO-02,Jul 2027 – Sep 2027,AMM-U-0531,U,Rooftop,Amman-Zarqa Metro,Amman,Amman,31.91112,35.88336,30,3,HUB-AMM-57,HUB-AMM-57-R01,Fiber ring,0
RO-02,Jul 2027 – Sep 2027,AMM-U-0532,U,Rooftop,Amman-Zarqa Metro,Amman,Amman,31.91112,35.88809,30,3,HUB-AMM-57,HUB-AMM-57-R01,Fiber ring,0
RO-02,Jul 2027 – Sep 2027,AMM-U-0533,U,Rooftop,Amman-Zarqa Metro,Amman,Amman,31.91275,35.89281,30,3,HUB-AMM-57,HUB-AMM-57-R01,Fiber ring,0
RO-02,Jul 2027 – Sep 2027,AMM-U-0561,U,Rooftop,Amman-Zarqa Metro,Amman,Amman,31.91505,35.89470,30,3,HUB-AMM-57,HUB-AMM-57-R01,Fiber ring,1
RO-02,Jul 2027 – Sep 2027,AMM-U-0444,U,Rooftop,Amman-Zarqa Metro,Amman,Amman,31.89784,35.89281,30,3,HUB-AMM-57,HUB-AMM-57-R02,Fiber ring,0
RO-02,Jul 2027 – Sep 2027,AMM-U-0445,U,Rooftop,Amman-Zarqa Metro,Amman,Amman,31.89784,35.89754,30,3,HUB-AMM-57,HUB-AMM-57-R02,Fiber ring,0
RO-02,Jul 2027 – Sep 2027,AMM-U-0462,U,Rooftop,Amman-Zarqa Metro,Amman,Amman,31.90136,35.89045,30,3,HUB-AMM-57,HUB-AMM-57-R02,Fiber ring,0
RO-02,Jul 2027 – Sep 2027,AMM-U-0463,U,Rooftop,Amman-Zarqa Metro,Amman,Amman,31.90218,35.89518,30,3,HUB-AMM-57,HUB-AMM-57-R02,Fiber ring,0
RO-02,Jul 2027 – Sep 2027,AMM-U-0483,U,Rooftop,Amman-Zarqa Metro,Amman,Amman,31.90489,35.88809,30,3,HUB-AMM-57,HUB-AMM-57-R02,Fiber ring,0
RO-02,Jul 2027 – Sep 2027,AMM-U-0484,U,Rooftop,Amman-Zarqa Metro,Amman,Amman,31.90489,35.89281,30,3,HUB-AMM-57,HUB-AMM-57-R02,Fiber ring,0
RO-02,Jul 2027 – Sep 2027,AMM-U-0508,U,Rooftop,Amman-Zarqa Metro,Amman,Amman,31.90841,35.89518,30,3,HUB-AMM-57,HUB-AMM-57-R02,Fiber ring,0
RO-02,Jul 2027 – Sep 2027,AMM-U-0464,U,Rooftop,Amman-Zarqa Metro,Amman,Amman,31.90136,35.89990,30,3,HUB-AMM-57,HUB-AMM-57-R03,Fiber ring,0
RO-02,Jul 2027 – Sep 2027,AMM-U-0465,U,Rooftop,Amman-Zarqa Metro,Amman,Amman,31.90136,35.90368,30,3,HUB-AMM-57,HUB-AMM-57-R03,Fiber ring,0
RO-02,Jul 2027 – Sep 2027,AMM-U-0485,U,Rooftop,Amman-Zarqa Metro,Amman,Amman,31.90529,35.89801,30,3,HUB-AMM-57,HUB-AMM-57-R03,Fiber ring,0
RO-02,Jul 2027 – Sep 2027,AMM-U-0486,U,Rooftop,Amman-Zarqa Metro,Amman,Amman,31.90489,35.90321,30,3,HUB-AMM-57,HUB-AMM-57-R03,Fiber ring,0
RO-02,Jul 2027 – Sep 2027,AMM-U-0487,U,Rooftop,Amman-Zarqa Metro,Amman,Amman,31.90489,35.90699,30,3,HUB-AMM-57,HUB-AMM-57-R03,Fiber ring,0
RO-02,Jul 2027 – Sep 2027,AMM-U-0509,U,Rooftop,Amman-Zarqa Metro,Amman,Amman,31.90841,35.89990,30,3,HUB-AMM-57,HUB-AMM-57-R03,Fiber ring,0
RO-02,Jul 2027 – Sep 2027,AMM-U-0534,U,Rooftop,Amman-Zarqa Metro,Amman,Amman,31.91275,35.89754,30,3,HUB-AMM-57,HUB-AMM-57-R03,Fiber ring,0
RO-02,Jul 2027 – Sep 2027,AMM-U-0510,U,Rooftop,Amman-Zarqa Metro,Amman,Amman,31.90760,35.90463,30,3,HUB-AMM-57,HUB-AMM-57-R04,Fiber ring,0
RO-02,Jul 2027 – Sep 2027,AMM-U-0511,U,Rooftop,Amman-Zarqa Metro,Amman,Amman,31.90801,35.90888,30,3,HUB-AMM-57,HUB-AMM-57-R04,Fiber ring,0
RO-02,Jul 2027 – Sep 2027,AMM-U-0535,U,Rooftop,Amman-Zarqa Metro,Amman,Amman,31.91194,35.90321,30,3,HUB-AMM-57,HUB-AMM-57-R04,Fiber ring,0
RO-02,Jul 2027 – Sep 2027,AMM-U-0536,U,Rooftop,Amman-Zarqa Metro,Amman,Amman,31.91194,35.90605,30,3,HUB-AMM-57,HUB-AMM-57-R04,Fiber ring,0
RO-02,Jul 2027 – Sep 2027,AMM-U-0562,U,Rooftop,Amman-Zarqa Metro,Amman,Amman,31.91546,35.89896,30,3,HUB-AMM-57,HUB-AMM-57-R04,Fiber ring,0
RO-02,Jul 2027 – Sep 2027,AMM-U-0563,U,Rooftop,Amman-Zarqa Metro,Amman,Amman,31.91546,35.90368,30,3,HUB-AMM-57,HUB-AMM-57-R04,Fiber ring,0
RO-02,Jul 2027 – Sep 2027,AMM-U-0564,U,Rooftop,Amman-Zarqa Metro,Amman,Amman,31.91465,35.90935,30,3,HUB-AMM-57,HUB-AMM-57-R04,Fiber ring,0
RO-02,Jul 2027 – Sep 2027,AMM-U-0593,U,Rooftop,Amman-Zarqa Metro,Amman,Amman,31.91899,35.90227,30,3,HUB-AMM-57,HUB-AMM-57-R05,Fiber ring,0
RO-02,Jul 2027 – Sep 2027,AMM-U-0594,U,Rooftop,Amman-Zarqa Metro,Amman,Amman,31.91899,35.90699,30,3,HUB-AMM-57,HUB-AMM-57-R05,Fiber ring,0
RO-02,Jul 2027 – Sep 2027,AMM-U-0625,U,Rooftop,Amman-Zarqa Metro,Amman,Amman,31.92251,35.89990,30,3,HUB-AMM-57,HUB-AMM-57-R05,Fiber ring,0
RO-02,Jul 2027 – Sep 2027,AMM-U-0626,U,Rooftop,Amman-Zarqa Metro,Amman,Amman,31.92332,35.90463,30,3,HUB-AMM-57,HUB-AMM-57-R05,Fiber ring,0
RO-02,Jul 2027 – Sep 2027,AMM-U-0627,U,Rooftop,Amman-Zarqa Metro,Amman,Amman,31.92210,35.90888,30,3,HUB-AMM-57,HUB-AMM-57-R05,Fiber ring,0
RO-02,Jul 2027 – Sep 2027,AMM-U-0660,U,Rooftop,Amman-Zarqa Metro,Amman,Amman,31.92603,35.90227,30,3,HUB-AMM-57,HUB-AMM-57-R05,Fiber ring,0
RO-02,Jul 2027 – Sep 2027,AMM-U-0661,U,Rooftop,Amman-Zarqa Metro,Amman,Amman,31.92603,35.90605,30,3,HUB-AMM-57,HUB-AMM-57-R05,Fiber ring,0
RO-02,Jul 2027 – Sep 2027,AMM-U-0591,U,Rooftop,Amman-Zarqa Metro,Amman,Amman,31.91899,35.89376,30,3,HUB-AMM-57,HUB-AMM-57-R06,Fiber ring,0
RO-02,Jul 2027 – Sep 2027,AMM-U-0592,U,Rooftop,Amman-Zarqa Metro,Amman,Amman,31.91899,35.89659,30,3,HUB-AMM-57,HUB-AMM-57-R06,Fiber ring,0
RO-02,Jul 2027 – Sep 2027,AMM-U-0623,U,Rooftop,Amman-Zarqa Metro,Amman,Amman,31.92251,35.89140,30,3,HUB-AMM-57,HUB-AMM-57-R06,Fiber ring,0
RO-02,Jul 2027 – Sep 2027,AMM-U-0624,U,Rooftop,Amman-Zarqa Metro,Amman,Amman,31.92251,35.89518,30,3,HUB-AMM-57,HUB-AMM-57-R06,Fiber ring,0
RO-02,Jul 2027 – Sep 2027,AMM-U-0657,U,Rooftop,Amman-Zarqa Metro,Amman,Amman,31.92603,35.88809,30,3,HUB-AMM-57,HUB-AMM-57-R06,Fiber ring,0
RO-02,Jul 2027 – Sep 2027,AMM-U-0658,U,Rooftop,Amman-Zarqa Metro,Amman,Amman,31.92603,35.89187,30,3,HUB-AMM-57,HUB-AMM-57-R06,Fiber ring,0
RO-02,Jul 2027 – Sep 2027,AMM-U-0659,U,Rooftop,Amman-Zarqa Metro,Amman,Amman,31.92603,35.89754,30,3,HUB-AMM-57,HUB-AMM-57-R06,Fiber ring,0
RO-02,Jul 2027 – Sep 2027,AMM-U-0559,U,Rooftop,Amman-Zarqa Metro,Amman,Amman,31.91628,35.88572,30,3,HUB-AMM-57,HUB-AMM-57-R07,Fiber ring,0
RO-02,Jul 2027 – Sep 2027,AMM-U-0560,U,Rooftop,Amman-Zarqa Metro,Amman,Amman,31.91546,35.89045,30,3,HUB-AMM-57,HUB-AMM-57-R07,Fiber ring,0
RO-02,Jul 2027 – Sep 2027,AMM-U-0589,U,Rooftop,Amman-Zarqa Metro,Amman,Amman,31.91858,35.88383,30,3,HUB-AMM-57,HUB-AMM-57-R07,Fiber ring,0
RO-02,Jul 2027 – Sep 2027,AMM-U-0590,U,Rooftop,Amman-Zarqa Metro,Amman,Amman,31.91817,35.88809,30,3,HUB-AMM-57,HUB-AMM-57-R07,Fiber ring,0
RO-02,Jul 2027 – Sep 2027,AMM-U-0621,U,Rooftop,Amman-Zarqa Metro,Amman,Amman,31.92292,35.88147,30,3,HUB-AMM-57,HUB-AMM-57-R07,Fiber ring,0
RO-02,Jul 2027 – Sep 2027,AMM-U-0622,U,Rooftop,Amman-Zarqa Metro,Amman,Amman,31.92170,35.88572,30,3,HUB-AMM-57,HUB-AMM-57-R07,Fiber ring,0
RO-02,Jul 2027 – Sep 2027,AMM-U-0656,U,Rooftop,Amman-Zarqa Metro,Amman,Amman,31.92522,35.88336,30,3,HUB-AMM-57,HUB-AMM-57-R07,Fiber ring,0
RO-02,Jul 2027 – Sep 2027,AMM-U-0558,U,Rooftop,Amman-Zarqa Metro,Amman,Amman,31.91546,35.88194,30,3,HUB-AMM-57,HUB-AMM-57-R08,Fiber ring,0
RO-02,Jul 2027 – Sep 2027,AMM-DU-0251,DU,Rooftop,Amman-Zarqa Metro,Amman core,Amman,31.96657,35.85540,31,3,HUB-AMM-59,HUB-AMM-59-R01,Fiber ring,0
RO-02,Jul 2027 – Sep 2027,AMM-DU-0305,DU,Rooftop,Amman-Zarqa Metro,Amman core,Amman,31.97244,35.85540,27,3,HUB-AMM-59,HUB-AMM-59-R01,Fiber ring,0
RO-02,Jul 2027 – Sep 2027,AMM-DU-0332,DU,Rooftop,Amman-Zarqa Metro,Amman core,Amman,31.97538,35.85737,34,3,HUB-AMM-59,HUB-AMM-59-R01,Fiber ring,0
RO-02,Jul 2027 – Sep 2027,AMM-U-0967,U,Rooftop,Amman-Zarqa Metro,Amman,Amman,31.96833,35.85028,30,3,HUB-AMM-59,HUB-AMM-59-R01,Fiber ring,0
RO-02,Jul 2027 – Sep 2027,AMM-U-0992,U,Rooftop,Amman-Zarqa Metro,Amman,Amman,31.97185,35.84886,30,3,HUB-AMM-59,HUB-AMM-59-R01,Fiber ring,0
RO-02,Jul 2027 – Sep 2027,AMM-U-0993,U,Rooftop,Amman-Zarqa Metro,Amman,Amman,31.97267,35.85264,30,3,HUB-AMM-59,HUB-AMM-59-R01,Fiber ring,0
RO-02,Jul 2027 – Sep 2027,AMM-U-1019,U,Rooftop,Amman-Zarqa Metro,Amman,Amman,31.97619,35.85028,30,3,HUB-AMM-59,HUB-AMM-59-R01,Fiber ring,0
RO-02,Jul 2027 – Sep 2027,AMM-U-1046,U,Rooftop,Amman-Zarqa Metro,Amman,Amman,31.97849,35.86162,36,3,HUB-AMM-59,HUB-AMM-59-R01,Fiber ring,1
RO-02,Jul 2027 – Sep 2027,AMM-DU-0278,DU,Rooftop,Amman-Zarqa Metro,Amman core,Amman,31.96950,35.85737,29,3,HUB-AMM-59,HUB-AMM-59-R02,Fiber ring,0
RO-02,Jul 2027 – Sep 2027,AMM-DU-0279,DU,Rooftop,Amman-Zarqa Metro,Amman core,Amman,31.96950,35.86131,25,3,HUB-AMM-59,HUB-AMM-59-R02,Fiber ring,0
RO-02,Jul 2027 – Sep 2027,AMM-DU-0280,DU,Rooftop,Amman-Zarqa Metro,Amman core,Amman,31.96950,35.86603,25,3,HUB-AMM-59,HUB-AMM-59-R02,Fiber ring,0
RO-02,Jul 2027 – Sep 2027,AMM-DU-0306,DU,Rooftop,Amman-Zarqa Metro,Amman core,Amman,31.97244,35.85855,30,3,HUB-AMM-59,HUB-AMM-59-R02,Fiber ring,0
RO-02,Jul 2027 – Sep 2027,AMM-DU-0307,DU,Rooftop,Amman-Zarqa Metro,Amman core,Amman,31.97244,35.86328,30,3,HUB-AMM-59,HUB-AMM-59-R02,Fiber ring,0
RO-02,Jul 2027 – Sep 2027,AMM-DU-0308,DU,Rooftop,Amman-Zarqa Metro,Amman core,Amman,31.97244,35.86800,25,3,HUB-AMM-59,HUB-AMM-59-R02,Fiber ring,0
RO-02,Jul 2027 – Sep 2027,AMM-DU-0333,DU,Rooftop,Amman-Zarqa Metro,Amman core,Amman,31.97538,35.86131,36,3,HUB-AMM-59,HUB-AMM-59-R02,Fiber ring,0
RO-02,Jul 2027 – Sep 2027,AMM-DU-0309,DU,Rooftop,Amman-Zarqa Metro,Amman core,Amman,31.97210,35.87115,25,3,HUB-AMM-59,HUB-AMM-59-R03,Fiber ring,0
RO-02,Jul 2027 – Sep 2027,AMM-DU-0310,DU,Rooftop,Amman-Zarqa Metro,Amman core,Amman,31.97244,35.87509,25,3,HUB-AMM-59,HUB-AMM-59-R03,Fiber ring,0
RO-02,Jul 2027 – Sep 2027,AMM-DU-0334,DU,Rooftop,Amman-Zarqa Metro,Amman core,Amman,31.97606,35.86525,33,3,HUB-AMM-59,HUB-AMM-59-R03,Fiber ring,0
RO-02,Jul 2027 – Sep 2027,AMM-DU-0335,DU,Rooftop,Amman-Zarqa Metro,Amman core,Amman,31.97538,35.86918,25,3,HUB-AMM-59,HUB-AMM-59-R03,Fiber ring,0
RO-02,Jul 2027 – Sep 2027,AMM-DU-0336,DU,Rooftop,Amman-Zarqa Metro,Amman core,Amman,31.97538,35.87391,25,3,HUB-AMM-59,HUB-AMM-59-R03,Fiber ring,0
RO-02,Jul 2027 – Sep 2027,AMM-DU-0337,DU,Rooftop,Amman-Zarqa Metro,Amman core,Amman,31.97606,35.87706,25,3,HUB-AMM-59,HUB-AMM-59-R03,Fiber ring,0
RO-02,Jul 2027 – Sep 2027,AMM-DU-0358,DU,Rooftop,Amman-Zarqa Metro,Amman core,Amman,31.97831,35.86800,28,3,HUB-AMM-59,HUB-AMM-59-R03,Fiber ring,0
RO-02,Jul 2027 – Sep 2027,AMM-DU-0359,DU,Rooftop,Amman-Zarqa Metro,Amman core,Amman,31.97865,35.87076,25,3,HUB-AMM-59,HUB-AMM-59-R04,Fiber ring,0
RO-02,Jul 2027 – Sep 2027,AMM-DU-0360,DU,Rooftop,Amman-Zarqa Metro,Amman core,Amman,31.97831,35.87588,28,3,HUB-AMM-59,HUB-AMM-59-R04,Fiber ring,0
RO-02,Jul 2027 – Sep 2027,AMM-DU-0361,DU,Rooftop,Amman-Zarqa Metro,Amman core,Amman,31.97831,35.87824,28,3,HUB-AMM-59,HUB-AMM-59-R04,Fiber ring,0
RO-02,Jul 2027 – Sep 2027,AMM-DU-0380,DU,Rooftop,Amman-Zarqa Metro,Amman core,Amman,31.98125,35.87706,28,3,HUB-AMM-59,HUB-AMM-59-R04,Fiber ring,0
RO-02,Jul 2027 – Sep 2027,AMM-U-1075,U,Rooftop,Amman-Zarqa Metro,Amman,Amman,31.98202,35.86966,30,3,HUB-AMM-59,HUB-AMM-59-R04,Fiber ring,0
RO-02,Jul 2027 – Sep 2027,AMM-U-1076,U,Rooftop,Amman-Zarqa Metro,Amman,Amman,31.98243,35.87391,30,3,HUB-AMM-59,HUB-AMM-59-R04,Fiber ring,0
RO-02,Jul 2027 – Sep 2027,AMM-U-1108,U,Rooftop,Amman-Zarqa Metro,Amman,Amman,31.98514,35.87627,30,3,HUB-AMM-59,HUB-AMM-59-R04,Fiber ring,0
RO-02,Jul 2027 – Sep 2027,AMM-U-1074,U,Rooftop,Amman-Zarqa Metro,Amman,Amman,31.98324,35.86446,30,3,HUB-AMM-59,HUB-AMM-59-R05,Fiber ring,0
RO-02,Jul 2027 – Sep 2027,AMM-U-1105,U,Rooftop,Amman-Zarqa Metro,Amman,Amman,31.98595,35.86115,30,3,HUB-AMM-59,HUB-AMM-59-R05,Fiber ring,0
RO-02,Jul 2027 – Sep 2027,AMM-U-1106,U,Rooftop,Amman-Zarqa Metro,Amman,Amman,31.98595,35.86682,30,3,HUB-AMM-59,HUB-AMM-59-R05,Fiber ring,0
RO-02,Jul 2027 – Sep 2027,AMM-U-1107,U,Rooftop,Amman-Zarqa Metro,Amman,Amman,31.98595,35.87249,30,3,HUB-AMM-59,HUB-AMM-59-R05,Fiber ring,0
RO-02,Jul 2027 – Sep 2027,AMM-U-1139,U,Rooftop,Amman-Zarqa Metro,Amman,Amman,31.98866,35.85973,30,3,HUB-AMM-59,HUB-AMM-59-R05,Fiber ring,0
RO-02,Jul 2027 – Sep 2027,AMM-U-1141,U,Rooftop,Amman-Zarqa Metro,Amman,Amman,31.98947,35.86918,31,3,HUB-AMM-59,HUB-AMM-59-R05,Fiber ring,0
RO-02,Jul 2027 – Sep 2027,AMM-U-1142,U,Rooftop,Amman-Zarqa Metro,Amman,Amman,31.98947,35.87486,30,3,HUB-AMM-59,HUB-AMM-59-R05,Fiber ring,0
RO-02,Jul 2027 – Sep 2027,AMM-U-1045,U,Rooftop,Amman-Zarqa Metro,Amman,Amman,31.97890,35.85642,30,3,HUB-AMM-59,HUB-AMM-59-R06,Fiber ring,0
RO-02,Jul 2027 – Sep 2027,AMM-U-1071,U,Rooftop,Amman-Zarqa Metro,Amman,Amman,31.98243,35.85028,30,3,HUB-AMM-59,HUB-AMM-59-R06,Fiber ring,0
RO-02,Jul 2027 – Sep 2027,AMM-U-1072,U,Rooftop,Amman-Zarqa Metro,Amman,Amman,31.98243,35.85406,30,3,HUB-AMM-59,HUB-AMM-59-R06,Fiber ring,0
RO-02,Jul 2027 – Sep 2027,AMM-U-1073,U,Rooftop,Amman-Zarqa Metro,Amman,Amman,31.98324,35.85973,30,3,HUB-AMM-59,HUB-AMM-59-R06,Fiber ring,0
RO-02,Jul 2027 – Sep 2027,AMM-U-1102,U,Rooftop,Amman-Zarqa Metro,Amman,Amman,31.98595,35.84886,30,3,HUB-AMM-59,HUB-AMM-59-R06,Fiber ring,0
RO-02,Jul 2027 – Sep 2027,AMM-U-1103,U,Rooftop,Amman-Zarqa Metro,Amman,Amman,31.98554,35.85217,30,3,HUB-AMM-59,HUB-AMM-59-R06,Fiber ring,0
RO-02,Jul 2027 – Sep 2027,AMM-U-1104,U,Rooftop,Amman-Zarqa Metro,Amman,Amman,31.98676,35.85737,30,3,HUB-AMM-59,HUB-AMM-59-R06,Fiber ring,0
RO-02,Jul 2027 – Sep 2027,AMM-U-1043,U,Rooftop,Amman-Zarqa Metro,Amman,Amman,31.97890,35.84792,30,3,HUB-AMM-59,HUB-AMM-59-R07,Fiber ring,0
RO-02,Jul 2027 – Sep 2027,AMM-U-1044,U,Rooftop,Amman-Zarqa Metro,Amman,Amman,31.97890,35.85264,30,3,HUB-AMM-59,HUB-AMM-59-R07,Fiber ring,0
RO-02,Jul 2027 – Sep 2027,AMM-U-0777,U,Rooftop,Amman-Zarqa Metro,Amman,Amman,31.94095,35.83610,30,3,HUB-AMM-64,HUB-AMM-64-R01,Fiber ring,0
RO-02,Jul 2027 – Sep 2027,AMM-U-0778,U,Rooftop,Amman-Zarqa Metro,Amman,Amman,31.94054,35.84036,30,3,HUB-AMM-64,HUB-AMM-64-R01,Fiber ring,0
RO-02,Jul 2027 – Sep 2027,AMM-U-0804,U,Rooftop,Amman-Zarqa Metro,Amman,Amman,31.94366,35.83374,30,3,HUB-AMM-64,HUB-AMM-64-R01,Fiber ring,0
RO-02,Jul 2027 – Sep 2027,AMM-U-0805,U,Rooftop,Amman-Zarqa Metro,Amman,Amman,31.94366,35.83847,30,3,HUB-AMM-64,HUB-AMM-64-R01,Fiber ring,0
RO-02,Jul 2027 – Sep 2027,AMM-U-0829,U,Rooftop,Amman-Zarqa Metro,Amman,Amman,31.94718,35.83138,30,3,HUB-AMM-64,HUB-AMM-64-R01,Fiber ring,0
RO-02,Jul 2027 – Sep 2027,AMM-U-0830,U,Rooftop,Amman-Zarqa Metro,Amman,Amman,31.94718,35.83610,30,3,HUB-AMM-64,HUB-AMM-64-R01,Fiber ring,0
RO-02,Jul 2027 – Sep 2027,AMM-U-0831,U,Rooftop,Amman-Zarqa Metro,Amman,Amman,31.94718,35.84083,30,3,HUB-AMM-64,HUB-AMM-64-R01,Fiber ring,0
RO-02,Jul 2027 – Sep 2027,AMM-U-0856,U,Rooftop,Amman-Zarqa Metro,Amman,Amman,31.95071,35.84319,30,3,HUB-AMM-64,HUB-AMM-64-R01,Fiber ring,1
RO-02,Jul 2027 – Sep 2027,AMM-U-0779,U,Rooftop,Amman-Zarqa Metro,Amman,Amman,31.94013,35.84555,30,3,HUB-AMM-64,HUB-AMM-64-R02,Fiber ring,0
RO-02,Jul 2027 – Sep 2027,AMM-U-0780,U,Rooftop,Amman-Zarqa Metro,Amman,Amman,31.94013,35.85028,30,3,HUB-AMM-64,HUB-AMM-64-R02,Fiber ring,0
RO-02,Jul 2027 – Sep 2027,AMM-U-0806,U,Rooftop,Amman-Zarqa Metro,Amman,Amman,31.94366,35.84319,30,3,HUB-AMM-64,HUB-AMM-64-R02,Fiber ring,0
RO-02,Jul 2027 – Sep 2027,AMM-U-0807,U,Rooftop,Amman-Zarqa Metro,Amman,Amman,31.94447,35.84792,30,3,HUB-AMM-64,HUB-AMM-64-R02,Fiber ring,0
RO-02,Jul 2027 – Sep 2027,AMM-U-0808,U,Rooftop,Amman-Zarqa Metro,Amman,Amman,31.94447,35.85264,30,3,HUB-AMM-64,HUB-AMM-64-R02,Fiber ring,0
RO-02,Jul 2027 – Sep 2027,AMM-U-0832,U,Rooftop,Amman-Zarqa Metro,Amman,Amman,31.94800,35.84555,30,3,HUB-AMM-64,HUB-AMM-64-R02,Fiber ring,0
RO-02,Jul 2027 – Sep 2027,AMM-U-0833,U,Rooftop,Amman-Zarqa Metro,Amman,Amman,31.94718,35.85028,30,3,HUB-AMM-64,HUB-AMM-64-R02,Fiber ring,0
RO-02,Jul 2027 – Sep 2027,AMM-DU-0137,DU,Rooftop,Amman-Zarqa Metro,Amman core,Amman,31.95482,35.85146,25,3,HUB-AMM-64,HUB-AMM-64-R03,Fiber ring,0
RO-02,Jul 2027 – Sep 2027,AMM-DU-0138,DU,Rooftop,Amman-Zarqa Metro,Amman core,Amman,31.95482,35.85540,28,3,HUB-AMM-64,HUB-AMM-64-R03,Fiber ring,0
RO-02,Jul 2027 – Sep 2027,AMM-DU-0166,DU,Rooftop,Amman-Zarqa Metro,Amman core,Amman,31.95775,35.85343,26,3,HUB-AMM-64,HUB-AMM-64-R03,Fiber ring,0
RO-02,Jul 2027 – Sep 2027,AMM-U-0834,U,Rooftop,Amman-Zarqa Metro,Amman,Amman,31.94718,35.85406,30,3,HUB-AMM-64,HUB-AMM-64-R03,Fiber ring,0
RO-02,Jul 2027 – Sep 2027,AMM-U-0857,U,Rooftop,Amman-Zarqa Metro,Amman,Amman,31.95071,35.84792,30,3,HUB-AMM-64,HUB-AMM-64-R03,Fiber ring,0
RO-02,Jul 2027 – Sep 2027,AMM-U-0858,U,Rooftop,Amman-Zarqa Metro,Amman,Amman,31.95111,35.85217,30,3,HUB-AMM-64,HUB-AMM-64-R03,Fiber ring,0
RO-02,Jul 2027 – Sep 2027,AMM-U-0859,U,Rooftop,Amman-Zarqa Metro,Amman,Amman,31.95071,35.85737,30,3,HUB-AMM-64,HUB-AMM-64-R03,Fiber ring,0
RO-02,Jul 2027 – Sep 2027,AMM-DU-0194,DU,Rooftop,Amman-Zarqa Metro,Amman core,Amman,31.96069,35.85146,25,3,HUB-AMM-64,HUB-AMM-64-R04,Fiber ring,0
RO-02,Jul 2027 – Sep 2027,AMM-DU-0223,DU,Rooftop,Amman-Zarqa Metro,Amman core,Amman,31.96431,35.85343,31,3,HUB-AMM-64,HUB-AMM-64-R04,Fiber ring,0
RO-02,Jul 2027 – Sep 2027,AMM-U-0879,U,Rooftop,Amman-Zarqa Metro,Amman,Amman,31.95382,35.84603,30,3,HUB-AMM-64,HUB-AMM-64-R04,Fiber ring,0
RO-02,Jul 2027 – Sep 2027,AMM-U-0900,U,Rooftop,Amman-Zarqa Metro,Amman,Amman,31.95857,35.84792,30,3,HUB-AMM-64,HUB-AMM-64-R04,Fiber ring,0
RO-02,Jul 2027 – Sep 2027,AMM-U-0921,U,Rooftop,Amman-Zarqa Metro,Amman,Amman,31.96128,35.84461,30,3,HUB-AMM-64,HUB-AMM-64-R04,Fiber ring,0
RO-02,Jul 2027 – Sep 2027,AMM-U-0942,U,Rooftop,Amman-Zarqa Metro,Amman,Amman,31.96399,35.84319,31,3,HUB-AMM-64,HUB-AMM-64-R04,Fiber ring,0
RO-02,Jul 2027 – Sep 2027,AMM-U-0943,U,Rooftop,Amman-Zarqa Metro,Amman,Amman,31.96480,35.84886,30,3,HUB-AMM-64,HUB-AMM-64-R04,Fiber ring,0
RO-02,Jul 2027 – Sep 2027,AMM-U-0878,U,Rooftop,Amman-Zarqa Metro,Amman,Amman,31.95464,35.84036,30,3,HUB-AMM-64,HUB-AMM-64-R05,Fiber ring,0
RO-02,Jul 2027 – Sep 2027,AMM-U-0897,U,Rooftop,Amman-Zarqa Metro,Amman,Amman,31.95775,35.83468,30,3,HUB-AMM-64,HUB-AMM-64-R05,Fiber ring,0
RO-02,Jul 2027 – Sep 2027,AMM-U-0898,U,Rooftop,Amman-Zarqa Metro,Amman,Amman,31.95775,35.83847,30,3,HUB-AMM-64,HUB-AMM-64-R05,Fiber ring,0
RO-02,Jul 2027 – Sep 2027,AMM-U-0899,U,Rooftop,Amman-Zarqa Metro,Amman,Amman,31.95775,35.84225,30,3,HUB-AMM-64,HUB-AMM-64-R05,Fiber ring,0
RO-02,Jul 2027 – Sep 2027,AMM-U-0918,U,Rooftop,Amman-Zarqa Metro,Amman,Amman,31.96128,35.83043,30,3,HUB-AMM-64,HUB-AMM-64-R05,Fiber ring,0
RO-02,Jul 2027 – Sep 2027,AMM-U-0919,U,Rooftop,Amman-Zarqa Metro,Amman,Amman,31.96128,35.83705,30,3,HUB-AMM-64,HUB-AMM-64-R05,Fiber ring,0
RO-02,Jul 2027 – Sep 2027,AMM-U-0920,U,Rooftop,Amman-Zarqa Metro,Amman,Amman,31.96128,35.84083,30,3,HUB-AMM-64,HUB-AMM-64-R05,Fiber ring,0
RO-02,Jul 2027 – Sep 2027,AMM-U-0853,U,Rooftop,Amman-Zarqa Metro,Amman,Amman,31.95071,35.82901,30,3,HUB-AMM-64,HUB-AMM-64-R06,Fiber ring,0
RO-02,Jul 2027 – Sep 2027,AMM-U-0854,U,Rooftop,Amman-Zarqa Metro,Amman,Amman,31.95071,35.83279,30,3,HUB-AMM-64,HUB-AMM-64-R06,Fiber ring,0
RO-02,Jul 2027 – Sep 2027,AMM-U-0855,U,Rooftop,Amman-Zarqa Metro,Amman,Amman,31.95071,35.83847,30,3,HUB-AMM-64,HUB-AMM-64-R06,Fiber ring,0
RO-02,Jul 2027 – Sep 2027,AMM-U-0875,U,Rooftop,Amman-Zarqa Metro,Amman,Amman,31.95423,35.82760,30,3,HUB-AMM-64,HUB-AMM-64-R06,Fiber ring,0
RO-02,Jul 2027 – Sep 2027,AMM-U-0876,U,Rooftop,Amman-Zarqa Metro,Amman,Amman,31.95342,35.83138,30,3,HUB-AMM-64,HUB-AMM-64-R06,Fiber ring,0
RO-02,Jul 2027 – Sep 2027,AMM-U-0877,U,Rooftop,Amman-Zarqa Metro,Amman,Amman,31.95504,35.83610,30,3,HUB-AMM-64,HUB-AMM-64-R06,Fiber ring,0
RO-02,Jul 2027 – Sep 2027,AMM-U-0896,U,Rooftop,Amman-Zarqa Metro,Amman,Amman,31.95857,35.82901,30,3,HUB-AMM-64,HUB-AMM-64-R06,Fiber ring,0
RO-02,Jul 2027 – Sep 2027,IRB-DU-0032,DU,Rooftop,Irbid,Irbid core,Irbid,32.55623,35.83374,25,3,HUB-IRB-01,HUB-IRB-01-R01,Fiber ring,0
RO-02,Jul 2027 – Sep 2027,IRB-DU-0041,DU,Rooftop,Irbid,Irbid core,Irbid,32.55985,35.83650,25,3,HUB-IRB-01,HUB-IRB-01-R01,Fiber ring,0
RO-02,Jul 2027 – Sep 2027,IRB-DU-0042,DU,Rooftop,Irbid,Irbid core,Irbid,32.55985,35.83965,25,3,HUB-IRB-01,HUB-IRB-01-R01,Fiber ring,0
RO-02,Jul 2027 – Sep 2027,IRB-DU-0050,DU,Rooftop,Irbid,Irbid core,Irbid,32.56211,35.84162,25,3,HUB-IRB-01,HUB-IRB-01-R01,Fiber ring,1
RO-02,Jul 2027 – Sep 2027,IRB-U-0330,U,Rooftop,Irbid,Irbid,Irbid,32.55691,35.82523,30,3,HUB-IRB-01,HUB-IRB-01-R01,Fiber ring,0
RO-02,Jul 2027 – Sep 2027,IRB-U-0331,U,Rooftop,Irbid,Irbid,Irbid,32.55691,35.82901,30,3,HUB-IRB-01,HUB-IRB-01-R01,Fiber ring,0
RO-02,Jul 2027 – Sep 2027,IRB-U-0354,U,Rooftop,Irbid,Irbid,Irbid,32.55962,35.82665,30,3,HUB-IRB-01,HUB-IRB-01-R01,Fiber ring,0
RO-02,Jul 2027 – Sep 2027,IRB-U-0355,U,Rooftop,Irbid,Irbid,Irbid,32.55962,35.83138,30,3,HUB-IRB-01,HUB-IRB-01-R01,Fiber ring,0
RO-02,Jul 2027 – Sep 2027,IRB-DU-0016,DU,Rooftop,Irbid,Irbid core,Irbid,32.55104,35.84162,25,3,HUB-IRB-01,HUB-IRB-01-R02,Fiber ring,0
RO-02,Jul 2027 – Sep 2027,IRB-DU-0017,DU,Rooftop,Irbid,Irbid core,Irbid,32.55104,35.84555,25,3,HUB-IRB-01,HUB-IRB-01-R02,Fiber ring,0
RO-02,Jul 2027 – Sep 2027,IRB-DU-0023,DU,Rooftop,Irbid,Irbid core,Irbid,32.55397,35.83571,25,3,HUB-IRB-01,HUB-IRB-01-R02,Fiber ring,0
RO-02,Jul 2027 – Sep 2027,IRB-DU-0024,DU,Rooftop,Irbid,Irbid core,Irbid,32.55397,35.83965,25,3,HUB-IRB-01,HUB-IRB-01-R02,Fiber ring,0
RO-02,Jul 2027 – Sep 2027,IRB-DU-0025,DU,Rooftop,Irbid,Irbid core,Irbid,32.55397,35.84359,25,3,HUB-IRB-01,HUB-IRB-01-R02,Fiber ring,0
RO-02,Jul 2027 – Sep 2027,IRB-DU-0033,DU,Rooftop,Irbid,Irbid core,Irbid,32.55623,35.83768,25,3,HUB-IRB-01,HUB-IRB-01-R02,Fiber ring,0
RO-02,Jul 2027 – Sep 2027,IRB-DU-0034,DU,Rooftop,Irbid,Irbid core,Irbid,32.55759,35.84162,25,3,HUB-IRB-01,HUB-IRB-01-R02,Fiber ring,0
RO-02,Jul 2027 – Sep 2027,IRB-DU-0026,DU,Rooftop,Irbid,Irbid core,Irbid,32.55397,35.84752,25,3,HUB-IRB-01,HUB-IRB-01-R03,Fiber ring,0
RO-02,Jul 2027 – Sep 2027,IRB-DU-0035,DU,Rooftop,Irbid,Irbid core,Irbid,32.55691,35.84634,26,3,HUB-IRB-01,HUB-IRB-01-R03,Fiber ring,0
RO-02,Jul 2027 – Sep 2027,IRB-DU-0036,DU,Rooftop,Irbid,Irbid core,Irbid,32.55725,35.84910,26,3,HUB-IRB-01,HUB-IRB-01-R03,Fiber ring,0
RO-02,Jul 2027 – Sep 2027,IRB-DU-0043,DU,Rooftop,Irbid,Irbid core,Irbid,32.55985,35.84359,25,3,HUB-IRB-01,HUB-IRB-01-R03,Fiber ring,0
RO-02,Jul 2027 – Sep 2027,IRB-DU-0044,DU,Rooftop,Irbid,Irbid core,Irbid,32.55917,35.84752,26,3,HUB-IRB-01,HUB-IRB-01-R03,Fiber ring,0
RO-02,Jul 2027 – Sep 2027,IRB-DU-0045,DU,Rooftop,Irbid,Irbid core,Irbid,32.55917,35.85146,26,3,HUB-IRB-01,HUB-IRB-01-R03,Fiber ring,0
RO-02,Jul 2027 – Sep 2027,IRB-DU-0051,DU,Rooftop,Irbid,Irbid core,Irbid,32.56211,35.84555,25,3,HUB-IRB-01,HUB-IRB-01-R03,Fiber ring,0
RO-02,Jul 2027 – Sep 2027,IRB-DU-0052,DU,Rooftop,Irbid,Irbid core,Irbid,32.56211,35.84949,25,3,HUB-IRB-01,HUB-IRB-01-R04,Fiber ring,0
RO-02,Jul 2027 – Sep 2027,IRB-DU-0053,DU,Rooftop,Irbid,Irbid core,Irbid,32.56278,35.85343,25,3,HUB-IRB-01,HUB-IRB-01-R04,Fiber ring,0
RO-02,Jul 2027 – Sep 2027,IRB-DU-0056,DU,Rooftop,Irbid,Irbid core,Irbid,32.56504,35.84359,25,3,HUB-IRB-01,HUB-IRB-01-R04,Fiber ring,0
RO-02,Jul 2027 – Sep 2027,IRB-DU-0057,DU,Rooftop,Irbid,Irbid core,Irbid,32.56572,35.84752,25,3,HUB-IRB-01,HUB-IRB-01-R04,Fiber ring,0
RO-02,Jul 2027 – Sep 2027,IRB-DU-0058,DU,Rooftop,Irbid,Irbid core,Irbid,32.56504,35.85146,25,3,HUB-IRB-01,HUB-IRB-01-R04,Fiber ring,0
RO-02,Jul 2027 – Sep 2027,IRB-DU-0059,DU,Rooftop,Irbid,Irbid core,Irbid,32.56572,35.85619,25,3,HUB-IRB-01,HUB-IRB-01-R04,Fiber ring,0
RO-02,Jul 2027 – Sep 2027,IRB-U-0405,U,Rooftop,Irbid,Irbid,Irbid,32.56748,35.84555,30,3,HUB-IRB-01,HUB-IRB-01-R04,Fiber ring,0
RO-02,Jul 2027 – Sep 2027,IRB-U-0379,U,Rooftop,Irbid,Irbid,Irbid,32.56314,35.83374,30,3,HUB-IRB-01,HUB-IRB-01-R05,Fiber ring,0
RO-02,Jul 2027 – Sep 2027,IRB-U-0402,U,Rooftop,Irbid,Irbid,Irbid,32.56667,35.83138,30,3,HUB-IRB-01,HUB-IRB-01-R05,Fiber ring,0
RO-02,Jul 2027 – Sep 2027,IRB-U-0403,U,Rooftop,Irbid,Irbid,Irbid,32.56748,35.83610,30,3,HUB-IRB-01,HUB-IRB-01-R05,Fiber ring,0
RO-02,Jul 2027 – Sep 2027,IRB-U-0404,U,Rooftop,Irbid,Irbid,Irbid,32.56748,35.84083,30,3,HUB-IRB-01,HUB-IRB-01-R05,Fiber ring,0
RO-02,Jul 2027 – Sep 2027,IRB-U-0426,U,Rooftop,Irbid,Irbid,Irbid,32.57101,35.83374,30,3,HUB-IRB-01,HUB-IRB-01-R05,Fiber ring,0
RO-02,Jul 2027 – Sep 2027,IRB-U-0427,U,Rooftop,Irbid,Irbid,Irbid,32.57101,35.83847,30,3,HUB-IRB-01,HUB-IRB-01-R05,Fiber ring,0
RO-02,Jul 2027 – Sep 2027,IRB-U-0428,U,Rooftop,Irbid,Irbid,Irbid,32.57101,35.84319,30,3,HUB-IRB-01,HUB-IRB-01-R05,Fiber ring,0
RO-02,Jul 2027 – Sep 2027,IRB-DU-0049,DU,Rooftop,Irbid,Irbid core,Irbid,32.56211,35.83768,25,3,HUB-IRB-01,HUB-IRB-01-R06,Fiber ring,0
RO-02,Jul 2027 – Sep 2027,IRB-U-0378,U,Rooftop,Irbid,Irbid,Irbid,32.56314,35.82901,30,3,HUB-IRB-01,HUB-IRB-01-R06,Fiber ring,0
RO-02,Jul 2027 – Sep 2027,IRB-DU-0003,DU,Rooftop,Irbid,Irbid core,Irbid,32.54516,35.84949,25,3,HUB-IRB-15,HUB-IRB-15-R01,Fiber ring,0
RO-02,Jul 2027 – Sep 2027,IRB-DU-0004,DU,Rooftop,Irbid,Irbid core,Irbid,32.54516,35.85343,25,3,HUB-IRB-15,HUB-IRB-15-R01,Fiber ring,0
RO-02,Jul 2027 – Sep 2027,IRB-DU-0005,DU,Rooftop,Irbid,Irbid core,Irbid,32.54516,35.85737,25,3,HUB-IRB-15,HUB-IRB-15-R01,Fiber ring,0
RO-02,Jul 2027 – Sep 2027,IRB-DU-0009,DU,Rooftop,Irbid,Irbid core,Irbid,32.54742,35.84752,25,3,HUB-IRB-15,HUB-IRB-15-R01,Fiber ring,0
RO-02,Jul 2027 – Sep 2027,IRB-DU-0010,DU,Rooftop,Irbid,Irbid core,Irbid,32.54810,35.85146,25,3,HUB-IRB-15,HUB-IRB-15-R01,Fiber ring,0
RO-02,Jul 2027 – Sep 2027,IRB-DU-0011,DU,Rooftop,Irbid,Irbid core,Irbid,32.54810,35.85540,25,3,HUB-IRB-15,HUB-IRB-15-R01,Fiber ring,0
RO-02,Jul 2027 – Sep 2027,IRB-DU-0021,DU,Rooftop,Irbid,Irbid core,Irbid,32.55104,35.86131,25,3,HUB-IRB-15,HUB-IRB-15-R01,Fiber ring,1
RO-02,Jul 2027 – Sep 2027,IRB-U-0217,U,Rooftop,Irbid,Irbid,Irbid,32.53929,35.85123,30,3,HUB-IRB-15,HUB-IRB-15-R01,Fiber ring,0
RO-02,Jul 2027 – Sep 2027,IRB-DU-0012,DU,Rooftop,Irbid,Irbid core,Irbid,32.54810,35.85934,25,3,HUB-IRB-15,HUB-IRB-15-R02,Fiber ring,0
RO-02,Jul 2027 – Sep 2027,IRB-U-0195,U,Rooftop,Irbid,Irbid,Irbid,32.53576,35.85264,30,3,HUB-IRB-15,HUB-IRB-15-R02,Fiber ring,0
RO-02,Jul 2027 – Sep 2027,IRB-U-0196,U,Rooftop,Irbid,Irbid,Irbid,32.53576,35.85737,30,3,HUB-IRB-15,HUB-IRB-15-R02,Fiber ring,0
RO-02,Jul 2027 – Sep 2027,IRB-U-0197,U,Rooftop,Irbid,Irbid,Irbid,32.53576,35.86115,30,3,HUB-IRB-15,HUB-IRB-15-R02,Fiber ring,0
RO-02,Jul 2027 – Sep 2027,IRB-U-0218,U,Rooftop,Irbid,Irbid,Irbid,32.53929,35.85406,30,3,HUB-IRB-15,HUB-IRB-15-R02,Fiber ring,0
RO-02,Jul 2027 – Sep 2027,IRB-U-0219,U,Rooftop,Irbid,Irbid,Irbid,32.53929,35.85973,30,3,HUB-IRB-15,HUB-IRB-15-R02,Fiber ring,0
RO-02,Jul 2027 – Sep 2027,IRB-U-0240,U,Rooftop,Irbid,Irbid,Irbid,32.54281,35.85737,30,3,HUB-IRB-15,HUB-IRB-15-R02,Fiber ring,0
RO-02,Jul 2027 – Sep 2027,IRB-DU-0013,DU,Rooftop,Irbid,Irbid core,Irbid,32.54810,35.86328,25,3,HUB-IRB-15,HUB-IRB-15-R03,Fiber ring,0
RO-02,Jul 2027 – Sep 2027,IRB-U-0198,U,Rooftop,Irbid,Irbid,Irbid,32.53576,35.86682,30,3,HUB-IRB-15,HUB-IRB-15-R03,Fiber ring,0
RO-02,Jul 2027 – Sep 2027,IRB-U-0220,U,Rooftop,Irbid,Irbid,Irbid,32.53929,35.86446,30,3,HUB-IRB-15,HUB-IRB-15-R03,Fiber ring,0
RO-02,Jul 2027 – Sep 2027,IRB-U-0221,U,Rooftop,Irbid,Irbid,Irbid,32.53929,35.86918,30,3,HUB-IRB-15,HUB-IRB-15-R03,Fiber ring,0
RO-02,Jul 2027 – Sep 2027,IRB-U-0241,U,Rooftop,Irbid,Irbid,Irbid,32.54281,35.86210,30,3,HUB-IRB-15,HUB-IRB-15-R03,Fiber ring,0
RO-02,Jul 2027 – Sep 2027,IRB-U-0242,U,Rooftop,Irbid,Irbid,Irbid,32.54281,35.86682,30,3,HUB-IRB-15,HUB-IRB-15-R03,Fiber ring,0
RO-02,Jul 2027 – Sep 2027,IRB-U-0243,U,Rooftop,Irbid,Irbid,Irbid,32.54200,35.87155,30,3,HUB-IRB-15,HUB-IRB-15-R03,Fiber ring,0
RO-02,Jul 2027 – Sep 2027,IRB-DU-0022,DU,Rooftop,Irbid,Irbid core,Irbid,32.55104,35.86525,25,3,HUB-IRB-15,HUB-IRB-15-R04,Fiber ring,0
RO-02,Jul 2027 – Sep 2027,IRB-U-0244,U,Rooftop,Irbid,Irbid,Irbid,32.54281,35.87627,30,3,HUB-IRB-15,HUB-IRB-15-R04,Fiber ring,0
RO-02,Jul 2027 – Sep 2027,IRB-U-0264,U,Rooftop,Irbid,Irbid,Irbid,32.54634,35.86918,30,3,HUB-IRB-15,HUB-IRB-15-R04,Fiber ring,0
RO-02,Jul 2027 – Sep 2027,IRB-U-0265,U,Rooftop,Irbid,Irbid,Irbid,32.54634,35.87391,30,3,HUB-IRB-15,HUB-IRB-15-R04,Fiber ring,0
RO-02,Jul 2027 – Sep 2027,IRB-U-0266,U,Rooftop,Irbid,Irbid,Irbid,32.54634,35.87864,30,3,HUB-IRB-15,HUB-IRB-15-R04,Fiber ring,0
RO-02,Jul 2027 – Sep 2027,IRB-U-0286,U,Rooftop,Irbid,Irbid,Irbid,32.54986,35.87155,30,3,HUB-IRB-15,HUB-IRB-15-R04,Fiber ring,0
RO-02,Jul 2027 – Sep 2027,IRB-U-0287,U,Rooftop,Irbid,Irbid,Irbid,32.54986,35.87627,30,3,HUB-IRB-15,HUB-IRB-15-R04,Fiber ring,0
RO-02,Jul 2027 – Sep 2027,IRB-DU-0030,DU,Rooftop,Irbid,Irbid core,Irbid,32.55397,35.86328,25,3,HUB-IRB-15,HUB-IRB-15-R05,Fiber ring,0
RO-02,Jul 2027 – Sep 2027,IRB-DU-0031,DU,Rooftop,Irbid,Irbid core,Irbid,32.55397,35.86722,25,3,HUB-IRB-15,HUB-IRB-15-R05,Fiber ring,0
RO-02,Jul 2027 – Sep 2027,IRB-DU-0040,DU,Rooftop,Irbid,Irbid core,Irbid,32.55691,35.86525,25,3,HUB-IRB-15,HUB-IRB-15-R05,Fiber ring,0
RO-02,Jul 2027 – Sep 2027,IRB-U-0309,U,Rooftop,Irbid,Irbid,Irbid,32.55338,35.87391,30,3,HUB-IRB-15,HUB-IRB-15-R05,Fiber ring,0
RO-02,Jul 2027 – Sep 2027,IRB-U-0332,U,Rooftop,Irbid,Irbid,Irbid,32.55610,35.87155,30,3,HUB-IRB-15,HUB-IRB-15-R05,Fiber ring,0
RO-02,Jul 2027 – Sep 2027,IRB-U-0356,U,Rooftop,Irbid,Irbid,Irbid,32.56043,35.86918,30,3,HUB-IRB-15,HUB-IRB-15-R05,Fiber ring,0
RO-02,Jul 2027 – Sep 2027,IRB-U-0380,U,Rooftop,Irbid,Irbid,Irbid,32.56396,35.86682,30,3,HUB-IRB-15,HUB-IRB-15-R05,Fiber ring,0
RO-02,Jul 2027 – Sep 2027,IRB-DU-0039,DU,Rooftop,Irbid,Irbid core,Irbid,32.55691,35.86131,25,3,HUB-IRB-15,HUB-IRB-15-R06,Fiber ring,0
RO-02,Jul 2027 – Sep 2027,IRB-DU-0047,DU,Rooftop,Irbid,Irbid core,Irbid,32.55985,35.85934,25,3,HUB-IRB-15,HUB-IRB-15-R06,Fiber ring,0
RO-02,Jul 2027 – Sep 2027,IRB-DU-0048,DU,Rooftop,Irbid,Irbid core,Irbid,32.55985,35.86328,25,3,HUB-IRB-15,HUB-IRB-15-R06,Fiber ring,0
RO-02,Jul 2027 – Sep 2027,IRB-DU-0054,DU,Rooftop,Irbid,Irbid core,Irbid,32.56278,35.85737,25,3,HUB-IRB-15,HUB-IRB-15-R06,Fiber ring,0
RO-02,Jul 2027 – Sep 2027,IRB-DU-0055,DU,Rooftop,Irbid,Irbid core,Irbid,32.56278,35.86131,25,3,HUB-IRB-15,HUB-IRB-15-R06,Fiber ring,0
RO-02,Jul 2027 – Sep 2027,IRB-DU-0060,DU,Rooftop,Irbid,Irbid core,Irbid,32.56572,35.85934,25,3,HUB-IRB-15,HUB-IRB-15-R06,Fiber ring,0
RO-02,Jul 2027 – Sep 2027,IRB-U-0406,U,Rooftop,Irbid,Irbid,Irbid,32.56748,35.86446,30,3,HUB-IRB-15,HUB-IRB-15-R06,Fiber ring,0
RO-02,Jul 2027 – Sep 2027,IRB-DU-0018,DU,Rooftop,Irbid,Irbid core,Irbid,32.55104,35.84949,25,3,HUB-IRB-15,HUB-IRB-15-R07,Fiber ring,0
RO-02,Jul 2027 – Sep 2027,IRB-DU-0027,DU,Rooftop,Irbid,Irbid core,Irbid,32.55397,35.85146,27,3,HUB-IRB-15,HUB-IRB-15-R07,Fiber ring,0
RO-02,Jul 2027 – Sep 2027,IRB-DU-0028,DU,Rooftop,Irbid,Irbid core,Irbid,32.55397,35.85540,27,3,HUB-IRB-15,HUB-IRB-15-R07,Fiber ring,0
RO-02,Jul 2027 – Sep 2027,IRB-DU-0029,DU,Rooftop,Irbid,Irbid core,Irbid,32.55397,35.85934,25,3,HUB-IRB-15,HUB-IRB-15-R07,Fiber ring,0
RO-02,Jul 2027 – Sep 2027,IRB-DU-0037,DU,Rooftop,Irbid,Irbid core,Irbid,32.55691,35.85343,25,3,HUB-IRB-15,HUB-IRB-15-R07,Fiber ring,0
RO-02,Jul 2027 – Sep 2027,IRB-DU-0038,DU,Rooftop,Irbid,Irbid core,Irbid,32.55691,35.85737,25,3,HUB-IRB-15,HUB-IRB-15-R07,Fiber ring,0
RO-02,Jul 2027 – Sep 2027,IRB-DU-0046,DU,Rooftop,Irbid,Irbid core,Irbid,32.55985,35.85540,25,3,HUB-IRB-15,HUB-IRB-15-R07,Fiber ring,0
RO-02,Jul 2027 – Sep 2027,IRB-DU-0019,DU,Rooftop,Irbid,Irbid core,Irbid,32.55104,35.85343,26,3,HUB-IRB-15,HUB-IRB-15-R08,Fiber ring,0
RO-02,Jul 2027 – Sep 2027,IRB-DU-0020,DU,Rooftop,Irbid,Irbid core,Irbid,32.55104,35.85737,25,3,HUB-IRB-15,HUB-IRB-15-R08,Fiber ring,0
RO-03,Oct 2027 – Dec 2027,AMM-U-0917,U,Rooftop,Amman-Zarqa Metro,Amman,Amman,31.96128,35.82760,30,3,HUB-AMM-02,HUB-AMM-02-R01,Fiber ring,0
RO-03,Oct 2027 – Dec 2027,AMM-U-0938,U,Rooftop,Amman-Zarqa Metro,Amman,Amman,31.96521,35.82476,30,3,HUB-AMM-02,HUB-AMM-02-R01,Fiber ring,0
RO-03,Oct 2027 – Dec 2027,AMM-U-0961,U,Rooftop,Amman-Zarqa Metro,Amman,Amman,31.96873,35.82240,30,3,HUB-AMM-02,HUB-AMM-02-R01,Fiber ring,0
RO-03,Oct 2027 – Dec 2027,AMM-U-0962,U,Rooftop,Amman-Zarqa Metro,Amman,Amman,31.96833,35.82665,30,3,HUB-AMM-02,HUB-AMM-02-R01,Fiber ring,0
RO-03,Oct 2027 – Dec 2027,AMM-U-0987,U,Rooftop,Amman-Zarqa Metro,Amman,Amman,31.97185,35.82429,30,3,HUB-AMM-02,HUB-AMM-02-R01,Fiber ring,0
RO-03,Oct 2027 – Dec 2027,AMM-U-0988,U,Rooftop,Amman-Zarqa Metro,Amman,Amman,31.97267,35.82901,30,3,HUB-AMM-02,HUB-AMM-02-R01,Fiber ring,0
RO-03,Oct 2027 – Dec 2027,AMM-U-1013,U,Rooftop,Amman-Zarqa Metro,Amman,Amman,31.97538,35.82287,30,3,HUB-AMM-02,HUB-AMM-02-R01,Fiber ring,0
RO-03,Oct 2027 – Dec 2027,AMM-U-1015,U,Rooftop,Amman-Zarqa Metro,Amman,Amman,31.97619,35.83138,30,3,HUB-AMM-02,HUB-AMM-02-R01,Fiber ring,1
RO-03,Oct 2027 – Dec 2027,AMM-U-0939,U,Rooftop,Amman-Zarqa Metro,Amman,Amman,31.96562,35.82901,30,3,HUB-AMM-02,HUB-AMM-02-R02,Fiber ring,0
RO-03,Oct 2027 – Dec 2027,AMM-U-0940,U,Rooftop,Amman-Zarqa Metro,Amman,Amman,31.96521,35.83421,30,3,HUB-AMM-02,HUB-AMM-02-R02,Fiber ring,0
RO-03,Oct 2027 – Dec 2027,AMM-U-0941,U,Rooftop,Amman-Zarqa Metro,Amman,Amman,31.96480,35.83847,30,3,HUB-AMM-02,HUB-AMM-02-R02,Fiber ring,0
RO-03,Oct 2027 – Dec 2027,AMM-U-0963,U,Rooftop,Amman-Zarqa Metro,Amman,Amman,31.96914,35.83138,30,3,HUB-AMM-02,HUB-AMM-02-R02,Fiber ring,0
RO-03,Oct 2027 – Dec 2027,AMM-U-0964,U,Rooftop,Amman-Zarqa Metro,Amman,Amman,31.96833,35.83610,30,3,HUB-AMM-02,HUB-AMM-02-R02,Fiber ring,0
RO-03,Oct 2027 – Dec 2027,AMM-U-0965,U,Rooftop,Amman-Zarqa Metro,Amman,Amman,31.96833,35.84083,30,3,HUB-AMM-02,HUB-AMM-02-R02,Fiber ring,0
RO-03,Oct 2027 – Dec 2027,AMM-U-0989,U,Rooftop,Amman-Zarqa Metro,Amman,Amman,31.97226,35.83421,30,3,HUB-AMM-02,HUB-AMM-02-R02,Fiber ring,0
RO-03,Oct 2027 – Dec 2027,AMM-U-0966,U,Rooftop,Amman-Zarqa Metro,Amman,Amman,31.96833,35.84650,30,3,HUB-AMM-02,HUB-AMM-02-R03,Fiber ring,0
RO-03,Oct 2027 – Dec 2027,AMM-U-0990,U,Rooftop,Amman-Zarqa Metro,Amman,Amman,31.97104,35.83847,30,3,HUB-AMM-02,HUB-AMM-02-R03,Fiber ring,0
RO-03,Oct 2027 – Dec 2027,AMM-U-0991,U,Rooftop,Amman-Zarqa Metro,Amman,Amman,31.97226,35.84366,30,3,HUB-AMM-02,HUB-AMM-02-R03,Fiber ring,0
RO-03,Oct 2027 – Dec 2027,AMM-U-1016,U,Rooftop,Amman-Zarqa Metro,Amman,Amman,31.97538,35.83516,30,3,HUB-AMM-02,HUB-AMM-02-R03,Fiber ring,0
RO-03,Oct 2027 – Dec 2027,AMM-U-1017,U,Rooftop,Amman-Zarqa Metro,Amman,Amman,31.97538,35.84177,30,3,HUB-AMM-02,HUB-AMM-02-R03,Fiber ring,0
RO-03,Oct 2027 – Dec 2027,AMM-U-1018,U,Rooftop,Amman-Zarqa Metro,Amman,Amman,31.97619,35.84555,30,3,HUB-AMM-02,HUB-AMM-02-R03,Fiber ring,0
RO-03,Oct 2027 – Dec 2027,AMM-U-1042,U,Rooftop,Amman-Zarqa Metro,Amman,Amman,31.97890,35.84319,30,3,HUB-AMM-02,HUB-AMM-02-R03,Fiber ring,0
RO-03,Oct 2027 – Dec 2027,AMM-U-1040,U,Rooftop,Amman-Zarqa Metro,Amman,Amman,31.97890,35.83279,30,3,HUB-AMM-02,HUB-AMM-02-R04,Fiber ring,0
RO-03,Oct 2027 – Dec 2027,AMM-U-1041,U,Rooftop,Amman-Zarqa Metro,Amman,Amman,31.97931,35.83799,30,3,HUB-AMM-02,HUB-AMM-02-R04,Fiber ring,0
RO-03,Oct 2027 – Dec 2027,AMM-U-1068,U,Rooftop,Amman-Zarqa Metro,Amman,Amman,31.98243,35.83610,30,3,HUB-AMM-02,HUB-AMM-02-R04,Fiber ring,0
RO-03,Oct 2027 – Dec 2027,AMM-U-1069,U,Rooftop,Amman-Zarqa Metro,Amman,Amman,31.98202,35.84130,30,3,HUB-AMM-02,HUB-AMM-02-R04,Fiber ring,0
RO-03,Oct 2027 – Dec 2027,AMM-U-1070,U,Rooftop,Amman-Zarqa Metro,Amman,Amman,31.98243,35.84555,30,3,HUB-AMM-02,HUB-AMM-02-R04,Fiber ring,0
RO-03,Oct 2027 – Dec 2027,AMM-U-1100,U,Rooftop,Amman-Zarqa Metro,Amman,Amman,31.98595,35.83941,30,3,HUB-AMM-02,HUB-AMM-02-R04,Fiber ring,0
RO-03,Oct 2027 – Dec 2027,AMM-U-1101,U,Rooftop,Amman-Zarqa Metro,Amman,Amman,31.98595,35.84414,30,3,HUB-AMM-02,HUB-AMM-02-R04,Fiber ring,0
RO-03,Oct 2027 – Dec 2027,AMM-U-1039,U,Rooftop,Amman-Zarqa Metro,Amman,Amman,31.97890,35.82901,30,3,HUB-AMM-02,HUB-AMM-02-R05,Fiber ring,0
RO-03,Oct 2027 – Dec 2027,AMM-U-1065,U,Monopole / greenfield,Amman-Zarqa Metro,Amman,Amman,31.98243,35.82287,30,3,HUB-AMM-02,HUB-AMM-02-R05,Fiber ring,0
RO-03,Oct 2027 – Dec 2027,AMM-U-1066,U,Monopole / greenfield,Amman-Zarqa Metro,Amman,Amman,31.98243,35.82665,30,3,HUB-AMM-02,HUB-AMM-02-R05,Fiber ring,0
RO-03,Oct 2027 – Dec 2027,AMM-U-1067,U,Rooftop,Amman-Zarqa Metro,Amman,Amman,31.98161,35.83138,30,3,HUB-AMM-02,HUB-AMM-02-R05,Fiber ring,0
RO-03,Oct 2027 – Dec 2027,AMM-U-1097,U,Monopole / greenfield,Amman-Zarqa Metro,Amman,Amman,31.98554,35.82382,30,3,HUB-AMM-02,HUB-AMM-02-R05,Fiber ring,0
RO-03,Oct 2027 – Dec 2027,AMM-U-1098,U,Monopole / greenfield,Amman-Zarqa Metro,Amman,Amman,31.98595,35.82807,30,3,HUB-AMM-02,HUB-AMM-02-R05,Fiber ring,0
RO-03,Oct 2027 – Dec 2027,AMM-U-1099,U,Rooftop,Amman-Zarqa Metro,Amman,Amman,31.98595,35.83374,30,3,HUB-AMM-02,HUB-AMM-02-R05,Fiber ring,0
RO-03,Oct 2027 – Dec 2027,AMM-U-1014,U,Rooftop,Amman-Zarqa Metro,Amman,Amman,31.97619,35.82665,30,3,HUB-AMM-02,HUB-AMM-02-R06,Fiber ring,0
RO-03,Oct 2027 – Dec 2027,AMM-U-1037,U,Monopole / greenfield,Amman-Zarqa Metro,Amman,Amman,31.97890,35.82051,30,3,HUB-AMM-02,HUB-AMM-02-R06,Fiber ring,0
RO-03,Oct 2027 – Dec 2027,AMM-U-1038,U,Rooftop,Amman-Zarqa Metro,Amman,Amman,31.97972,35.82429,30,3,HUB-AMM-02,HUB-AMM-02-R06,Fiber ring,0
RO-03,Oct 2027 – Dec 2027,AMM-U-1132,U,Rooftop,Amman-Zarqa Metro,Amman,Amman,31.98907,35.82618,30,3,HUB-AMM-04,HUB-AMM-04-R01,Fiber ring,0
RO-03,Oct 2027 – Dec 2027,AMM-U-1174,U,Rooftop,Amman-Zarqa Metro,Amman,Amman,31.99219,35.82429,30,3,HUB-AMM-04,HUB-AMM-04-R01,Fiber ring,0
RO-03,Oct 2027 – Dec 2027,AMM-U-1218,U,Rooftop,Amman-Zarqa Metro,Amman,Amman,31.99652,35.82192,30,3,HUB-AMM-04,HUB-AMM-04-R01,Fiber ring,0
RO-03,Oct 2027 – Dec 2027,AMM-U-1219,U,Rooftop,Amman-Zarqa Metro,Amman,Amman,31.99734,35.82665,30,3,HUB-AMM-04,HUB-AMM-04-R01,Fiber ring,0
RO-03,Oct 2027 – Dec 2027,AMM-U-1220,U,Rooftop,Amman-Zarqa Metro,Amman,Amman,31.99652,35.83043,30,3,HUB-AMM-04,HUB-AMM-04-R01,Fiber ring,0
RO-03,Oct 2027 – Dec 2027,AMM-U-1261,U,Rooftop,Amman-Zarqa Metro,Amman,Amman,31.99964,35.82003,30,3,HUB-AMM-04,HUB-AMM-04-R01,Fiber ring,0
RO-03,Oct 2027 – Dec 2027,AMM-U-1262,U,Rooftop,Amman-Zarqa Metro,Amman,Amman,31.99964,35.82382,30,3,HUB-AMM-04,HUB-AMM-04-R01,Fiber ring,0
RO-03,Oct 2027 – Dec 2027,AMM-U-1264,U,Rooftop,Amman-Zarqa Metro,Amman,Amman,32.00086,35.83374,30,3,HUB-AMM-04,HUB-AMM-04-R01,Fiber ring,1
RO-03,Oct 2027 – Dec 2027,AMM-U-1133,U,Rooftop,Amman-Zarqa Metro,Amman,Amman,31.99029,35.83138,30,3,HUB-AMM-04,HUB-AMM-04-R02,Fiber ring,0
RO-03,Oct 2027 – Dec 2027,AMM-U-1134,U,Rooftop,Amman-Zarqa Metro,Amman,Amman,31.99029,35.83610,30,3,HUB-AMM-04,HUB-AMM-04-R02,Fiber ring,0
RO-03,Oct 2027 – Dec 2027,AMM-U-1135,U,Rooftop,Amman-Zarqa Metro,Amman,Amman,31.98947,35.84083,30,3,HUB-AMM-04,HUB-AMM-04-R02,Fiber ring,0
RO-03,Oct 2027 – Dec 2027,AMM-U-1175,U,Rooftop,Amman-Zarqa Metro,Amman,Amman,31.99300,35.82901,30,3,HUB-AMM-04,HUB-AMM-04-R02,Fiber ring,0
RO-03,Oct 2027 – Dec 2027,AMM-U-1176,U,Rooftop,Amman-Zarqa Metro,Amman,Amman,31.99381,35.83374,30,3,HUB-AMM-04,HUB-AMM-04-R02,Fiber ring,0
RO-03,Oct 2027 – Dec 2027,AMM-U-1177,U,Rooftop,Amman-Zarqa Metro,Amman,Amman,31.99300,35.83752,30,3,HUB-AMM-04,HUB-AMM-04-R02,Fiber ring,0
RO-03,Oct 2027 – Dec 2027,AMM-U-1221,U,Rooftop,Amman-Zarqa Metro,Amman,Amman,31.99693,35.83563,30,3,HUB-AMM-04,HUB-AMM-04-R02,Fiber ring,0
RO-03,Oct 2027 – Dec 2027,AMM-U-1136,U,Rooftop,Amman-Zarqa Metro,Amman,Amman,31.98947,35.84650,30,3,HUB-AMM-04,HUB-AMM-04-R03,Fiber ring,0
RO-03,Oct 2027 – Dec 2027,AMM-U-1178,U,Rooftop,Amman-Zarqa Metro,Amman,Amman,31.99219,35.84319,30,3,HUB-AMM-04,HUB-AMM-04-R03,Fiber ring,0
RO-03,Oct 2027 – Dec 2027,AMM-U-1222,U,Rooftop,Amman-Zarqa Metro,Amman,Amman,31.99734,35.84083,30,3,HUB-AMM-04,HUB-AMM-04-R03,Fiber ring,0
RO-03,Oct 2027 – Dec 2027,AMM-U-1223,U,Rooftop,Amman-Zarqa Metro,Amman,Amman,31.99652,35.84555,30,3,HUB-AMM-04,HUB-AMM-04-R03,Fiber ring,0
RO-03,Oct 2027 – Dec 2027,AMM-U-1265,U,Rooftop,Amman-Zarqa Metro,Amman,Amman,32.00005,35.83847,30,3,HUB-AMM-04,HUB-AMM-04-R03,Fiber ring,0
RO-03,Oct 2027 – Dec 2027,AMM-U-1266,U,Rooftop,Amman-Zarqa Metro,Amman,Amman,32.00086,35.84319,30,3,HUB-AMM-04,HUB-AMM-04-R03,Fiber ring,0
RO-03,Oct 2027 – Dec 2027,AMM-U-1313,U,Rooftop,Amman-Zarqa Metro,Amman,Amman,32.00357,35.84461,30,3,HUB-AMM-04,HUB-AMM-04-R03,Fiber ring,0
RO-03,Oct 2027 – Dec 2027,AMM-U-1311,U,Rooftop,Amman-Zarqa Metro,Amman,Amman,32.00357,35.83610,30,3,HUB-AMM-04,HUB-AMM-04-R04,Fiber ring,0
RO-03,Oct 2027 – Dec 2027,AMM-U-1312,U,Rooftop,Amman-Zarqa Metro,Amman,Amman,32.00439,35.84083,30,3,HUB-AMM-04,HUB-AMM-04-R04,Fiber ring,0
RO-03,Oct 2027 – Dec 2027,AMM-U-1359,U,Rooftop,Amman-Zarqa Metro,Amman,Amman,32.00791,35.83374,30,3,HUB-AMM-04,HUB-AMM-04-R04,Fiber ring,0
RO-03,Oct 2027 – Dec 2027,AMM-U-1360,U,Rooftop,Amman-Zarqa Metro,Amman,Amman,32.00628,35.83847,30,3,HUB-AMM-04,HUB-AMM-04-R04,Fiber ring,0
RO-03,Oct 2027 – Dec 2027,AMM-U-1361,U,Rooftop,Amman-Zarqa Metro,Amman,Amman,32.00628,35.84319,30,3,HUB-AMM-04,HUB-AMM-04-R04,Fiber ring,0
RO-03,Oct 2027 – Dec 2027,AMM-U-1407,U,Rooftop,Amman-Zarqa Metro,Amman,Amman,32.01062,35.83705,30,3,HUB-AMM-04,HUB-AMM-04-R04,Fiber ring,0
RO-03,Oct 2027 – Dec 2027,AMM-U-1408,U,Rooftop,Amman-Zarqa Metro,Amman,Amman,32.01062,35.84177,30,3,HUB-AMM-04,HUB-AMM-04-R04,Fiber ring,0
RO-03,Oct 2027 – Dec 2027,AMM-U-1263,U,Rooftop,Amman-Zarqa Metro,Amman,Amman,32.00086,35.82901,30,3,HUB-AMM-04,HUB-AMM-04-R05,Fiber ring,0
RO-03,Oct 2027 – Dec 2027,AMM-U-1308,U,Rooftop,Amman-Zarqa Metro,Amman,Amman,32.00276,35.82192,30,3,HUB-AMM-04,HUB-AMM-04-R05,Fiber ring,0
RO-03,Oct 2027 – Dec 2027,AMM-U-1309,U,Rooftop,Amman-Zarqa Metro,Amman,Amman,32.00357,35.82665,30,3,HUB-AMM-04,HUB-AMM-04-R05,Fiber ring,0
RO-03,Oct 2027 – Dec 2027,AMM-U-1310,U,Rooftop,Amman-Zarqa Metro,Amman,Amman,32.00357,35.83232,30,3,HUB-AMM-04,HUB-AMM-04-R05,Fiber ring,0
RO-03,Oct 2027 – Dec 2027,AMM-U-1357,U,Rooftop,Amman-Zarqa Metro,Amman,Amman,32.00710,35.82523,30,3,HUB-AMM-04,HUB-AMM-04-R05,Fiber ring,0
RO-03,Oct 2027 – Dec 2027,AMM-U-1358,U,Rooftop,Amman-Zarqa Metro,Amman,Amman,32.00791,35.82901,30,3,HUB-AMM-04,HUB-AMM-04-R05,Fiber ring,0
RO-03,Oct 2027 – Dec 2027,AMM-U-1406,U,Rooftop,Amman-Zarqa Metro,Amman,Amman,32.01144,35.83138,30,3,HUB-AMM-04,HUB-AMM-04-R05,Fiber ring,0
RO-03,Oct 2027 – Dec 2027,AMM-U-1420,U,Rooftop,Amman-Zarqa Metro,Amman,Amman,32.01103,35.89707,30,3,HUB-AMM-05,HUB-AMM-05-R01,Fiber ring,0
RO-03,Oct 2027 – Dec 2027,AMM-U-1465,U,Rooftop,Amman-Zarqa Metro,Amman,Amman,32.01415,35.89518,30,3,HUB-AMM-05,HUB-AMM-05-R01,Fiber ring,0
RO-03,Oct 2027 – Dec 2027,AMM-U-1466,U,Rooftop,Amman-Zarqa Metro,Amman,Amman,32.01333,35.89990,30,3,HUB-AMM-05,HUB-AMM-05-R01,Fiber ring,0
RO-03,Oct 2027 – Dec 2027,AMM-U-1510,U,Rooftop,Amman-Zarqa Metro,Amman,Amman,32.01726,35.89234,30,3,HUB-AMM-05,HUB-AMM-05-R01,Fiber ring,0
RO-03,Oct 2027 – Dec 2027,AMM-U-1511,U,Rooftop,Amman-Zarqa Metro,Amman,Amman,32.01767,35.89659,30,3,HUB-AMM-05,HUB-AMM-05-R01,Fiber ring,0
RO-03,Oct 2027 – Dec 2027,AMM-U-1512,U,Monopole / greenfield,Amman-Zarqa Metro,Amman,Amman,32.01848,35.90227,30,3,HUB-AMM-05,HUB-AMM-05-R01,Fiber ring,0
RO-03,Oct 2027 – Dec 2027,AMM-U-1552,U,Rooftop,Amman-Zarqa Metro,Amman,Amman,32.02038,35.89045,30,3,HUB-AMM-05,HUB-AMM-05-R01,Fiber ring,0
RO-03,Oct 2027 – Dec 2027,AMM-U-1555,U,Monopole / greenfield,Amman-Zarqa Metro,Amman,Amman,32.02119,35.90368,30,3,HUB-AMM-05,HUB-AMM-05-R01,Fiber ring,1
RO-03,Oct 2027 – Dec 2027,AMM-U-1325,U,Monopole / greenfield,Amman-Zarqa Metro,Amman,Amman,32.00357,35.90227,30,3,HUB-AMM-05,HUB-AMM-05-R02,Fiber ring,0
RO-03,Oct 2027 – Dec 2027,AMM-U-1373,U,Rooftop,Amman-Zarqa Metro,Amman,Amman,32.00791,35.89990,30,3,HUB-AMM-05,HUB-AMM-05-R02,Fiber ring,0
RO-03,Oct 2027 – Dec 2027,AMM-U-1374,U,Monopole / greenfield,Amman-Zarqa Metro,Amman,Amman,32.00791,35.90463,30,3,HUB-AMM-05,HUB-AMM-05-R02,Fiber ring,0
RO-03,Oct 2027 – Dec 2027,AMM-U-1421,U,Rooftop,Amman-Zarqa Metro,Amman,Amman,32.01062,35.90132,30,3,HUB-AMM-05,HUB-AMM-05-R02,Fiber ring,0
RO-03,Oct 2027 – Dec 2027,AMM-U-1422,U,Monopole / greenfield,Amman-Zarqa Metro,Amman,Amman,32.01144,35.90699,30,3,HUB-AMM-05,HUB-AMM-05-R02,Fiber ring,0
RO-03,Oct 2027 – Dec 2027,AMM-U-1467,U,Monopole / greenfield,Amman-Zarqa Metro,Amman,Amman,32.01333,35.90463,30,3,HUB-AMM-05,HUB-AMM-05-R02,Fiber ring,0
RO-03,Oct 2027 – Dec 2027,AMM-U-1468,U,Monopole / greenfield,Amman-Zarqa Metro,Amman,Amman,32.01333,35.90935,30,3,HUB-AMM-05,HUB-AMM-05-R02,Fiber ring,0
RO-03,Oct 2027 – Dec 2027,AMM-U-1469,U,Monopole / greenfield,Amman-Zarqa Metro,Amman,Amman,32.01333,35.91408,30,3,HUB-AMM-05,HUB-AMM-05-R03,Fiber ring,0
RO-03,Oct 2027 – Dec 2027,AMM-U-1513,U,Monopole / greenfield,Amman-Zarqa Metro,Amman,Amman,32.01848,35.90699,30,3,HUB-AMM-05,HUB-AMM-05-R03,Fiber ring,0
RO-03,Oct 2027 – Dec 2027,AMM-U-1514,U,Monopole / greenfield,Amman-Zarqa Metro,Amman,Amman,32.01767,35.91077,30,3,HUB-AMM-05,HUB-AMM-05-R03,Fiber ring,0
RO-03,Oct 2027 – Dec 2027,AMM-U-1515,U,Monopole / greenfield,Amman-Zarqa Metro,Amman,Amman,32.01686,35.91644,30,3,HUB-AMM-05,HUB-AMM-05-R03,Fiber ring,0
RO-03,Oct 2027 – Dec 2027,AMM-U-1516,U,Monopole / greenfield,Amman-Zarqa Metro,Amman,Amman,32.01767,35.92022,30,3,HUB-AMM-05,HUB-AMM-05-R03,Fiber ring,0
RO-03,Oct 2027 – Dec 2027,AMM-U-1556,U,Monopole / greenfield,Amman-Zarqa Metro,Amman,Amman,32.02079,35.90888,30,3,HUB-AMM-05,HUB-AMM-05-R03,Fiber ring,0
RO-03,Oct 2027 – Dec 2027,AMM-U-1558,U,Monopole / greenfield,Amman-Zarqa Metro,Amman,Amman,32.02119,35.91786,30,3,HUB-AMM-05,HUB-AMM-05-R03,Fiber ring,0
RO-03,Oct 2027 – Dec 2027,AMM-U-1557,U,Monopole / greenfield,Amman-Zarqa Metro,Amman,Amman,32.02201,35.91408,30,3,HUB-AMM-05,HUB-AMM-05-R04,Fiber ring,0
RO-03,Oct 2027 – Dec 2027,AMM-U-1598,U,Monopole / greenfield,Amman-Zarqa Metro,Amman,Amman,32.02472,35.90605,30,3,HUB-AMM-05,HUB-AMM-05-R04,Fiber ring,0
RO-03,Oct 2027 – Dec 2027,AMM-U-1599,U,Monopole / greenfield,Amman-Zarqa Metro,Amman,Amman,32.02472,35.91172,30,3,HUB-AMM-05,HUB-AMM-05-R04,Fiber ring,0
RO-03,Oct 2027 – Dec 2027,AMM-U-1600,U,Monopole / greenfield,Amman-Zarqa Metro,Amman,Amman,32.02431,35.91597,30,3,HUB-AMM-05,HUB-AMM-05-R04,Fiber ring,0
RO-03,Oct 2027 – Dec 2027,AMM-U-1639,U,Rooftop,Amman-Zarqa Metro,Amman,Amman,32.02906,35.90935,30,3,HUB-AMM-05,HUB-AMM-05-R04,Fiber ring,0
RO-03,Oct 2027 – Dec 2027,AMM-U-1640,U,Monopole / greenfield,Amman-Zarqa Metro,Amman,Amman,32.02865,35.91361,30,3,HUB-AMM-05,HUB-AMM-05-R04,Fiber ring,0
RO-03,Oct 2027 – Dec 2027,AMM-U-1683,U,Rooftop,Amman-Zarqa Metro,Amman,Amman,32.03095,35.91172,30,3,HUB-AMM-05,HUB-AMM-05-R04,Fiber ring,0
RO-03,Oct 2027 – Dec 2027,AMM-U-1597,U,Rooftop,Amman-Zarqa Metro,Amman,Amman,32.02431,35.90179,30,3,HUB-AMM-05,HUB-AMM-05-R05,Fiber ring,0
RO-03,Oct 2027 – Dec 2027,AMM-U-1636,U,Rooftop,Amman-Zarqa Metro,Amman,Amman,32.02743,35.89518,30,3,HUB-AMM-05,HUB-AMM-05-R05,Fiber ring,0
RO-03,Oct 2027 – Dec 2027,AMM-U-1637,U,Monopole / greenfield,Amman-Zarqa Metro,Amman,Amman,32.02824,35.89896,30,3,HUB-AMM-05,HUB-AMM-05-R05,Fiber ring,0
RO-03,Oct 2027 – Dec 2027,AMM-U-1638,U,Monopole / greenfield,Amman-Zarqa Metro,Amman,Amman,32.02906,35.90463,30,3,HUB-AMM-05,HUB-AMM-05-R05,Fiber ring,0
RO-03,Oct 2027 – Dec 2027,AMM-U-1680,U,Monopole / greenfield,Amman-Zarqa Metro,Amman,Amman,32.03136,35.89801,30,3,HUB-AMM-05,HUB-AMM-05-R05,Fiber ring,0
RO-03,Oct 2027 – Dec 2027,AMM-U-1681,U,Monopole / greenfield,Amman-Zarqa Metro,Amman,Amman,32.03095,35.90227,30,3,HUB-AMM-05,HUB-AMM-05-R05,Fiber ring,0
RO-03,Oct 2027 – Dec 2027,AMM-U-1682,U,Rooftop,Amman-Zarqa Metro,Amman,Amman,32.03095,35.90699,30,3,HUB-AMM-05,HUB-AMM-05-R05,Fiber ring,0
RO-03,Oct 2027 – Dec 2027,AMM-U-1553,U,Rooftop,Amman-Zarqa Metro,Amman,Amman,32.02119,35.89423,30,3,HUB-AMM-05,HUB-AMM-05-R06,Fiber ring,0
RO-03,Oct 2027 – Dec 2027,AMM-U-1554,U,Rooftop,Amman-Zarqa Metro,Amman,Amman,32.02119,35.89990,30,3,HUB-AMM-05,HUB-AMM-05-R06,Fiber ring,0
RO-03,Oct 2027 – Dec 2027,AMM-U-1595,U,Rooftop,Amman-Zarqa Metro,Amman,Amman,32.02472,35.89376,30,3,HUB-AMM-05,HUB-AMM-05-R06,Fiber ring,0
RO-03,Oct 2027 – Dec 2027,AMM-U-1596,U,Rooftop,Amman-Zarqa Metro,Amman,Amman,32.02431,35.89801,30,3,HUB-AMM-05,HUB-AMM-05-R06,Fiber ring,0
RO-03,Oct 2027 – Dec 2027,AMM-U-1185,U,Rooftop,Amman-Zarqa Metro,Amman,Amman,31.99300,35.87627,30,3,HUB-AMM-11,HUB-AMM-11-R01,Fiber ring,0
RO-03,Oct 2027 – Dec 2027,AMM-U-1229,U,Rooftop,Amman-Zarqa Metro,Amman,Amman,31.99652,35.87391,31,3,HUB-AMM-11,HUB-AMM-11-R01,Fiber ring,0
RO-03,Oct 2027 – Dec 2027,AMM-U-1230,U,Rooftop,Amman-Zarqa Metro,Amman,Amman,31.99652,35.87864,33,3,HUB-AMM-11,HUB-AMM-11-R01,Fiber ring,0
RO-03,Oct 2027 – Dec 2027,AMM-U-1273,U,Rooftop,Amman-Zarqa Metro,Amman,Amman,32.00005,35.87722,33,3,HUB-AMM-11,HUB-AMM-11-R01,Fiber ring,0
RO-03,Oct 2027 – Dec 2027,AMM-U-1319,U,Rooftop,Amman-Zarqa Metro,Amman,Amman,32.00357,35.87296,30,3,HUB-AMM-11,HUB-AMM-11-R01,Fiber ring,0
RO-03,Oct 2027 – Dec 2027,AMM-U-1320,U,Rooftop,Amman-Zarqa Metro,Amman,Amman,32.00357,35.87958,30,3,HUB-AMM-11,HUB-AMM-11-R01,Fiber ring,0
RO-03,Oct 2027 – Dec 2027,AMM-U-1369,U,Rooftop,Amman-Zarqa Metro,Amman,Amman,32.00710,35.88194,30,3,HUB-AMM-11,HUB-AMM-11-R01,Fiber ring,1
RO-03,Oct 2027 – Dec 2027,AMM-U-1231,U,Rooftop,Amman-Zarqa Metro,Amman,Amman,31.99612,35.88289,30,3,HUB-AMM-11,HUB-AMM-11-R02,Fiber ring,0
RO-03,Oct 2027 – Dec 2027,AMM-U-1232,U,Rooftop,Amman-Zarqa Metro,Amman,Amman,31.99734,35.88809,30,3,HUB-AMM-11,HUB-AMM-11-R02,Fiber ring,0
RO-03,Oct 2027 – Dec 2027,AMM-U-1274,U,Rooftop,Amman-Zarqa Metro,Amman,Amman,32.00005,35.88194,33,3,HUB-AMM-11,HUB-AMM-11-R02,Fiber ring,0
RO-03,Oct 2027 – Dec 2027,AMM-U-1275,U,Rooftop,Amman-Zarqa Metro,Amman,Amman,32.00045,35.88620,30,3,HUB-AMM-11,HUB-AMM-11-R02,Fiber ring,0
RO-03,Oct 2027 – Dec 2027,AMM-U-1276,U,Rooftop,Amman-Zarqa Metro,Amman,Amman,31.99964,35.89045,30,3,HUB-AMM-11,HUB-AMM-11-R02,Fiber ring,0
RO-03,Oct 2027 – Dec 2027,AMM-U-1321,U,Rooftop,Amman-Zarqa Metro,Amman,Amman,32.00357,35.88431,30,3,HUB-AMM-11,HUB-AMM-11-R02,Fiber ring,0
RO-03,Oct 2027 – Dec 2027,AMM-U-1322,U,Rooftop,Amman-Zarqa Metro,Amman,Amman,32.00439,35.88809,30,3,HUB-AMM-11,HUB-AMM-11-R03,Fiber ring,0
RO-03,Oct 2027 – Dec 2027,AMM-U-1323,U,Rooftop,Amman-Zarqa Metro,Amman,Amman,32.00398,35.89234,30,3,HUB-AMM-11,HUB-AMM-11-R03,Fiber ring,0
RO-03,Oct 2027 – Dec 2027,AMM-U-1324,U,Monopole / greenfield,Amman-Zarqa Metro,Amman,Amman,32.00357,35.89659,30,3,HUB-AMM-11,HUB-AMM-11-R03,Fiber ring,0
RO-03,Oct 2027 – Dec 2027,AMM-U-1370,U,Rooftop,Amman-Zarqa Metro,Amman,Amman,32.00669,35.88620,30,3,HUB-AMM-11,HUB-AMM-11-R03,Fiber ring,0
RO-03,Oct 2027 – Dec 2027,AMM-U-1371,U,Rooftop,Amman-Zarqa Metro,Amman,Amman,32.00710,35.88951,30,3,HUB-AMM-11,HUB-AMM-11-R03,Fiber ring,0
RO-03,Oct 2027 – Dec 2027,AMM-U-1372,U,Rooftop,Amman-Zarqa Metro,Amman,Amman,32.00710,35.89423,30,3,HUB-AMM-11,HUB-AMM-11-R03,Fiber ring,0
RO-03,Oct 2027 – Dec 2027,AMM-U-1418,U,Rooftop,Amman-Zarqa Metro,Amman,Amman,32.01144,35.88809,30,3,HUB-AMM-11,HUB-AMM-11-R04,Fiber ring,0
RO-03,Oct 2027 – Dec 2027,AMM-U-1419,U,Rooftop,Amman-Zarqa Metro,Amman,Amman,32.01062,35.89187,30,3,HUB-AMM-11,HUB-AMM-11-R04,Fiber ring,0
RO-03,Oct 2027 – Dec 2027,AMM-U-1463,U,Rooftop,Amman-Zarqa Metro,Amman,Amman,32.01455,35.88620,30,3,HUB-AMM-11,HUB-AMM-11-R04,Fiber ring,0
RO-03,Oct 2027 – Dec 2027,AMM-U-1464,U,Rooftop,Amman-Zarqa Metro,Amman,Amman,32.01415,35.88951,30,3,HUB-AMM-11,HUB-AMM-11-R04,Fiber ring,0
RO-03,Oct 2027 – Dec 2027,AMM-U-1508,U,Rooftop,Amman-Zarqa Metro,Amman,Amman,32.01767,35.88431,30,3,HUB-AMM-11,HUB-AMM-11-R04,Fiber ring,0
RO-03,Oct 2027 – Dec 2027,AMM-U-1509,U,Rooftop,Amman-Zarqa Metro,Amman,Amman,32.01686,35.88809,30,3,HUB-AMM-11,HUB-AMM-11-R04,Fiber ring,0
RO-03,Oct 2027 – Dec 2027,AMM-U-1416,U,Rooftop,Amman-Zarqa Metro,Amman,Amman,32.01021,35.87911,30,3,HUB-AMM-11,HUB-AMM-11-R05,Fiber ring,0
RO-03,Oct 2027 – Dec 2027,AMM-U-1417,U,Rooftop,Amman-Zarqa Metro,Amman,Amman,32.01062,35.88242,30,3,HUB-AMM-11,HUB-AMM-11-R05,Fiber ring,0
RO-03,Oct 2027 – Dec 2027,AMM-U-1461,U,Rooftop,Amman-Zarqa Metro,Amman,Amman,32.01496,35.87627,30,3,HUB-AMM-11,HUB-AMM-11-R05,Fiber ring,0
RO-03,Oct 2027 – Dec 2027,AMM-U-1462,U,Rooftop,Amman-Zarqa Metro,Amman,Amman,32.01374,35.88147,30,3,HUB-AMM-11,HUB-AMM-11-R05,Fiber ring,0
RO-03,Oct 2027 – Dec 2027,AMM-U-1506,U,Rooftop,Amman-Zarqa Metro,Amman,Amman,32.01767,35.87486,30,3,HUB-AMM-11,HUB-AMM-11-R05,Fiber ring,0
RO-03,Oct 2027 – Dec 2027,AMM-U-1507,U,Rooftop,Amman-Zarqa Metro,Amman,Amman,32.01848,35.87864,30,3,HUB-AMM-11,HUB-AMM-11-R05,Fiber ring,0
RO-03,Oct 2027 – Dec 2027,AMM-U-1367,U,Rooftop,Amman-Zarqa Metro,Amman,Amman,32.00710,35.87060,30,3,HUB-AMM-11,HUB-AMM-11-R06,Fiber ring,0
RO-03,Oct 2027 – Dec 2027,AMM-U-1368,U,Rooftop,Amman-Zarqa Metro,Amman,Amman,32.00710,35.87533,33,3,HUB-AMM-11,HUB-AMM-11-R06,Fiber ring,0
RO-03,Oct 2027 – Dec 2027,AMM-U-1414,U,Rooftop,Amman-Zarqa Metro,Amman,Amman,32.01103,35.86871,30,3,HUB-AMM-11,HUB-AMM-11-R06,Fiber ring,0
RO-03,Oct 2027 – Dec 2027,AMM-U-1415,U,Rooftop,Amman-Zarqa Metro,Amman,Amman,32.01062,35.87486,30,3,HUB-AMM-11,HUB-AMM-11-R06,Fiber ring,0
RO-03,Oct 2027 – Dec 2027,AMM-U-1460,U,Rooftop,Amman-Zarqa Metro,Amman,Amman,32.01415,35.87249,30,3,HUB-AMM-11,HUB-AMM-11-R06,Fiber ring,0
RO-03,Oct 2027 – Dec 2027,AMM-U-1505,U,Rooftop,Amman-Zarqa Metro,Amman,Amman,32.01808,35.86871,30,3,HUB-AMM-11,HUB-AMM-11-R06,Fiber ring,0
RO-03,Oct 2027 – Dec 2027,AMM-U-1137,U,Rooftop,Amman-Zarqa Metro,Amman,Amman,31.98947,35.85028,30,3,HUB-AMM-27,HUB-AMM-27-R01,Fiber ring,0
RO-03,Oct 2027 – Dec 2027,AMM-U-1138,U,Rooftop,Amman-Zarqa Metro,Amman,Amman,31.98947,35.85406,30,3,HUB-AMM-27,HUB-AMM-27-R01,Fiber ring,0
RO-03,Oct 2027 – Dec 2027,AMM-U-1179,U,Rooftop,Amman-Zarqa Metro,Amman,Amman,31.99259,35.84839,30,3,HUB-AMM-27,HUB-AMM-27-R01,Fiber ring,0
RO-03,Oct 2027 – Dec 2027,AMM-U-1180,U,Rooftop,Amman-Zarqa Metro,Amman,Amman,31.99341,35.85312,30,3,HUB-AMM-27,HUB-AMM-27-R01,Fiber ring,0
RO-03,Oct 2027 – Dec 2027,AMM-U-1181,U,Rooftop,Amman-Zarqa Metro,Amman,Amman,31.99300,35.85737,30,3,HUB-AMM-27,HUB-AMM-27-R01,Fiber ring,0
RO-03,Oct 2027 – Dec 2027,AMM-U-1224,U,Rooftop,Amman-Zarqa Metro,Amman,Amman,31.99652,35.85028,30,3,HUB-AMM-27,HUB-AMM-27-R01,Fiber ring,0
RO-03,Oct 2027 – Dec 2027,AMM-U-1225,U,Rooftop,Amman-Zarqa Metro,Amman,Amman,31.99652,35.85406,30,3,HUB-AMM-27,HUB-AMM-27-R01,Fiber ring,0
RO-03,Oct 2027 – Dec 2027,AMM-U-1269,U,Rooftop,Amman-Zarqa Metro,Amman,Amman,31.99964,35.85690,30,3,HUB-AMM-27,HUB-AMM-27-R01,Fiber ring,1
RO-03,Oct 2027 – Dec 2027,AMM-U-1140,U,Rooftop,Amman-Zarqa Metro,Amman,Amman,31.99029,35.86446,31,3,HUB-AMM-27,HUB-AMM-27-R02,Fiber ring,0
RO-03,Oct 2027 – Dec 2027,AMM-U-1182,U,Rooftop,Amman-Zarqa Metro,Amman,Amman,31.99341,35.86257,30,3,HUB-AMM-27,HUB-AMM-27-R02,Fiber ring,0
RO-03,Oct 2027 – Dec 2027,AMM-U-1183,U,Rooftop,Amman-Zarqa Metro,Amman,Amman,31.99300,35.86777,31,3,HUB-AMM-27,HUB-AMM-27-R02,Fiber ring,0
RO-03,Oct 2027 – Dec 2027,AMM-U-1184,U,Rooftop,Amman-Zarqa Metro,Amman,Amman,31.99300,35.87155,30,3,HUB-AMM-27,HUB-AMM-27-R02,Fiber ring,0
RO-03,Oct 2027 – Dec 2027,AMM-U-1226,U,Rooftop,Amman-Zarqa Metro,Amman,Amman,31.99652,35.85879,30,3,HUB-AMM-27,HUB-AMM-27-R02,Fiber ring,0
RO-03,Oct 2027 – Dec 2027,AMM-U-1227,U,Rooftop,Amman-Zarqa Metro,Amman,Amman,31.99652,35.86351,30,3,HUB-AMM-27,HUB-AMM-27-R02,Fiber ring,0
RO-03,Oct 2027 – Dec 2027,AMM-U-1228,U,Rooftop,Amman-Zarqa Metro,Amman,Amman,31.99693,35.86871,31,3,HUB-AMM-27,HUB-AMM-27-R02,Fiber ring,0
RO-03,Oct 2027 – Dec 2027,AMM-U-1270,U,Rooftop,Amman-Zarqa Metro,Amman,Amman,32.00086,35.86210,30,3,HUB-AMM-27,HUB-AMM-27-R03,Fiber ring,0
RO-03,Oct 2027 – Dec 2027,AMM-U-1271,U,Rooftop,Amman-Zarqa Metro,Amman,Amman,32.00005,35.86777,30,3,HUB-AMM-27,HUB-AMM-27-R03,Fiber ring,0
RO-03,Oct 2027 – Dec 2027,AMM-U-1272,U,Rooftop,Amman-Zarqa Metro,Amman,Amman,32.00005,35.87060,30,3,HUB-AMM-27,HUB-AMM-27-R03,Fiber ring,0
RO-03,Oct 2027 – Dec 2027,AMM-U-1317,U,Rooftop,Amman-Zarqa Metro,Amman,Amman,32.00357,35.86351,30,3,HUB-AMM-27,HUB-AMM-27-R03,Fiber ring,0
RO-03,Oct 2027 – Dec 2027,AMM-U-1318,U,Rooftop,Amman-Zarqa Metro,Amman,Amman,32.00357,35.86824,30,3,HUB-AMM-27,HUB-AMM-27-R03,Fiber ring,0
RO-03,Oct 2027 – Dec 2027,AMM-U-1366,U,Rooftop,Amman-Zarqa Metro,Amman,Amman,32.00710,35.86682,30,3,HUB-AMM-27,HUB-AMM-27-R03,Fiber ring,0
RO-03,Oct 2027 – Dec 2027,AMM-U-1459,U,Rooftop,Amman-Zarqa Metro,Amman,Amman,32.01333,35.86682,30,3,HUB-AMM-27,HUB-AMM-27-R03,Fiber ring,0
RO-03,Oct 2027 – Dec 2027,AMM-U-1316,U,Rooftop,Amman-Zarqa Metro,Amman,Amman,32.00357,35.85973,30,3,HUB-AMM-27,HUB-AMM-27-R04,Fiber ring,0
RO-03,Oct 2027 – Dec 2027,AMM-U-1364,U,Rooftop,Amman-Zarqa Metro,Amman,Amman,32.00710,35.85737,30,3,HUB-AMM-27,HUB-AMM-27-R04,Fiber ring,0
RO-03,Oct 2027 – Dec 2027,AMM-U-1365,U,Rooftop,Amman-Zarqa Metro,Amman,Amman,32.00710,35.86115,30,3,HUB-AMM-27,HUB-AMM-27-R04,Fiber ring,0
RO-03,Oct 2027 – Dec 2027,AMM-U-1411,U,Rooftop,Amman-Zarqa Metro,Amman,Amman,32.01062,35.85501,30,3,HUB-AMM-27,HUB-AMM-27-R04,Fiber ring,0
RO-03,Oct 2027 – Dec 2027,AMM-U-1412,U,Rooftop,Amman-Zarqa Metro,Amman,Amman,32.01062,35.85879,30,3,HUB-AMM-27,HUB-AMM-27-R04,Fiber ring,0
RO-03,Oct 2027 – Dec 2027,AMM-U-1413,U,Rooftop,Amman-Zarqa Metro,Amman,Amman,32.01062,35.86351,30,3,HUB-AMM-27,HUB-AMM-27-R04,Fiber ring,0
RO-03,Oct 2027 – Dec 2027,AMM-U-1458,U,Rooftop,Amman-Zarqa Metro,Amman,Amman,32.01333,35.86210,30,3,HUB-AMM-27,HUB-AMM-27-R04,Fiber ring,0
RO-03,Oct 2027 – Dec 2027,AMM-U-1267,U,Rooftop,Amman-Zarqa Metro,Amman,Amman,32.00005,35.84886,30,3,HUB-AMM-27,HUB-AMM-27-R05,Fiber ring,0
RO-03,Oct 2027 – Dec 2027,AMM-U-1268,U,Rooftop,Amman-Zarqa Metro,Amman,Amman,32.00005,35.85359,30,3,HUB-AMM-27,HUB-AMM-27-R05,Fiber ring,0
RO-03,Oct 2027 – Dec 2027,AMM-U-1314,U,Rooftop,Amman-Zarqa Metro,Amman,Amman,32.00439,35.85028,30,3,HUB-AMM-27,HUB-AMM-27-R05,Fiber ring,0
RO-03,Oct 2027 – Dec 2027,AMM-U-1315,U,Rooftop,Amman-Zarqa Metro,Amman,Amman,32.00398,35.85548,30,3,HUB-AMM-27,HUB-AMM-27-R05,Fiber ring,0
RO-03,Oct 2027 – Dec 2027,AMM-U-1362,U,Rooftop,Amman-Zarqa Metro,Amman,Amman,32.00710,35.84792,30,3,HUB-AMM-27,HUB-AMM-27-R05,Fiber ring,0
RO-03,Oct 2027 – Dec 2027,AMM-U-1363,U,Rooftop,Amman-Zarqa Metro,Amman,Amman,32.00791,35.85264,30,3,HUB-AMM-27,HUB-AMM-27-R05,Fiber ring,0
RO-03,Oct 2027 – Dec 2027,AMM-U-1410,U,Rooftop,Amman-Zarqa Metro,Amman,Amman,32.01021,35.85075,30,3,HUB-AMM-27,HUB-AMM-27-R05,Fiber ring,0
RO-03,Oct 2027 – Dec 2027,AMM-U-1192,U,Rooftop,Amman-Zarqa Metro,Amman,Amman,31.99300,35.91030,30,3,HUB-AMM-44,HUB-AMM-44-R01,Fiber ring,0
RO-03,Oct 2027 – Dec 2027,AMM-U-1236,U,Rooftop,Amman-Zarqa Metro,Amman,Amman,31.99693,35.90652,30,3,HUB-AMM-44,HUB-AMM-44-R01,Fiber ring,0
RO-03,Oct 2027 – Dec 2027,AMM-U-1237,U,Rooftop,Amman-Zarqa Metro,Amman,Amman,31.99652,35.91077,30,3,HUB-AMM-44,HUB-AMM-44-R01,Fiber ring,0
RO-03,Oct 2027 – Dec 2027,AMM-U-1238,U,Rooftop,Amman-Zarqa Metro,Amman,Amman,31.99734,35.91644,30,3,HUB-AMM-44,HUB-AMM-44-R01,Fiber ring,0
RO-03,Oct 2027 – Dec 2027,AMM-U-1279,U,Rooftop,Amman-Zarqa Metro,Amman,Amman,31.99923,35.90463,30,3,HUB-AMM-44,HUB-AMM-44-R01,Fiber ring,0
RO-03,Oct 2027 – Dec 2027,AMM-U-1280,U,Rooftop,Amman-Zarqa Metro,Amman,Amman,31.99923,35.90935,30,3,HUB-AMM-44,HUB-AMM-44-R01,Fiber ring,0
RO-03,Oct 2027 – Dec 2027,AMM-U-1281,U,Rooftop,Amman-Zarqa Metro,Amman,Amman,32.00005,35.91503,30,3,HUB-AMM-44,HUB-AMM-44-R01,Fiber ring,0
RO-03,Oct 2027 – Dec 2027,AMM-U-1329,U,Rooftop,Amman-Zarqa Metro,Amman,Amman,32.00276,35.92117,30,3,HUB-AMM-44,HUB-AMM-44-R01,Fiber ring,1
RO-03,Oct 2027 – Dec 2027,AMM-U-1193,U,Rooftop,Amman-Zarqa Metro,Amman,Amman,31.99300,35.91314,30,3,HUB-AMM-44,HUB-AMM-44-R02,Fiber ring,0
RO-03,Oct 2027 – Dec 2027,AMM-U-1194,U,Rooftop,Amman-Zarqa Metro,Amman,Amman,31.99300,35.91881,30,3,HUB-AMM-44,HUB-AMM-44-R02,Fiber ring,0
RO-03,Oct 2027 – Dec 2027,AMM-U-1195,U,Rooftop,Amman-Zarqa Metro,Amman,Amman,31.99219,35.92353,30,3,HUB-AMM-44,HUB-AMM-44-R02,Fiber ring,0
RO-03,Oct 2027 – Dec 2027,AMM-U-1239,U,Rooftop,Amman-Zarqa Metro,Amman,Amman,31.99652,35.92117,30,3,HUB-AMM-44,HUB-AMM-44-R02,Fiber ring,0
RO-03,Oct 2027 – Dec 2027,AMM-U-1240,U,Rooftop,Amman-Zarqa Metro,Amman,Amman,31.99693,35.92542,30,3,HUB-AMM-44,HUB-AMM-44-R02,Fiber ring,0
RO-03,Oct 2027 – Dec 2027,AMM-U-1282,U,Rooftop,Amman-Zarqa Metro,Amman,Amman,32.00045,35.91928,30,3,HUB-AMM-44,HUB-AMM-44-R02,Fiber ring,0
RO-03,Oct 2027 – Dec 2027,AMM-U-1283,U,Rooftop,Amman-Zarqa Metro,Amman,Amman,31.99923,35.92353,30,3,HUB-AMM-44,HUB-AMM-44-R02,Fiber ring,0
RO-03,Oct 2027 – Dec 2027,AMM-U-1196,U,Rooftop,Amman-Zarqa Metro,Amman,Amman,31.99381,35.92826,30,3,HUB-AMM-44,HUB-AMM-44-R03,Fiber ring,0
RO-03,Oct 2027 – Dec 2027,AMM-U-1197,U,Rooftop,Amman-Zarqa Metro,Amman,Amman,31.99341,35.93251,30,3,HUB-AMM-44,HUB-AMM-44-R03,Fiber ring,0
RO-03,Oct 2027 – Dec 2027,AMM-U-1241,U,Rooftop,Amman-Zarqa Metro,Amman,Amman,31.99734,35.93062,30,3,HUB-AMM-44,HUB-AMM-44-R03,Fiber ring,0
RO-03,Oct 2027 – Dec 2027,AMM-U-1242,U,Rooftop,Amman-Zarqa Metro,Amman,Amman,31.99734,35.93535,30,3,HUB-AMM-44,HUB-AMM-44-R03,Fiber ring,0
RO-03,Oct 2027 – Dec 2027,AMM-U-1284,U,Rooftop,Amman-Zarqa Metro,Amman,Amman,31.99923,35.92826,30,3,HUB-AMM-44,HUB-AMM-44-R03,Fiber ring,0
RO-03,Oct 2027 – Dec 2027,AMM-U-1285,U,Rooftop,Amman-Zarqa Metro,Amman,Amman,31.99964,35.93346,30,3,HUB-AMM-44,HUB-AMM-44-R03,Fiber ring,0
RO-03,Oct 2027 – Dec 2027,AMM-U-1332,U,Rooftop,Amman-Zarqa Metro,Amman,Amman,32.00276,35.93535,30,3,HUB-AMM-44,HUB-AMM-44-R03,Fiber ring,0
RO-03,Oct 2027 – Dec 2027,AMM-U-1330,U,Rooftop,Amman-Zarqa Metro,Amman,Amman,32.00357,35.92495,30,3,HUB-AMM-44,HUB-AMM-44-R04,Fiber ring,0
RO-03,Oct 2027 – Dec 2027,AMM-U-1331,U,Rooftop,Amman-Zarqa Metro,Amman,Amman,32.00357,35.92968,30,3,HUB-AMM-44,HUB-AMM-44-R04,Fiber ring,0
RO-03,Oct 2027 – Dec 2027,AMM-U-1379,U,Rooftop,Amman-Zarqa Metro,Amman,Amman,32.00710,35.92920,30,3,HUB-AMM-44,HUB-AMM-44-R04,Fiber ring,0
RO-03,Oct 2027 – Dec 2027,AMM-U-1380,U,Rooftop,Amman-Zarqa Metro,Amman,Amman,32.00710,35.93204,30,3,HUB-AMM-44,HUB-AMM-44-R04,Fiber ring,0
RO-03,Oct 2027 – Dec 2027,AMM-U-1381,U,Rooftop,Amman-Zarqa Metro,Amman,Amman,32.00750,35.93724,30,3,HUB-AMM-44,HUB-AMM-44-R04,Fiber ring,0
RO-03,Oct 2027 – Dec 2027,AMM-U-1427,U,Rooftop,Amman-Zarqa Metro,Amman,Amman,32.00981,35.93535,30,3,HUB-AMM-44,HUB-AMM-44-R04,Fiber ring,0
RO-03,Oct 2027 – Dec 2027,AMM-U-1428,U,Rooftop,Amman-Zarqa Metro,Amman,Amman,32.01062,35.93913,30,3,HUB-AMM-44,HUB-AMM-44-R04,Fiber ring,0
RO-03,Oct 2027 – Dec 2027,AMM-U-1378,U,Monopole / greenfield,Amman-Zarqa Metro,Amman,Amman,32.00710,35.92353,30,3,HUB-AMM-44,HUB-AMM-44-R05,Fiber ring,0
RO-03,Oct 2027 – Dec 2027,AMM-U-1424,U,Monopole / greenfield,Amman-Zarqa Metro,Amman,Amman,32.01062,35.92211,30,3,HUB-AMM-44,HUB-AMM-44-R05,Fiber ring,0
RO-03,Oct 2027 – Dec 2027,AMM-U-1425,U,Monopole / greenfield,Amman-Zarqa Metro,Amman,Amman,32.01062,35.92495,30,3,HUB-AMM-44,HUB-AMM-44-R05,Fiber ring,0
RO-03,Oct 2027 – Dec 2027,AMM-U-1426,U,Monopole / greenfield,Amman-Zarqa Metro,Amman,Amman,32.01062,35.92968,30,3,HUB-AMM-44,HUB-AMM-44-R05,Fiber ring,0
RO-03,Oct 2027 – Dec 2027,AMM-U-1471,U,Monopole / greenfield,Amman-Zarqa Metro,Amman,Amman,32.01333,35.92353,30,3,HUB-AMM-44,HUB-AMM-44-R05,Fiber ring,0
RO-03,Oct 2027 – Dec 2027,AMM-U-1472,U,Monopole / greenfield,Amman-Zarqa Metro,Amman,Amman,32.01333,35.92826,30,3,HUB-AMM-44,HUB-AMM-44-R05,Fiber ring,0
RO-03,Oct 2027 – Dec 2027,AMM-U-1473,U,Monopole / greenfield,Amman-Zarqa Metro,Amman,Amman,32.01415,35.93204,30,3,HUB-AMM-44,HUB-AMM-44-R05,Fiber ring,0
RO-03,Oct 2027 – Dec 2027,AMM-U-1326,U,Monopole / greenfield,Amman-Zarqa Metro,Amman,Amman,32.00357,35.90699,30,3,HUB-AMM-44,HUB-AMM-44-R06,Fiber ring,0
RO-03,Oct 2027 – Dec 2027,AMM-U-1327,U,Monopole / greenfield,Amman-Zarqa Metro,Amman,Amman,32.00357,35.91266,30,3,HUB-AMM-44,HUB-AMM-44-R06,Fiber ring,0
RO-03,Oct 2027 – Dec 2027,AMM-U-1375,U,Monopole / greenfield,Amman-Zarqa Metro,Amman,Amman,32.00791,35.90935,30,3,HUB-AMM-44,HUB-AMM-44-R06,Fiber ring,0
RO-03,Oct 2027 – Dec 2027,AMM-U-1376,U,Monopole / greenfield,Amman-Zarqa Metro,Amman,Amman,32.00628,35.91408,30,3,HUB-AMM-44,HUB-AMM-44-R06,Fiber ring,0
RO-03,Oct 2027 – Dec 2027,AMM-U-1377,U,Monopole / greenfield,Amman-Zarqa Metro,Amman,Amman,32.00669,35.91928,30,3,HUB-AMM-44,HUB-AMM-44-R06,Fiber ring,0
RO-03,Oct 2027 – Dec 2027,AMM-U-1423,U,Monopole / greenfield,Amman-Zarqa Metro,Amman,Amman,32.01062,35.91739,30,3,HUB-AMM-44,HUB-AMM-44-R06,Fiber ring,0
RO-03,Oct 2027 – Dec 2027,AMM-U-1470,U,Monopole / greenfield,Amman-Zarqa Metro,Amman,Amman,32.01333,35.91881,30,3,HUB-AMM-44,HUB-AMM-44-R06,Fiber ring,0
RO-03,Oct 2027 – Dec 2027,AMM-U-1328,U,Rooftop,Amman-Zarqa Metro,Amman,Amman,32.00276,35.91644,30,3,HUB-AMM-44,HUB-AMM-44-R07,Fiber ring,0
RO-03,Oct 2027 – Dec 2027,AMM-U-0922,U,Rooftop,Amman-Zarqa Metro,Amman,Amman,31.96128,35.96748,30,3,HUB-AMM-47,HUB-AMM-47-R01,Fiber ring,0
RO-03,Oct 2027 – Dec 2027,AMM-U-0944,U,Rooftop,Amman-Zarqa Metro,Amman,Amman,31.96480,35.96512,30,3,HUB-AMM-47,HUB-AMM-47-R01,Fiber ring,0
RO-03,Oct 2027 – Dec 2027,AMM-U-0968,U,Rooftop,Amman-Zarqa Metro,Amman,Amman,31.96914,35.96370,31,3,HUB-AMM-47,HUB-AMM-47-R01,Fiber ring,0
RO-03,Oct 2027 – Dec 2027,AMM-U-0969,U,Rooftop,Amman-Zarqa Metro,Amman,Amman,31.96751,35.96843,30,3,HUB-AMM-47,HUB-AMM-47-R01,Fiber ring,0
RO-03,Oct 2027 – Dec 2027,AMM-U-0995,U,Rooftop,Amman-Zarqa Metro,Amman,Amman,31.97267,35.96607,33,3,HUB-AMM-47,HUB-AMM-47-R01,Fiber ring,0
RO-03,Oct 2027 – Dec 2027,AMM-U-0996,U,Rooftop,Amman-Zarqa Metro,Amman,Amman,31.97185,35.96985,31,3,HUB-AMM-47,HUB-AMM-47-R01,Fiber ring,0
RO-03,Oct 2027 – Dec 2027,AMM-U-1021,U,Rooftop,Amman-Zarqa Metro,Amman,Amman,31.97456,35.96843,33,3,HUB-AMM-47,HUB-AMM-47-R01,Fiber ring,0
RO-03,Oct 2027 – Dec 2027,AMM-U-1023,U,Rooftop,Amman-Zarqa Metro,Amman,Amman,31.97538,35.97788,30,3,HUB-AMM-47,HUB-AMM-47-R01,Fiber ring,1
RO-03,Oct 2027 – Dec 2027,AMM-U-0923,U,Rooftop,Amman-Zarqa Metro,Amman,Amman,31.96128,35.97221,30,3,HUB-AMM-47,HUB-AMM-47-R02,Fiber ring,0
RO-03,Oct 2027 – Dec 2027,AMM-U-0924,U,Rooftop,Amman-Zarqa Metro,Amman,Amman,31.96128,35.97788,30,3,HUB-AMM-47,HUB-AMM-47-R02,Fiber ring,0
RO-03,Oct 2027 – Dec 2027,AMM-U-0945,U,Rooftop,Amman-Zarqa Metro,Amman,Amman,31.96562,35.97079,30,3,HUB-AMM-47,HUB-AMM-47-R02,Fiber ring,0
RO-03,Oct 2027 – Dec 2027,AMM-U-0946,U,Rooftop,Amman-Zarqa Metro,Amman,Amman,31.96399,35.97552,30,3,HUB-AMM-47,HUB-AMM-47-R02,Fiber ring,0
RO-03,Oct 2027 – Dec 2027,AMM-U-0970,U,Rooftop,Amman-Zarqa Metro,Amman,Amman,31.96833,35.97410,30,3,HUB-AMM-47,HUB-AMM-47-R02,Fiber ring,0
RO-03,Oct 2027 – Dec 2027,AMM-U-0971,U,Rooftop,Amman-Zarqa Metro,Amman,Amman,31.96873,35.97741,30,3,HUB-AMM-47,HUB-AMM-47-R02,Fiber ring,0
RO-03,Oct 2027 – Dec 2027,AMM-U-0997,U,Rooftop,Amman-Zarqa Metro,Amman,Amman,31.97185,35.97552,30,3,HUB-AMM-47,HUB-AMM-47-R02,Fiber ring,0
RO-03,Oct 2027 – Dec 2027,AMM-U-0947,U,Rooftop,Amman-Zarqa Metro,Amman,Amman,31.96399,35.98024,30,3,HUB-AMM-47,HUB-AMM-47-R03,Fiber ring,0
RO-03,Oct 2027 – Dec 2027,AMM-U-0948,U,Rooftop,Amman-Zarqa Metro,Amman,Amman,31.96480,35.98497,30,3,HUB-AMM-47,HUB-AMM-47-R03,Fiber ring,0
RO-03,Oct 2027 – Dec 2027,AMM-U-0949,U,Rooftop,Amman-Zarqa Metro,Amman,Amman,31.96480,35.98970,30,3,HUB-AMM-47,HUB-AMM-47-R03,Fiber ring,0
RO-03,Oct 2027 – Dec 2027,AMM-U-0972,U,Rooftop,Amman-Zarqa Metro,Amman,Amman,31.96751,35.98261,30,3,HUB-AMM-47,HUB-AMM-47-R03,Fiber ring,0
RO-03,Oct 2027 – Dec 2027,AMM-U-0973,U,Rooftop,Amman-Zarqa Metro,Amman,Amman,31.96751,35.98733,30,3,HUB-AMM-47,HUB-AMM-47-R03,Fiber ring,0
RO-03,Oct 2027 – Dec 2027,AMM-U-0998,U,Rooftop,Amman-Zarqa Metro,Amman,Amman,31.97185,35.98024,30,3,HUB-AMM-47,HUB-AMM-47-R03,Fiber ring,0
RO-03,Oct 2027 – Dec 2027,AMM-U-0999,U,Monopole / greenfield,Amman-Zarqa Metro,Amman,Amman,31.97185,35.98497,30,3,HUB-AMM-47,HUB-AMM-47-R03,Fiber ring,0
RO-03,Oct 2027 – Dec 2027,AMM-U-0974,U,Rooftop,Amman-Zarqa Metro,Amman,Amman,31.96833,35.99206,30,3,HUB-AMM-47,HUB-AMM-47-R04,Fiber ring,0
RO-03,Oct 2027 – Dec 2027,AMM-U-1000,U,Monopole / greenfield,Amman-Zarqa Metro,Amman,Amman,31.97104,35.98970,30,3,HUB-AMM-47,HUB-AMM-47-R04,Fiber ring,0
RO-03,Oct 2027 – Dec 2027,AMM-U-1001,U,Rooftop,Amman-Zarqa Metro,Amman,Amman,31.97104,35.99442,30,3,HUB-AMM-47,HUB-AMM-47-R04,Fiber ring,0
RO-03,Oct 2027 – Dec 2027,AMM-U-1024,U,Rooftop,Amman-Zarqa Metro,Amman,Amman,31.97538,35.98261,30,3,HUB-AMM-47,HUB-AMM-47-R04,Fiber ring,0
RO-03,Oct 2027 – Dec 2027,AMM-U-1025,U,Rooftop,Amman-Zarqa Metro,Amman,Amman,31.97619,35.98733,30,3,HUB-AMM-47,HUB-AMM-47-R04,Fiber ring,0
RO-03,Oct 2027 – Dec 2027,AMM-U-1026,U,Rooftop,Amman-Zarqa Metro,Amman,Amman,31.97538,35.99111,30,3,HUB-AMM-47,HUB-AMM-47-R04,Fiber ring,0
RO-03,Oct 2027 – Dec 2027,AMM-U-1027,U,Rooftop,Amman-Zarqa Metro,Amman,Amman,31.97538,35.99678,30,3,HUB-AMM-47,HUB-AMM-47-R04,Fiber ring,0
RO-03,Oct 2027 – Dec 2027,AMM-U-1052,U,Rooftop,Amman-Zarqa Metro,Amman,Amman,31.97890,35.98119,30,3,HUB-AMM-47,HUB-AMM-47-R05,Fiber ring,0
RO-03,Oct 2027 – Dec 2027,AMM-U-1053,U,Rooftop,Amman-Zarqa Metro,Amman,Amman,31.97890,35.98402,30,3,HUB-AMM-47,HUB-AMM-47-R05,Fiber ring,0
RO-03,Oct 2027 – Dec 2027,AMM-U-1054,U,Rooftop,Amman-Zarqa Metro,Amman,Amman,31.97972,35.98970,30,3,HUB-AMM-47,HUB-AMM-47-R05,Fiber ring,0
RO-03,Oct 2027 – Dec 2027,AMM-U-1055,U,Rooftop,Amman-Zarqa Metro,Amman,Amman,31.97890,35.99348,30,3,HUB-AMM-47,HUB-AMM-47-R05,Fiber ring,0
RO-03,Oct 2027 – Dec 2027,AMM-U-1084,U,Rooftop,Amman-Zarqa Metro,Amman,Amman,31.98202,35.98213,30,3,HUB-AMM-47,HUB-AMM-47-R05,Fiber ring,0
RO-03,Oct 2027 – Dec 2027,AMM-U-1085,U,Rooftop,Amman-Zarqa Metro,Amman,Amman,31.98243,35.98733,30,3,HUB-AMM-47,HUB-AMM-47-R05,Fiber ring,0
RO-03,Oct 2027 – Dec 2027,AMM-U-1086,U,Rooftop,Amman-Zarqa Metro,Amman,Amman,31.98243,35.99111,30,3,HUB-AMM-47,HUB-AMM-47-R05,Fiber ring,0
RO-03,Oct 2027 – Dec 2027,AMM-U-1051,U,Rooftop,Amman-Zarqa Metro,Amman,Amman,31.97809,35.97552,30,3,HUB-AMM-47,HUB-AMM-47-R06,Fiber ring,0
RO-03,Oct 2027 – Dec 2027,AMM-U-1080,U,Rooftop,Amman-Zarqa Metro,Amman,Amman,31.98324,35.96370,30,3,HUB-AMM-47,HUB-AMM-47-R06,Fiber ring,0
RO-03,Oct 2027 – Dec 2027,AMM-U-1081,U,Rooftop,Amman-Zarqa Metro,Amman,Amman,31.98324,35.96843,30,3,HUB-AMM-47,HUB-AMM-47-R06,Fiber ring,0
RO-03,Oct 2027 – Dec 2027,AMM-U-1082,U,Rooftop,Amman-Zarqa Metro,Amman,Amman,31.98324,35.97315,30,3,HUB-AMM-47,HUB-AMM-47-R06,Fiber ring,0
RO-03,Oct 2027 – Dec 2027,AMM-U-1083,U,Rooftop,Amman-Zarqa Metro,Amman,Amman,31.98243,35.97883,30,3,HUB-AMM-47,HUB-AMM-47-R06,Fiber ring,0
RO-03,Oct 2027 – Dec 2027,AMM-U-1117,U,Rooftop,Amman-Zarqa Metro,Amman,Amman,31.98514,35.97079,30,3,HUB-AMM-47,HUB-AMM-47-R06,Fiber ring,0
RO-03,Oct 2027 – Dec 2027,AMM-U-1118,U,Rooftop,Amman-Zarqa Metro,Amman,Amman,31.98595,35.97457,30,3,HUB-AMM-47,HUB-AMM-47-R06,Fiber ring,0
RO-03,Oct 2027 – Dec 2027,AMM-U-1020,U,Rooftop,Amman-Zarqa Metro,Amman,Amman,31.97538,35.96276,30,3,HUB-AMM-47,HUB-AMM-47-R07,Fiber ring,0
RO-03,Oct 2027 – Dec 2027,AMM-U-1022,U,Rooftop,Amman-Zarqa Metro,Amman,Amman,31.97538,35.97410,30,3,HUB-AMM-47,HUB-AMM-47-R07,Fiber ring,0
RO-03,Oct 2027 – Dec 2027,AMM-U-1048,U,Rooftop,Amman-Zarqa Metro,Amman,Amman,31.97890,35.96134,30,3,HUB-AMM-47,HUB-AMM-47-R07,Fiber ring,0
RO-03,Oct 2027 – Dec 2027,AMM-U-1049,U,Rooftop,Amman-Zarqa Metro,Amman,Amman,31.97890,35.96607,30,3,HUB-AMM-47,HUB-AMM-47-R07,Fiber ring,0
RO-03,Oct 2027 – Dec 2027,AMM-U-1050,U,Rooftop,Amman-Zarqa Metro,Amman,Amman,31.97890,35.96985,30,3,HUB-AMM-47,HUB-AMM-47-R07,Fiber ring,0
RO-03,Oct 2027 – Dec 2027,AMM-U-1548,U,Rooftop,Amman-Zarqa Metro,Amman,Amman,32.02119,35.87060,30,3,HUB-AMM-49,HUB-AMM-49-R01,Fiber ring,0
RO-03,Oct 2027 – Dec 2027,AMM-U-1590,U,Rooftop,Amman-Zarqa Metro,Amman,Amman,32.02472,35.86824,30,3,HUB-AMM-49,HUB-AMM-49-R01,Fiber ring,0
RO-03,Oct 2027 – Dec 2027,AMM-U-1630,U,Rooftop,Amman-Zarqa Metro,Amman,Amman,32.02824,35.86588,30,3,HUB-AMM-49,HUB-AMM-49-R01,Fiber ring,0
RO-03,Oct 2027 – Dec 2027,AMM-U-1631,U,Rooftop,Amman-Zarqa Metro,Amman,Amman,32.02824,35.87155,30,3,HUB-AMM-49,HUB-AMM-49-R01,Fiber ring,0
RO-03,Oct 2027 – Dec 2027,AMM-U-1632,U,Rooftop,Amman-Zarqa Metro,Amman,Amman,32.02824,35.87722,30,3,HUB-AMM-49,HUB-AMM-49-R01,Fiber ring,0
RO-03,Oct 2027 – Dec 2027,AMM-U-1674,U,Rooftop,Amman-Zarqa Metro,Amman,Amman,32.03095,35.86918,30,3,HUB-AMM-49,HUB-AMM-49-R01,Fiber ring,0
RO-03,Oct 2027 – Dec 2027,AMM-U-1676,U,Rooftop,Amman-Zarqa Metro,Amman,Amman,32.03095,35.87864,30,3,HUB-AMM-49,HUB-AMM-49-R01,Fiber ring,0
RO-03,Oct 2027 – Dec 2027,AMM-U-1677,U,Rooftop,Amman-Zarqa Metro,Amman,Amman,32.03177,35.88242,30,3,HUB-AMM-49,HUB-AMM-49-R01,Fiber ring,1
RO-03,Oct 2027 – Dec 2027,AMM-U-1549,U,Rooftop,Amman-Zarqa Metro,Amman,Amman,32.02201,35.87627,30,3,HUB-AMM-49,HUB-AMM-49-R02,Fiber ring,0
RO-03,Oct 2027 – Dec 2027,AMM-U-1550,U,Rooftop,Amman-Zarqa Metro,Amman,Amman,32.02119,35.88005,30,3,HUB-AMM-49,HUB-AMM-49-R02,Fiber ring,0
RO-03,Oct 2027 – Dec 2027,AMM-U-1551,U,Rooftop,Amman-Zarqa Metro,Amman,Amman,32.02160,35.88525,30,3,HUB-AMM-49,HUB-AMM-49-R02,Fiber ring,0
RO-03,Oct 2027 – Dec 2027,AMM-U-1591,U,Rooftop,Amman-Zarqa Metro,Amman,Amman,32.02472,35.87486,30,3,HUB-AMM-49,HUB-AMM-49-R02,Fiber ring,0
RO-03,Oct 2027 – Dec 2027,AMM-U-1592,U,Rooftop,Amman-Zarqa Metro,Amman,Amman,32.02472,35.87864,30,3,HUB-AMM-49,HUB-AMM-49-R02,Fiber ring,0
RO-03,Oct 2027 – Dec 2027,AMM-U-1593,U,Rooftop,Amman-Zarqa Metro,Amman,Amman,32.02553,35.88336,30,3,HUB-AMM-49,HUB-AMM-49-R02,Fiber ring,0
RO-03,Oct 2027 – Dec 2027,AMM-U-1633,U,Rooftop,Amman-Zarqa Metro,Amman,Amman,32.02743,35.88100,30,3,HUB-AMM-49,HUB-AMM-49-R02,Fiber ring,0
RO-03,Oct 2027 – Dec 2027,AMM-U-1594,U,Rooftop,Amman-Zarqa Metro,Amman,Amman,32.02553,35.88809,30,3,HUB-AMM-49,HUB-AMM-49-R03,Fiber ring,0
RO-03,Oct 2027 – Dec 2027,AMM-U-1634,U,Rooftop,Amman-Zarqa Metro,Amman,Amman,32.02743,35.88572,30,3,HUB-AMM-49,HUB-AMM-49-R03,Fiber ring,0
RO-03,Oct 2027 – Dec 2027,AMM-U-1635,U,Rooftop,Amman-Zarqa Metro,Amman,Amman,32.02824,35.88951,30,3,HUB-AMM-49,HUB-AMM-49-R03,Fiber ring,0
RO-03,Oct 2027 – Dec 2027,AMM-U-1678,U,Rooftop,Amman-Zarqa Metro,Amman,Amman,32.03177,35.88714,30,3,HUB-AMM-49,HUB-AMM-49-R03,Fiber ring,0
RO-03,Oct 2027 – Dec 2027,AMM-U-1679,U,Rooftop,Amman-Zarqa Metro,Amman,Amman,32.03177,35.89187,30,3,HUB-AMM-49,HUB-AMM-49-R03,Fiber ring,0
RO-03,Oct 2027 – Dec 2027,AMM-U-1720,U,Rooftop,Amman-Zarqa Metro,Amman,Amman,32.03570,35.88998,30,3,HUB-AMM-49,HUB-AMM-49-R03,Fiber ring,0
RO-03,Oct 2027 – Dec 2027,AMM-U-1721,U,Rooftop,Amman-Zarqa Metro,Amman,Amman,32.03529,35.89423,30,3,HUB-AMM-49,HUB-AMM-49-R03,Fiber ring,0
RO-03,Oct 2027 – Dec 2027,AMM-U-1719,U,Rooftop,Amman-Zarqa Metro,Amman,Amman,32.03529,35.88478,30,3,HUB-AMM-49,HUB-AMM-49-R04,Fiber ring,0
RO-03,Oct 2027 – Dec 2027,AMM-U-1759,U,Rooftop,Amman-Zarqa Metro,Amman,Amman,32.03800,35.88336,30,3,HUB-AMM-49,HUB-AMM-49-R04,Fiber ring,0
RO-03,Oct 2027 – Dec 2027,AMM-U-1760,U,Rooftop,Amman-Zarqa Metro,Amman,Amman,32.03800,35.88809,30,3,HUB-AMM-49,HUB-AMM-49-R04,Fiber ring,0
RO-03,Oct 2027 – Dec 2027,AMM-U-1761,U,Monopole / greenfield,Amman-Zarqa Metro,Amman,Amman,32.03800,35.89281,30,3,HUB-AMM-49,HUB-AMM-49-R04,Fiber ring,0
RO-03,Oct 2027 – Dec 2027,AMM-U-1797,U,Rooftop,Amman-Zarqa Metro,Amman,Amman,32.04275,35.88620,30,3,HUB-AMM-49,HUB-AMM-49-R04,Fiber ring,0
RO-03,Oct 2027 – Dec 2027,AMM-U-1798,U,Monopole / greenfield,Amman-Zarqa Metro,Amman,Amman,32.04234,35.88951,30,3,HUB-AMM-49,HUB-AMM-49-R04,Fiber ring,0
RO-03,Oct 2027 – Dec 2027,AMM-U-1824,U,Rooftop,Amman-Zarqa Metro,Amman,Amman,32.04627,35.88289,30,3,HUB-AMM-49,HUB-AMM-49-R04,Fiber ring,0
RO-03,Oct 2027 – Dec 2027,AMM-U-1717,U,Rooftop,Amman-Zarqa Metro,Amman,Amman,32.03448,35.87627,30,3,HUB-AMM-49,HUB-AMM-49-R05,Fiber ring,0
RO-03,Oct 2027 – Dec 2027,AMM-U-1718,U,Rooftop,Amman-Zarqa Metro,Amman,Amman,32.03448,35.88100,30,3,HUB-AMM-49,HUB-AMM-49-R05,Fiber ring,0
RO-03,Oct 2027 – Dec 2027,AMM-U-1757,U,Rooftop,Amman-Zarqa Metro,Amman,Amman,32.03882,35.87296,30,3,HUB-AMM-49,HUB-AMM-49-R05,Fiber ring,0
RO-03,Oct 2027 – Dec 2027,AMM-U-1758,U,Monopole / greenfield,Amman-Zarqa Metro,Amman,Amman,32.03963,35.87864,30,3,HUB-AMM-49,HUB-AMM-49-R05,Fiber ring,0
RO-03,Oct 2027 – Dec 2027,AMM-U-1795,U,Monopole / greenfield,Amman-Zarqa Metro,Amman,Amman,32.04234,35.87533,30,3,HUB-AMM-49,HUB-AMM-49-R05,Fiber ring,0
RO-03,Oct 2027 – Dec 2027,AMM-U-1796,U,Rooftop,Amman-Zarqa Metro,Amman,Amman,32.04316,35.88100,30,3,HUB-AMM-49,HUB-AMM-49-R05,Fiber ring,0
RO-03,Oct 2027 – Dec 2027,AMM-U-1823,U,Rooftop,Amman-Zarqa Metro,Amman,Amman,32.04587,35.87769,30,3,HUB-AMM-49,HUB-AMM-49-R05,Fiber ring,0
RO-03,Oct 2027 – Dec 2027,AMM-U-1675,U,Rooftop,Amman-Zarqa Metro,Amman,Amman,32.03177,35.87391,30,3,HUB-AMM-49,HUB-AMM-49-R06,Fiber ring,0
RO-03,Oct 2027 – Dec 2027,AMM-U-1716,U,Rooftop,Amman-Zarqa Metro,Amman,Amman,32.03529,35.87060,30,3,HUB-AMM-49,HUB-AMM-49-R06,Fiber ring,0
RO-03,Oct 2027 – Dec 2027,AMM-U-1111,U,Rooftop,Amman-Zarqa Metro,Amman,Amman,31.98595,35.94149,30,3,HUB-AMM-56,HUB-AMM-56-R01,Fiber ring,0
RO-03,Oct 2027 – Dec 2027,AMM-U-1154,U,Rooftop,Amman-Zarqa Metro,Amman,Amman,31.98947,35.93913,30,3,HUB-AMM-56,HUB-AMM-56-R01,Fiber ring,0
RO-03,Oct 2027 – Dec 2027,AMM-U-1155,U,Rooftop,Amman-Zarqa Metro,Amman,Amman,31.98947,35.94480,30,3,HUB-AMM-56,HUB-AMM-56-R01,Fiber ring,0
RO-03,Oct 2027 – Dec 2027,AMM-U-1198,U,Rooftop,Amman-Zarqa Metro,Amman,Amman,31.99300,35.93771,30,3,HUB-AMM-56,HUB-AMM-56-R01,Fiber ring,0
RO-03,Oct 2027 – Dec 2027,AMM-U-1199,U,Rooftop,Amman-Zarqa Metro,Amman,Amman,31.99300,35.94149,30,3,HUB-AMM-56,HUB-AMM-56-R01,Fiber ring,0
RO-03,Oct 2027 – Dec 2027,AMM-U-1200,U,Rooftop,Amman-Zarqa Metro,Amman,Amman,31.99381,35.94716,30,3,HUB-AMM-56,HUB-AMM-56-R01,Fiber ring,0
RO-03,Oct 2027 – Dec 2027,AMM-U-1201,U,Rooftop,Amman-Zarqa Metro,Amman,Amman,31.99300,35.95094,30,3,HUB-AMM-56,HUB-AMM-56-R01,Fiber ring,0
RO-03,Oct 2027 – Dec 2027,AMM-U-1246,U,Rooftop,Amman-Zarqa Metro,Amman,Amman,31.99571,35.95425,30,3,HUB-AMM-56,HUB-AMM-56-R01,Fiber ring,1
RO-03,Oct 2027 – Dec 2027,AMM-U-1077,U,Rooftop,Amman-Zarqa Metro,Amman,Amman,31.98243,35.94953,30,3,HUB-AMM-56,HUB-AMM-56-R02,Fiber ring,0
RO-03,Oct 2027 – Dec 2027,AMM-U-1078,U,Rooftop,Amman-Zarqa Metro,Amman,Amman,31.98283,35.95472,30,3,HUB-AMM-56,HUB-AMM-56-R02,Fiber ring,0
RO-03,Oct 2027 – Dec 2027,AMM-U-1112,U,Rooftop,Amman-Zarqa Metro,Amman,Amman,31.98595,35.94716,30,3,HUB-AMM-56,HUB-AMM-56-R02,Fiber ring,0
RO-03,Oct 2027 – Dec 2027,AMM-U-1113,U,Rooftop,Amman-Zarqa Metro,Amman,Amman,31.98595,35.95094,30,3,HUB-AMM-56,HUB-AMM-56-R02,Fiber ring,0
RO-03,Oct 2027 – Dec 2027,AMM-U-1114,U,Rooftop,Amman-Zarqa Metro,Amman,Amman,31.98636,35.95709,30,3,HUB-AMM-56,HUB-AMM-56-R02,Fiber ring,0
RO-03,Oct 2027 – Dec 2027,AMM-U-1156,U,Rooftop,Amman-Zarqa Metro,Amman,Amman,31.98866,35.94953,30,3,HUB-AMM-56,HUB-AMM-56-R02,Fiber ring,0
RO-03,Oct 2027 – Dec 2027,AMM-U-1157,U,Rooftop,Amman-Zarqa Metro,Amman,Amman,31.98866,35.95425,30,3,HUB-AMM-56,HUB-AMM-56-R02,Fiber ring,0
RO-03,Oct 2027 – Dec 2027,AMM-U-1079,U,Rooftop,Amman-Zarqa Metro,Amman,Amman,31.98324,35.95898,30,3,HUB-AMM-56,HUB-AMM-56-R03,Fiber ring,0
RO-03,Oct 2027 – Dec 2027,AMM-U-1115,U,Rooftop,Amman-Zarqa Metro,Amman,Amman,31.98554,35.96087,30,3,HUB-AMM-56,HUB-AMM-56-R03,Fiber ring,0
RO-03,Oct 2027 – Dec 2027,AMM-U-1116,U,Rooftop,Amman-Zarqa Metro,Amman,Amman,31.98595,35.96512,30,3,HUB-AMM-56,HUB-AMM-56-R03,Fiber ring,0
RO-03,Oct 2027 – Dec 2027,AMM-U-1158,U,Rooftop,Amman-Zarqa Metro,Amman,Amman,31.98947,35.95898,30,3,HUB-AMM-56,HUB-AMM-56-R03,Fiber ring,0
RO-03,Oct 2027 – Dec 2027,AMM-U-1159,U,Rooftop,Amman-Zarqa Metro,Amman,Amman,31.98947,35.96370,30,3,HUB-AMM-56,HUB-AMM-56-R03,Fiber ring,0
RO-03,Oct 2027 – Dec 2027,AMM-U-1202,U,Rooftop,Amman-Zarqa Metro,Amman,Amman,31.99381,35.95661,30,3,HUB-AMM-56,HUB-AMM-56-R03,Fiber ring,0
RO-03,Oct 2027 – Dec 2027,AMM-U-1203,U,Rooftop,Amman-Zarqa Metro,Amman,Amman,31.99219,35.96134,30,3,HUB-AMM-56,HUB-AMM-56-R03,Fiber ring,0
RO-03,Oct 2027 – Dec 2027,AMM-U-1204,U,Rooftop,Amman-Zarqa Metro,Amman,Amman,31.99219,35.96607,30,3,HUB-AMM-56,HUB-AMM-56-R04,Fiber ring,0
RO-03,Oct 2027 – Dec 2027,AMM-U-1247,U,Rooftop,Amman-Zarqa Metro,Amman,Amman,31.99652,35.95898,30,3,HUB-AMM-56,HUB-AMM-56-R04,Fiber ring,0
RO-03,Oct 2027 – Dec 2027,AMM-U-1248,U,Rooftop,Amman-Zarqa Metro,Amman,Amman,31.99652,35.96276,30,3,HUB-AMM-56,HUB-AMM-56-R04,Fiber ring,0
RO-03,Oct 2027 – Dec 2027,AMM-U-1291,U,Rooftop,Amman-Zarqa Metro,Amman,Amman,31.99964,35.96087,30,3,HUB-AMM-56,HUB-AMM-56-R04,Fiber ring,0
RO-03,Oct 2027 – Dec 2027,AMM-U-1292,U,Rooftop,Amman-Zarqa Metro,Amman,Amman,32.00005,35.96512,30,3,HUB-AMM-56,HUB-AMM-56-R04,Fiber ring,0
RO-03,Oct 2027 – Dec 2027,AMM-U-1337,U,Rooftop,Amman-Zarqa Metro,Amman,Amman,32.00276,35.95898,30,3,HUB-AMM-56,HUB-AMM-56-R04,Fiber ring,0
RO-03,Oct 2027 – Dec 2027,AMM-U-1338,U,Rooftop,Amman-Zarqa Metro,Amman,Amman,32.00357,35.96276,30,3,HUB-AMM-56,HUB-AMM-56-R04,Fiber ring,0
RO-03,Oct 2027 – Dec 2027,AMM-U-1290,U,Rooftop,Amman-Zarqa Metro,Amman,Amman,32.00005,35.95567,30,3,HUB-AMM-56,HUB-AMM-56-R05,Fiber ring,0
RO-03,Oct 2027 – Dec 2027,AMM-U-1336,U,Rooftop,Amman-Zarqa Metro,Amman,Amman,32.00357,35.95331,30,3,HUB-AMM-56,HUB-AMM-56-R05,Fiber ring,0
RO-03,Oct 2027 – Dec 2027,AMM-U-1384,U,Rooftop,Amman-Zarqa Metro,Amman,Amman,32.00710,35.95094,30,3,HUB-AMM-56,HUB-AMM-56-R05,Fiber ring,0
RO-03,Oct 2027 – Dec 2027,AMM-U-1385,U,Rooftop,Amman-Zarqa Metro,Amman,Amman,32.00710,35.95661,30,3,HUB-AMM-56,HUB-AMM-56-R05,Fiber ring,0
RO-03,Oct 2027 – Dec 2027,AMM-U-1386,U,Rooftop,Amman-Zarqa Metro,Amman,Amman,32.00710,35.96134,30,3,HUB-AMM-56,HUB-AMM-56-R05,Fiber ring,0
RO-03,Oct 2027 – Dec 2027,AMM-U-1430,U,Rooftop,Amman-Zarqa Metro,Amman,Amman,32.00981,35.94953,30,3,HUB-AMM-56,HUB-AMM-56-R05,Fiber ring,0
RO-03,Oct 2027 – Dec 2027,AMM-U-1431,U,Rooftop,Amman-Zarqa Metro,Amman,Amman,32.00981,35.95425,30,3,HUB-AMM-56,HUB-AMM-56-R05,Fiber ring,0
RO-03,Oct 2027 – Dec 2027,AMM-U-1289,U,Rooftop,Amman-Zarqa Metro,Amman,Amman,32.00086,35.95189,30,3,HUB-AMM-56,HUB-AMM-56-R06,Fiber ring,0
RO-03,Oct 2027 – Dec 2027,AMM-U-1333,U,Rooftop,Amman-Zarqa Metro,Amman,Amman,32.00357,35.94102,30,3,HUB-AMM-56,HUB-AMM-56-R06,Fiber ring,0
RO-03,Oct 2027 – Dec 2027,AMM-U-1334,U,Rooftop,Amman-Zarqa Metro,Amman,Amman,32.00439,35.94480,30,3,HUB-AMM-56,HUB-AMM-56-R06,Fiber ring,0
RO-03,Oct 2027 – Dec 2027,AMM-U-1335,U,Rooftop,Amman-Zarqa Metro,Amman,Amman,32.00398,35.94905,30,3,HUB-AMM-56,HUB-AMM-56-R06,Fiber ring,0
RO-03,Oct 2027 – Dec 2027,AMM-U-1382,U,Rooftop,Amman-Zarqa Metro,Amman,Amman,32.00628,35.94244,30,3,HUB-AMM-56,HUB-AMM-56-R06,Fiber ring,0
RO-03,Oct 2027 – Dec 2027,AMM-U-1383,U,Rooftop,Amman-Zarqa Metro,Amman,Amman,32.00628,35.94716,30,3,HUB-AMM-56,HUB-AMM-56-R06,Fiber ring,0
RO-03,Oct 2027 – Dec 2027,AMM-U-1429,U,Rooftop,Amman-Zarqa Metro,Amman,Amman,32.01144,35.94480,30,3,HUB-AMM-56,HUB-AMM-56-R06,Fiber ring,0
RO-03,Oct 2027 – Dec 2027,AMM-U-1243,U,Rooftop,Amman-Zarqa Metro,Amman,Amman,31.99734,35.94007,30,3,HUB-AMM-56,HUB-AMM-56-R07,Fiber ring,0
RO-03,Oct 2027 – Dec 2027,AMM-U-1244,U,Rooftop,Amman-Zarqa Metro,Amman,Amman,31.99734,35.94480,30,3,HUB-AMM-56,HUB-AMM-56-R07,Fiber ring,0
RO-03,Oct 2027 – Dec 2027,AMM-U-1245,U,Rooftop,Amman-Zarqa Metro,Amman,Amman,31.99652,35.94858,30,3,HUB-AMM-56,HUB-AMM-56-R07,Fiber ring,0
RO-03,Oct 2027 – Dec 2027,AMM-U-1286,U,Rooftop,Amman-Zarqa Metro,Amman,Amman,32.00045,35.93818,30,3,HUB-AMM-56,HUB-AMM-56-R07,Fiber ring,0
RO-03,Oct 2027 – Dec 2027,AMM-U-1287,U,Rooftop,Amman-Zarqa Metro,Amman,Amman,32.00005,35.94244,30,3,HUB-AMM-56,HUB-AMM-56-R07,Fiber ring,0
RO-03,Oct 2027 – Dec 2027,AMM-U-1288,U,Rooftop,Amman-Zarqa Metro,Amman,Amman,31.99923,35.94716,30,3,HUB-AMM-56,HUB-AMM-56-R07,Fiber ring,0
RO-03,Oct 2027 – Dec 2027,AMM-U-1453,U,Rooftop,Amman-Zarqa Metro,Amman,Amman,32.01415,35.83752,30,3,HUB-AMM-79,HUB-AMM-79-R01,Fiber ring,0
RO-03,Oct 2027 – Dec 2027,AMM-U-1454,U,Rooftop,Amman-Zarqa Metro,Amman,Amman,32.01415,35.84225,30,3,HUB-AMM-79,HUB-AMM-79-R01,Fiber ring,0
RO-03,Oct 2027 – Dec 2027,AMM-U-1498,U,Rooftop,Amman-Zarqa Metro,Amman,Amman,32.01767,35.83705,30,3,HUB-AMM-79,HUB-AMM-79-R01,Fiber ring,0
RO-03,Oct 2027 – Dec 2027,AMM-U-1499,U,Rooftop,Amman-Zarqa Metro,Amman,Amman,32.01767,35.83988,30,3,HUB-AMM-79,HUB-AMM-79-R01,Fiber ring,0
RO-03,Oct 2027 – Dec 2027,AMM-U-1500,U,Rooftop,Amman-Zarqa Metro,Amman,Amman,32.01767,35.84555,30,3,HUB-AMM-79,HUB-AMM-79-R01,Fiber ring,0
RO-03,Oct 2027 – Dec 2027,AMM-U-1541,U,Rooftop,Amman-Zarqa Metro,Amman,Amman,32.02079,35.83799,30,3,HUB-AMM-79,HUB-AMM-79-R01,Fiber ring,0
RO-03,Oct 2027 – Dec 2027,AMM-U-1542,U,Rooftop,Amman-Zarqa Metro,Amman,Amman,32.02119,35.84225,30,3,HUB-AMM-79,HUB-AMM-79-R01,Fiber ring,0
RO-03,Oct 2027 – Dec 2027,AMM-U-1586,U,Rooftop,Amman-Zarqa Metro,Amman,Amman,32.02472,35.85028,30,3,HUB-AMM-79,HUB-AMM-79-R01,Fiber ring,1
RO-03,Oct 2027 – Dec 2027,AMM-U-1409,U,Rooftop,Amman-Zarqa Metro,Amman,Amman,32.01062,35.84650,30,3,HUB-AMM-79,HUB-AMM-79-R02,Fiber ring,0
RO-03,Oct 2027 – Dec 2027,AMM-U-1455,U,Rooftop,Amman-Zarqa Metro,Amman,Amman,32.01333,35.84792,30,3,HUB-AMM-79,HUB-AMM-79-R02,Fiber ring,0
RO-03,Oct 2027 – Dec 2027,AMM-U-1456,U,Rooftop,Amman-Zarqa Metro,Amman,Amman,32.01333,35.85264,30,3,HUB-AMM-79,HUB-AMM-79-R02,Fiber ring,0
RO-03,Oct 2027 – Dec 2027,AMM-U-1457,U,Rooftop,Amman-Zarqa Metro,Amman,Amman,32.01333,35.85737,30,3,HUB-AMM-79,HUB-AMM-79-R02,Fiber ring,0
RO-03,Oct 2027 – Dec 2027,AMM-U-1501,U,Rooftop,Amman-Zarqa Metro,Amman,Amman,32.01808,35.84981,30,3,HUB-AMM-79,HUB-AMM-79-R02,Fiber ring,0
RO-03,Oct 2027 – Dec 2027,AMM-U-1502,U,Rooftop,Amman-Zarqa Metro,Amman,Amman,32.01848,35.85501,30,3,HUB-AMM-79,HUB-AMM-79-R02,Fiber ring,0
RO-03,Oct 2027 – Dec 2027,AMM-U-1543,U,Rooftop,Amman-Zarqa Metro,Amman,Amman,32.02119,35.84886,30,3,HUB-AMM-79,HUB-AMM-79-R02,Fiber ring,0
RO-03,Oct 2027 – Dec 2027,AMM-U-1503,U,Rooftop,Amman-Zarqa Metro,Amman,Amman,32.01767,35.85879,30,3,HUB-AMM-79,HUB-AMM-79-R03,Fiber ring,0
RO-03,Oct 2027 – Dec 2027,AMM-U-1504,U,Rooftop,Amman-Zarqa Metro,Amman,Amman,32.01726,35.86399,30,3,HUB-AMM-79,HUB-AMM-79-R03,Fiber ring,0
RO-03,Oct 2027 – Dec 2027,AMM-U-1544,U,Rooftop,Amman-Zarqa Metro,Amman,Amman,32.02119,35.85359,30,3,HUB-AMM-79,HUB-AMM-79-R03,Fiber ring,0
RO-03,Oct 2027 – Dec 2027,AMM-U-1545,U,Rooftop,Amman-Zarqa Metro,Amman,Amman,32.02119,35.85642,30,3,HUB-AMM-79,HUB-AMM-79-R03,Fiber ring,0
RO-03,Oct 2027 – Dec 2027,AMM-U-1546,U,Rooftop,Amman-Zarqa Metro,Amman,Amman,32.02119,35.86304,31,3,HUB-AMM-79,HUB-AMM-79-R03,Fiber ring,0
RO-03,Oct 2027 – Dec 2027,AMM-U-1547,U,Rooftop,Amman-Zarqa Metro,Amman,Amman,32.02201,35.86682,30,3,HUB-AMM-79,HUB-AMM-79-R03,Fiber ring,0
RO-03,Oct 2027 – Dec 2027,AMM-U-1588,U,Rooftop,Amman-Zarqa Metro,Amman,Amman,32.02472,35.86068,30,3,HUB-AMM-79,HUB-AMM-79-R03,Fiber ring,0
RO-03,Oct 2027 – Dec 2027,AMM-U-1587,U,Rooftop,Amman-Zarqa Metro,Amman,Amman,32.02553,35.85501,30,3,HUB-AMM-79,HUB-AMM-79-R04,Fiber ring,0
RO-03,Oct 2027 – Dec 2027,AMM-U-1589,U,Rooftop,Amman-Zarqa Metro,Amman,Amman,32.02553,35.86446,30,3,HUB-AMM-79,HUB-AMM-79-R04,Fiber ring,0
RO-03,Oct 2027 – Dec 2027,AMM-U-1627,U,Rooftop,Amman-Zarqa Metro,Amman,Balqa,32.02906,35.85264,30,3,HUB-AMM-79,HUB-AMM-79-R04,Fiber ring,0
RO-03,Oct 2027 – Dec 2027,AMM-U-1628,U,Rooftop,Amman-Zarqa Metro,Amman,Amman,32.02784,35.85690,30,3,HUB-AMM-79,HUB-AMM-79-R04,Fiber ring,0
RO-03,Oct 2027 – Dec 2027,AMM-U-1629,U,Rooftop,Amman-Zarqa Metro,Amman,Amman,32.02824,35.86210,30,3,HUB-AMM-79,HUB-AMM-79-R04,Fiber ring,0
RO-03,Oct 2027 – Dec 2027,AMM-U-1670,U,Rooftop,Amman-Zarqa Metro,Amman,Balqa,32.03095,35.85028,30,3,HUB-AMM-79,HUB-AMM-79-R04,Fiber ring,0
RO-03,Oct 2027 – Dec 2027,AMM-U-1671,U,Rooftop,Amman-Zarqa Metro,Amman,Balqa,32.03095,35.85501,30,3,HUB-AMM-79,HUB-AMM-79-R04,Fiber ring,0
RO-03,Oct 2027 – Dec 2027,AMM-U-1625,U,Rooftop,Amman-Zarqa Metro,Amman,Balqa,32.02824,35.84414,30,3,HUB-AMM-79,HUB-AMM-79-R05,Fiber ring,0
RO-03,Oct 2027 – Dec 2027,AMM-U-1626,U,Rooftop,Amman-Zarqa Metro,Amman,Balqa,32.02824,35.84886,30,3,HUB-AMM-79,HUB-AMM-79-R05,Fiber ring,0
RO-03,Oct 2027 – Dec 2027,AMM-U-1667,U,Rooftop,Amman-Zarqa Metro,Amman,Balqa,32.03095,35.83610,30,3,HUB-AMM-79,HUB-AMM-79-R05,Fiber ring,0
RO-03,Oct 2027 – Dec 2027,AMM-U-1668,U,Rooftop,Amman-Zarqa Metro,Amman,Balqa,32.03177,35.84177,30,3,HUB-AMM-79,HUB-AMM-79-R05,Fiber ring,0
RO-03,Oct 2027 – Dec 2027,AMM-U-1669,U,Rooftop,Amman-Zarqa Metro,Amman,Balqa,32.03177,35.84650,30,3,HUB-AMM-79,HUB-AMM-79-R05,Fiber ring,0
RO-03,Oct 2027 – Dec 2027,AMM-U-1710,U,Rooftop,Amman-Zarqa Metro,Amman,Balqa,32.03529,35.84414,30,3,HUB-AMM-79,HUB-AMM-79-R05,Fiber ring,0
RO-03,Oct 2027 – Dec 2027,AMM-U-1711,U,Rooftop,Amman-Zarqa Metro,Amman,Balqa,32.03448,35.84792,30,3,HUB-AMM-79,HUB-AMM-79-R05,Fiber ring,0
RO-03,Oct 2027 – Dec 2027,AMM-U-1583,U,Rooftop,Amman-Zarqa Metro,Amman,Amman,32.02472,35.83610,31,3,HUB-AMM-79,HUB-AMM-79-R06,Fiber ring,0
RO-03,Oct 2027 – Dec 2027,AMM-U-1584,U,Rooftop,Amman-Zarqa Metro,Amman,Amman,32.02472,35.83988,30,3,HUB-AMM-79,HUB-AMM-79-R06,Fiber ring,0
RO-03,Oct 2027 – Dec 2027,AMM-U-1585,U,Rooftop,Amman-Zarqa Metro,Amman,Amman,32.02472,35.84650,30,3,HUB-AMM-79,HUB-AMM-79-R06,Fiber ring,0
RO-03,Oct 2027 – Dec 2027,AMM-U-1623,U,Rooftop,Amman-Zarqa Metro,Amman,Balqa,32.02743,35.83374,30,3,HUB-AMM-79,HUB-AMM-79-R06,Fiber ring,0
RO-03,Oct 2027 – Dec 2027,AMM-U-1624,U,Rooftop,Amman-Zarqa Metro,Amman,Balqa,32.02743,35.83847,31,3,HUB-AMM-79,HUB-AMM-79-R06,Fiber ring,0
RO-03,Oct 2027 – Dec 2027,AMM-U-0736,U,Rooftop,Amman-Zarqa Metro,Amman,Amman,31.93390,35.97315,30,3,HUB-AMM-83,HUB-AMM-83-R01,Fiber ring,0
RO-03,Oct 2027 – Dec 2027,AMM-U-0765,U,Rooftop,Amman-Zarqa Metro,Amman,Amman,31.93661,35.97174,30,3,HUB-AMM-83,HUB-AMM-83-R01,Fiber ring,0
RO-03,Oct 2027 – Dec 2027,AMM-U-0791,U,Rooftop,Amman-Zarqa Metro,Amman,Amman,31.93973,35.96890,30,3,HUB-AMM-83,HUB-AMM-83-R01,Fiber ring,0
RO-03,Oct 2027 – Dec 2027,AMM-U-0792,U,Rooftop,Amman-Zarqa Metro,Amman,Amman,31.94013,35.97221,30,3,HUB-AMM-83,HUB-AMM-83-R01,Fiber ring,0
RO-03,Oct 2027 – Dec 2027,AMM-U-0816,U,Rooftop,Amman-Zarqa Metro,Amman,Amman,31.94366,35.96985,30,3,HUB-AMM-83,HUB-AMM-83-R01,Fiber ring,0
RO-03,Oct 2027 – Dec 2027,AMM-U-0817,U,Rooftop,Amman-Zarqa Metro,Amman,Amman,31.94366,35.97552,30,3,HUB-AMM-83,HUB-AMM-83-R01,Fiber ring,0
RO-03,Oct 2027 – Dec 2027,AMM-U-0839,U,Rooftop,Amman-Zarqa Metro,Amman,Amman,31.94637,35.96843,30,3,HUB-AMM-83,HUB-AMM-83-R01,Fiber ring,0
RO-03,Oct 2027 – Dec 2027,AMM-U-0841,U,Rooftop,Amman-Zarqa Metro,Amman,Amman,31.94718,35.97694,30,3,HUB-AMM-83,HUB-AMM-83-R01,Fiber ring,1
RO-03,Oct 2027 – Dec 2027,AMM-U-0737,U,Rooftop,Amman-Zarqa Metro,Amman,Amman,31.93390,35.97788,30,3,HUB-AMM-83,HUB-AMM-83-R02,Fiber ring,0
RO-03,Oct 2027 – Dec 2027,AMM-U-0738,U,Monopole / greenfield,Amman-Zarqa Metro,Amman,Amman,31.93308,35.98355,30,3,HUB-AMM-83,HUB-AMM-83-R02,Fiber ring,0
RO-03,Oct 2027 – Dec 2027,AMM-U-0766,U,Rooftop,Amman-Zarqa Metro,Amman,Amman,31.93579,35.97552,30,3,HUB-AMM-83,HUB-AMM-83-R02,Fiber ring,0
RO-03,Oct 2027 – Dec 2027,AMM-U-0767,U,Rooftop,Amman-Zarqa Metro,Amman,Amman,31.93742,35.98024,30,3,HUB-AMM-83,HUB-AMM-83-R02,Fiber ring,0
RO-03,Oct 2027 – Dec 2027,AMM-U-0768,U,Rooftop,Amman-Zarqa Metro,Amman,Amman,31.93661,35.98402,30,3,HUB-AMM-83,HUB-AMM-83-R02,Fiber ring,0
RO-03,Oct 2027 – Dec 2027,AMM-U-0793,U,Rooftop,Amman-Zarqa Metro,Amman,Amman,31.93932,35.97788,30,3,HUB-AMM-83,HUB-AMM-83-R02,Fiber ring,0
RO-03,Oct 2027 – Dec 2027,AMM-U-0794,U,Rooftop,Amman-Zarqa Metro,Amman,Amman,31.93932,35.98261,30,3,HUB-AMM-83,HUB-AMM-83-R02,Fiber ring,0
RO-03,Oct 2027 – Dec 2027,AMM-U-0795,U,Rooftop,Amman-Zarqa Metro,Amman,Amman,31.93932,35.98733,30,3,HUB-AMM-83,HUB-AMM-83-R03,Fiber ring,0
RO-03,Oct 2027 – Dec 2027,AMM-U-0796,U,Monopole / greenfield,Amman-Zarqa Metro,Amman,Amman,31.94095,35.99206,30,3,HUB-AMM-83,HUB-AMM-83-R03,Fiber ring,0
RO-03,Oct 2027 – Dec 2027,AMM-U-0818,U,Rooftop,Amman-Zarqa Metro,Amman,Amman,31.94284,35.98024,30,3,HUB-AMM-83,HUB-AMM-83-R03,Fiber ring,0
RO-03,Oct 2027 – Dec 2027,AMM-U-0819,U,Rooftop,Amman-Zarqa Metro,Amman,Amman,31.94366,35.98591,30,3,HUB-AMM-83,HUB-AMM-83-R03,Fiber ring,0
RO-03,Oct 2027 – Dec 2027,AMM-U-0820,U,Rooftop,Amman-Zarqa Metro,Amman,Amman,31.94366,35.98970,30,3,HUB-AMM-83,HUB-AMM-83-R03,Fiber ring,0
RO-03,Oct 2027 – Dec 2027,AMM-U-0821,U,Rooftop,Amman-Zarqa Metro,Amman,Amman,31.94366,35.99537,30,3,HUB-AMM-83,HUB-AMM-83-R03,Fiber ring,0
RO-03,Oct 2027 – Dec 2027,AMM-U-0845,U,Rooftop,Amman-Zarqa Metro,Amman,Amman,31.94677,35.99631,30,3,HUB-AMM-83,HUB-AMM-83-R03,Fiber ring,0
RO-03,Oct 2027 – Dec 2027,AMM-U-0842,U,Rooftop,Amman-Zarqa Metro,Amman,Amman,31.94718,35.98355,30,3,HUB-AMM-83,HUB-AMM-83-R04,Fiber ring,0
RO-03,Oct 2027 – Dec 2027,AMM-U-0843,U,Rooftop,Amman-Zarqa Metro,Amman,Amman,31.94800,35.98733,30,3,HUB-AMM-83,HUB-AMM-83-R04,Fiber ring,0
RO-03,Oct 2027 – Dec 2027,AMM-U-0844,U,Rooftop,Amman-Zarqa Metro,Amman,Amman,31.94718,35.99300,30,3,HUB-AMM-83,HUB-AMM-83-R04,Fiber ring,0
RO-03,Oct 2027 – Dec 2027,AMM-U-0864,U,Rooftop,Amman-Zarqa Metro,Amman,Amman,31.95030,35.98450,30,3,HUB-AMM-83,HUB-AMM-83-R04,Fiber ring,0
RO-03,Oct 2027 – Dec 2027,AMM-U-0865,U,Rooftop,Amman-Zarqa Metro,Amman,Amman,31.94989,35.98970,30,3,HUB-AMM-83,HUB-AMM-83-R04,Fiber ring,0
RO-03,Oct 2027 – Dec 2027,AMM-U-0866,U,Rooftop,Amman-Zarqa Metro,Amman,Amman,31.94989,35.99442,30,3,HUB-AMM-83,HUB-AMM-83-R04,Fiber ring,0
RO-03,Oct 2027 – Dec 2027,AMM-U-0885,U,Rooftop,Amman-Zarqa Metro,Amman,Amman,31.95423,35.99300,30,3,HUB-AMM-83,HUB-AMM-83-R04,Fiber ring,0
RO-03,Oct 2027 – Dec 2027,AMM-U-0863,U,Rooftop,Amman-Zarqa Metro,Amman,Amman,31.95071,35.98119,30,3,HUB-AMM-83,HUB-AMM-83-R05,Fiber ring,0
RO-03,Oct 2027 – Dec 2027,AMM-U-0883,U,Rooftop,Amman-Zarqa Metro,Amman,Amman,31.95423,35.98355,30,3,HUB-AMM-83,HUB-AMM-83-R05,Fiber ring,0
RO-03,Oct 2027 – Dec 2027,AMM-U-0884,U,Rooftop,Amman-Zarqa Metro,Amman,Amman,31.95423,35.98639,30,3,HUB-AMM-83,HUB-AMM-83-R05,Fiber ring,0
RO-03,Oct 2027 – Dec 2027,AMM-U-0905,U,Rooftop,Amman-Zarqa Metro,Amman,Amman,31.95694,35.98497,30,3,HUB-AMM-83,HUB-AMM-83-R05,Fiber ring,0
RO-03,Oct 2027 – Dec 2027,AMM-U-0906,U,Rooftop,Amman-Zarqa Metro,Amman,Amman,31.95735,35.99017,30,3,HUB-AMM-83,HUB-AMM-83-R05,Fiber ring,0
RO-03,Oct 2027 – Dec 2027,AMM-U-0925,U,Rooftop,Amman-Zarqa Metro,Amman,Amman,31.96047,35.98261,30,3,HUB-AMM-83,HUB-AMM-83-R05,Fiber ring,0
RO-03,Oct 2027 – Dec 2027,AMM-U-0926,U,Rooftop,Amman-Zarqa Metro,Amman,Amman,31.96087,35.98781,30,3,HUB-AMM-83,HUB-AMM-83-R05,Fiber ring,0
RO-03,Oct 2027 – Dec 2027,AMM-U-0862,U,Rooftop,Amman-Zarqa Metro,Amman,Amman,31.95071,35.97457,32,3,HUB-AMM-83,HUB-AMM-83-R06,Fiber ring,0
RO-03,Oct 2027 – Dec 2027,AMM-U-0881,U,Rooftop,Amman-Zarqa Metro,Amman,Amman,31.95423,35.97221,30,3,HUB-AMM-83,HUB-AMM-83-R06,Fiber ring,0
RO-03,Oct 2027 – Dec 2027,AMM-U-0882,U,Rooftop,Amman-Zarqa Metro,Amman,Amman,31.95382,35.97835,33,3,HUB-AMM-83,HUB-AMM-83-R06,Fiber ring,0
RO-03,Oct 2027 – Dec 2027,AMM-U-0901,U,Rooftop,Amman-Zarqa Metro,Amman,Amman,31.95775,35.96607,30,3,HUB-AMM-83,HUB-AMM-83-R06,Fiber ring,0
RO-03,Oct 2027 – Dec 2027,AMM-U-0902,U,Rooftop,Amman-Zarqa Metro,Amman,Amman,31.95694,35.97079,30,3,HUB-AMM-83,HUB-AMM-83-R06,Fiber ring,0
RO-03,Oct 2027 – Dec 2027,AMM-U-0903,U,Rooftop,Amman-Zarqa Metro,Amman,Amman,31.95816,35.97599,30,3,HUB-AMM-83,HUB-AMM-83-R06,Fiber ring,0
RO-03,Oct 2027 – Dec 2027,AMM-U-0904,U,Rooftop,Amman-Zarqa Metro,Amman,Amman,31.95694,35.98024,30,3,HUB-AMM-83,HUB-AMM-83-R06,Fiber ring,0
RO-03,Oct 2027 – Dec 2027,AMM-DU-0136,DU,Rooftop,Amman-Zarqa Metro,Amman core,Amman,31.95188,35.96449,27,3,HUB-AMM-83,HUB-AMM-83-R07,Fiber ring,0
RO-03,Oct 2027 – Dec 2027,AMM-U-0840,U,Rooftop,Amman-Zarqa Metro,Amman,Amman,31.94718,35.97410,30,3,HUB-AMM-83,HUB-AMM-83-R07,Fiber ring,0
RO-03,Oct 2027 – Dec 2027,AMM-U-0860,U,Rooftop,Amman-Zarqa Metro,Amman,Amman,31.95030,35.96559,30,3,HUB-AMM-83,HUB-AMM-83-R07,Fiber ring,0
RO-03,Oct 2027 – Dec 2027,AMM-U-0861,U,Rooftop,Amman-Zarqa Metro,Amman,Amman,31.94989,35.97079,30,3,HUB-AMM-83,HUB-AMM-83-R07,Fiber ring,0
RO-03,Oct 2027 – Dec 2027,AMM-U-0880,U,Rooftop,Amman-Zarqa Metro,Amman,Amman,31.95382,35.96890,30,3,HUB-AMM-83,HUB-AMM-83-R07,Fiber ring,0
RO-03,Oct 2027 – Dec 2027,AQB-U-0009,U,Rooftop,Aqaba,Aqaba,Aqaba,29.52548,35.01190,30,3,HUB-AQB-05,HUB-AQB-05-R01,Fiber ring,0
RO-03,Oct 2027 – Dec 2027,AQB-U-0014,U,Rooftop,Aqaba,Aqaba,Aqaba,29.52901,35.00954,30,3,HUB-AQB-05,HUB-AQB-05-R01,Fiber ring,0
RO-03,Oct 2027 – Dec 2027,AQB-U-0015,U,Rooftop,Aqaba,Aqaba,Aqaba,29.52860,35.01379,30,3,HUB-AQB-05,HUB-AQB-05-R01,Fiber ring,0
RO-03,Oct 2027 – Dec 2027,AQB-U-0016,U,Rooftop,Aqaba,Aqaba,Aqaba,29.52901,35.01899,30,3,HUB-AQB-05,HUB-AQB-05-R01,Fiber ring,0
RO-03,Oct 2027 – Dec 2027,AQB-U-0018,U,Rooftop,Aqaba,Aqaba,Aqaba,29.53294,35.00670,31,3,HUB-AQB-05,HUB-AQB-05-R01,Fiber ring,0
RO-03,Oct 2027 – Dec 2027,AQB-U-0019,U,Rooftop,Aqaba,Aqaba,Aqaba,29.53294,35.01237,30,3,HUB-AQB-05,HUB-AQB-05-R01,Fiber ring,0
RO-03,Oct 2027 – Dec 2027,AQB-U-0020,U,Rooftop,Aqaba,Aqaba,Aqaba,29.53294,35.01710,30,3,HUB-AQB-05,HUB-AQB-05-R01,Fiber ring,0
RO-03,Oct 2027 – Dec 2027,AQB-U-0028,U,Monopole / greenfield,Aqaba,Aqaba,Aqaba,29.53646,35.02419,30,3,HUB-AQB-05,HUB-AQB-05-R01,Fiber ring,1
RO-03,Oct 2027 – Dec 2027,AQB-U-0001,U,Monopole / greenfield,Aqaba,Aqaba,Aqaba,29.50393,35.00670,30,3,HUB-AQB-05,HUB-AQB-05-R02,Fiber ring,0
RO-03,Oct 2027 – Dec 2027,AQB-U-0002,U,Monopole / greenfield,Aqaba,Aqaba,Aqaba,29.51532,35.01473,30,3,HUB-AQB-05,HUB-AQB-05-R02,Fiber ring,0
RO-03,Oct 2027 – Dec 2027,AQB-U-0003,U,Monopole / greenfield,Aqaba,Aqaba,Aqaba,29.51803,35.01143,30,3,HUB-AQB-05,HUB-AQB-05-R02,Fiber ring,0
RO-03,Oct 2027 – Dec 2027,AQB-U-0004,U,Monopole / greenfield,Aqaba,Aqaba,Aqaba,29.51803,35.01615,30,3,HUB-AQB-05,HUB-AQB-05-R02,Fiber ring,0
RO-03,Oct 2027 – Dec 2027,AQB-U-0005,U,Rooftop,Aqaba,Aqaba,Aqaba,29.52196,35.01426,30,3,HUB-AQB-05,HUB-AQB-05-R02,Fiber ring,0
RO-03,Oct 2027 – Dec 2027,AQB-U-0010,U,Rooftop,Aqaba,Aqaba,Aqaba,29.52548,35.01662,30,3,HUB-AQB-05,HUB-AQB-05-R02,Fiber ring,0
RO-03,Oct 2027 – Dec 2027,AQB-U-0021,U,Monopole / greenfield,Aqaba,Aqaba,Aqaba,29.53294,35.02182,30,3,HUB-AQB-05,HUB-AQB-05-R02,Fiber ring,0
RO-03,Oct 2027 – Dec 2027,AQB-U-0006,U,Rooftop,Aqaba,Aqaba,Aqaba,29.52196,35.01899,30,3,HUB-AQB-05,HUB-AQB-05-R03,Fiber ring,0
RO-03,Oct 2027 – Dec 2027,AQB-U-0007,U,Monopole / greenfield,Aqaba,Aqaba,Aqaba,29.52318,35.02324,30,3,HUB-AQB-05,HUB-AQB-05-R03,Fiber ring,0
RO-03,Oct 2027 – Dec 2027,AQB-U-0008,U,Monopole / greenfield,Aqaba,Aqaba,Aqaba,29.52318,35.02797,30,3,HUB-AQB-05,HUB-AQB-05-R03,Fiber ring,0
RO-03,Oct 2027 – Dec 2027,AQB-U-0011,U,Rooftop,Aqaba,Aqaba,Aqaba,29.52589,35.02182,30,3,HUB-AQB-05,HUB-AQB-05-R03,Fiber ring,0
RO-03,Oct 2027 – Dec 2027,AQB-U-0012,U,Monopole / greenfield,Aqaba,Aqaba,Aqaba,29.52589,35.02655,30,3,HUB-AQB-05,HUB-AQB-05-R03,Fiber ring,0
RO-03,Oct 2027 – Dec 2027,AQB-U-0013,U,Monopole / greenfield,Aqaba,Aqaba,Aqaba,29.52630,35.03080,30,3,HUB-AQB-05,HUB-AQB-05-R03,Fiber ring,0
RO-03,Oct 2027 – Dec 2027,AQB-U-0017,U,Monopole / greenfield,Aqaba,Aqaba,Aqaba,29.52942,35.02419,30,3,HUB-AQB-05,HUB-AQB-05-R03,Fiber ring,0
RO-03,Oct 2027 – Dec 2027,AQB-SU-0202,SU,Monopole / greenfield,Aqaba,Aqaba north / ASEZA,Aqaba,29.51375,35.04293,32,3,HUB-AQB-05,HUB-AQB-05-R04,Fiber ring,0
RO-03,Oct 2027 – Dec 2027,AQB-SU-0203,SU,Monopole / greenfield,Aqaba,Aqaba north / ASEZA,Aqaba,29.53020,35.04771,32,3,HUB-AQB-05,HUB-AQB-05-R04,Fiber ring,0
RO-03,Oct 2027 – Dec 2027,AQB-SU-0204,SU,Monopole / greenfield,Aqaba,Aqaba north / ASEZA,Aqaba,29.53529,35.04430,32,3,HUB-AQB-05,HUB-AQB-05-R04,Fiber ring,0
RO-03,Oct 2027 – Dec 2027,AQB-U-0022,U,Monopole / greenfield,Aqaba,Aqaba,Aqaba,29.53294,35.02655,30,3,HUB-AQB-05,HUB-AQB-05-R04,Fiber ring,0
RO-03,Oct 2027 – Dec 2027,AQB-U-0029,U,Monopole / greenfield,Aqaba,Aqaba,Aqaba,29.53565,35.03742,30,3,HUB-AQB-05,HUB-AQB-05-R04,Fiber ring,0
RO-03,Oct 2027 – Dec 2027,AQB-U-0039,U,Monopole / greenfield,Aqaba,Aqaba,Aqaba,29.53958,35.03458,30,3,HUB-AQB-05,HUB-AQB-05-R04,Fiber ring,0
RO-03,Oct 2027 – Dec 2027,AQB-U-0040,U,Monopole / greenfield,Aqaba,Aqaba,Aqaba,29.53999,35.04073,30,3,HUB-AQB-05,HUB-AQB-05-R04,Fiber ring,0
RO-03,Oct 2027 – Dec 2027,AQB-SU-0205,SU,Monopole / greenfield,Aqaba,Aqaba north / ASEZA,Aqaba,29.55056,35.04771,32,3,HUB-AQB-05,HUB-AQB-05-R05,Fiber ring,0
RO-03,Oct 2027 – Dec 2027,AQB-U-0038,U,Monopole / greenfield,Aqaba,Aqaba,Aqaba,29.53999,35.03128,30,3,HUB-AQB-05,HUB-AQB-05-R05,Fiber ring,0
RO-03,Oct 2027 – Dec 2027,AQB-U-0051,U,Monopole / greenfield,Aqaba,Aqaba,Aqaba,29.54351,35.03364,30,3,HUB-AQB-05,HUB-AQB-05-R05,Fiber ring,0
RO-03,Oct 2027 – Dec 2027,AQB-U-0052,U,Monopole / greenfield,Aqaba,Aqaba,Aqaba,29.54351,35.03836,30,3,HUB-AQB-05,HUB-AQB-05-R05,Fiber ring,0
RO-03,Oct 2027 – Dec 2027,AQB-U-0053,U,Monopole / greenfield,Aqaba,Aqaba,Aqaba,29.54270,35.04214,30,3,HUB-AQB-05,HUB-AQB-05-R05,Fiber ring,0
RO-03,Oct 2027 – Dec 2027,AQB-U-0066,U,Rooftop,Aqaba,Aqaba,Aqaba,29.54704,35.04073,30,3,HUB-AQB-05,HUB-AQB-05-R05,Fiber ring,0
RO-03,Oct 2027 – Dec 2027,AQB-U-0079,U,Monopole / greenfield,Aqaba,Aqaba,Aqaba,29.55056,35.04309,30,3,HUB-AQB-05,HUB-AQB-05-R05,Fiber ring,0
RO-03,Oct 2027 – Dec 2027,AQB-U-0037,U,Monopole / greenfield,Aqaba,Aqaba,Aqaba,29.53999,35.02655,30,3,HUB-AQB-05,HUB-AQB-05-R06,Fiber ring,0
RO-03,Oct 2027 – Dec 2027,AQB-U-0050,U,Rooftop,Aqaba,Aqaba,Aqaba,29.54351,35.02891,30,3,HUB-AQB-05,HUB-AQB-05-R06,Fiber ring,0
RO-03,Oct 2027 – Dec 2027,AQB-U-0064,U,Monopole / greenfield,Aqaba,Aqaba,Aqaba,29.54704,35.03128,30,3,HUB-AQB-05,HUB-AQB-05-R06,Fiber ring,0
RO-03,Oct 2027 – Dec 2027,AQB-U-0065,U,Rooftop,Aqaba,Aqaba,Aqaba,29.54704,35.03600,30,3,HUB-AQB-05,HUB-AQB-05-R06,Fiber ring,0
RO-03,Oct 2027 – Dec 2027,AQB-U-0076,U,Rooftop,Aqaba,Aqaba,Aqaba,29.55056,35.02797,30,3,HUB-AQB-05,HUB-AQB-05-R06,Fiber ring,0
RO-03,Oct 2027 – Dec 2027,AQB-U-0077,U,Rooftop,Aqaba,Aqaba,Aqaba,29.55056,35.03364,30,3,HUB-AQB-05,HUB-AQB-05-R06,Fiber ring,0
RO-03,Oct 2027 – Dec 2027,AQB-U-0078,U,Rooftop,Aqaba,Aqaba,Aqaba,29.54975,35.03742,30,3,HUB-AQB-05,HUB-AQB-05-R06,Fiber ring,0
RO-03,Oct 2027 – Dec 2027,AQB-U-0036,U,Rooftop,Aqaba,Aqaba,Aqaba,29.53999,35.02182,30,3,HUB-AQB-05,HUB-AQB-05-R07,Fiber ring,0
RO-03,Oct 2027 – Dec 2027,AQB-U-0049,U,Rooftop,Aqaba,Aqaba,Aqaba,29.54351,35.02419,30,3,HUB-AQB-05,HUB-AQB-05-R07,Fiber ring,0
RO-03,Oct 2027 – Dec 2027,AQB-U-0061,U,Rooftop,Aqaba,Aqaba,Aqaba,29.54704,35.01710,30,3,HUB-AQB-05,HUB-AQB-05-R07,Fiber ring,0
RO-03,Oct 2027 – Dec 2027,AQB-U-0062,U,Rooftop,Aqaba,Aqaba,Aqaba,29.54744,35.02135,30,3,HUB-AQB-05,HUB-AQB-05-R07,Fiber ring,0
RO-03,Oct 2027 – Dec 2027,AQB-U-0063,U,Rooftop,Aqaba,Aqaba,Aqaba,29.54704,35.02655,30,3,HUB-AQB-05,HUB-AQB-05-R07,Fiber ring,0
RO-03,Oct 2027 – Dec 2027,AQB-U-0074,U,Rooftop,Aqaba,Aqaba,Aqaba,29.55056,35.01851,30,3,HUB-AQB-05,HUB-AQB-05-R07,Fiber ring,0
RO-03,Oct 2027 – Dec 2027,AQB-U-0075,U,Rooftop,Aqaba,Aqaba,Aqaba,29.55056,35.02324,30,3,HUB-AQB-05,HUB-AQB-05-R07,Fiber ring,0
RO-03,Oct 2027 – Dec 2027,AQB-U-0025,U,Rooftop,Aqaba,Aqaba,Aqaba,29.53687,35.00954,30,3,HUB-AQB-05,HUB-AQB-05-R08,Fiber ring,0
RO-03,Oct 2027 – Dec 2027,AQB-U-0026,U,Rooftop,Aqaba,Aqaba,Aqaba,29.53646,35.01473,30,3,HUB-AQB-05,HUB-AQB-05-R08,Fiber ring,0
RO-03,Oct 2027 – Dec 2027,AQB-U-0027,U,Rooftop,Aqaba,Aqaba,Aqaba,29.53646,35.01851,30,3,HUB-AQB-05,HUB-AQB-05-R08,Fiber ring,0
RO-03,Oct 2027 – Dec 2027,AQB-U-0034,U,Rooftop,Aqaba,Aqaba,Aqaba,29.53999,35.01143,30,3,HUB-AQB-05,HUB-AQB-05-R08,Fiber ring,0
RO-03,Oct 2027 – Dec 2027,AQB-U-0035,U,Rooftop,Aqaba,Aqaba,Aqaba,29.53999,35.01710,30,3,HUB-AQB-05,HUB-AQB-05-R08,Fiber ring,0
RO-03,Oct 2027 – Dec 2027,AQB-U-0047,U,Rooftop,Aqaba,Aqaba,Aqaba,29.54351,35.01473,30,3,HUB-AQB-05,HUB-AQB-05-R08,Fiber ring,0
RO-03,Oct 2027 – Dec 2027,AQB-U-0048,U,Rooftop,Aqaba,Aqaba,Aqaba,29.54351,35.01946,30,3,HUB-AQB-05,HUB-AQB-05-R08,Fiber ring,0
RO-03,Oct 2027 – Dec 2027,AQB-U-0041,U,Monopole / greenfield,Aqaba,Aqaba,Aqaba,29.54351,34.98543,30,3,HUB-AQB-06,HUB-AQB-06-R01,Fiber ring,0
RO-03,Oct 2027 – Dec 2027,AQB-U-0042,U,Rooftop,Aqaba,Aqaba,Aqaba,29.54351,34.99016,30,3,HUB-AQB-06,HUB-AQB-06-R01,Fiber ring,0
RO-03,Oct 2027 – Dec 2027,AQB-U-0054,U,Monopole / greenfield,Aqaba,Aqaba,Aqaba,29.54744,34.98354,30,3,HUB-AQB-06,HUB-AQB-06-R01,Fiber ring,0
RO-03,Oct 2027 – Dec 2027,AQB-U-0055,U,Monopole / greenfield,Aqaba,Aqaba,Aqaba,29.54785,34.98780,30,3,HUB-AQB-06,HUB-AQB-06-R01,Fiber ring,0
RO-03,Oct 2027 – Dec 2027,AQB-U-0067,U,Monopole / greenfield,Aqaba,Aqaba,Aqaba,29.55056,34.98543,30,3,HUB-AQB-06,HUB-AQB-06-R01,Fiber ring,0
RO-03,Oct 2027 – Dec 2027,AQB-U-0068,U,Monopole / greenfield,Aqaba,Aqaba,Aqaba,29.55056,34.99110,30,3,HUB-AQB-06,HUB-AQB-06-R01,Fiber ring,0
RO-03,Oct 2027 – Dec 2027,AQB-U-0069,U,Monopole / greenfield,Aqaba,Aqaba,Aqaba,29.55056,34.99489,30,3,HUB-AQB-06,HUB-AQB-06-R01,Fiber ring,0
RO-03,Oct 2027 – Dec 2027,AQB-U-0083,U,Rooftop,Aqaba,Aqaba,Aqaba,29.55409,34.99725,30,3,HUB-AQB-06,HUB-AQB-06-R01,Fiber ring,1
RO-03,Oct 2027 – Dec 2027,AQB-U-0023,U,Rooftop,Aqaba,Aqaba,Aqaba,29.53646,34.99961,30,3,HUB-AQB-06,HUB-AQB-06-R02,Fiber ring,0
RO-03,Oct 2027 – Dec 2027,AQB-U-0030,U,Rooftop,Aqaba,Aqaba,Aqaba,29.53999,34.99252,31,3,HUB-AQB-06,HUB-AQB-06-R02,Fiber ring,0
RO-03,Oct 2027 – Dec 2027,AQB-U-0031,U,Rooftop,Aqaba,Aqaba,Aqaba,29.53999,34.99725,30,3,HUB-AQB-06,HUB-AQB-06-R02,Fiber ring,0
RO-03,Oct 2027 – Dec 2027,AQB-U-0043,U,Rooftop,Aqaba,Aqaba,Aqaba,29.54351,34.99489,30,3,HUB-AQB-06,HUB-AQB-06-R02,Fiber ring,0
RO-03,Oct 2027 – Dec 2027,AQB-U-0044,U,Rooftop,Aqaba,Aqaba,Aqaba,29.54351,34.99961,30,3,HUB-AQB-06,HUB-AQB-06-R02,Fiber ring,0
RO-03,Oct 2027 – Dec 2027,AQB-U-0056,U,Monopole / greenfield,Aqaba,Aqaba,Aqaba,29.54704,34.99347,30,3,HUB-AQB-06,HUB-AQB-06-R02,Fiber ring,0
RO-03,Oct 2027 – Dec 2027,AQB-U-0057,U,Rooftop,Aqaba,Aqaba,Aqaba,29.54704,34.99725,30,3,HUB-AQB-06,HUB-AQB-06-R02,Fiber ring,0
RO-03,Oct 2027 – Dec 2027,AQB-U-0024,U,Rooftop,Aqaba,Aqaba,Aqaba,29.53646,35.00434,30,3,HUB-AQB-06,HUB-AQB-06-R03,Fiber ring,0
RO-03,Oct 2027 – Dec 2027,AQB-U-0032,U,Rooftop,Aqaba,Aqaba,Aqaba,29.53999,35.00197,30,3,HUB-AQB-06,HUB-AQB-06-R03,Fiber ring,0
RO-03,Oct 2027 – Dec 2027,AQB-U-0033,U,Rooftop,Aqaba,Aqaba,Aqaba,29.53999,35.00670,30,3,HUB-AQB-06,HUB-AQB-06-R03,Fiber ring,0
RO-03,Oct 2027 – Dec 2027,AQB-U-0045,U,Rooftop,Aqaba,Aqaba,Aqaba,29.54351,35.00434,30,3,HUB-AQB-06,HUB-AQB-06-R03,Fiber ring,0
RO-03,Oct 2027 – Dec 2027,AQB-U-0046,U,Rooftop,Aqaba,Aqaba,Aqaba,29.54351,35.00906,30,3,HUB-AQB-06,HUB-AQB-06-R03,Fiber ring,0
RO-03,Oct 2027 – Dec 2027,AQB-U-0058,U,Rooftop,Aqaba,Aqaba,Aqaba,29.54704,35.00197,30,3,HUB-AQB-06,HUB-AQB-06-R03,Fiber ring,0
RO-03,Oct 2027 – Dec 2027,AQB-U-0070,U,Rooftop,Aqaba,Aqaba,Aqaba,29.55056,34.99961,30,3,HUB-AQB-06,HUB-AQB-06-R03,Fiber ring,0
RO-03,Oct 2027 – Dec 2027,AQB-U-0059,U,Rooftop,Aqaba,Aqaba,Aqaba,29.54704,35.00670,30,3,HUB-AQB-06,HUB-AQB-06-R04,Fiber ring,0
RO-03,Oct 2027 – Dec 2027,AQB-U-0060,U,Rooftop,Aqaba,Aqaba,Aqaba,29.54704,35.01143,30,3,HUB-AQB-06,HUB-AQB-06-R04,Fiber ring,0
RO-03,Oct 2027 – Dec 2027,AQB-U-0071,U,Rooftop,Aqaba,Aqaba,Aqaba,29.55056,35.00434,30,3,HUB-AQB-06,HUB-AQB-06-R04,Fiber ring,0
RO-03,Oct 2027 – Dec 2027,AQB-U-0072,U,Rooftop,Aqaba,Aqaba,Aqaba,29.55056,35.00906,30,3,HUB-AQB-06,HUB-AQB-06-R04,Fiber ring,0
RO-03,Oct 2027 – Dec 2027,AQB-U-0073,U,Rooftop,Aqaba,Aqaba,Aqaba,29.55056,35.01379,30,3,HUB-AQB-06,HUB-AQB-06-R04,Fiber ring,0
RO-03,Oct 2027 – Dec 2027,AQB-U-0084,U,Rooftop,Aqaba,Aqaba,Aqaba,29.55409,35.00197,30,3,HUB-AQB-06,HUB-AQB-06-R04,Fiber ring,0
RO-03,Oct 2027 – Dec 2027,AQB-U-0085,U,Rooftop,Aqaba,Aqaba,Aqaba,29.55409,35.00670,30,3,HUB-AQB-06,HUB-AQB-06-R04,Fiber ring,0
RO-03,Oct 2027 – Dec 2027,AQB-U-0086,U,Rooftop,Aqaba,Aqaba,Aqaba,29.55409,35.01143,30,3,HUB-AQB-06,HUB-AQB-06-R05,Fiber ring,0
RO-03,Oct 2027 – Dec 2027,AQB-U-0096,U,Rooftop,Aqaba,Aqaba,Aqaba,29.55761,34.99961,30,3,HUB-AQB-06,HUB-AQB-06-R05,Fiber ring,0
RO-03,Oct 2027 – Dec 2027,AQB-U-0097,U,Rooftop,Aqaba,Aqaba,Aqaba,29.55761,35.00434,30,3,HUB-AQB-06,HUB-AQB-06-R05,Fiber ring,0
RO-03,Oct 2027 – Dec 2027,AQB-U-0098,U,Rooftop,Aqaba,Aqaba,Aqaba,29.55761,35.01001,30,3,HUB-AQB-06,HUB-AQB-06-R05,Fiber ring,0
RO-03,Oct 2027 – Dec 2027,AQB-U-0108,U,Rooftop,Aqaba,Aqaba,Aqaba,29.56114,35.00197,30,3,HUB-AQB-06,HUB-AQB-06-R05,Fiber ring,0
RO-03,Oct 2027 – Dec 2027,AQB-U-0109,U,Rooftop,Aqaba,Aqaba,Aqaba,29.56114,35.00670,30,3,HUB-AQB-06,HUB-AQB-06-R05,Fiber ring,0
RO-03,Oct 2027 – Dec 2027,AQB-U-0119,U,Rooftop,Aqaba,Aqaba,Aqaba,29.56466,35.00434,30,3,HUB-AQB-06,HUB-AQB-06-R05,Fiber ring,0
RO-03,Oct 2027 – Dec 2027,AQB-SU-0209,SU,Monopole / greenfield,Aqaba,Aqaba north / ASEZA,Aqaba,29.57093,34.99310,32,3,HUB-AQB-06,HUB-AQB-06-R06,Fiber ring,0
RO-03,Oct 2027 – Dec 2027,AQB-SU-0210,SU,Monopole / greenfield,Aqaba,Aqaba north / ASEZA,Aqaba,29.57602,34.99515,32,3,HUB-AQB-06,HUB-AQB-06-R06,Fiber ring,0
RO-03,Oct 2027 – Dec 2027,AQB-U-0107,U,Rooftop,Aqaba,Aqaba,Aqaba,29.56114,34.99819,30,3,HUB-AQB-06,HUB-AQB-06-R06,Fiber ring,0
RO-03,Oct 2027 – Dec 2027,AQB-U-0117,U,Monopole / greenfield,Aqaba,Aqaba,Aqaba,29.56466,34.99489,30,3,HUB-AQB-06,HUB-AQB-06-R06,Fiber ring,0
RO-03,Oct 2027 – Dec 2027,AQB-U-0118,U,Rooftop,Aqaba,Aqaba,Aqaba,29.56466,35.00056,30,3,HUB-AQB-06,HUB-AQB-06-R06,Fiber ring,0
RO-03,Oct 2027 – Dec 2027,AQB-U-0127,U,Monopole / greenfield,Aqaba,Aqaba,Aqaba,29.56818,34.99725,30,3,HUB-AQB-06,HUB-AQB-06-R06,Fiber ring,0
RO-03,Oct 2027 – Dec 2027,AQB-U-0128,U,Monopole / greenfield,Aqaba,Aqaba,Aqaba,29.56818,35.00197,30,3,HUB-AQB-06,HUB-AQB-06-R06,Fiber ring,0
RO-03,Oct 2027 – Dec 2027,AQB-U-0082,U,Monopole / greenfield,Aqaba,Aqaba,Aqaba,29.55490,34.99252,30,3,HUB-AQB-06,HUB-AQB-06-R07,Fiber ring,0
RO-03,Oct 2027 – Dec 2027,AQB-U-0093,U,Monopole / greenfield,Aqaba,Aqaba,Aqaba,29.55761,34.98543,30,3,HUB-AQB-06,HUB-AQB-06-R07,Fiber ring,0
RO-03,Oct 2027 – Dec 2027,AQB-U-0094,U,Monopole / greenfield,Aqaba,Aqaba,Aqaba,29.55761,34.99016,30,3,HUB-AQB-06,HUB-AQB-06-R07,Fiber ring,0
RO-03,Oct 2027 – Dec 2027,AQB-U-0095,U,Monopole / greenfield,Aqaba,Aqaba,Aqaba,29.55761,34.99394,30,3,HUB-AQB-06,HUB-AQB-06-R07,Fiber ring,0
RO-03,Oct 2027 – Dec 2027,AQB-U-0105,U,Monopole / greenfield,Aqaba,Aqaba,Aqaba,29.56114,34.98780,30,3,HUB-AQB-06,HUB-AQB-06-R07,Fiber ring,0
RO-03,Oct 2027 – Dec 2027,AQB-U-0106,U,Monopole / greenfield,Aqaba,Aqaba,Aqaba,29.56114,34.99252,30,3,HUB-AQB-06,HUB-AQB-06-R07,Fiber ring,0
RO-03,Oct 2027 – Dec 2027,AQB-U-0116,U,Monopole / greenfield,Aqaba,Aqaba,Aqaba,29.56466,34.99016,30,3,HUB-AQB-06,HUB-AQB-06-R07,Fiber ring,0
RO-03,Oct 2027 – Dec 2027,AQB-U-0080,U,Monopole / greenfield,Aqaba,Aqaba,Aqaba,29.55409,34.98307,30,3,HUB-AQB-06,HUB-AQB-06-R08,Fiber ring,0
RO-03,Oct 2027 – Dec 2027,AQB-U-0081,U,Monopole / greenfield,Aqaba,Aqaba,Aqaba,29.55409,34.98780,30,3,HUB-AQB-06,HUB-AQB-06-R08,Fiber ring,0
RO-03,Oct 2027 – Dec 2027,AQB-SU-0238,SU,Monopole / greenfield,Aqaba,Aqaba north / ASEZA,Aqaba,29.61165,35.01904,32,3,HUB-AQB-07,HUB-AQB-07-R01,Fiber ring,0
RO-03,Oct 2027 – Dec 2027,AQB-SU-0239,SU,Monopole / greenfield,Aqaba,Aqaba north / ASEZA,Aqaba,29.61165,35.02587,32,3,HUB-AQB-07,HUB-AQB-07-R01,Fiber ring,0
RO-03,Oct 2027 – Dec 2027,AQB-SU-0240,SU,Monopole / greenfield,Aqaba,Aqaba north / ASEZA,Aqaba,29.61674,35.01563,32,3,HUB-AQB-07,HUB-AQB-07-R01,Fiber ring,0
RO-03,Oct 2027 – Dec 2027,AQB-SU-0241,SU,Monopole / greenfield,Aqaba,Aqaba north / ASEZA,Aqaba,29.61674,35.02245,32,3,HUB-AQB-07,HUB-AQB-07-R01,Fiber ring,0
RO-03,Oct 2027 – Dec 2027,AQB-SU-0242,SU,Monopole / greenfield,Aqaba,Aqaba north / ASEZA,Aqaba,29.61674,35.03747,32,3,HUB-AQB-07,HUB-AQB-07-R01,Fiber ring,0
RO-03,Oct 2027 – Dec 2027,AQB-SU-0244,SU,Monopole / greenfield,Aqaba,Aqaba north / ASEZA,Aqaba,29.62183,35.02723,32,3,HUB-AQB-07,HUB-AQB-07-R01,Fiber ring,1
RO-03,Oct 2027 – Dec 2027,AQB-SU-0245,SU,Monopole / greenfield,Aqaba,Aqaba north / ASEZA,Aqaba,29.62183,35.03269,32,3,HUB-AQB-07,HUB-AQB-07-R01,Fiber ring,0
RO-03,Oct 2027 – Dec 2027,AQB-SU-0246,SU,Monopole / greenfield,Aqaba,Aqaba north / ASEZA,Aqaba,29.62183,35.04088,32,3,HUB-AQB-07,HUB-AQB-07-R01,Fiber ring,0
RO-03,Oct 2027 – Dec 2027,AQB-SU-0243,SU,Monopole / greenfield,Aqaba,Aqaba north / ASEZA,Aqaba,29.62183,35.01904,32,3,HUB-AQB-07,HUB-AQB-07-R02,Fiber ring,0
RO-03,Oct 2027 – Dec 2027,AQB-SU-0247,SU,Monopole / greenfield,Aqaba,Aqaba north / ASEZA,Aqaba,29.62692,35.01563,32,3,HUB-AQB-07,HUB-AQB-07-R02,Fiber ring,0
RO-03,Oct 2027 – Dec 2027,AQB-SU-0248,SU,Monopole / greenfield,Aqaba,Aqaba north / ASEZA,Aqaba,29.62692,35.02245,32,3,HUB-AQB-07,HUB-AQB-07-R02,Fiber ring,0
RO-03,Oct 2027 – Dec 2027,AQB-SU-0249,SU,Monopole / greenfield,Aqaba,Aqaba north / ASEZA,Aqaba,29.62692,35.02928,32,3,HUB-AQB-07,HUB-AQB-07-R02,Fiber ring,0
RO-03,Oct 2027 – Dec 2027,AQB-SU-0250,SU,Monopole / greenfield,Aqaba,Aqaba north / ASEZA,Aqaba,29.63202,35.01904,32,3,HUB-AQB-07,HUB-AQB-07-R02,Fiber ring,0
RO-03,Oct 2027 – Dec 2027,AQB-SU-0251,SU,Monopole / greenfield,Aqaba,Aqaba north / ASEZA,Aqaba,29.63711,35.02245,32,3,HUB-AQB-07,HUB-AQB-07-R02,Fiber ring,0
RO-03,Oct 2027 – Dec 2027,IRB-U-0188,U,Monopole / greenfield,Irbid,Irbid,Irbid,32.53576,35.82051,30,3,HUB-IRB-05,HUB-IRB-05-R01,Fiber ring,0
RO-03,Oct 2027 – Dec 2027,IRB-U-0210,U,Monopole / greenfield,Irbid,Irbid,Irbid,32.53929,35.81625,30,3,HUB-IRB-05,HUB-IRB-05-R01,Fiber ring,0
RO-03,Oct 2027 – Dec 2027,IRB-U-0211,U,Monopole / greenfield,Irbid,Irbid,Irbid,32.53847,35.82192,30,3,HUB-IRB-05,HUB-IRB-05-R01,Fiber ring,0
RO-03,Oct 2027 – Dec 2027,IRB-U-0234,U,Monopole / greenfield,Irbid,Irbid,Irbid,32.54281,35.81862,30,3,HUB-IRB-05,HUB-IRB-05-R01,Fiber ring,0
RO-03,Oct 2027 – Dec 2027,IRB-U-0235,U,Monopole / greenfield,Irbid,Irbid,Irbid,32.54281,35.82334,30,3,HUB-IRB-05,HUB-IRB-05-R01,Fiber ring,0
RO-03,Oct 2027 – Dec 2027,IRB-U-0236,U,Monopole / greenfield,Irbid,Irbid,Irbid,32.54281,35.82807,30,3,HUB-IRB-05,HUB-IRB-05-R01,Fiber ring,0
RO-03,Oct 2027 – Dec 2027,IRB-U-0260,U,Monopole / greenfield,Irbid,Irbid,Irbid,32.54593,35.81767,30,3,HUB-IRB-05,HUB-IRB-05-R01,Fiber ring,0
RO-03,Oct 2027 – Dec 2027,IRB-U-0263,U,Monopole / greenfield,Irbid,Irbid,Irbid,32.54634,35.83043,30,3,HUB-IRB-05,HUB-IRB-05-R01,Fiber ring,1
RO-03,Oct 2027 – Dec 2027,IRB-U-0189,U,Monopole / greenfield,Irbid,Irbid,Irbid,32.53536,35.82476,30,3,HUB-IRB-05,HUB-IRB-05-R02,Fiber ring,0
RO-03,Oct 2027 – Dec 2027,IRB-U-0190,U,Monopole / greenfield,Irbid,Irbid,Irbid,32.53576,35.82807,30,3,HUB-IRB-05,HUB-IRB-05-R02,Fiber ring,0
RO-03,Oct 2027 – Dec 2027,IRB-U-0191,U,Rooftop,Irbid,Irbid,Irbid,32.53576,35.83374,30,3,HUB-IRB-05,HUB-IRB-05-R02,Fiber ring,0
RO-03,Oct 2027 – Dec 2027,IRB-U-0192,U,Rooftop,Irbid,Irbid,Irbid,32.53495,35.83847,30,3,HUB-IRB-05,HUB-IRB-05-R02,Fiber ring,0
RO-03,Oct 2027 – Dec 2027,IRB-U-0212,U,Monopole / greenfield,Irbid,Irbid,Irbid,32.53847,35.82665,30,3,HUB-IRB-05,HUB-IRB-05-R02,Fiber ring,0
RO-03,Oct 2027 – Dec 2027,IRB-U-0213,U,Rooftop,Irbid,Irbid,Irbid,32.53847,35.83138,30,3,HUB-IRB-05,HUB-IRB-05-R02,Fiber ring,0
RO-03,Oct 2027 – Dec 2027,IRB-U-0214,U,Rooftop,Irbid,Irbid,Irbid,32.53847,35.83610,30,3,HUB-IRB-05,HUB-IRB-05-R02,Fiber ring,0
RO-03,Oct 2027 – Dec 2027,IRB-U-0193,U,Rooftop,Irbid,Irbid,Irbid,32.53495,35.84319,30,3,HUB-IRB-05,HUB-IRB-05-R03,Fiber ring,0
RO-03,Oct 2027 – Dec 2027,IRB-U-0194,U,Rooftop,Irbid,Irbid,Irbid,32.53495,35.84792,30,3,HUB-IRB-05,HUB-IRB-05-R03,Fiber ring,0
RO-03,Oct 2027 – Dec 2027,IRB-U-0215,U,Rooftop,Irbid,Irbid,Irbid,32.53847,35.84083,30,3,HUB-IRB-05,HUB-IRB-05-R03,Fiber ring,0
RO-03,Oct 2027 – Dec 2027,IRB-U-0216,U,Rooftop,Irbid,Irbid,Irbid,32.53929,35.84555,30,3,HUB-IRB-05,HUB-IRB-05-R03,Fiber ring,0
RO-03,Oct 2027 – Dec 2027,IRB-U-0237,U,Rooftop,Irbid,Irbid,Irbid,32.54200,35.83374,30,3,HUB-IRB-05,HUB-IRB-05-R03,Fiber ring,0
RO-03,Oct 2027 – Dec 2027,IRB-U-0238,U,Rooftop,Irbid,Irbid,Irbid,32.54322,35.83894,30,3,HUB-IRB-05,HUB-IRB-05-R03,Fiber ring,0
RO-03,Oct 2027 – Dec 2027,IRB-U-0239,U,Rooftop,Irbid,Irbid,Irbid,32.54322,35.84366,30,3,HUB-IRB-05,HUB-IRB-05-R03,Fiber ring,0
RO-03,Oct 2027 – Dec 2027,IRB-DU-0001,DU,Rooftop,Irbid,Irbid core,Irbid,32.54516,35.84162,25,3,HUB-IRB-05,HUB-IRB-05-R04,Fiber ring,0
RO-03,Oct 2027 – Dec 2027,IRB-DU-0002,DU,Rooftop,Irbid,Irbid core,Irbid,32.54516,35.84555,25,3,HUB-IRB-05,HUB-IRB-05-R04,Fiber ring,0
RO-03,Oct 2027 – Dec 2027,IRB-DU-0006,DU,Rooftop,Irbid,Irbid core,Irbid,32.54742,35.83571,25,3,HUB-IRB-05,HUB-IRB-05-R04,Fiber ring,0
RO-03,Oct 2027 – Dec 2027,IRB-DU-0007,DU,Rooftop,Irbid,Irbid core,Irbid,32.54742,35.83965,25,3,HUB-IRB-05,HUB-IRB-05-R04,Fiber ring,0
RO-03,Oct 2027 – Dec 2027,IRB-DU-0008,DU,Rooftop,Irbid,Irbid core,Irbid,32.54810,35.84359,25,3,HUB-IRB-05,HUB-IRB-05-R04,Fiber ring,0
RO-03,Oct 2027 – Dec 2027,IRB-DU-0014,DU,Rooftop,Irbid,Irbid core,Irbid,32.55171,35.83374,25,3,HUB-IRB-05,HUB-IRB-05-R04,Fiber ring,0
RO-03,Oct 2027 – Dec 2027,IRB-DU-0015,DU,Rooftop,Irbid,Irbid core,Irbid,32.55104,35.83768,25,3,HUB-IRB-05,HUB-IRB-05-R04,Fiber ring,0
RO-03,Oct 2027 – Dec 2027,IRB-U-0283,U,Monopole / greenfield,Irbid,Irbid,Irbid,32.54986,35.81956,30,3,HUB-IRB-05,HUB-IRB-05-R05,Fiber ring,0
RO-03,Oct 2027 – Dec 2027,IRB-U-0284,U,Monopole / greenfield,Irbid,Irbid,Irbid,32.54986,35.82334,30,3,HUB-IRB-05,HUB-IRB-05-R05,Fiber ring,0
RO-03,Oct 2027 – Dec 2027,IRB-U-0285,U,Monopole / greenfield,Irbid,Irbid,Irbid,32.54905,35.82901,30,3,HUB-IRB-05,HUB-IRB-05-R05,Fiber ring,0
RO-03,Oct 2027 – Dec 2027,IRB-U-0305,U,Monopole / greenfield,Irbid,Irbid,Irbid,32.55257,35.81720,30,3,HUB-IRB-05,HUB-IRB-05-R05,Fiber ring,0
RO-03,Oct 2027 – Dec 2027,IRB-U-0306,U,Monopole / greenfield,Irbid,Irbid,Irbid,32.55338,35.82098,30,3,HUB-IRB-05,HUB-IRB-05-R05,Fiber ring,0
RO-03,Oct 2027 – Dec 2027,IRB-U-0307,U,Rooftop,Irbid,Irbid,Irbid,32.55420,35.82665,30,3,HUB-IRB-05,HUB-IRB-05-R05,Fiber ring,0
RO-03,Oct 2027 – Dec 2027,IRB-U-0308,U,Rooftop,Irbid,Irbid,Irbid,32.55379,35.83185,30,3,HUB-IRB-05,HUB-IRB-05-R05,Fiber ring,0
RO-03,Oct 2027 – Dec 2027,IRB-U-0261,U,Monopole / greenfield,Irbid,Irbid,Irbid,32.54634,35.82098,30,3,HUB-IRB-05,HUB-IRB-05-R06,Fiber ring,0
RO-03,Oct 2027 – Dec 2027,IRB-U-0262,U,Monopole / greenfield,Irbid,Irbid,Irbid,32.54634,35.82760,30,3,HUB-IRB-05,HUB-IRB-05-R06,Fiber ring,0
RO-04,Jan 2028 – Mar 2028,HWY-HW-0001,HW,Lattice tower,Highway,Desert Highway (R15) Amman-Aqaba,Amman,31.49016,36.00883,45,2,,,Fiber (backbone add/drop spur),0
RO-04,Jan 2028 – Mar 2028,HWY-HW-0002,HW,Lattice tower,Highway,Desert Highway (R15) Amman-Aqaba,Amman,31.42595,36.01773,45,2,,,Fiber (backbone add/drop spur),0
RO-04,Jan 2028 – Mar 2028,HWY-HW-0003,HW,Lattice tower,Highway,Desert Highway (R15) Amman-Aqaba,Amman,31.36490,36.03030,45,2,,,Fiber (backbone add/drop spur),0
RO-04,Jan 2028 – Mar 2028,HWY-HW-0004,HW,Lattice tower,Highway,Desert Highway (R15) Amman-Aqaba,Amman,31.30386,36.04288,45,2,,,Fiber (backbone add/drop spur),0
RO-04,Jan 2028 – Mar 2028,HWY-HW-0005,HW,Lattice tower,Highway,Desert Highway (R15) Amman-Aqaba,Karak,31.23969,36.04794,45,2,,,Fiber (backbone add/drop spur),0
RO-04,Jan 2028 – Mar 2028,HWY-HW-0006,HW,Lattice tower,Highway,Desert Highway (R15) Amman-Aqaba,Karak,31.17572,36.03730,45,2,,,Fiber (backbone add/drop spur),0
RO-04,Jan 2028 – Mar 2028,HWY-HW-0007,HW,Lattice tower,Highway,Desert Highway (R15) Amman-Aqaba,Karak,31.11808,36.02298,45,2,,,Fiber (backbone add/drop spur),0
RO-04,Jan 2028 – Mar 2028,HWY-HW-0008,HW,Lattice tower,Highway,Desert Highway (R15) Amman-Aqaba,Karak,31.05253,36.00683,45,2,,,Fiber (backbone add/drop spur),0
RO-04,Jan 2028 – Mar 2028,HWY-HW-0009,HW,Lattice tower,Highway,Desert Highway (R15) Amman-Aqaba,Karak,30.99014,35.99803,45,2,,,Fiber (backbone add/drop spur),0
RO-04,Jan 2028 – Mar 2028,HWY-HW-0010,HW,Lattice tower,Highway,Desert Highway (R15) Amman-Aqaba,Karak,30.92617,35.98555,45,2,,,Fiber (backbone add/drop spur),0
RO-04,Jan 2028 – Mar 2028,HWY-HW-0011,HW,Lattice tower,Highway,Desert Highway (R15) Amman-Aqaba,Karak,30.86378,35.97123,45,2,,,Fiber (backbone add/drop spur),0
RO-04,Jan 2028 – Mar 2028,HWY-HW-0012,HW,Lattice tower,Highway,Desert Highway (R15) Amman-Aqaba,Tafilah,30.80577,35.94177,45,2,,,Fiber (backbone add/drop spur),0
RO-04,Jan 2028 – Mar 2028,HWY-HW-0013,HW,Lattice tower,Highway,Desert Highway (R15) Amman-Aqaba,Tafilah,30.75446,35.90432,45,2,,,Fiber (backbone add/drop spur),0
RO-04,Jan 2028 – Mar 2028,HWY-HW-0014,HW,Lattice tower,Highway,Desert Highway (R15) Amman-Aqaba,Tafilah,30.69999,35.86319,45,2,,,Fiber (backbone add/drop spur),0
RO-04,Jan 2028 – Mar 2028,HWY-HW-0015,HW,Lattice tower,Highway,Desert Highway (R15) Amman-Aqaba,Ma'an,30.63938,35.84411,45,2,,,Fiber (backbone add/drop spur),0
RO-04,Jan 2028 – Mar 2028,HWY-HW-0016,HW,Lattice tower,Highway,Desert Highway (R15) Amman-Aqaba,Ma'an,30.57424,35.83282,45,2,,,Fiber (backbone add/drop spur),0
RO-04,Jan 2028 – Mar 2028,HWY-HW-0017,HW,Lattice tower,Highway,Desert Highway (R15) Amman-Aqaba,Ma'an,30.51542,35.81786,45,2,,,Fiber (backbone add/drop spur),0
RO-04,Jan 2028 – Mar 2028,HWY-HW-0018,HW,Lattice tower,Highway,Desert Highway (R15) Amman-Aqaba,Ma'an,30.45344,35.80290,45,2,,,Fiber (backbone add/drop spur),0
RO-04,Jan 2028 – Mar 2028,HWY-HW-0019,HW,Lattice tower,Highway,Desert Highway (R15) Amman-Aqaba,Ma'an,30.39129,35.78589,45,2,,,Fiber (backbone add/drop spur),0
RO-04,Jan 2028 – Mar 2028,HWY-HW-0020,HW,Lattice tower,Highway,Desert Highway (R15) Amman-Aqaba,Ma'an,30.32804,35.78640,45,2,,,Fiber (backbone add/drop spur),0
RO-04,Jan 2028 – Mar 2028,HWY-HW-0021,HW,Lattice tower,Highway,Desert Highway (R15) Amman-Aqaba,Ma'an,30.26479,35.78324,45,2,,,Fiber (backbone add/drop spur),0
RO-04,Jan 2028 – Mar 2028,HWY-HW-0022,HW,Lattice tower,Highway,Desert Highway (R15) Amman-Aqaba,Ma'an,30.11786,35.66680,45,2,,,Fiber (backbone add/drop spur),0
RO-04,Jan 2028 – Mar 2028,HWY-HW-0023,HW,Lattice tower,Highway,Desert Highway (R15) Amman-Aqaba,Ma'an,30.07628,35.61872,45,2,,,Fiber (backbone add/drop spur),0
RO-04,Jan 2028 – Mar 2028,HWY-HW-0024,HW,Lattice tower,Highway,Desert Highway (R15) Amman-Aqaba,Ma'an,30.03470,35.56328,45,2,,,Fiber (backbone add/drop spur),0
RO-04,Jan 2028 – Mar 2028,HWY-HW-0025,HW,Lattice tower,Highway,Desert Highway (R15) Amman-Aqaba,Ma'an,29.99313,35.50784,45,2,,,Fiber (backbone add/drop spur),0
RO-04,Jan 2028 – Mar 2028,HWY-HW-0026,HW,Lattice tower,Highway,Desert Highway (R15) Amman-Aqaba,Aqaba,29.94405,35.45747,45,2,,,Fiber (backbone add/drop spur),0
RO-04,Jan 2028 – Mar 2028,HWY-HW-0027,HW,Lattice tower,Highway,Desert Highway (R15) Amman-Aqaba,Aqaba,29.90083,35.40767,45,2,,,Fiber (backbone add/drop spur),0
RO-04,Jan 2028 – Mar 2028,HWY-HW-0028,HW,Lattice tower,Highway,Desert Highway (R15) Amman-Aqaba,Aqaba,29.84811,35.35970,45,2,,,Fiber (backbone add/drop spur),0
RO-04,Jan 2028 – Mar 2028,HWY-HW-0029,HW,Lattice tower,Highway,Desert Highway (R15) Amman-Aqaba,Aqaba,29.80172,35.30805,45,2,,,Fiber (backbone add/drop spur),0
RO-04,Jan 2028 – Mar 2028,HWY-HW-0030,HW,Lattice tower,Highway,Desert Highway (R15) Amman-Aqaba,Aqaba,29.75650,35.25661,45,2,,,Fiber (backbone add/drop spur),0
RO-04,Jan 2028 – Mar 2028,HWY-HW-0031,HW,Lattice tower,Highway,Desert Highway (R15) Amman-Aqaba,Aqaba,29.71138,35.21240,45,2,,,Fiber (backbone add/drop spur),0
RO-04,Jan 2028 – Mar 2028,HWY-HW-0032,HW,Lattice tower,Highway,Desert Highway (R15) Amman-Aqaba,Aqaba,29.66626,35.15348,45,2,,,Fiber (backbone add/drop spur),0
RO-04,Jan 2028 – Mar 2028,HWY-HW-0033,HW,Lattice tower,Highway,Desert Highway (R15) Amman-Aqaba,Aqaba,29.62662,35.10361,45,2,,,Fiber (backbone add/drop spur),0
RO-04,Jan 2028 – Mar 2028,AMM-U-1894,U,Rooftop,Amman-Zarqa Metro,Zarqa,Zarqa,32.06078,36.05822,30,3,HUB-AMM-01,HUB-AMM-01-R01,Fiber ring,0
RO-04,Jan 2028 – Mar 2028,AMM-U-1911,U,Rooftop,Amman-Zarqa Metro,Zarqa,Zarqa,32.06349,36.05680,30,3,HUB-AMM-01,HUB-AMM-01-R01,Fiber ring,0
RO-04,Jan 2028 – Mar 2028,AMM-U-1912,U,Rooftop,Amman-Zarqa Metro,Zarqa,Zarqa,32.06349,36.06058,30,3,HUB-AMM-01,HUB-AMM-01-R01,Fiber ring,0
RO-04,Jan 2028 – Mar 2028,AMM-U-1934,U,Rooftop,Amman-Zarqa Metro,Zarqa,Zarqa,32.06701,36.05728,30,3,HUB-AMM-01,HUB-AMM-01-R01,Fiber ring,0
RO-04,Jan 2028 – Mar 2028,AMM-U-1935,U,Rooftop,Amman-Zarqa Metro,Zarqa,Zarqa,32.06620,36.06295,30,3,HUB-AMM-01,HUB-AMM-01-R01,Fiber ring,0
RO-04,Jan 2028 – Mar 2028,AMM-U-1936,U,Rooftop,Amman-Zarqa Metro,Zarqa,Zarqa,32.06661,36.06720,30,3,HUB-AMM-01,HUB-AMM-01-R01,Fiber ring,0
RO-04,Jan 2028 – Mar 2028,AMM-U-1957,U,Rooftop,Amman-Zarqa Metro,Zarqa,Zarqa,32.06972,36.06058,30,3,HUB-AMM-01,HUB-AMM-01-R01,Fiber ring,0
RO-04,Jan 2028 – Mar 2028,AMM-U-1959,U,Rooftop,Amman-Zarqa Metro,Zarqa,Zarqa,32.07054,36.07004,30,3,HUB-AMM-01,HUB-AMM-01-R01,Fiber ring,1
RO-04,Jan 2028 – Mar 2028,AMM-U-1896,U,Rooftop,Amman-Zarqa Metro,Zarqa,Zarqa,32.05996,36.06673,30,3,HUB-AMM-01,HUB-AMM-01-R02,Fiber ring,0
RO-04,Jan 2028 – Mar 2028,AMM-U-1897,U,Rooftop,Amman-Zarqa Metro,Zarqa,Zarqa,32.05996,36.07145,30,3,HUB-AMM-01,HUB-AMM-01-R02,Fiber ring,0
RO-04,Jan 2028 – Mar 2028,AMM-U-1898,U,Rooftop,Amman-Zarqa Metro,Zarqa,Zarqa,32.05915,36.07713,30,3,HUB-AMM-01,HUB-AMM-01-R02,Fiber ring,0
RO-04,Jan 2028 – Mar 2028,AMM-U-1913,U,Rooftop,Amman-Zarqa Metro,Zarqa,Zarqa,32.06349,36.06531,30,3,HUB-AMM-01,HUB-AMM-01-R02,Fiber ring,0
RO-04,Jan 2028 – Mar 2028,AMM-U-1914,U,Rooftop,Amman-Zarqa Metro,Zarqa,Zarqa,32.06389,36.06956,30,3,HUB-AMM-01,HUB-AMM-01-R02,Fiber ring,0
RO-04,Jan 2028 – Mar 2028,AMM-U-1915,U,Rooftop,Amman-Zarqa Metro,Zarqa,Zarqa,32.06349,36.07382,30,3,HUB-AMM-01,HUB-AMM-01-R02,Fiber ring,0
RO-04,Jan 2028 – Mar 2028,AMM-U-1937,U,Rooftop,Amman-Zarqa Metro,Zarqa,Zarqa,32.06701,36.07145,30,3,HUB-AMM-01,HUB-AMM-01-R02,Fiber ring,0
RO-04,Jan 2028 – Mar 2028,AMM-U-1899,U,Rooftop,Amman-Zarqa Metro,Zarqa,Zarqa,32.06078,36.08185,30,3,HUB-AMM-01,HUB-AMM-01-R03,Fiber ring,0
RO-04,Jan 2028 – Mar 2028,AMM-U-1916,U,Rooftop,Amman-Zarqa Metro,Zarqa,Zarqa,32.06349,36.08043,30,3,HUB-AMM-01,HUB-AMM-01-R03,Fiber ring,0
RO-04,Jan 2028 – Mar 2028,AMM-U-1917,U,Rooftop,Amman-Zarqa Metro,Zarqa,Zarqa,32.06349,36.08421,30,3,HUB-AMM-01,HUB-AMM-01-R03,Fiber ring,0
RO-04,Jan 2028 – Mar 2028,AMM-U-1938,U,Rooftop,Amman-Zarqa Metro,Zarqa,Zarqa,32.06701,36.07807,30,3,HUB-AMM-01,HUB-AMM-01-R03,Fiber ring,0
RO-04,Jan 2028 – Mar 2028,AMM-U-1939,U,Rooftop,Amman-Zarqa Metro,Zarqa,Zarqa,32.06701,36.08185,30,3,HUB-AMM-01,HUB-AMM-01-R03,Fiber ring,0
RO-04,Jan 2028 – Mar 2028,AMM-U-1940,U,Rooftop,Amman-Zarqa Metro,Zarqa,Zarqa,32.06620,36.08658,30,3,HUB-AMM-01,HUB-AMM-01-R03,Fiber ring,0
RO-04,Jan 2028 – Mar 2028,AMM-U-1960,U,Rooftop,Amman-Zarqa Metro,Zarqa,Zarqa,32.07054,36.07571,30,3,HUB-AMM-01,HUB-AMM-01-R03,Fiber ring,0
RO-04,Jan 2028 – Mar 2028,AMM-U-1961,U,Rooftop,Amman-Zarqa Metro,Zarqa,Zarqa,32.07054,36.07949,30,3,HUB-AMM-01,HUB-AMM-01-R04,Fiber ring,0
RO-04,Jan 2028 – Mar 2028,AMM-U-1962,U,Rooftop,Amman-Zarqa Metro,Zarqa,Zarqa,32.07054,36.08421,30,3,HUB-AMM-01,HUB-AMM-01-R04,Fiber ring,0
RO-04,Jan 2028 – Mar 2028,AMM-U-1984,U,Rooftop,Amman-Zarqa Metro,Zarqa,Zarqa,32.07406,36.07334,30,3,HUB-AMM-01,HUB-AMM-01-R04,Fiber ring,0
RO-04,Jan 2028 – Mar 2028,AMM-U-1985,U,Rooftop,Amman-Zarqa Metro,Zarqa,Zarqa,32.07406,36.07618,30,3,HUB-AMM-01,HUB-AMM-01-R04,Fiber ring,0
RO-04,Jan 2028 – Mar 2028,AMM-U-1986,U,Rooftop,Amman-Zarqa Metro,Zarqa,Zarqa,32.07406,36.08280,30,3,HUB-AMM-01,HUB-AMM-01-R04,Fiber ring,0
RO-04,Jan 2028 – Mar 2028,AMM-U-2009,U,Rooftop,Amman-Zarqa Metro,Zarqa,Zarqa,32.07759,36.07476,30,3,HUB-AMM-01,HUB-AMM-01-R04,Fiber ring,0
RO-04,Jan 2028 – Mar 2028,AMM-U-2010,U,Rooftop,Amman-Zarqa Metro,Zarqa,Zarqa,32.07759,36.07949,30,3,HUB-AMM-01,HUB-AMM-01-R04,Fiber ring,0
RO-04,Jan 2028 – Mar 2028,AMM-U-1983,U,Rooftop,Amman-Zarqa Metro,Zarqa,Zarqa,32.07365,36.06720,30,3,HUB-AMM-01,HUB-AMM-01-R05,Fiber ring,0
RO-04,Jan 2028 – Mar 2028,AMM-U-2007,U,Rooftop,Amman-Zarqa Metro,Zarqa,Zarqa,32.07677,36.06531,30,3,HUB-AMM-01,HUB-AMM-01-R05,Fiber ring,0
RO-04,Jan 2028 – Mar 2028,AMM-U-2008,U,Rooftop,Amman-Zarqa Metro,Zarqa,Zarqa,32.07759,36.07098,30,3,HUB-AMM-01,HUB-AMM-01-R05,Fiber ring,0
RO-04,Jan 2028 – Mar 2028,AMM-U-2029,U,Rooftop,Amman-Zarqa Metro,Zarqa,Zarqa,32.08030,36.06295,30,3,HUB-AMM-01,HUB-AMM-01-R05,Fiber ring,0
RO-04,Jan 2028 – Mar 2028,AMM-U-2030,U,Rooftop,Amman-Zarqa Metro,Zarqa,Zarqa,32.08111,36.06862,30,3,HUB-AMM-01,HUB-AMM-01-R05,Fiber ring,0
RO-04,Jan 2028 – Mar 2028,AMM-U-2031,U,Rooftop,Amman-Zarqa Metro,Zarqa,Zarqa,32.08111,36.07240,30,3,HUB-AMM-01,HUB-AMM-01-R05,Fiber ring,0
RO-04,Jan 2028 – Mar 2028,AMM-U-2032,U,Rooftop,Amman-Zarqa Metro,Zarqa,Zarqa,32.08192,36.07713,30,3,HUB-AMM-01,HUB-AMM-01-R05,Fiber ring,0
RO-04,Jan 2028 – Mar 2028,AMM-U-1956,U,Rooftop,Amman-Zarqa Metro,Zarqa,Zarqa,32.07054,36.05539,30,3,HUB-AMM-01,HUB-AMM-01-R06,Fiber ring,0
RO-04,Jan 2028 – Mar 2028,AMM-U-1958,U,Rooftop,Amman-Zarqa Metro,Zarqa,Zarqa,32.07054,36.06531,30,3,HUB-AMM-01,HUB-AMM-01-R06,Fiber ring,0
RO-04,Jan 2028 – Mar 2028,AMM-U-1981,U,Rooftop,Amman-Zarqa Metro,Zarqa,Zarqa,32.07406,36.05728,30,3,HUB-AMM-01,HUB-AMM-01-R06,Fiber ring,0
RO-04,Jan 2028 – Mar 2028,AMM-U-1982,U,Rooftop,Amman-Zarqa Metro,Zarqa,Zarqa,32.07488,36.06295,30,3,HUB-AMM-01,HUB-AMM-01-R06,Fiber ring,0
RO-04,Jan 2028 – Mar 2028,AMM-U-2006,U,Rooftop,Amman-Zarqa Metro,Zarqa,Zarqa,32.07718,36.06058,30,3,HUB-AMM-01,HUB-AMM-01-R06,Fiber ring,0
RO-04,Jan 2028 – Mar 2028,AMM-U-2028,U,Monopole / greenfield,Amman-Zarqa Metro,Zarqa,Zarqa,32.08192,36.05822,30,3,HUB-AMM-01,HUB-AMM-01-R06,Fiber ring,0
RO-04,Jan 2028 – Mar 2028,AMM-U-0867,U,Monopole / greenfield,Amman-Zarqa Metro,Amman,Amman,31.95152,35.99915,30,3,HUB-AMM-03,HUB-AMM-03-R01,Fiber ring,0
RO-04,Jan 2028 – Mar 2028,AMM-U-0868,U,Monopole / greenfield,Amman-Zarqa Metro,Amman,Amman,31.95071,36.00293,30,3,HUB-AMM-03,HUB-AMM-03-R01,Fiber ring,0
RO-04,Jan 2028 – Mar 2028,AMM-U-0886,U,Rooftop,Amman-Zarqa Metro,Amman,Amman,31.95382,35.99631,30,3,HUB-AMM-03,HUB-AMM-03-R01,Fiber ring,0
RO-04,Jan 2028 – Mar 2028,AMM-U-0887,U,Monopole / greenfield,Amman-Zarqa Metro,Amman,Amman,31.95342,36.00151,30,3,HUB-AMM-03,HUB-AMM-03-R01,Fiber ring,0
RO-04,Jan 2028 – Mar 2028,AMM-U-0907,U,Rooftop,Amman-Zarqa Metro,Amman,Amman,31.95816,35.99489,30,3,HUB-AMM-03,HUB-AMM-03-R01,Fiber ring,0
RO-04,Jan 2028 – Mar 2028,AMM-U-0908,U,Monopole / greenfield,Amman-Zarqa Metro,Amman,Amman,31.95775,35.99915,30,3,HUB-AMM-03,HUB-AMM-03-R01,Fiber ring,0
RO-04,Jan 2028 – Mar 2028,AMM-U-0909,U,Monopole / greenfield,Amman-Zarqa Metro,Amman,Amman,31.95775,36.00387,30,3,HUB-AMM-03,HUB-AMM-03-R01,Fiber ring,0
RO-04,Jan 2028 – Mar 2028,AMM-U-0931,U,Monopole / greenfield,Amman-Zarqa Metro,Amman,Amman,31.96047,36.01096,30,3,HUB-AMM-03,HUB-AMM-03-R01,Fiber ring,1
RO-04,Jan 2028 – Mar 2028,AMM-U-0846,U,Rooftop,Amman-Zarqa Metro,Amman,Amman,31.94637,36.00151,30,3,HUB-AMM-03,HUB-AMM-03-R02,Fiber ring,0
RO-04,Jan 2028 – Mar 2028,AMM-U-0847,U,Monopole / greenfield,Amman-Zarqa Metro,Amman,Amman,31.94800,36.00624,30,3,HUB-AMM-03,HUB-AMM-03-R02,Fiber ring,0
RO-04,Jan 2028 – Mar 2028,AMM-U-0848,U,Monopole / greenfield,Amman-Zarqa Metro,Amman,Amman,31.94800,36.01096,30,3,HUB-AMM-03,HUB-AMM-03-R02,Fiber ring,0
RO-04,Jan 2028 – Mar 2028,AMM-U-0869,U,Monopole / greenfield,Amman-Zarqa Metro,Amman,Amman,31.95071,36.00765,30,3,HUB-AMM-03,HUB-AMM-03-R02,Fiber ring,0
RO-04,Jan 2028 – Mar 2028,AMM-U-0888,U,Monopole / greenfield,Amman-Zarqa Metro,Amman,Amman,31.95423,36.00624,30,3,HUB-AMM-03,HUB-AMM-03-R02,Fiber ring,0
RO-04,Jan 2028 – Mar 2028,AMM-U-0889,U,Monopole / greenfield,Amman-Zarqa Metro,Amman,Amman,31.95504,36.01096,30,3,HUB-AMM-03,HUB-AMM-03-R02,Fiber ring,0
RO-04,Jan 2028 – Mar 2028,AMM-U-0910,U,Monopole / greenfield,Amman-Zarqa Metro,Amman,Amman,31.95694,36.00860,30,3,HUB-AMM-03,HUB-AMM-03-R02,Fiber ring,0
RO-04,Jan 2028 – Mar 2028,AMM-SU-2759,SU,Monopole / greenfield,Amman-Zarqa Metro,Amman outskirts,Amman,31.94953,36.01910,32,3,HUB-AMM-03,HUB-AMM-03-R03,Fiber ring,0
RO-04,Jan 2028 – Mar 2028,AMM-SU-2772,SU,Monopole / greenfield,Amman-Zarqa Metro,Amman outskirts,Amman,31.95345,36.02388,32,3,HUB-AMM-03,HUB-AMM-03-R03,Fiber ring,0
RO-04,Jan 2028 – Mar 2028,AMM-SU-2773,SU,Monopole / greenfield,Amman-Zarqa Metro,Amman outskirts,Amman,31.95345,36.02798,32,3,HUB-AMM-03,HUB-AMM-03-R03,Fiber ring,0
RO-04,Jan 2028 – Mar 2028,AMM-U-0870,U,Monopole / greenfield,Amman-Zarqa Metro,Amman,Amman,31.94989,36.01333,30,3,HUB-AMM-03,HUB-AMM-03-R03,Fiber ring,0
RO-04,Jan 2028 – Mar 2028,AMM-U-0890,U,Monopole / greenfield,Amman-Zarqa Metro,Amman,Amman,31.95382,36.01522,30,3,HUB-AMM-03,HUB-AMM-03-R03,Fiber ring,0
RO-04,Jan 2028 – Mar 2028,AMM-U-0911,U,Monopole / greenfield,Amman-Zarqa Metro,Amman,Amman,31.95775,36.01333,30,3,HUB-AMM-03,HUB-AMM-03-R03,Fiber ring,0
RO-04,Jan 2028 – Mar 2028,AMM-U-0912,U,Monopole / greenfield,Amman-Zarqa Metro,Amman,Amman,31.95857,36.01805,30,3,HUB-AMM-03,HUB-AMM-03-R03,Fiber ring,0
RO-04,Jan 2028 – Mar 2028,AMM-SU-2785,SU,Monopole / greenfield,Amman-Zarqa Metro,Amman outskirts,Amman,31.95971,36.02593,32,3,HUB-AMM-03,HUB-AMM-03-R04,Fiber ring,0
RO-04,Jan 2028 – Mar 2028,AMM-U-0932,U,Monopole / greenfield,Amman-Zarqa Metro,Amman,Amman,31.96128,36.01474,30,3,HUB-AMM-03,HUB-AMM-03-R04,Fiber ring,0
RO-04,Jan 2028 – Mar 2028,AMM-U-0933,U,Monopole / greenfield,Amman-Zarqa Metro,Amman,Amman,31.96128,36.02041,30,3,HUB-AMM-03,HUB-AMM-03-R04,Fiber ring,0
RO-04,Jan 2028 – Mar 2028,AMM-U-0955,U,Monopole / greenfield,Amman-Zarqa Metro,Amman,Amman,31.96399,36.01805,30,3,HUB-AMM-03,HUB-AMM-03-R04,Fiber ring,0
RO-04,Jan 2028 – Mar 2028,AMM-U-0956,U,Monopole / greenfield,Amman-Zarqa Metro,Amman,Amman,31.96480,36.02183,30,3,HUB-AMM-03,HUB-AMM-03-R04,Fiber ring,0
RO-04,Jan 2028 – Mar 2028,AMM-U-0980,U,Monopole / greenfield,Amman-Zarqa Metro,Amman,Amman,31.96792,36.02041,30,3,HUB-AMM-03,HUB-AMM-03-R04,Fiber ring,0
RO-04,Jan 2028 – Mar 2028,AMM-U-1007,U,Monopole / greenfield,Amman-Zarqa Metro,Amman,Amman,31.97145,36.02230,30,3,HUB-AMM-03,HUB-AMM-03-R04,Fiber ring,0
RO-04,Jan 2028 – Mar 2028,AMM-U-0954,U,Monopole / greenfield,Amman-Zarqa Metro,Amman,Amman,31.96399,36.01333,30,3,HUB-AMM-03,HUB-AMM-03-R05,Fiber ring,0
RO-04,Jan 2028 – Mar 2028,AMM-U-0978,U,Monopole / greenfield,Amman-Zarqa Metro,Amman,Amman,31.96833,36.01191,30,3,HUB-AMM-03,HUB-AMM-03-R05,Fiber ring,0
RO-04,Jan 2028 – Mar 2028,AMM-U-0979,U,Monopole / greenfield,Amman-Zarqa Metro,Amman,Amman,31.96833,36.01663,30,3,HUB-AMM-03,HUB-AMM-03-R05,Fiber ring,0
RO-04,Jan 2028 – Mar 2028,AMM-U-1005,U,Monopole / greenfield,Amman-Zarqa Metro,Amman,Amman,31.97226,36.01380,30,3,HUB-AMM-03,HUB-AMM-03-R05,Fiber ring,0
RO-04,Jan 2028 – Mar 2028,AMM-U-1006,U,Monopole / greenfield,Amman-Zarqa Metro,Amman,Amman,31.97145,36.01852,30,3,HUB-AMM-03,HUB-AMM-03-R05,Fiber ring,0
RO-04,Jan 2028 – Mar 2028,AMM-U-1031,U,Monopole / greenfield,Amman-Zarqa Metro,Amman,Amman,31.97497,36.01616,30,3,HUB-AMM-03,HUB-AMM-03-R05,Fiber ring,0
RO-04,Jan 2028 – Mar 2028,AMM-U-1032,U,Monopole / greenfield,Amman-Zarqa Metro,Amman,Amman,31.97538,36.02041,30,3,HUB-AMM-03,HUB-AMM-03-R05,Fiber ring,0
RO-04,Jan 2028 – Mar 2028,AMM-U-0953,U,Monopole / greenfield,Amman-Zarqa Metro,Amman,Amman,31.96399,36.00860,30,3,HUB-AMM-03,HUB-AMM-03-R06,Fiber ring,0
RO-04,Jan 2028 – Mar 2028,AMM-U-0977,U,Monopole / greenfield,Amman-Zarqa Metro,Amman,Amman,31.96833,36.00624,30,3,HUB-AMM-03,HUB-AMM-03-R06,Fiber ring,0
RO-04,Jan 2028 – Mar 2028,AMM-U-1003,U,Monopole / greenfield,Amman-Zarqa Metro,Amman,Amman,31.97104,36.00387,30,3,HUB-AMM-03,HUB-AMM-03-R06,Fiber ring,0
RO-04,Jan 2028 – Mar 2028,AMM-U-1004,U,Monopole / greenfield,Amman-Zarqa Metro,Amman,Amman,31.97145,36.00813,30,3,HUB-AMM-03,HUB-AMM-03-R06,Fiber ring,0
RO-04,Jan 2028 – Mar 2028,AMM-U-1028,U,Monopole / greenfield,Amman-Zarqa Metro,Amman,Amman,31.97538,36.00151,30,3,HUB-AMM-03,HUB-AMM-03-R06,Fiber ring,0
RO-04,Jan 2028 – Mar 2028,AMM-U-1029,U,Monopole / greenfield,Amman-Zarqa Metro,Amman,Amman,31.97538,36.00624,30,3,HUB-AMM-03,HUB-AMM-03-R06,Fiber ring,0
RO-04,Jan 2028 – Mar 2028,AMM-U-1030,U,Monopole / greenfield,Amman-Zarqa Metro,Amman,Amman,31.97538,36.01096,30,3,HUB-AMM-03,HUB-AMM-03-R06,Fiber ring,0
RO-04,Jan 2028 – Mar 2028,AMM-U-0930,U,Monopole / greenfield,Amman-Zarqa Metro,Amman,Amman,31.96128,36.00529,30,3,HUB-AMM-03,HUB-AMM-03-R07,Fiber ring,0
RO-04,Jan 2028 – Mar 2028,AMM-U-0950,U,Rooftop,Amman-Zarqa Metro,Amman,Amman,31.96440,35.99489,30,3,HUB-AMM-03,HUB-AMM-03-R07,Fiber ring,0
RO-04,Jan 2028 – Mar 2028,AMM-U-0951,U,Monopole / greenfield,Amman-Zarqa Metro,Amman,Amman,31.96399,35.99915,30,3,HUB-AMM-03,HUB-AMM-03-R07,Fiber ring,0
RO-04,Jan 2028 – Mar 2028,AMM-U-0952,U,Monopole / greenfield,Amman-Zarqa Metro,Amman,Amman,31.96399,36.00387,30,3,HUB-AMM-03,HUB-AMM-03-R07,Fiber ring,0
RO-04,Jan 2028 – Mar 2028,AMM-U-0975,U,Rooftop,Amman-Zarqa Metro,Amman,Amman,31.96751,35.99678,30,3,HUB-AMM-03,HUB-AMM-03-R07,Fiber ring,0
RO-04,Jan 2028 – Mar 2028,AMM-U-0976,U,Monopole / greenfield,Amman-Zarqa Metro,Amman,Amman,31.96751,36.00151,30,3,HUB-AMM-03,HUB-AMM-03-R07,Fiber ring,0
RO-04,Jan 2028 – Mar 2028,AMM-U-1002,U,Monopole / greenfield,Amman-Zarqa Metro,Amman,Amman,31.97185,35.99915,30,3,HUB-AMM-03,HUB-AMM-03-R07,Fiber ring,0
RO-04,Jan 2028 – Mar 2028,AMM-U-0927,U,Rooftop,Amman-Zarqa Metro,Amman,Amman,31.96128,35.99111,30,3,HUB-AMM-03,HUB-AMM-03-R08,Fiber ring,0
RO-04,Jan 2028 – Mar 2028,AMM-U-0928,U,Monopole / greenfield,Amman-Zarqa Metro,Amman,Amman,31.96128,35.99773,30,3,HUB-AMM-03,HUB-AMM-03-R08,Fiber ring,0
RO-04,Jan 2028 – Mar 2028,AMM-U-0929,U,Monopole / greenfield,Amman-Zarqa Metro,Amman,Amman,31.96128,36.00246,30,3,HUB-AMM-03,HUB-AMM-03-R08,Fiber ring,0
RO-04,Jan 2028 – Mar 2028,AMM-U-1352,U,Monopole / greenfield,Amman-Zarqa Metro,Russeifa,Zarqa,32.00276,36.05822,30,3,HUB-AMM-07,HUB-AMM-07-R01,Fiber ring,0
RO-04,Jan 2028 – Mar 2028,AMM-U-1398,U,Monopole / greenfield,Amman-Zarqa Metro,Russeifa,Zarqa,32.00750,36.05539,30,3,HUB-AMM-07,HUB-AMM-07-R01,Fiber ring,0
RO-04,Jan 2028 – Mar 2028,AMM-U-1443,U,Monopole / greenfield,Amman-Zarqa Metro,Russeifa,Zarqa,32.00981,36.05350,30,3,HUB-AMM-07,HUB-AMM-07-R01,Fiber ring,0
RO-04,Jan 2028 – Mar 2028,AMM-U-1444,U,Monopole / greenfield,Amman-Zarqa Metro,Russeifa,Zarqa,32.01062,36.05917,30,3,HUB-AMM-07,HUB-AMM-07-R01,Fiber ring,0
RO-04,Jan 2028 – Mar 2028,AMM-U-1488,U,Rooftop,Amman-Zarqa Metro,Russeifa,Zarqa,32.01496,36.05113,30,3,HUB-AMM-07,HUB-AMM-07-R01,Fiber ring,0
RO-04,Jan 2028 – Mar 2028,AMM-U-1489,U,Rooftop,Amman-Zarqa Metro,Russeifa,Zarqa,32.01455,36.05539,30,3,HUB-AMM-07,HUB-AMM-07-R01,Fiber ring,0
RO-04,Jan 2028 – Mar 2028,AMM-U-1490,U,Rooftop,Amman-Zarqa Metro,Russeifa,Zarqa,32.01415,36.05964,30,3,HUB-AMM-07,HUB-AMM-07-R01,Fiber ring,0
RO-04,Jan 2028 – Mar 2028,AMM-U-1533,U,Rooftop,Amman-Zarqa Metro,Russeifa,Zarqa,32.01686,36.06295,30,3,HUB-AMM-07,HUB-AMM-07-R01,Fiber ring,1
RO-04,Jan 2028 – Mar 2028,AMM-U-1353,U,Monopole / greenfield,Amman-Zarqa Metro,Russeifa,Zarqa,32.00357,36.06200,30,3,HUB-AMM-07,HUB-AMM-07-R02,Fiber ring,0
RO-04,Jan 2028 – Mar 2028,AMM-U-1399,U,Monopole / greenfield,Amman-Zarqa Metro,Russeifa,Zarqa,32.00710,36.06153,30,3,HUB-AMM-07,HUB-AMM-07-R02,Fiber ring,0
RO-04,Jan 2028 – Mar 2028,AMM-U-1400,U,Monopole / greenfield,Amman-Zarqa Metro,Russeifa,Zarqa,32.00628,36.06531,30,3,HUB-AMM-07,HUB-AMM-07-R02,Fiber ring,0
RO-04,Jan 2028 – Mar 2028,AMM-U-1401,U,Monopole / greenfield,Amman-Zarqa Metro,Russeifa,Zarqa,32.00791,36.07004,30,3,HUB-AMM-07,HUB-AMM-07-R02,Fiber ring,0
RO-04,Jan 2028 – Mar 2028,AMM-U-1445,U,Monopole / greenfield,Amman-Zarqa Metro,Russeifa,Zarqa,32.01062,36.06295,30,3,HUB-AMM-07,HUB-AMM-07-R02,Fiber ring,0
RO-04,Jan 2028 – Mar 2028,AMM-U-1446,U,Monopole / greenfield,Amman-Zarqa Metro,Russeifa,Zarqa,32.01062,36.06767,30,3,HUB-AMM-07,HUB-AMM-07-R02,Fiber ring,0
RO-04,Jan 2028 – Mar 2028,AMM-U-1491,U,Rooftop,Amman-Zarqa Metro,Russeifa,Zarqa,32.01415,36.06531,30,3,HUB-AMM-07,HUB-AMM-07-R02,Fiber ring,0
RO-04,Jan 2028 – Mar 2028,AMM-U-1447,U,Monopole / greenfield,Amman-Zarqa Metro,Russeifa,Zarqa,32.01062,36.07145,30,3,HUB-AMM-07,HUB-AMM-07-R03,Fiber ring,0
RO-04,Jan 2028 – Mar 2028,AMM-U-1492,U,Monopole / greenfield,Amman-Zarqa Metro,Russeifa,Zarqa,32.01415,36.07004,30,3,HUB-AMM-07,HUB-AMM-07-R03,Fiber ring,0
RO-04,Jan 2028 – Mar 2028,AMM-U-1493,U,Monopole / greenfield,Amman-Zarqa Metro,Russeifa,Zarqa,32.01415,36.07476,30,3,HUB-AMM-07,HUB-AMM-07-R03,Fiber ring,0
RO-04,Jan 2028 – Mar 2028,AMM-U-1534,U,Rooftop,Amman-Zarqa Metro,Russeifa,Zarqa,32.01767,36.06767,30,3,HUB-AMM-07,HUB-AMM-07-R03,Fiber ring,0
RO-04,Jan 2028 – Mar 2028,AMM-U-1535,U,Rooftop,Amman-Zarqa Metro,Russeifa,Zarqa,32.01767,36.07145,30,3,HUB-AMM-07,HUB-AMM-07-R03,Fiber ring,0
RO-04,Jan 2028 – Mar 2028,AMM-U-1536,U,Monopole / greenfield,Amman-Zarqa Metro,Russeifa,Zarqa,32.01767,36.07713,30,3,HUB-AMM-07,HUB-AMM-07-R03,Fiber ring,0
RO-04,Jan 2028 – Mar 2028,AMM-U-1579,U,Rooftop,Amman-Zarqa Metro,Russeifa,Zarqa,32.02079,36.07429,30,3,HUB-AMM-07,HUB-AMM-07-R03,Fiber ring,0
RO-04,Jan 2028 – Mar 2028,AMM-U-1578,U,Rooftop,Amman-Zarqa Metro,Russeifa,Zarqa,32.02119,36.07004,30,3,HUB-AMM-07,HUB-AMM-07-R04,Fiber ring,0
RO-04,Jan 2028 – Mar 2028,AMM-U-1618,U,Rooftop,Amman-Zarqa Metro,Russeifa,Zarqa,32.02472,36.06767,30,3,HUB-AMM-07,HUB-AMM-07-R04,Fiber ring,0
RO-04,Jan 2028 – Mar 2028,AMM-U-1619,U,Rooftop,Amman-Zarqa Metro,Russeifa,Zarqa,32.02472,36.07145,30,3,HUB-AMM-07,HUB-AMM-07-R04,Fiber ring,0
RO-04,Jan 2028 – Mar 2028,AMM-U-1620,U,Rooftop,Amman-Zarqa Metro,Russeifa,Zarqa,32.02472,36.07713,30,3,HUB-AMM-07,HUB-AMM-07-R04,Fiber ring,0
RO-04,Jan 2028 – Mar 2028,AMM-U-1657,U,Rooftop,Amman-Zarqa Metro,Russeifa,Zarqa,32.02824,36.06909,30,3,HUB-AMM-07,HUB-AMM-07-R04,Fiber ring,0
RO-04,Jan 2028 – Mar 2028,AMM-U-1658,U,Rooftop,Amman-Zarqa Metro,Zarqa,Zarqa,32.02824,36.07476,30,3,HUB-AMM-07,HUB-AMM-07-R04,Fiber ring,0
RO-04,Jan 2028 – Mar 2028,AMM-U-1699,U,Rooftop,Amman-Zarqa Metro,Zarqa,Zarqa,32.03258,36.07240,30,3,HUB-AMM-07,HUB-AMM-07-R04,Fiber ring,0
RO-04,Jan 2028 – Mar 2028,AMM-U-1577,U,Rooftop,Amman-Zarqa Metro,Russeifa,Zarqa,32.02201,36.06531,30,3,HUB-AMM-07,HUB-AMM-07-R05,Fiber ring,0
RO-04,Jan 2028 – Mar 2028,AMM-U-1617,U,Rooftop,Amman-Zarqa Metro,Russeifa,Zarqa,32.02472,36.06200,30,3,HUB-AMM-07,HUB-AMM-07-R05,Fiber ring,0
RO-04,Jan 2028 – Mar 2028,AMM-U-1655,U,Rooftop,Amman-Zarqa Metro,Russeifa,Zarqa,32.02906,36.06058,30,3,HUB-AMM-07,HUB-AMM-07-R05,Fiber ring,0
RO-04,Jan 2028 – Mar 2028,AMM-U-1656,U,Rooftop,Amman-Zarqa Metro,Russeifa,Zarqa,32.02824,36.06437,30,3,HUB-AMM-07,HUB-AMM-07-R05,Fiber ring,0
RO-04,Jan 2028 – Mar 2028,AMM-U-1696,U,Rooftop,Amman-Zarqa Metro,Russeifa,Zarqa,32.03177,36.05728,30,3,HUB-AMM-07,HUB-AMM-07-R05,Fiber ring,0
RO-04,Jan 2028 – Mar 2028,AMM-U-1697,U,Rooftop,Amman-Zarqa Metro,Russeifa,Zarqa,32.03095,36.06295,30,3,HUB-AMM-07,HUB-AMM-07-R05,Fiber ring,0
RO-04,Jan 2028 – Mar 2028,AMM-U-1698,U,Rooftop,Amman-Zarqa Metro,Russeifa,Zarqa,32.03136,36.06720,30,3,HUB-AMM-07,HUB-AMM-07-R05,Fiber ring,0
RO-04,Jan 2028 – Mar 2028,AMM-U-1575,U,Rooftop,Amman-Zarqa Metro,Russeifa,Zarqa,32.02201,36.05586,30,3,HUB-AMM-07,HUB-AMM-07-R06,Fiber ring,0
RO-04,Jan 2028 – Mar 2028,AMM-U-1576,U,Rooftop,Amman-Zarqa Metro,Russeifa,Zarqa,32.02201,36.06058,30,3,HUB-AMM-07,HUB-AMM-07-R06,Fiber ring,0
RO-04,Jan 2028 – Mar 2028,AMM-U-1615,U,Rooftop,Amman-Zarqa Metro,Russeifa,Zarqa,32.02513,36.05302,30,3,HUB-AMM-07,HUB-AMM-07-R06,Fiber ring,0
RO-04,Jan 2028 – Mar 2028,AMM-U-1616,U,Rooftop,Amman-Zarqa Metro,Russeifa,Zarqa,32.02472,36.05822,30,3,HUB-AMM-07,HUB-AMM-07-R06,Fiber ring,0
RO-04,Jan 2028 – Mar 2028,AMM-U-1653,U,Rooftop,Amman-Zarqa Metro,Russeifa,Zarqa,32.02824,36.05113,30,3,HUB-AMM-07,HUB-AMM-07-R06,Fiber ring,0
RO-04,Jan 2028 – Mar 2028,AMM-U-1654,U,Rooftop,Amman-Zarqa Metro,Russeifa,Zarqa,32.02824,36.05491,30,3,HUB-AMM-07,HUB-AMM-07-R06,Fiber ring,0
RO-04,Jan 2028 – Mar 2028,AMM-U-1695,U,Rooftop,Amman-Zarqa Metro,Russeifa,Zarqa,32.03095,36.05350,30,3,HUB-AMM-07,HUB-AMM-07-R06,Fiber ring,0
RO-04,Jan 2028 – Mar 2028,AMM-U-1530,U,Rooftop,Amman-Zarqa Metro,Russeifa,Zarqa,32.01848,36.04877,30,3,HUB-AMM-07,HUB-AMM-07-R07,Fiber ring,0
RO-04,Jan 2028 – Mar 2028,AMM-U-1531,U,Rooftop,Amman-Zarqa Metro,Russeifa,Zarqa,32.01686,36.05350,30,3,HUB-AMM-07,HUB-AMM-07-R07,Fiber ring,0
RO-04,Jan 2028 – Mar 2028,AMM-U-1532,U,Rooftop,Amman-Zarqa Metro,Russeifa,Zarqa,32.01767,36.05728,30,3,HUB-AMM-07,HUB-AMM-07-R07,Fiber ring,0
RO-04,Jan 2028 – Mar 2028,AMM-U-1574,U,Rooftop,Amman-Zarqa Metro,Russeifa,Zarqa,32.02119,36.05113,30,3,HUB-AMM-07,HUB-AMM-07-R07,Fiber ring,0
RO-04,Jan 2028 – Mar 2028,AMM-U-1614,U,Rooftop,Amman-Zarqa Metro,Russeifa,Zarqa,32.02472,36.04972,30,3,HUB-AMM-07,HUB-AMM-07-R07,Fiber ring,0
RO-04,Jan 2028 – Mar 2028,AMM-U-1608,U,Rooftop,Amman-Zarqa Metro,Russeifa,Zarqa,32.02472,36.02041,30,3,HUB-AMM-15,HUB-AMM-15-R01,Fiber ring,0
RO-04,Jan 2028 – Mar 2028,AMM-U-1646,U,Rooftop,Amman-Zarqa Metro,Russeifa,Zarqa,32.02906,36.01805,30,3,HUB-AMM-15,HUB-AMM-15-R01,Fiber ring,0
RO-04,Jan 2028 – Mar 2028,AMM-U-1647,U,Rooftop,Amman-Zarqa Metro,Russeifa,Zarqa,32.02906,36.02278,30,3,HUB-AMM-15,HUB-AMM-15-R01,Fiber ring,0
RO-04,Jan 2028 – Mar 2028,AMM-U-1648,U,Rooftop,Amman-Zarqa Metro,Russeifa,Zarqa,32.02906,36.02750,30,3,HUB-AMM-15,HUB-AMM-15-R01,Fiber ring,0
RO-04,Jan 2028 – Mar 2028,AMM-U-1688,U,Rooftop,Amman-Zarqa Metro,Russeifa,Zarqa,32.03136,36.02041,30,3,HUB-AMM-15,HUB-AMM-15-R01,Fiber ring,0
RO-04,Jan 2028 – Mar 2028,AMM-U-1689,U,Rooftop,Amman-Zarqa Metro,Russeifa,Zarqa,32.03177,36.02514,30,3,HUB-AMM-15,HUB-AMM-15-R01,Fiber ring,0
RO-04,Jan 2028 – Mar 2028,AMM-U-1690,U,Rooftop,Amman-Zarqa Metro,Russeifa,Zarqa,32.03095,36.02987,30,3,HUB-AMM-15,HUB-AMM-15-R01,Fiber ring,0
RO-04,Jan 2028 – Mar 2028,AMM-U-1691,U,Rooftop,Amman-Zarqa Metro,Russeifa,Zarqa,32.03258,36.03459,30,3,HUB-AMM-15,HUB-AMM-15-R01,Fiber ring,1
RO-04,Jan 2028 – Mar 2028,AMM-U-1568,U,Rooftop,Amman-Zarqa Metro,Russeifa,Zarqa,32.02201,36.02278,30,3,HUB-AMM-15,HUB-AMM-15-R02,Fiber ring,0
RO-04,Jan 2028 – Mar 2028,AMM-U-1569,U,Rooftop,Amman-Zarqa Metro,Russeifa,Zarqa,32.02119,36.02750,30,3,HUB-AMM-15,HUB-AMM-15-R02,Fiber ring,0
RO-04,Jan 2028 – Mar 2028,AMM-U-1570,U,Rooftop,Amman-Zarqa Metro,Russeifa,Zarqa,32.02119,36.03223,30,3,HUB-AMM-15,HUB-AMM-15-R02,Fiber ring,0
RO-04,Jan 2028 – Mar 2028,AMM-U-1609,U,Rooftop,Amman-Zarqa Metro,Russeifa,Zarqa,32.02553,36.02514,30,3,HUB-AMM-15,HUB-AMM-15-R02,Fiber ring,0
RO-04,Jan 2028 – Mar 2028,AMM-U-1610,U,Rooftop,Amman-Zarqa Metro,Russeifa,Zarqa,32.02553,36.02987,30,3,HUB-AMM-15,HUB-AMM-15-R02,Fiber ring,0
RO-04,Jan 2028 – Mar 2028,AMM-U-1611,U,Rooftop,Amman-Zarqa Metro,Russeifa,Zarqa,32.02553,36.03459,30,3,HUB-AMM-15,HUB-AMM-15-R02,Fiber ring,0
RO-04,Jan 2028 – Mar 2028,AMM-U-1649,U,Rooftop,Amman-Zarqa Metro,Russeifa,Zarqa,32.02824,36.03317,30,3,HUB-AMM-15,HUB-AMM-15-R02,Fiber ring,0
RO-04,Jan 2028 – Mar 2028,AMM-U-1571,U,Rooftop,Amman-Zarqa Metro,Russeifa,Zarqa,32.02160,36.03743,30,3,HUB-AMM-15,HUB-AMM-15-R03,Fiber ring,0
RO-04,Jan 2028 – Mar 2028,AMM-U-1572,U,Rooftop,Amman-Zarqa Metro,Russeifa,Zarqa,32.02119,36.04168,30,3,HUB-AMM-15,HUB-AMM-15-R03,Fiber ring,0
RO-04,Jan 2028 – Mar 2028,AMM-U-1573,U,Rooftop,Amman-Zarqa Metro,Russeifa,Zarqa,32.02201,36.04641,30,3,HUB-AMM-15,HUB-AMM-15-R03,Fiber ring,0
RO-04,Jan 2028 – Mar 2028,AMM-U-1612,U,Rooftop,Amman-Zarqa Metro,Russeifa,Zarqa,32.02472,36.03932,30,3,HUB-AMM-15,HUB-AMM-15-R03,Fiber ring,0
RO-04,Jan 2028 – Mar 2028,AMM-U-1613,U,Rooftop,Amman-Zarqa Metro,Russeifa,Zarqa,32.02553,36.04404,30,3,HUB-AMM-15,HUB-AMM-15-R03,Fiber ring,0
RO-04,Jan 2028 – Mar 2028,AMM-U-1650,U,Rooftop,Amman-Zarqa Metro,Russeifa,Zarqa,32.02906,36.03696,30,3,HUB-AMM-15,HUB-AMM-15-R03,Fiber ring,0
RO-04,Jan 2028 – Mar 2028,AMM-U-1651,U,Rooftop,Amman-Zarqa Metro,Russeifa,Zarqa,32.02824,36.04168,30,3,HUB-AMM-15,HUB-AMM-15-R03,Fiber ring,0
RO-04,Jan 2028 – Mar 2028,AMM-U-1652,U,Rooftop,Amman-Zarqa Metro,Russeifa,Zarqa,32.02824,36.04546,30,3,HUB-AMM-15,HUB-AMM-15-R04,Fiber ring,0
RO-04,Jan 2028 – Mar 2028,AMM-U-1692,U,Rooftop,Amman-Zarqa Metro,Russeifa,Zarqa,32.03095,36.03932,30,3,HUB-AMM-15,HUB-AMM-15-R04,Fiber ring,0
RO-04,Jan 2028 – Mar 2028,AMM-U-1693,U,Rooftop,Amman-Zarqa Metro,Russeifa,Zarqa,32.03258,36.04404,30,3,HUB-AMM-15,HUB-AMM-15-R04,Fiber ring,0
RO-04,Jan 2028 – Mar 2028,AMM-U-1694,U,Rooftop,Amman-Zarqa Metro,Russeifa,Zarqa,32.03217,36.04830,30,3,HUB-AMM-15,HUB-AMM-15-R04,Fiber ring,0
RO-04,Jan 2028 – Mar 2028,AMM-U-1733,U,Rooftop,Amman-Zarqa Metro,Russeifa,Zarqa,32.03529,36.04168,30,3,HUB-AMM-15,HUB-AMM-15-R04,Fiber ring,0
RO-04,Jan 2028 – Mar 2028,AMM-U-1734,U,Rooftop,Amman-Zarqa Metro,Russeifa,Zarqa,32.03529,36.04546,30,3,HUB-AMM-15,HUB-AMM-15-R04,Fiber ring,0
RO-04,Jan 2028 – Mar 2028,AMM-U-1735,U,Rooftop,Amman-Zarqa Metro,Russeifa,Zarqa,32.03529,36.05019,30,3,HUB-AMM-15,HUB-AMM-15-R04,Fiber ring,0
RO-04,Jan 2028 – Mar 2028,AMM-SU-3097,SU,Monopole / greenfield,Amman-Zarqa Metro,Zarqa outskirts,Zarqa,32.04567,36.03548,32,3,HUB-AMM-15,HUB-AMM-15-R05,Fiber ring,0
RO-04,Jan 2028 – Mar 2028,AMM-SU-3098,SU,Rooftop,Amman-Zarqa Metro,Zarqa outskirts,Zarqa,32.04391,36.04299,32,3,HUB-AMM-15,HUB-AMM-15-R05,Fiber ring,0
RO-04,Jan 2028 – Mar 2028,AMM-U-1732,U,Rooftop,Amman-Zarqa Metro,Russeifa,Zarqa,32.03611,36.03696,30,3,HUB-AMM-15,HUB-AMM-15-R05,Fiber ring,0
RO-04,Jan 2028 – Mar 2028,AMM-U-1767,U,Rooftop,Amman-Zarqa Metro,Russeifa,Zarqa,32.03882,36.03365,30,3,HUB-AMM-15,HUB-AMM-15-R05,Fiber ring,0
RO-04,Jan 2028 – Mar 2028,AMM-U-1768,U,Rooftop,Amman-Zarqa Metro,Russeifa,Zarqa,32.03882,36.03837,30,3,HUB-AMM-15,HUB-AMM-15-R05,Fiber ring,0
RO-04,Jan 2028 – Mar 2028,AMM-U-1769,U,Rooftop,Amman-Zarqa Metro,Russeifa,Zarqa,32.03882,36.04310,30,3,HUB-AMM-15,HUB-AMM-15-R05,Fiber ring,0
RO-04,Jan 2028 – Mar 2028,AMM-U-1770,U,Rooftop,Amman-Zarqa Metro,Russeifa,Zarqa,32.03963,36.04877,30,3,HUB-AMM-15,HUB-AMM-15-R05,Fiber ring,0
RO-04,Jan 2028 – Mar 2028,AMM-SU-3066,SU,Rooftop,Amman-Zarqa Metro,Zarqa outskirts,Zarqa,32.04117,36.02593,32,3,HUB-AMM-15,HUB-AMM-15-R06,Fiber ring,0
RO-04,Jan 2028 – Mar 2028,AMM-SU-3096,SU,Rooftop,Amman-Zarqa Metro,Zarqa outskirts,Zarqa,32.04391,36.02934,32,3,HUB-AMM-15,HUB-AMM-15-R06,Fiber ring,0
RO-04,Jan 2028 – Mar 2028,AMM-U-1729,U,Rooftop,Amman-Zarqa Metro,Russeifa,Zarqa,32.03611,36.02278,30,3,HUB-AMM-15,HUB-AMM-15-R06,Fiber ring,0
RO-04,Jan 2028 – Mar 2028,AMM-U-1730,U,Rooftop,Amman-Zarqa Metro,Russeifa,Zarqa,32.03529,36.02750,30,3,HUB-AMM-15,HUB-AMM-15-R06,Fiber ring,0
RO-04,Jan 2028 – Mar 2028,AMM-U-1731,U,Rooftop,Amman-Zarqa Metro,Russeifa,Zarqa,32.03529,36.03317,30,3,HUB-AMM-15,HUB-AMM-15-R06,Fiber ring,0
RO-04,Jan 2028 – Mar 2028,AMM-U-1834,U,Rooftop,Amman-Zarqa Metro,Zarqa,Zarqa,32.04627,36.09178,30,3,HUB-AMM-24,HUB-AMM-24-R01,Fiber ring,0
RO-04,Jan 2028 – Mar 2028,AMM-U-1835,U,Rooftop,Amman-Zarqa Metro,Zarqa,Zarqa,32.04546,36.09650,30,3,HUB-AMM-24,HUB-AMM-24-R01,Fiber ring,0
RO-04,Jan 2028 – Mar 2028,AMM-U-1836,U,Rooftop,Amman-Zarqa Metro,Zarqa,Zarqa,32.04668,36.10076,30,3,HUB-AMM-24,HUB-AMM-24-R01,Fiber ring,0
RO-04,Jan 2028 – Mar 2028,AMM-U-1837,U,Rooftop,Amman-Zarqa Metro,Zarqa,Zarqa,32.04505,36.10548,30,3,HUB-AMM-24,HUB-AMM-24-R01,Fiber ring,0
RO-04,Jan 2028 – Mar 2028,AMM-U-1851,U,Rooftop,Amman-Zarqa Metro,Zarqa,Zarqa,32.04939,36.08894,30,3,HUB-AMM-24,HUB-AMM-24-R01,Fiber ring,0
RO-04,Jan 2028 – Mar 2028,AMM-U-1852,U,Rooftop,Amman-Zarqa Metro,Zarqa,Zarqa,32.04858,36.09367,30,3,HUB-AMM-24,HUB-AMM-24-R01,Fiber ring,0
RO-04,Jan 2028 – Mar 2028,AMM-U-1853,U,Rooftop,Amman-Zarqa Metro,Zarqa,Zarqa,32.04939,36.09839,30,3,HUB-AMM-24,HUB-AMM-24-R01,Fiber ring,0
RO-04,Jan 2028 – Mar 2028,AMM-U-1870,U,Monopole / greenfield,Amman-Zarqa Metro,Zarqa,Zarqa,32.05291,36.10076,30,3,HUB-AMM-24,HUB-AMM-24-R01,Fiber ring,1
RO-04,Jan 2028 – Mar 2028,AMM-U-1812,U,Rooftop,Amman-Zarqa Metro,Zarqa,Zarqa,32.04275,36.10832,30,3,HUB-AMM-24,HUB-AMM-24-R02,Fiber ring,0
RO-04,Jan 2028 – Mar 2028,AMM-U-1813,U,Monopole / greenfield,Amman-Zarqa Metro,Zarqa,Zarqa,32.04234,36.11257,30,3,HUB-AMM-24,HUB-AMM-24-R02,Fiber ring,0
RO-04,Jan 2028 – Mar 2028,AMM-U-1838,U,Monopole / greenfield,Amman-Zarqa Metro,Zarqa,Zarqa,32.04587,36.10926,30,3,HUB-AMM-24,HUB-AMM-24-R02,Fiber ring,0
RO-04,Jan 2028 – Mar 2028,AMM-U-1839,U,Monopole / greenfield,Amman-Zarqa Metro,Zarqa,Zarqa,32.04587,36.11493,30,3,HUB-AMM-24,HUB-AMM-24-R02,Fiber ring,0
RO-04,Jan 2028 – Mar 2028,AMM-U-1854,U,Rooftop,Amman-Zarqa Metro,Zarqa,Zarqa,32.04939,36.10406,30,3,HUB-AMM-24,HUB-AMM-24-R02,Fiber ring,0
RO-04,Jan 2028 – Mar 2028,AMM-U-1855,U,Monopole / greenfield,Amman-Zarqa Metro,Zarqa,Zarqa,32.04939,36.10690,30,3,HUB-AMM-24,HUB-AMM-24-R02,Fiber ring,0
RO-04,Jan 2028 – Mar 2028,AMM-U-1856,U,Monopole / greenfield,Amman-Zarqa Metro,Zarqa,Zarqa,32.05020,36.11257,30,3,HUB-AMM-24,HUB-AMM-24-R02,Fiber ring,0
RO-04,Jan 2028 – Mar 2028,AMM-U-1871,U,Monopole / greenfield,Amman-Zarqa Metro,Zarqa,Zarqa,32.05210,36.10548,30,3,HUB-AMM-24,HUB-AMM-24-R03,Fiber ring,0
RO-04,Jan 2028 – Mar 2028,AMM-U-1872,U,Monopole / greenfield,Amman-Zarqa Metro,Zarqa,Zarqa,32.05291,36.11115,30,3,HUB-AMM-24,HUB-AMM-24-R03,Fiber ring,0
RO-04,Jan 2028 – Mar 2028,AMM-U-1873,U,Monopole / greenfield,Amman-Zarqa Metro,Zarqa,Zarqa,32.05291,36.11493,30,3,HUB-AMM-24,HUB-AMM-24-R03,Fiber ring,0
RO-04,Jan 2028 – Mar 2028,AMM-U-1888,U,Monopole / greenfield,Amman-Zarqa Metro,Zarqa,Zarqa,32.05644,36.10784,30,3,HUB-AMM-24,HUB-AMM-24-R03,Fiber ring,0
RO-04,Jan 2028 – Mar 2028,AMM-U-1889,U,Monopole / greenfield,Amman-Zarqa Metro,Zarqa,Zarqa,32.05644,36.11257,30,3,HUB-AMM-24,HUB-AMM-24-R03,Fiber ring,0
RO-04,Jan 2028 – Mar 2028,AMM-U-1904,U,Monopole / greenfield,Amman-Zarqa Metro,Zarqa,Zarqa,32.05996,36.10548,30,3,HUB-AMM-24,HUB-AMM-24-R03,Fiber ring,0
RO-04,Jan 2028 – Mar 2028,AMM-U-1905,U,Monopole / greenfield,Amman-Zarqa Metro,Zarqa,Zarqa,32.05996,36.11021,30,3,HUB-AMM-24,HUB-AMM-24-R03,Fiber ring,0
RO-04,Jan 2028 – Mar 2028,AMM-U-1887,U,Monopole / greenfield,Amman-Zarqa Metro,Zarqa,Zarqa,32.05644,36.10312,30,3,HUB-AMM-24,HUB-AMM-24-R04,Fiber ring,0
RO-04,Jan 2028 – Mar 2028,AMM-U-1903,U,Monopole / greenfield,Amman-Zarqa Metro,Zarqa,Zarqa,32.05996,36.10076,30,3,HUB-AMM-24,HUB-AMM-24-R04,Fiber ring,0
RO-04,Jan 2028 – Mar 2028,AMM-U-1920,U,Rooftop,Amman-Zarqa Metro,Zarqa,Zarqa,32.06349,36.09839,30,3,HUB-AMM-24,HUB-AMM-24-R04,Fiber ring,0
RO-04,Jan 2028 – Mar 2028,AMM-U-1921,U,Monopole / greenfield,Amman-Zarqa Metro,Zarqa,Zarqa,32.06349,36.10312,30,3,HUB-AMM-24,HUB-AMM-24-R04,Fiber ring,0
RO-04,Jan 2028 – Mar 2028,AMM-U-1922,U,Rooftop,Amman-Zarqa Metro,Zarqa,Zarqa,32.06349,36.10784,30,3,HUB-AMM-24,HUB-AMM-24-R04,Fiber ring,0
RO-04,Jan 2028 – Mar 2028,AMM-U-1943,U,Monopole / greenfield,Amman-Zarqa Metro,Zarqa,Zarqa,32.06661,36.10123,30,3,HUB-AMM-24,HUB-AMM-24-R04,Fiber ring,0
RO-04,Jan 2028 – Mar 2028,AMM-U-1944,U,Monopole / greenfield,Amman-Zarqa Metro,Zarqa,Zarqa,32.06701,36.10454,30,3,HUB-AMM-24,HUB-AMM-24-R04,Fiber ring,0
RO-04,Jan 2028 – Mar 2028,AMM-U-1886,U,Monopole / greenfield,Amman-Zarqa Metro,Zarqa,Zarqa,32.05644,36.09839,30,3,HUB-AMM-24,HUB-AMM-24-R05,Fiber ring,0
RO-04,Jan 2028 – Mar 2028,AMM-U-1900,U,Rooftop,Amman-Zarqa Metro,Zarqa,Zarqa,32.06078,36.08658,30,3,HUB-AMM-24,HUB-AMM-24-R05,Fiber ring,0
RO-04,Jan 2028 – Mar 2028,AMM-U-1901,U,Rooftop,Amman-Zarqa Metro,Zarqa,Zarqa,32.05996,36.09130,30,3,HUB-AMM-24,HUB-AMM-24-R05,Fiber ring,0
RO-04,Jan 2028 – Mar 2028,AMM-U-1902,U,Rooftop,Amman-Zarqa Metro,Zarqa,Zarqa,32.05996,36.09603,30,3,HUB-AMM-24,HUB-AMM-24-R05,Fiber ring,0
RO-04,Jan 2028 – Mar 2028,AMM-U-1918,U,Rooftop,Amman-Zarqa Metro,Zarqa,Zarqa,32.06349,36.08894,30,3,HUB-AMM-24,HUB-AMM-24-R05,Fiber ring,0
RO-04,Jan 2028 – Mar 2028,AMM-U-1919,U,Rooftop,Amman-Zarqa Metro,Zarqa,Zarqa,32.06349,36.09367,30,3,HUB-AMM-24,HUB-AMM-24-R05,Fiber ring,0
RO-04,Jan 2028 – Mar 2028,AMM-U-1942,U,Rooftop,Amman-Zarqa Metro,Zarqa,Zarqa,32.06701,36.09603,30,3,HUB-AMM-24,HUB-AMM-24-R05,Fiber ring,0
RO-04,Jan 2028 – Mar 2028,AMM-U-1867,U,Rooftop,Amman-Zarqa Metro,Zarqa,Zarqa,32.05291,36.08752,30,3,HUB-AMM-24,HUB-AMM-24-R06,Fiber ring,0
RO-04,Jan 2028 – Mar 2028,AMM-U-1868,U,Rooftop,Amman-Zarqa Metro,Zarqa,Zarqa,32.05291,36.09225,30,3,HUB-AMM-24,HUB-AMM-24-R06,Fiber ring,0
RO-04,Jan 2028 – Mar 2028,AMM-U-1869,U,Rooftop,Amman-Zarqa Metro,Zarqa,Zarqa,32.05373,36.09603,30,3,HUB-AMM-24,HUB-AMM-24-R06,Fiber ring,0
RO-04,Jan 2028 – Mar 2028,AMM-U-1883,U,Rooftop,Amman-Zarqa Metro,Zarqa,Zarqa,32.05725,36.08421,30,3,HUB-AMM-24,HUB-AMM-24-R06,Fiber ring,0
RO-04,Jan 2028 – Mar 2028,AMM-U-1884,U,Rooftop,Amman-Zarqa Metro,Zarqa,Zarqa,32.05644,36.08894,30,3,HUB-AMM-24,HUB-AMM-24-R06,Fiber ring,0
RO-04,Jan 2028 – Mar 2028,AMM-U-1885,U,Rooftop,Amman-Zarqa Metro,Zarqa,Zarqa,32.05644,36.09367,30,3,HUB-AMM-24,HUB-AMM-24-R06,Fiber ring,0
RO-04,Jan 2028 – Mar 2028,AMM-SU-2623,SU,Monopole / greenfield,Amman-Zarqa Metro,Amman outskirts,Amman,31.90645,35.82796,32,3,HUB-AMM-29,HUB-AMM-29-R01,Fiber ring,0
RO-04,Jan 2028 – Mar 2028,AMM-SU-2647,SU,Monopole / greenfield,Amman-Zarqa Metro,Amman outskirts,Amman,31.91213,35.82523,32,3,HUB-AMM-29,HUB-AMM-29-R01,Fiber ring,0
RO-04,Jan 2028 – Mar 2028,AMM-SU-2648,SU,Monopole / greenfield,Amman-Zarqa Metro,Amman outskirts,Amman,31.91272,35.83274,32,3,HUB-AMM-29,HUB-AMM-29-R01,Fiber ring,0
RO-04,Jan 2028 – Mar 2028,AMM-SU-2669,SU,Monopole / greenfield,Amman-Zarqa Metro,Amman outskirts,Amman,31.91781,35.82933,32,3,HUB-AMM-29,HUB-AMM-29-R01,Fiber ring,0
RO-04,Jan 2028 – Mar 2028,AMM-SU-2670,SU,Monopole / greenfield,Amman-Zarqa Metro,Amman outskirts,Amman,31.91664,35.83479,32,3,HUB-AMM-29,HUB-AMM-29-R01,Fiber ring,0
RO-04,Jan 2028 – Mar 2028,AMM-SU-2671,SU,Monopole / greenfield,Amman-Zarqa Metro,Amman outskirts,Amman,31.91781,35.84025,32,3,HUB-AMM-29,HUB-AMM-29-R01,Fiber ring,0
RO-04,Jan 2028 – Mar 2028,AMM-U-0612,U,Monopole / greenfield,Amman-Zarqa Metro,Amman,Amman,31.92170,35.83847,30,3,HUB-AMM-29,HUB-AMM-29-R01,Fiber ring,0
RO-04,Jan 2028 – Mar 2028,AMM-U-0613,U,Monopole / greenfield,Amman-Zarqa Metro,Amman,Amman,31.92292,35.84366,30,3,HUB-AMM-29,HUB-AMM-29-R01,Fiber ring,1
RO-04,Jan 2028 – Mar 2028,AMM-SU-2599,SU,Rooftop,Amman-Zarqa Metro,Amman outskirts,Amman,31.90371,35.83820,32,3,HUB-AMM-29,HUB-AMM-29-R02,Fiber ring,0
RO-04,Jan 2028 – Mar 2028,AMM-SU-2624,SU,Rooftop,Amman-Zarqa Metro,Amman outskirts,Amman,31.90645,35.83479,32,3,HUB-AMM-29,HUB-AMM-29-R02,Fiber ring,0
RO-04,Jan 2028 – Mar 2028,AMM-SU-2625,SU,Rooftop,Amman-Zarqa Metro,Amman outskirts,Amman,31.90645,35.84162,32,3,HUB-AMM-29,HUB-AMM-29-R02,Fiber ring,0
RO-04,Jan 2028 – Mar 2028,AMM-SU-2649,SU,Rooftop,Amman-Zarqa Metro,Amman outskirts,Amman,31.91272,35.83957,32,3,HUB-AMM-29,HUB-AMM-29-R02,Fiber ring,0
RO-04,Jan 2028 – Mar 2028,AMM-SU-2650,SU,Rooftop,Amman-Zarqa Metro,Amman outskirts,Amman,31.91213,35.84571,32,3,HUB-AMM-29,HUB-AMM-29-R02,Fiber ring,0
RO-04,Jan 2028 – Mar 2028,AMM-U-0552,U,Rooftop,Amman-Zarqa Metro,Amman,Amman,31.91628,35.85264,30,3,HUB-AMM-29,HUB-AMM-29-R02,Fiber ring,0
RO-04,Jan 2028 – Mar 2028,AMM-U-0581,U,Monopole / greenfield,Amman-Zarqa Metro,Amman,Amman,31.91899,35.84650,30,3,HUB-AMM-29,HUB-AMM-29-R02,Fiber ring,0
RO-04,Jan 2028 – Mar 2028,AMM-U-0582,U,Monopole / greenfield,Amman-Zarqa Metro,Amman,Amman,31.91899,35.85123,30,3,HUB-AMM-29,HUB-AMM-29-R03,Fiber ring,0
RO-04,Jan 2028 – Mar 2028,AMM-U-0583,U,Rooftop,Amman-Zarqa Metro,Amman,Amman,31.91899,35.85406,30,3,HUB-AMM-29,HUB-AMM-29-R03,Fiber ring,0
RO-04,Jan 2028 – Mar 2028,AMM-U-0614,U,Monopole / greenfield,Amman-Zarqa Metro,Amman,Amman,31.92292,35.84839,30,3,HUB-AMM-29,HUB-AMM-29-R03,Fiber ring,0
RO-04,Jan 2028 – Mar 2028,AMM-U-0615,U,Monopole / greenfield,Amman-Zarqa Metro,Amman,Amman,31.92170,35.85264,30,3,HUB-AMM-29,HUB-AMM-29-R03,Fiber ring,0
RO-04,Jan 2028 – Mar 2028,AMM-U-0616,U,Monopole / greenfield,Amman-Zarqa Metro,Amman,Amman,31.92251,35.85642,30,3,HUB-AMM-29,HUB-AMM-29-R03,Fiber ring,0
RO-04,Jan 2028 – Mar 2028,AMM-U-0650,U,Monopole / greenfield,Amman-Zarqa Metro,Amman,Amman,31.92603,35.85406,30,3,HUB-AMM-29,HUB-AMM-29-R03,Fiber ring,0
RO-04,Jan 2028 – Mar 2028,AMM-U-0651,U,Monopole / greenfield,Amman-Zarqa Metro,Amman,Amman,31.92603,35.85973,30,3,HUB-AMM-29,HUB-AMM-29-R03,Fiber ring,0
RO-04,Jan 2028 – Mar 2028,AMM-U-0648,U,Monopole / greenfield,Amman-Zarqa Metro,Amman,Amman,31.92522,35.84555,30,3,HUB-AMM-29,HUB-AMM-29-R04,Fiber ring,0
RO-04,Jan 2028 – Mar 2028,AMM-U-0649,U,Monopole / greenfield,Amman-Zarqa Metro,Amman,Amman,31.92522,35.85028,30,3,HUB-AMM-29,HUB-AMM-29-R04,Fiber ring,0
RO-04,Jan 2028 – Mar 2028,AMM-U-0684,U,Monopole / greenfield,Amman-Zarqa Metro,Amman,Amman,31.92956,35.84886,30,3,HUB-AMM-29,HUB-AMM-29-R04,Fiber ring,0
RO-04,Jan 2028 – Mar 2028,AMM-U-0685,U,Monopole / greenfield,Amman-Zarqa Metro,Amman,Amman,31.92915,35.85312,30,3,HUB-AMM-29,HUB-AMM-29-R04,Fiber ring,0
RO-04,Jan 2028 – Mar 2028,AMM-U-0686,U,Monopole / greenfield,Amman-Zarqa Metro,Amman,Amman,31.92956,35.85642,30,3,HUB-AMM-29,HUB-AMM-29-R04,Fiber ring,0
RO-04,Jan 2028 – Mar 2028,AMM-U-0718,U,Monopole / greenfield,Amman-Zarqa Metro,Amman,Amman,31.93308,35.85123,30,3,HUB-AMM-29,HUB-AMM-29-R04,Fiber ring,0
RO-04,Jan 2028 – Mar 2028,AMM-U-0719,U,Monopole / greenfield,Amman-Zarqa Metro,Amman,Amman,31.93308,35.85406,30,3,HUB-AMM-29,HUB-AMM-29-R04,Fiber ring,0
RO-04,Jan 2028 – Mar 2028,AMM-U-0683,U,Monopole / greenfield,Amman-Zarqa Metro,Amman,Amman,31.93037,35.84319,30,3,HUB-AMM-29,HUB-AMM-29-R05,Fiber ring,0
RO-04,Jan 2028 – Mar 2028,AMM-U-0716,U,Monopole / greenfield,Amman-Zarqa Metro,Amman,Amman,31.93268,35.84130,30,3,HUB-AMM-29,HUB-AMM-29-R05,Fiber ring,0
RO-04,Jan 2028 – Mar 2028,AMM-U-0717,U,Monopole / greenfield,Amman-Zarqa Metro,Amman,Amman,31.93268,35.84508,30,3,HUB-AMM-29,HUB-AMM-29-R05,Fiber ring,0
RO-04,Jan 2028 – Mar 2028,AMM-U-0748,U,Monopole / greenfield,Amman-Zarqa Metro,Amman,Amman,31.93661,35.83941,30,3,HUB-AMM-29,HUB-AMM-29-R05,Fiber ring,0
RO-04,Jan 2028 – Mar 2028,AMM-U-0749,U,Rooftop,Amman-Zarqa Metro,Amman,Amman,31.93742,35.84319,30,3,HUB-AMM-29,HUB-AMM-29-R05,Fiber ring,0
RO-04,Jan 2028 – Mar 2028,AMM-U-0750,U,Rooftop,Amman-Zarqa Metro,Amman,Amman,31.93661,35.84697,30,3,HUB-AMM-29,HUB-AMM-29-R05,Fiber ring,0
RO-04,Jan 2028 – Mar 2028,AMM-U-0751,U,Rooftop,Amman-Zarqa Metro,Amman,Amman,31.93701,35.85312,30,3,HUB-AMM-29,HUB-AMM-29-R05,Fiber ring,0
RO-04,Jan 2028 – Mar 2028,AMM-U-0645,U,Monopole / greenfield,Amman-Zarqa Metro,Amman,Amman,31.92522,35.83138,30,3,HUB-AMM-29,HUB-AMM-29-R06,Fiber ring,0
RO-04,Jan 2028 – Mar 2028,AMM-U-0646,U,Monopole / greenfield,Amman-Zarqa Metro,Amman,Amman,31.92522,35.83610,30,3,HUB-AMM-29,HUB-AMM-29-R06,Fiber ring,0
RO-04,Jan 2028 – Mar 2028,AMM-U-0647,U,Monopole / greenfield,Amman-Zarqa Metro,Amman,Amman,31.92522,35.84083,30,3,HUB-AMM-29,HUB-AMM-29-R06,Fiber ring,0
RO-04,Jan 2028 – Mar 2028,AMM-U-0681,U,Monopole / greenfield,Amman-Zarqa Metro,Amman,Amman,31.93037,35.83374,30,3,HUB-AMM-29,HUB-AMM-29-R06,Fiber ring,0
RO-04,Jan 2028 – Mar 2028,AMM-U-0682,U,Monopole / greenfield,Amman-Zarqa Metro,Amman,Amman,31.92956,35.83941,30,3,HUB-AMM-29,HUB-AMM-29-R06,Fiber ring,0
RO-04,Jan 2028 – Mar 2028,AMM-U-0715,U,Monopole / greenfield,Amman-Zarqa Metro,Amman,Amman,31.93349,35.83658,30,3,HUB-AMM-29,HUB-AMM-29-R06,Fiber ring,0
RO-04,Jan 2028 – Mar 2028,AMM-U-1672,U,Rooftop,Amman-Zarqa Metro,Amman,Balqa,32.03258,35.85973,30,3,HUB-AMM-36,HUB-AMM-36-R01,Fiber ring,0
RO-04,Jan 2028 – Mar 2028,AMM-U-1712,U,Rooftop,Amman-Zarqa Metro,Amman,Balqa,32.03448,35.85264,30,3,HUB-AMM-36,HUB-AMM-36-R01,Fiber ring,0
RO-04,Jan 2028 – Mar 2028,AMM-U-1713,U,Rooftop,Amman-Zarqa Metro,Amman,Balqa,32.03448,35.85737,30,3,HUB-AMM-36,HUB-AMM-36-R01,Fiber ring,0
RO-04,Jan 2028 – Mar 2028,AMM-U-1714,U,Rooftop,Amman-Zarqa Metro,Amman,Balqa,32.03529,35.86115,30,3,HUB-AMM-36,HUB-AMM-36-R01,Fiber ring,0
RO-04,Jan 2028 – Mar 2028,AMM-U-1751,U,Rooftop,Amman-Zarqa Metro,Amman,Balqa,32.03800,35.84555,30,3,HUB-AMM-36,HUB-AMM-36-R01,Fiber ring,0
RO-04,Jan 2028 – Mar 2028,AMM-U-1752,U,Rooftop,Amman-Zarqa Metro,Amman,Balqa,32.03800,35.85028,30,3,HUB-AMM-36,HUB-AMM-36-R01,Fiber ring,0
RO-04,Jan 2028 – Mar 2028,AMM-U-1753,U,Monopole / greenfield,Amman-Zarqa Metro,Amman,Balqa,32.03882,35.85595,30,3,HUB-AMM-36,HUB-AMM-36-R01,Fiber ring,0
RO-04,Jan 2028 – Mar 2028,AMM-U-1791,U,Monopole / greenfield,Amman-Zarqa Metro,Amman,Balqa,32.04153,35.85737,30,3,HUB-AMM-36,HUB-AMM-36-R01,Fiber ring,1
RO-04,Jan 2028 – Mar 2028,AMM-U-1673,U,Rooftop,Amman-Zarqa Metro,Amman,Amman,32.03095,35.86446,30,3,HUB-AMM-36,HUB-AMM-36-R02,Fiber ring,0
RO-04,Jan 2028 – Mar 2028,AMM-U-1715,U,Rooftop,Amman-Zarqa Metro,Amman,Amman,32.03570,35.86635,30,3,HUB-AMM-36,HUB-AMM-36-R02,Fiber ring,0
RO-04,Jan 2028 – Mar 2028,AMM-U-1754,U,Rooftop,Amman-Zarqa Metro,Amman,Balqa,32.03800,35.85973,30,3,HUB-AMM-36,HUB-AMM-36-R02,Fiber ring,0
RO-04,Jan 2028 – Mar 2028,AMM-U-1755,U,Rooftop,Amman-Zarqa Metro,Amman,Balqa,32.03800,35.86446,30,3,HUB-AMM-36,HUB-AMM-36-R02,Fiber ring,0
RO-04,Jan 2028 – Mar 2028,AMM-U-1756,U,Rooftop,Amman-Zarqa Metro,Amman,Balqa,32.03963,35.86918,30,3,HUB-AMM-36,HUB-AMM-36-R02,Fiber ring,0
RO-04,Jan 2028 – Mar 2028,AMM-U-1792,U,Monopole / greenfield,Amman-Zarqa Metro,Amman,Balqa,32.04153,35.86210,30,3,HUB-AMM-36,HUB-AMM-36-R02,Fiber ring,0
RO-04,Jan 2028 – Mar 2028,AMM-U-1793,U,Monopole / greenfield,Amman-Zarqa Metro,Amman,Balqa,32.04153,35.86682,30,3,HUB-AMM-36,HUB-AMM-36-R02,Fiber ring,0
RO-04,Jan 2028 – Mar 2028,AMM-SU-3114,SU,Monopole / greenfield,Amman-Zarqa Metro,Amman outskirts,Balqa,32.05017,35.85663,32,3,HUB-AMM-36,HUB-AMM-36-R03,Fiber ring,0
RO-04,Jan 2028 – Mar 2028,AMM-SU-3115,SU,Monopole / greenfield,Amman-Zarqa Metro,Amman outskirts,Balqa,32.05017,35.86346,32,3,HUB-AMM-36,HUB-AMM-36-R03,Fiber ring,0
RO-04,Jan 2028 – Mar 2028,AMM-U-1794,U,Rooftop,Amman-Zarqa Metro,Amman,Balqa,32.04193,35.87107,30,3,HUB-AMM-36,HUB-AMM-36-R03,Fiber ring,0
RO-04,Jan 2028 – Mar 2028,AMM-U-1819,U,Monopole / greenfield,Amman-Zarqa Metro,Amman,Balqa,32.04505,35.85973,30,3,HUB-AMM-36,HUB-AMM-36-R03,Fiber ring,0
RO-04,Jan 2028 – Mar 2028,AMM-U-1820,U,Monopole / greenfield,Amman-Zarqa Metro,Amman,Balqa,32.04505,35.86446,30,3,HUB-AMM-36,HUB-AMM-36-R03,Fiber ring,0
RO-04,Jan 2028 – Mar 2028,AMM-U-1821,U,Monopole / greenfield,Amman-Zarqa Metro,Amman,Balqa,32.04587,35.87013,30,3,HUB-AMM-36,HUB-AMM-36-R03,Fiber ring,0
RO-04,Jan 2028 – Mar 2028,AMM-U-1822,U,Rooftop,Amman-Zarqa Metro,Amman,Balqa,32.04668,35.87391,30,3,HUB-AMM-36,HUB-AMM-36-R03,Fiber ring,0
RO-04,Jan 2028 – Mar 2028,AMM-SU-3113,SU,Monopole / greenfield,Amman-Zarqa Metro,Amman outskirts,Balqa,32.04900,35.84844,32,3,HUB-AMM-36,HUB-AMM-36-R04,Fiber ring,0
RO-04,Jan 2028 – Mar 2028,AMM-SU-3152,SU,Monopole / greenfield,Amman-Zarqa Metro,Amman outskirts,Balqa,32.05526,35.85322,32,3,HUB-AMM-36,HUB-AMM-36-R04,Fiber ring,0
RO-04,Jan 2028 – Mar 2028,AMM-U-1789,U,Monopole / greenfield,Amman-Zarqa Metro,Amman,Balqa,32.04153,35.84792,30,3,HUB-AMM-36,HUB-AMM-36-R04,Fiber ring,0
RO-04,Jan 2028 – Mar 2028,AMM-U-1790,U,Monopole / greenfield,Amman-Zarqa Metro,Amman,Balqa,32.04153,35.85264,30,3,HUB-AMM-36,HUB-AMM-36-R04,Fiber ring,0
RO-04,Jan 2028 – Mar 2028,AMM-U-1816,U,Monopole / greenfield,Amman-Zarqa Metro,Amman,Balqa,32.04505,35.84555,30,3,HUB-AMM-36,HUB-AMM-36-R04,Fiber ring,0
RO-04,Jan 2028 – Mar 2028,AMM-U-1817,U,Monopole / greenfield,Amman-Zarqa Metro,Amman,Balqa,32.04546,35.84981,30,3,HUB-AMM-36,HUB-AMM-36-R04,Fiber ring,0
RO-04,Jan 2028 – Mar 2028,AMM-U-1818,U,Monopole / greenfield,Amman-Zarqa Metro,Amman,Balqa,32.04505,35.85501,30,3,HUB-AMM-36,HUB-AMM-36-R04,Fiber ring,0
RO-04,Jan 2028 – Mar 2028,AMM-U-1056,U,Rooftop,Amman-Zarqa Metro,Amman,Amman,31.97972,35.99915,30,3,HUB-AMM-39,HUB-AMM-39-R01,Fiber ring,0
RO-04,Jan 2028 – Mar 2028,AMM-U-1057,U,Rooftop,Amman-Zarqa Metro,Amman,Amman,31.97890,36.00293,30,3,HUB-AMM-39,HUB-AMM-39-R01,Fiber ring,0
RO-04,Jan 2028 – Mar 2028,AMM-U-1087,U,Rooftop,Amman-Zarqa Metro,Amman,Amman,31.98283,35.99631,30,3,HUB-AMM-39,HUB-AMM-39-R01,Fiber ring,0
RO-04,Jan 2028 – Mar 2028,AMM-U-1088,U,Rooftop,Amman-Zarqa Metro,Amman,Amman,31.98243,36.00057,30,3,HUB-AMM-39,HUB-AMM-39-R01,Fiber ring,0
RO-04,Jan 2028 – Mar 2028,AMM-U-1122,U,Rooftop,Amman-Zarqa Metro,Amman,Amman,31.98514,35.99442,30,3,HUB-AMM-39,HUB-AMM-39-R01,Fiber ring,0
RO-04,Jan 2028 – Mar 2028,AMM-U-1123,U,Rooftop,Amman-Zarqa Metro,Amman,Amman,31.98595,35.99915,30,3,HUB-AMM-39,HUB-AMM-39-R01,Fiber ring,0
RO-04,Jan 2028 – Mar 2028,AMM-U-1124,U,Rooftop,Amman-Zarqa Metro,Amman,Amman,31.98595,36.00387,30,3,HUB-AMM-39,HUB-AMM-39-R01,Fiber ring,0
RO-04,Jan 2028 – Mar 2028,AMM-U-1168,U,Rooftop,Amman-Zarqa Metro,Amman,Zarqa,31.98947,36.00529,30,3,HUB-AMM-39,HUB-AMM-39-R01,Fiber ring,1
RO-04,Jan 2028 – Mar 2028,AMM-U-1058,U,Monopole / greenfield,Amman-Zarqa Metro,Amman,Amman,31.97890,36.00860,30,3,HUB-AMM-39,HUB-AMM-39-R02,Fiber ring,0
RO-04,Jan 2028 – Mar 2028,AMM-U-1059,U,Monopole / greenfield,Amman-Zarqa Metro,Amman,Amman,31.97849,36.01380,30,3,HUB-AMM-39,HUB-AMM-39-R02,Fiber ring,0
RO-04,Jan 2028 – Mar 2028,AMM-U-1060,U,Monopole / greenfield,Amman-Zarqa Metro,Amman,Amman,31.97890,36.01805,30,3,HUB-AMM-39,HUB-AMM-39-R02,Fiber ring,0
RO-04,Jan 2028 – Mar 2028,AMM-U-1089,U,Rooftop,Amman-Zarqa Metro,Amman,Amman,31.98243,36.00718,30,3,HUB-AMM-39,HUB-AMM-39-R02,Fiber ring,0
RO-04,Jan 2028 – Mar 2028,AMM-U-1090,U,Monopole / greenfield,Amman-Zarqa Metro,Amman,Amman,31.98161,36.01096,30,3,HUB-AMM-39,HUB-AMM-39-R02,Fiber ring,0
RO-04,Jan 2028 – Mar 2028,AMM-U-1091,U,Monopole / greenfield,Amman-Zarqa Metro,Amman,Amman,31.98243,36.01569,30,3,HUB-AMM-39,HUB-AMM-39-R02,Fiber ring,0
RO-04,Jan 2028 – Mar 2028,AMM-U-1125,U,Rooftop,Amman-Zarqa Metro,Amman,Amman,31.98514,36.00860,30,3,HUB-AMM-39,HUB-AMM-39-R02,Fiber ring,0
RO-04,Jan 2028 – Mar 2028,AMM-SU-2854,SU,Rooftop,Amman-Zarqa Metro,Amman outskirts,Zarqa,31.98850,36.02525,32,3,HUB-AMM-39,HUB-AMM-39-R03,Fiber ring,0
RO-04,Jan 2028 – Mar 2028,AMM-SU-2867,SU,Rooftop,Amman-Zarqa Metro,Amman outskirts,Zarqa,31.99417,36.02388,32,3,HUB-AMM-39,HUB-AMM-39-R03,Fiber ring,0
RO-04,Jan 2028 – Mar 2028,AMM-U-1092,U,Monopole / greenfield,Amman-Zarqa Metro,Amman,Amman,31.98283,36.02089,30,3,HUB-AMM-39,HUB-AMM-39-R03,Fiber ring,0
RO-04,Jan 2028 – Mar 2028,AMM-U-1126,U,Rooftop,Amman-Zarqa Metro,Amman,Zarqa,31.98595,36.01427,30,3,HUB-AMM-39,HUB-AMM-39-R03,Fiber ring,0
RO-04,Jan 2028 – Mar 2028,AMM-U-1127,U,Rooftop,Amman-Zarqa Metro,Amman,Zarqa,31.98595,36.01900,30,3,HUB-AMM-39,HUB-AMM-39-R03,Fiber ring,0
RO-04,Jan 2028 – Mar 2028,AMM-U-1169,U,Rooftop,Amman-Zarqa Metro,Amman,Zarqa,31.98988,36.01049,30,3,HUB-AMM-39,HUB-AMM-39-R03,Fiber ring,0
RO-04,Jan 2028 – Mar 2028,AMM-U-1170,U,Rooftop,Amman-Zarqa Metro,Amman,Zarqa,31.98866,36.01569,30,3,HUB-AMM-39,HUB-AMM-39-R03,Fiber ring,0
RO-04,Jan 2028 – Mar 2028,AMM-SU-2880,SU,Rooftop,Amman-Zarqa Metro,Amman outskirts,Zarqa,31.99868,36.01842,32,3,HUB-AMM-39,HUB-AMM-39-R04,Fiber ring,0
RO-04,Jan 2028 – Mar 2028,AMM-SU-2897,SU,Rooftop,Amman-Zarqa Metro,Amman outskirts,Zarqa,32.00377,36.00954,32,3,HUB-AMM-39,HUB-AMM-39-R04,Fiber ring,0
RO-04,Jan 2028 – Mar 2028,AMM-SU-2898,SU,Rooftop,Amman-Zarqa Metro,Amman outskirts,Zarqa,32.00553,36.01569,32,3,HUB-AMM-39,HUB-AMM-39-R04,Fiber ring,0
RO-04,Jan 2028 – Mar 2028,AMM-U-1213,U,Rooftop,Amman-Zarqa Metro,Amman,Zarqa,31.99300,36.00765,30,3,HUB-AMM-39,HUB-AMM-39-R04,Fiber ring,0
RO-04,Jan 2028 – Mar 2028,AMM-U-1214,U,Rooftop,Amman-Zarqa Metro,Amman,Zarqa,31.99300,36.01333,30,3,HUB-AMM-39,HUB-AMM-39-R04,Fiber ring,0
RO-04,Jan 2028 – Mar 2028,AMM-U-1258,U,Rooftop,Amman-Zarqa Metro,Amman,Zarqa,31.99652,36.01096,30,3,HUB-AMM-39,HUB-AMM-39-R04,Fiber ring,0
RO-04,Jan 2028 – Mar 2028,AMM-U-1301,U,Rooftop,Amman-Zarqa Metro,Amman,Zarqa,32.00086,36.00860,30,3,HUB-AMM-39,HUB-AMM-39-R04,Fiber ring,0
RO-04,Jan 2028 – Mar 2028,AMM-SU-2896,SU,Rooftop,Amman-Zarqa Metro,Amman outskirts,Zarqa,32.00318,36.00204,32,3,HUB-AMM-39,HUB-AMM-39-R05,Fiber ring,0
RO-04,Jan 2028 – Mar 2028,AMM-SU-2914,SU,Rooftop,Amman-Zarqa Metro,Amman outskirts,Zarqa,32.00886,36.00613,32,3,HUB-AMM-39,HUB-AMM-39-R05,Fiber ring,0
RO-04,Jan 2028 – Mar 2028,AMM-U-1212,U,Rooftop,Amman-Zarqa Metro,Amman,Zarqa,31.99300,36.00387,30,3,HUB-AMM-39,HUB-AMM-39-R05,Fiber ring,0
RO-04,Jan 2028 – Mar 2028,AMM-U-1256,U,Rooftop,Amman-Zarqa Metro,Amman,Zarqa,31.99612,36.00198,30,3,HUB-AMM-39,HUB-AMM-39-R05,Fiber ring,0
RO-04,Jan 2028 – Mar 2028,AMM-U-1257,U,Rooftop,Amman-Zarqa Metro,Amman,Zarqa,31.99652,36.00529,30,3,HUB-AMM-39,HUB-AMM-39-R05,Fiber ring,0
RO-04,Jan 2028 – Mar 2028,AMM-U-1299,U,Rooftop,Amman-Zarqa Metro,Amman,Zarqa,32.00005,35.99915,30,3,HUB-AMM-39,HUB-AMM-39-R05,Fiber ring,0
RO-04,Jan 2028 – Mar 2028,AMM-U-1300,U,Rooftop,Amman-Zarqa Metro,Amman,Zarqa,31.99964,36.00387,30,3,HUB-AMM-39,HUB-AMM-39-R05,Fiber ring,0
RO-04,Jan 2028 – Mar 2028,AMM-U-1166,U,Rooftop,Amman-Zarqa Metro,Amman,Amman,31.98947,35.99678,30,3,HUB-AMM-39,HUB-AMM-39-R06,Fiber ring,0
RO-04,Jan 2028 – Mar 2028,AMM-U-1167,U,Rooftop,Amman-Zarqa Metro,Amman,Amman,31.98947,36.00057,30,3,HUB-AMM-39,HUB-AMM-39-R06,Fiber ring,0
RO-04,Jan 2028 – Mar 2028,AMM-U-1210,U,Rooftop,Amman-Zarqa Metro,Amman,Amman,31.99219,35.99442,30,3,HUB-AMM-39,HUB-AMM-39-R06,Fiber ring,0
RO-04,Jan 2028 – Mar 2028,AMM-U-1211,U,Rooftop,Amman-Zarqa Metro,Amman,Zarqa,31.99341,35.99867,30,3,HUB-AMM-39,HUB-AMM-39-R06,Fiber ring,0
RO-04,Jan 2028 – Mar 2028,AMM-U-1255,U,Rooftop,Amman-Zarqa Metro,Amman,Zarqa,31.99652,35.99773,30,3,HUB-AMM-39,HUB-AMM-39-R06,Fiber ring,0
RO-04,Jan 2028 – Mar 2028,AMM-SU-2526,SU,Rooftop,Amman-Zarqa Metro,Amman outskirts,Amman,31.88727,35.93855,32,3,HUB-AMM-40,HUB-AMM-40-R01,Fiber ring,0
RO-04,Jan 2028 – Mar 2028,AMM-U-0427,U,Rooftop,Amman-Zarqa Metro,Amman,Amman,31.89079,35.93629,30,3,HUB-AMM-40,HUB-AMM-40-R01,Fiber ring,0
RO-04,Jan 2028 – Mar 2028,AMM-U-0428,U,Rooftop,Amman-Zarqa Metro,Amman,Amman,31.89038,35.93960,30,3,HUB-AMM-40,HUB-AMM-40-R01,Fiber ring,0
RO-04,Jan 2028 – Mar 2028,AMM-U-0439,U,Rooftop,Amman-Zarqa Metro,Amman,Amman,31.89431,35.93677,30,3,HUB-AMM-40,HUB-AMM-40-R01,Fiber ring,0
RO-04,Jan 2028 – Mar 2028,AMM-U-0440,U,Rooftop,Amman-Zarqa Metro,Amman,Amman,31.89472,35.94291,30,3,HUB-AMM-40,HUB-AMM-40-R01,Fiber ring,0
RO-04,Jan 2028 – Mar 2028,AMM-U-0453,U,Rooftop,Amman-Zarqa Metro,Amman,Amman,31.89703,35.93535,30,3,HUB-AMM-40,HUB-AMM-40-R01,Fiber ring,0
RO-04,Jan 2028 – Mar 2028,AMM-U-0454,U,Rooftop,Amman-Zarqa Metro,Amman,Amman,31.89784,35.94007,30,3,HUB-AMM-40,HUB-AMM-40-R01,Fiber ring,0
RO-04,Jan 2028 – Mar 2028,AMM-U-0474,U,Rooftop,Amman-Zarqa Metro,Amman,Amman,31.90055,35.94716,30,3,HUB-AMM-40,HUB-AMM-40-R01,Fiber ring,1
RO-04,Jan 2028 – Mar 2028,AMM-SU-2495,SU,Rooftop,Amman-Zarqa Metro,Amman outskirts,Amman,31.88335,35.94060,32,3,HUB-AMM-40,HUB-AMM-40-R02,Fiber ring,0
RO-04,Jan 2028 – Mar 2028,AMM-SU-2496,SU,Rooftop,Amman-Zarqa Metro,Amman outskirts,Amman,31.88217,35.94606,32,3,HUB-AMM-40,HUB-AMM-40-R02,Fiber ring,0
RO-04,Jan 2028 – Mar 2028,AMM-SU-2527,SU,Rooftop,Amman-Zarqa Metro,Amman outskirts,Amman,31.88785,35.94469,32,3,HUB-AMM-40,HUB-AMM-40-R02,Fiber ring,0
RO-04,Jan 2028 – Mar 2028,AMM-SU-2528,SU,Rooftop,Amman-Zarqa Metro,Amman outskirts,Amman,31.88727,35.94947,32,3,HUB-AMM-40,HUB-AMM-40-R02,Fiber ring,0
RO-04,Jan 2028 – Mar 2028,AMM-U-0429,U,Rooftop,Amman-Zarqa Metro,Amman,Amman,31.88998,35.94480,30,3,HUB-AMM-40,HUB-AMM-40-R02,Fiber ring,0
RO-04,Jan 2028 – Mar 2028,AMM-U-0441,U,Rooftop,Amman-Zarqa Metro,Amman,Amman,31.89472,35.94763,30,3,HUB-AMM-40,HUB-AMM-40-R02,Fiber ring,0
RO-04,Jan 2028 – Mar 2028,AMM-U-0455,U,Rooftop,Amman-Zarqa Metro,Amman,Amman,31.89784,35.94574,30,3,HUB-AMM-40,HUB-AMM-40-R02,Fiber ring,0
RO-04,Jan 2028 – Mar 2028,AMM-SU-2529,SU,Rooftop,Amman-Zarqa Metro,Amman outskirts,Amman,31.88844,35.95766,32,3,HUB-AMM-40,HUB-AMM-40-R03,Fiber ring,0
RO-04,Jan 2028 – Mar 2028,AMM-SU-2554,SU,Rooftop,Amman-Zarqa Metro,Amman outskirts,Amman,31.89236,35.95971,32,3,HUB-AMM-40,HUB-AMM-40-R03,Fiber ring,0
RO-04,Jan 2028 – Mar 2028,AMM-SU-2555,SU,Rooftop,Amman-Zarqa Metro,Amman outskirts,Amman,31.89353,35.96790,32,3,HUB-AMM-40,HUB-AMM-40-R03,Fiber ring,0
RO-04,Jan 2028 – Mar 2028,AMM-U-0442,U,Rooftop,Amman-Zarqa Metro,Amman,Amman,31.89431,35.95283,30,3,HUB-AMM-40,HUB-AMM-40-R03,Fiber ring,0
RO-04,Jan 2028 – Mar 2028,AMM-U-0456,U,Rooftop,Amman-Zarqa Metro,Amman,Amman,31.89865,35.94953,30,3,HUB-AMM-40,HUB-AMM-40-R03,Fiber ring,0
RO-04,Jan 2028 – Mar 2028,AMM-U-0457,U,Rooftop,Amman-Zarqa Metro,Amman,Amman,31.89865,35.95425,30,3,HUB-AMM-40,HUB-AMM-40-R03,Fiber ring,0
RO-04,Jan 2028 – Mar 2028,AMM-U-0458,U,Rooftop,Amman-Zarqa Metro,Amman,Amman,31.89825,35.95850,30,3,HUB-AMM-40,HUB-AMM-40-R03,Fiber ring,0
RO-04,Jan 2028 – Mar 2028,AMM-U-0459,U,Rooftop,Amman-Zarqa Metro,Amman,Amman,31.89865,35.96370,30,3,HUB-AMM-40,HUB-AMM-40-R04,Fiber ring,0
RO-04,Jan 2028 – Mar 2028,AMM-U-0475,U,Rooftop,Amman-Zarqa Metro,Amman,Amman,31.90136,35.95189,30,3,HUB-AMM-40,HUB-AMM-40-R04,Fiber ring,0
RO-04,Jan 2028 – Mar 2028,AMM-U-0476,U,Rooftop,Amman-Zarqa Metro,Amman,Amman,31.90177,35.95709,30,3,HUB-AMM-40,HUB-AMM-40-R04,Fiber ring,0
RO-04,Jan 2028 – Mar 2028,AMM-U-0477,U,Rooftop,Amman-Zarqa Metro,Amman,Amman,31.90177,35.96181,30,3,HUB-AMM-40,HUB-AMM-40-R04,Fiber ring,0
RO-04,Jan 2028 – Mar 2028,AMM-U-0498,U,Rooftop,Amman-Zarqa Metro,Amman,Amman,31.90489,35.95803,30,3,HUB-AMM-40,HUB-AMM-40-R04,Fiber ring,0
RO-04,Jan 2028 – Mar 2028,AMM-U-0499,U,Rooftop,Amman-Zarqa Metro,Amman,Amman,31.90489,35.96276,30,3,HUB-AMM-40,HUB-AMM-40-R04,Fiber ring,0
RO-04,Jan 2028 – Mar 2028,AMM-U-0522,U,Rooftop,Amman-Zarqa Metro,Amman,Amman,31.90760,35.96134,30,3,HUB-AMM-40,HUB-AMM-40-R04,Fiber ring,0
RO-04,Jan 2028 – Mar 2028,AMM-U-0496,U,Rooftop,Amman-Zarqa Metro,Amman,Amman,31.90570,35.94953,30,3,HUB-AMM-40,HUB-AMM-40-R05,Fiber ring,0
RO-04,Jan 2028 – Mar 2028,AMM-U-0497,U,Rooftop,Amman-Zarqa Metro,Amman,Amman,31.90489,35.95520,30,3,HUB-AMM-40,HUB-AMM-40-R05,Fiber ring,0
RO-04,Jan 2028 – Mar 2028,AMM-U-0520,U,Rooftop,Amman-Zarqa Metro,Amman,Amman,31.90841,35.95094,30,3,HUB-AMM-40,HUB-AMM-40-R05,Fiber ring,0
RO-04,Jan 2028 – Mar 2028,AMM-U-0521,U,Rooftop,Amman-Zarqa Metro,Amman,Amman,31.90841,35.95661,30,3,HUB-AMM-40,HUB-AMM-40-R05,Fiber ring,0
RO-04,Jan 2028 – Mar 2028,AMM-U-0546,U,Rooftop,Amman-Zarqa Metro,Amman,Amman,31.91153,35.95378,30,3,HUB-AMM-40,HUB-AMM-40-R05,Fiber ring,0
RO-04,Jan 2028 – Mar 2028,AMM-U-0547,U,Rooftop,Amman-Zarqa Metro,Amman,Amman,31.91194,35.95898,30,3,HUB-AMM-40,HUB-AMM-40-R05,Fiber ring,0
RO-04,Jan 2028 – Mar 2028,AMM-U-0574,U,Rooftop,Amman-Zarqa Metro,Amman,Amman,31.91546,35.95567,30,3,HUB-AMM-40,HUB-AMM-40-R05,Fiber ring,0
RO-04,Jan 2028 – Mar 2028,AMM-U-0519,U,Rooftop,Amman-Zarqa Metro,Amman,Amman,31.90882,35.94763,30,3,HUB-AMM-40,HUB-AMM-40-R06,Fiber ring,0
RO-04,Jan 2028 – Mar 2028,AMM-U-0545,U,Rooftop,Amman-Zarqa Metro,Amman,Amman,31.91112,35.94953,30,3,HUB-AMM-40,HUB-AMM-40-R06,Fiber ring,0
RO-04,Jan 2028 – Mar 2028,AMM-U-0572,U,Rooftop,Amman-Zarqa Metro,Amman,Amman,31.91546,35.94811,30,3,HUB-AMM-40,HUB-AMM-40-R06,Fiber ring,0
RO-04,Jan 2028 – Mar 2028,AMM-U-0573,U,Rooftop,Amman-Zarqa Metro,Amman,Amman,31.91546,35.95283,30,3,HUB-AMM-40,HUB-AMM-40-R06,Fiber ring,0
RO-04,Jan 2028 – Mar 2028,AMM-U-0602,U,Rooftop,Amman-Zarqa Metro,Amman,Amman,31.91899,35.94480,30,3,HUB-AMM-40,HUB-AMM-40-R06,Fiber ring,0
RO-04,Jan 2028 – Mar 2028,AMM-U-0603,U,Rooftop,Amman-Zarqa Metro,Amman,Amman,31.91817,35.94953,30,3,HUB-AMM-40,HUB-AMM-40-R06,Fiber ring,0
RO-04,Jan 2028 – Mar 2028,AMM-U-0604,U,Rooftop,Amman-Zarqa Metro,Amman,Amman,31.91939,35.95472,30,3,HUB-AMM-40,HUB-AMM-40-R06,Fiber ring,0
RO-04,Jan 2028 – Mar 2028,AMM-U-0494,U,Rooftop,Amman-Zarqa Metro,Amman,Amman,31.90489,35.94007,30,3,HUB-AMM-40,HUB-AMM-40-R07,Fiber ring,0
RO-04,Jan 2028 – Mar 2028,AMM-U-0495,U,Rooftop,Amman-Zarqa Metro,Amman,Amman,31.90570,35.94480,30,3,HUB-AMM-40,HUB-AMM-40-R07,Fiber ring,0
RO-04,Jan 2028 – Mar 2028,AMM-U-0517,U,Rooftop,Amman-Zarqa Metro,Amman,Amman,31.90841,35.93771,30,3,HUB-AMM-40,HUB-AMM-40-R07,Fiber ring,0
RO-04,Jan 2028 – Mar 2028,AMM-U-0518,U,Rooftop,Amman-Zarqa Metro,Amman,Amman,31.90801,35.94291,30,3,HUB-AMM-40,HUB-AMM-40-R07,Fiber ring,0
RO-04,Jan 2028 – Mar 2028,AMM-U-0543,U,Rooftop,Amman-Zarqa Metro,Amman,Amman,31.91194,35.94007,30,3,HUB-AMM-40,HUB-AMM-40-R07,Fiber ring,0
RO-04,Jan 2028 – Mar 2028,AMM-U-0544,U,Rooftop,Amman-Zarqa Metro,Amman,Amman,31.91153,35.94527,30,3,HUB-AMM-40,HUB-AMM-40-R07,Fiber ring,0
RO-04,Jan 2028 – Mar 2028,AMM-U-0571,U,Rooftop,Amman-Zarqa Metro,Amman,Amman,31.91465,35.94244,30,3,HUB-AMM-40,HUB-AMM-40-R07,Fiber ring,0
RO-04,Jan 2028 – Mar 2028,AMM-U-0471,U,Rooftop,Amman-Zarqa Metro,Amman,Amman,31.90136,35.93298,30,3,HUB-AMM-40,HUB-AMM-40-R08,Fiber ring,0
RO-04,Jan 2028 – Mar 2028,AMM-U-0472,U,Rooftop,Amman-Zarqa Metro,Amman,Amman,31.90136,35.93677,30,3,HUB-AMM-40,HUB-AMM-40-R08,Fiber ring,0
RO-04,Jan 2028 – Mar 2028,AMM-U-0473,U,Rooftop,Amman-Zarqa Metro,Amman,Amman,31.90136,35.94338,30,3,HUB-AMM-40,HUB-AMM-40-R08,Fiber ring,0
RO-04,Jan 2028 – Mar 2028,AMM-U-0493,U,Rooftop,Amman-Zarqa Metro,Amman,Amman,31.90489,35.93535,30,3,HUB-AMM-40,HUB-AMM-40-R08,Fiber ring,0
RO-04,Jan 2028 – Mar 2028,AMM-SU-2575,SU,Rooftop,Amman-Zarqa Metro,Amman outskirts,Amman,31.89627,35.85527,32,3,HUB-AMM-51,HUB-AMM-51-R01,Fiber ring,0
RO-04,Jan 2028 – Mar 2028,AMM-SU-2600,SU,Rooftop,Amman-Zarqa Metro,Amman outskirts,Amman,31.90254,35.84503,32,3,HUB-AMM-51,HUB-AMM-51-R01,Fiber ring,0
RO-04,Jan 2028 – Mar 2028,AMM-SU-2601,SU,Rooftop,Amman-Zarqa Metro,Amman outskirts,Amman,31.90254,35.85186,32,3,HUB-AMM-51,HUB-AMM-51-R01,Fiber ring,0
RO-04,Jan 2028 – Mar 2028,AMM-SU-2602,SU,Rooftop,Amman-Zarqa Metro,Amman outskirts,Amman,31.90136,35.85868,32,3,HUB-AMM-51,HUB-AMM-51-R01,Fiber ring,0
RO-04,Jan 2028 – Mar 2028,AMM-SU-2626,SU,Rooftop,Amman-Zarqa Metro,Amman outskirts,Amman,31.90645,35.84844,32,3,HUB-AMM-51,HUB-AMM-51-R01,Fiber ring,0
RO-04,Jan 2028 – Mar 2028,AMM-SU-2627,SU,Rooftop,Amman-Zarqa Metro,Amman outskirts,Amman,31.90645,35.85527,32,3,HUB-AMM-51,HUB-AMM-51-R01,Fiber ring,0
RO-04,Jan 2028 – Mar 2028,AMM-U-0526,U,Monopole / greenfield,Amman-Zarqa Metro,Amman,Amman,31.91194,35.85879,30,3,HUB-AMM-51,HUB-AMM-51-R01,Fiber ring,0
RO-04,Jan 2028 – Mar 2028,AMM-U-0527,U,Monopole / greenfield,Amman-Zarqa Metro,Amman,Amman,31.91275,35.86446,30,3,HUB-AMM-51,HUB-AMM-51-R01,Fiber ring,1
RO-04,Jan 2028 – Mar 2028,AMM-SU-2576,SU,Rooftop,Amman-Zarqa Metro,Amman outskirts,Amman,31.89862,35.86210,32,3,HUB-AMM-51,HUB-AMM-51-R02,Fiber ring,0
RO-04,Jan 2028 – Mar 2028,AMM-SU-2577,SU,Rooftop,Amman-Zarqa Metro,Amman outskirts,Amman,31.89745,35.86892,32,3,HUB-AMM-51,HUB-AMM-51-R02,Fiber ring,0
RO-04,Jan 2028 – Mar 2028,AMM-SU-2603,SU,Rooftop,Amman-Zarqa Metro,Amman outskirts,Amman,31.90313,35.86619,32,3,HUB-AMM-51,HUB-AMM-51-R02,Fiber ring,0
RO-04,Jan 2028 – Mar 2028,AMM-SU-2628,SU,Rooftop,Amman-Zarqa Metro,Amman outskirts,Amman,31.90645,35.86210,32,3,HUB-AMM-51,HUB-AMM-51-R02,Fiber ring,0
RO-04,Jan 2028 – Mar 2028,AMM-U-0480,U,Rooftop,Amman-Zarqa Metro,Amman,Amman,31.90489,35.87391,30,3,HUB-AMM-51,HUB-AMM-51-R02,Fiber ring,0
RO-04,Jan 2028 – Mar 2028,AMM-U-0502,U,Rooftop,Amman-Zarqa Metro,Amman,Amman,31.90760,35.86682,30,3,HUB-AMM-51,HUB-AMM-51-R02,Fiber ring,0
RO-04,Jan 2028 – Mar 2028,AMM-U-0503,U,Rooftop,Amman-Zarqa Metro,Amman,Amman,31.90760,35.87155,30,3,HUB-AMM-51,HUB-AMM-51-R02,Fiber ring,0
RO-04,Jan 2028 – Mar 2028,AMM-U-0460,U,Rooftop,Amman-Zarqa Metro,Amman,Amman,31.90136,35.88100,30,3,HUB-AMM-51,HUB-AMM-51-R03,Fiber ring,0
RO-04,Jan 2028 – Mar 2028,AMM-U-0481,U,Rooftop,Amman-Zarqa Metro,Amman,Amman,31.90489,35.87864,30,3,HUB-AMM-51,HUB-AMM-51-R03,Fiber ring,0
RO-04,Jan 2028 – Mar 2028,AMM-U-0504,U,Rooftop,Amman-Zarqa Metro,Amman,Amman,31.90841,35.87627,30,3,HUB-AMM-51,HUB-AMM-51-R03,Fiber ring,0
RO-04,Jan 2028 – Mar 2028,AMM-U-0505,U,Rooftop,Amman-Zarqa Metro,Amman,Amman,31.90841,35.88100,30,3,HUB-AMM-51,HUB-AMM-51-R03,Fiber ring,0
RO-04,Jan 2028 – Mar 2028,AMM-U-0528,U,Monopole / greenfield,Amman-Zarqa Metro,Amman,Amman,31.91275,35.86918,30,3,HUB-AMM-51,HUB-AMM-51-R03,Fiber ring,0
RO-04,Jan 2028 – Mar 2028,AMM-U-0529,U,Monopole / greenfield,Amman-Zarqa Metro,Amman,Amman,31.91194,35.87391,30,3,HUB-AMM-51,HUB-AMM-51-R03,Fiber ring,0
RO-04,Jan 2028 – Mar 2028,AMM-U-0530,U,Monopole / greenfield,Amman-Zarqa Metro,Amman,Amman,31.91194,35.87769,30,3,HUB-AMM-51,HUB-AMM-51-R03,Fiber ring,0
RO-04,Jan 2028 – Mar 2028,AMM-U-0555,U,Monopole / greenfield,Amman-Zarqa Metro,Amman,Amman,31.91465,35.86682,30,3,HUB-AMM-51,HUB-AMM-51-R04,Fiber ring,0
RO-04,Jan 2028 – Mar 2028,AMM-U-0556,U,Monopole / greenfield,Amman-Zarqa Metro,Amman,Amman,31.91465,35.87155,30,3,HUB-AMM-51,HUB-AMM-51-R04,Fiber ring,0
RO-04,Jan 2028 – Mar 2028,AMM-U-0557,U,Monopole / greenfield,Amman-Zarqa Metro,Amman,Amman,31.91465,35.87627,30,3,HUB-AMM-51,HUB-AMM-51-R04,Fiber ring,0
RO-04,Jan 2028 – Mar 2028,AMM-U-0587,U,Monopole / greenfield,Amman-Zarqa Metro,Amman,Amman,31.91817,35.87391,30,3,HUB-AMM-51,HUB-AMM-51-R04,Fiber ring,0
RO-04,Jan 2028 – Mar 2028,AMM-U-0588,U,Monopole / greenfield,Amman-Zarqa Metro,Amman,Amman,31.91858,35.87816,30,3,HUB-AMM-51,HUB-AMM-51-R04,Fiber ring,0
RO-04,Jan 2028 – Mar 2028,AMM-U-0619,U,Monopole / greenfield,Amman-Zarqa Metro,Amman,Amman,31.92170,35.87155,30,3,HUB-AMM-51,HUB-AMM-51-R04,Fiber ring,0
RO-04,Jan 2028 – Mar 2028,AMM-U-0620,U,Monopole / greenfield,Amman-Zarqa Metro,Amman,Amman,31.92170,35.87627,30,3,HUB-AMM-51,HUB-AMM-51-R04,Fiber ring,0
RO-04,Jan 2028 – Mar 2028,AMM-U-0553,U,Monopole / greenfield,Amman-Zarqa Metro,Amman,Amman,31.91628,35.85737,30,3,HUB-AMM-51,HUB-AMM-51-R05,Fiber ring,0
RO-04,Jan 2028 – Mar 2028,AMM-U-0554,U,Monopole / greenfield,Amman-Zarqa Metro,Amman,Amman,31.91465,35.86210,30,3,HUB-AMM-51,HUB-AMM-51-R05,Fiber ring,0
RO-04,Jan 2028 – Mar 2028,AMM-U-0584,U,Monopole / greenfield,Amman-Zarqa Metro,Amman,Amman,31.91899,35.85879,30,3,HUB-AMM-51,HUB-AMM-51-R05,Fiber ring,0
RO-04,Jan 2028 – Mar 2028,AMM-U-0585,U,Monopole / greenfield,Amman-Zarqa Metro,Amman,Amman,31.91899,35.86540,30,3,HUB-AMM-51,HUB-AMM-51-R05,Fiber ring,0
RO-04,Jan 2028 – Mar 2028,AMM-U-0586,U,Monopole / greenfield,Amman-Zarqa Metro,Amman,Amman,31.91858,35.86871,30,3,HUB-AMM-51,HUB-AMM-51-R05,Fiber ring,0
RO-04,Jan 2028 – Mar 2028,AMM-U-0617,U,Monopole / greenfield,Amman-Zarqa Metro,Amman,Amman,31.92251,35.86304,30,3,HUB-AMM-51,HUB-AMM-51-R05,Fiber ring,0
RO-04,Jan 2028 – Mar 2028,AMM-U-0618,U,Monopole / greenfield,Amman-Zarqa Metro,Amman,Amman,31.92251,35.86588,30,3,HUB-AMM-51,HUB-AMM-51-R05,Fiber ring,0
RO-04,Jan 2028 – Mar 2028,AMM-U-1119,U,Rooftop,Amman-Zarqa Metro,Amman,Amman,31.98595,35.98119,30,3,HUB-AMM-54,HUB-AMM-54-R01,Fiber ring,0
RO-04,Jan 2028 – Mar 2028,AMM-U-1160,U,Rooftop,Amman-Zarqa Metro,Amman,Amman,31.98907,35.96796,30,3,HUB-AMM-54,HUB-AMM-54-R01,Fiber ring,0
RO-04,Jan 2028 – Mar 2028,AMM-U-1161,U,Rooftop,Amman-Zarqa Metro,Amman,Amman,31.98947,35.97221,30,3,HUB-AMM-54,HUB-AMM-54-R01,Fiber ring,0
RO-04,Jan 2028 – Mar 2028,AMM-U-1162,U,Rooftop,Amman-Zarqa Metro,Amman,Amman,31.98947,35.97694,30,3,HUB-AMM-54,HUB-AMM-54-R01,Fiber ring,0
RO-04,Jan 2028 – Mar 2028,AMM-U-1205,U,Rooftop,Amman-Zarqa Metro,Amman,Amman,31.99300,35.96985,30,3,HUB-AMM-54,HUB-AMM-54-R01,Fiber ring,0
RO-04,Jan 2028 – Mar 2028,AMM-U-1206,U,Rooftop,Amman-Zarqa Metro,Amman,Amman,31.99300,35.97552,30,3,HUB-AMM-54,HUB-AMM-54-R01,Fiber ring,0
RO-04,Jan 2028 – Mar 2028,AMM-U-1207,U,Rooftop,Amman-Zarqa Metro,Amman,Amman,31.99341,35.97977,30,3,HUB-AMM-54,HUB-AMM-54-R01,Fiber ring,0
RO-04,Jan 2028 – Mar 2028,AMM-U-1252,U,Rooftop,Amman-Zarqa Metro,Amman,Amman,31.99652,35.98166,30,3,HUB-AMM-54,HUB-AMM-54-R01,Fiber ring,1
RO-04,Jan 2028 – Mar 2028,AMM-U-1120,U,Rooftop,Amman-Zarqa Metro,Amman,Amman,31.98595,35.98591,30,3,HUB-AMM-54,HUB-AMM-54-R02,Fiber ring,0
RO-04,Jan 2028 – Mar 2028,AMM-U-1121,U,Rooftop,Amman-Zarqa Metro,Amman,Amman,31.98595,35.98970,30,3,HUB-AMM-54,HUB-AMM-54-R02,Fiber ring,0
RO-04,Jan 2028 – Mar 2028,AMM-U-1163,U,Rooftop,Amman-Zarqa Metro,Amman,Amman,31.98907,35.98213,30,3,HUB-AMM-54,HUB-AMM-54-R02,Fiber ring,0
RO-04,Jan 2028 – Mar 2028,AMM-U-1164,U,Rooftop,Amman-Zarqa Metro,Amman,Amman,31.98947,35.98828,30,3,HUB-AMM-54,HUB-AMM-54-R02,Fiber ring,0
RO-04,Jan 2028 – Mar 2028,AMM-U-1165,U,Rooftop,Amman-Zarqa Metro,Amman,Amman,31.98947,35.99111,30,3,HUB-AMM-54,HUB-AMM-54-R02,Fiber ring,0
RO-04,Jan 2028 – Mar 2028,AMM-U-1208,U,Rooftop,Amman-Zarqa Metro,Amman,Amman,31.99219,35.98497,30,3,HUB-AMM-54,HUB-AMM-54-R02,Fiber ring,0
RO-04,Jan 2028 – Mar 2028,AMM-U-1209,U,Rooftop,Amman-Zarqa Metro,Amman,Amman,31.99219,35.98970,30,3,HUB-AMM-54,HUB-AMM-54-R02,Fiber ring,0
RO-04,Jan 2028 – Mar 2028,AMM-SU-2913,SU,Rooftop,Amman-Zarqa Metro,Amman outskirts,Zarqa,32.00945,35.99726,32,3,HUB-AMM-54,HUB-AMM-54-R03,Fiber ring,0
RO-04,Jan 2028 – Mar 2028,AMM-U-1253,U,Rooftop,Amman-Zarqa Metro,Amman,Amman,31.99652,35.98828,30,3,HUB-AMM-54,HUB-AMM-54-R03,Fiber ring,0
RO-04,Jan 2028 – Mar 2028,AMM-U-1254,U,Rooftop,Amman-Zarqa Metro,Amman,Amman,31.99571,35.99206,30,3,HUB-AMM-54,HUB-AMM-54-R03,Fiber ring,0
RO-04,Jan 2028 – Mar 2028,AMM-U-1297,U,Rooftop,Amman-Zarqa Metro,Amman,Zarqa,31.99923,35.98970,30,3,HUB-AMM-54,HUB-AMM-54-R03,Fiber ring,0
RO-04,Jan 2028 – Mar 2028,AMM-U-1298,U,Rooftop,Amman-Zarqa Metro,Amman,Zarqa,32.00005,35.99537,30,3,HUB-AMM-54,HUB-AMM-54-R03,Fiber ring,0
RO-04,Jan 2028 – Mar 2028,AMM-U-1343,U,Monopole / greenfield,Amman-Zarqa Metro,Amman,Zarqa,32.00357,35.98733,30,3,HUB-AMM-54,HUB-AMM-54-R03,Fiber ring,0
RO-04,Jan 2028 – Mar 2028,AMM-U-1344,U,Monopole / greenfield,Amman-Zarqa Metro,Amman,Zarqa,32.00357,35.99111,30,3,HUB-AMM-54,HUB-AMM-54-R03,Fiber ring,0
RO-04,Jan 2028 – Mar 2028,AMM-SU-2911,SU,Monopole / greenfield,Amman-Zarqa Metro,Amman outskirts,Zarqa,32.00945,35.98360,32,3,HUB-AMM-54,HUB-AMM-54-R04,Fiber ring,0
RO-04,Jan 2028 – Mar 2028,AMM-SU-2912,SU,Monopole / greenfield,Amman-Zarqa Metro,Amman outskirts,Zarqa,32.01062,35.99180,32,3,HUB-AMM-54,HUB-AMM-54-R04,Fiber ring,0
RO-04,Jan 2028 – Mar 2028,AMM-U-1295,U,Rooftop,Amman-Zarqa Metro,Amman,Amman,31.99923,35.98024,30,3,HUB-AMM-54,HUB-AMM-54-R04,Fiber ring,0
RO-04,Jan 2028 – Mar 2028,AMM-U-1296,U,Rooftop,Amman-Zarqa Metro,Amman,Amman,32.00005,35.98402,30,3,HUB-AMM-54,HUB-AMM-54-R04,Fiber ring,0
RO-04,Jan 2028 – Mar 2028,AMM-U-1341,U,Monopole / greenfield,Amman-Zarqa Metro,Amman,Amman,32.00439,35.97788,30,3,HUB-AMM-54,HUB-AMM-54-R04,Fiber ring,0
RO-04,Jan 2028 – Mar 2028,AMM-U-1342,U,Monopole / greenfield,Amman-Zarqa Metro,Amman,Amman,32.00398,35.98213,30,3,HUB-AMM-54,HUB-AMM-54-R04,Fiber ring,0
RO-04,Jan 2028 – Mar 2028,AMM-U-1390,U,Monopole / greenfield,Amman-Zarqa Metro,Amman,Amman,32.00628,35.98024,30,3,HUB-AMM-54,HUB-AMM-54-R04,Fiber ring,0
RO-04,Jan 2028 – Mar 2028,AMM-U-1251,U,Rooftop,Amman-Zarqa Metro,Amman,Amman,31.99734,35.97788,30,3,HUB-AMM-54,HUB-AMM-54-R05,Fiber ring,0
RO-04,Jan 2028 – Mar 2028,AMM-U-1293,U,Rooftop,Amman-Zarqa Metro,Amman,Amman,32.00005,35.97079,30,3,HUB-AMM-54,HUB-AMM-54-R05,Fiber ring,0
RO-04,Jan 2028 – Mar 2028,AMM-U-1294,U,Rooftop,Amman-Zarqa Metro,Amman,Amman,31.99964,35.97505,30,3,HUB-AMM-54,HUB-AMM-54-R05,Fiber ring,0
RO-04,Jan 2028 – Mar 2028,AMM-U-1339,U,Rooftop,Amman-Zarqa Metro,Amman,Amman,32.00276,35.96843,30,3,HUB-AMM-54,HUB-AMM-54-R05,Fiber ring,0
RO-04,Jan 2028 – Mar 2028,AMM-U-1340,U,Rooftop,Amman-Zarqa Metro,Amman,Amman,32.00357,35.97221,30,3,HUB-AMM-54,HUB-AMM-54-R05,Fiber ring,0
RO-04,Jan 2028 – Mar 2028,AMM-U-1388,U,Rooftop,Amman-Zarqa Metro,Amman,Amman,32.00791,35.97079,30,3,HUB-AMM-54,HUB-AMM-54-R05,Fiber ring,0
RO-04,Jan 2028 – Mar 2028,AMM-U-1389,U,Monopole / greenfield,Amman-Zarqa Metro,Amman,Amman,32.00710,35.97552,30,3,HUB-AMM-54,HUB-AMM-54-R05,Fiber ring,0
RO-04,Jan 2028 – Mar 2028,AMM-U-1249,U,Rooftop,Amman-Zarqa Metro,Amman,Amman,31.99734,35.96843,30,3,HUB-AMM-54,HUB-AMM-54-R06,Fiber ring,0
RO-04,Jan 2028 – Mar 2028,AMM-U-1250,U,Rooftop,Amman-Zarqa Metro,Amman,Amman,31.99693,35.97363,30,3,HUB-AMM-54,HUB-AMM-54-R06,Fiber ring,0
RO-04,Jan 2028 – Mar 2028,AQB-U-0087,U,Rooftop,Aqaba,Aqaba,Aqaba,29.55409,35.01615,30,3,HUB-AQB-03,HUB-AQB-03-R01,Fiber ring,0
RO-04,Jan 2028 – Mar 2028,AQB-U-0088,U,Rooftop,Aqaba,Aqaba,Aqaba,29.55409,35.02088,30,3,HUB-AQB-03,HUB-AQB-03-R01,Fiber ring,0
RO-04,Jan 2028 – Mar 2028,AQB-U-0099,U,Rooftop,Aqaba,Aqaba,Aqaba,29.55761,35.01379,30,3,HUB-AQB-03,HUB-AQB-03-R01,Fiber ring,0
RO-04,Jan 2028 – Mar 2028,AQB-U-0100,U,Rooftop,Aqaba,Aqaba,Aqaba,29.55761,35.01851,30,3,HUB-AQB-03,HUB-AQB-03-R01,Fiber ring,0
RO-04,Jan 2028 – Mar 2028,AQB-U-0110,U,Rooftop,Aqaba,Aqaba,Aqaba,29.56114,35.01143,30,3,HUB-AQB-03,HUB-AQB-03-R01,Fiber ring,0
RO-04,Jan 2028 – Mar 2028,AQB-U-0111,U,Rooftop,Aqaba,Aqaba,Aqaba,29.56114,35.01615,30,3,HUB-AQB-03,HUB-AQB-03-R01,Fiber ring,0
RO-04,Jan 2028 – Mar 2028,AQB-U-0112,U,Monopole / greenfield,Aqaba,Aqaba,Aqaba,29.56114,35.02088,30,3,HUB-AQB-03,HUB-AQB-03-R01,Fiber ring,0
RO-04,Jan 2028 – Mar 2028,AQB-U-0123,U,Monopole / greenfield,Aqaba,Aqaba,Aqaba,29.56466,35.02324,30,3,HUB-AQB-03,HUB-AQB-03-R01,Fiber ring,1
RO-04,Jan 2028 – Mar 2028,AQB-U-0089,U,Rooftop,Aqaba,Aqaba,Aqaba,29.55368,35.02608,30,3,HUB-AQB-03,HUB-AQB-03-R02,Fiber ring,0
RO-04,Jan 2028 – Mar 2028,AQB-U-0090,U,Rooftop,Aqaba,Aqaba,Aqaba,29.55409,35.03128,30,3,HUB-AQB-03,HUB-AQB-03-R02,Fiber ring,0
RO-04,Jan 2028 – Mar 2028,AQB-U-0091,U,Rooftop,Aqaba,Aqaba,Aqaba,29.55327,35.03506,30,3,HUB-AQB-03,HUB-AQB-03-R02,Fiber ring,0
RO-04,Jan 2028 – Mar 2028,AQB-U-0101,U,Monopole / greenfield,Aqaba,Aqaba,Aqaba,29.55761,35.02324,30,3,HUB-AQB-03,HUB-AQB-03-R02,Fiber ring,0
RO-04,Jan 2028 – Mar 2028,AQB-U-0102,U,Rooftop,Aqaba,Aqaba,Aqaba,29.55761,35.02797,30,3,HUB-AQB-03,HUB-AQB-03-R02,Fiber ring,0
RO-04,Jan 2028 – Mar 2028,AQB-U-0103,U,Rooftop,Aqaba,Aqaba,Aqaba,29.55761,35.03269,30,3,HUB-AQB-03,HUB-AQB-03-R02,Fiber ring,0
RO-04,Jan 2028 – Mar 2028,AQB-U-0113,U,Rooftop,Aqaba,Aqaba,Aqaba,29.56114,35.02560,30,3,HUB-AQB-03,HUB-AQB-03-R02,Fiber ring,0
RO-04,Jan 2028 – Mar 2028,AQB-SU-0206,SU,Monopole / greenfield,Aqaba,Aqaba north / ASEZA,Aqaba,29.55565,35.05112,32,3,HUB-AQB-03,HUB-AQB-03-R03,Fiber ring,0
RO-04,Jan 2028 – Mar 2028,AQB-SU-0207,SU,Monopole / greenfield,Aqaba,Aqaba north / ASEZA,Aqaba,29.56074,35.04771,32,3,HUB-AQB-03,HUB-AQB-03-R03,Fiber ring,0
RO-04,Jan 2028 – Mar 2028,AQB-U-0092,U,Rooftop,Aqaba,Aqaba,Aqaba,29.55409,35.04073,30,3,HUB-AQB-03,HUB-AQB-03-R03,Fiber ring,0
RO-04,Jan 2028 – Mar 2028,AQB-U-0104,U,Monopole / greenfield,Aqaba,Aqaba,Aqaba,29.55761,35.03836,30,3,HUB-AQB-03,HUB-AQB-03-R03,Fiber ring,0
RO-04,Jan 2028 – Mar 2028,AQB-U-0114,U,Rooftop,Aqaba,Aqaba,Aqaba,29.56114,35.03033,30,3,HUB-AQB-03,HUB-AQB-03-R03,Fiber ring,0
RO-04,Jan 2028 – Mar 2028,AQB-U-0115,U,Monopole / greenfield,Aqaba,Aqaba,Aqaba,29.56114,35.03506,30,3,HUB-AQB-03,HUB-AQB-03-R03,Fiber ring,0
RO-04,Jan 2028 – Mar 2028,AQB-U-0124,U,Monopole / greenfield,Aqaba,Aqaba,Aqaba,29.56466,35.02797,30,3,HUB-AQB-03,HUB-AQB-03-R03,Fiber ring,0
RO-04,Jan 2028 – Mar 2028,AQB-SU-0208,SU,Monopole / greenfield,Aqaba,Aqaba north / ASEZA,Aqaba,29.56583,35.04293,32,3,HUB-AQB-03,HUB-AQB-03-R04,Fiber ring,0
RO-04,Jan 2028 – Mar 2028,AQB-U-0125,U,Monopole / greenfield,Aqaba,Aqaba,Aqaba,29.56466,35.03269,30,3,HUB-AQB-03,HUB-AQB-03-R04,Fiber ring,0
RO-04,Jan 2028 – Mar 2028,AQB-U-0126,U,Monopole / greenfield,Aqaba,Aqaba,Aqaba,29.56466,35.03742,30,3,HUB-AQB-03,HUB-AQB-03-R04,Fiber ring,0
RO-04,Jan 2028 – Mar 2028,AQB-U-0133,U,Monopole / greenfield,Aqaba,Aqaba,Aqaba,29.56818,35.02560,30,3,HUB-AQB-03,HUB-AQB-03-R04,Fiber ring,0
RO-04,Jan 2028 – Mar 2028,AQB-U-0134,U,Monopole / greenfield,Aqaba,Aqaba,Aqaba,29.56818,35.03033,30,3,HUB-AQB-03,HUB-AQB-03-R04,Fiber ring,0
RO-04,Jan 2028 – Mar 2028,AQB-U-0135,U,Monopole / greenfield,Aqaba,Aqaba,Aqaba,29.56818,35.03506,30,3,HUB-AQB-03,HUB-AQB-03-R04,Fiber ring,0
RO-04,Jan 2028 – Mar 2028,AQB-U-0141,U,Monopole / greenfield,Aqaba,Aqaba,Aqaba,29.57171,35.03269,30,3,HUB-AQB-03,HUB-AQB-03-R04,Fiber ring,0
RO-04,Jan 2028 – Mar 2028,AQB-U-0139,U,Monopole / greenfield,Aqaba,Aqaba,Aqaba,29.57171,35.02324,30,3,HUB-AQB-03,HUB-AQB-03-R05,Fiber ring,0
RO-04,Jan 2028 – Mar 2028,AQB-U-0140,U,Monopole / greenfield,Aqaba,Aqaba,Aqaba,29.57171,35.02797,30,3,HUB-AQB-03,HUB-AQB-03-R05,Fiber ring,0
RO-04,Jan 2028 – Mar 2028,AQB-U-0145,U,Monopole / greenfield,Aqaba,Aqaba,Aqaba,29.57523,35.02088,30,3,HUB-AQB-03,HUB-AQB-03-R05,Fiber ring,0
RO-04,Jan 2028 – Mar 2028,AQB-U-0146,U,Monopole / greenfield,Aqaba,Aqaba,Aqaba,29.57523,35.02560,30,3,HUB-AQB-03,HUB-AQB-03-R05,Fiber ring,0
RO-04,Jan 2028 – Mar 2028,AQB-U-0147,U,Monopole / greenfield,Aqaba,Aqaba,Aqaba,29.57523,35.03033,30,3,HUB-AQB-03,HUB-AQB-03-R05,Fiber ring,0
RO-04,Jan 2028 – Mar 2028,AQB-U-0148,U,Monopole / greenfield,Aqaba,Aqaba,Aqaba,29.57876,35.02419,30,3,HUB-AQB-03,HUB-AQB-03-R05,Fiber ring,0
RO-04,Jan 2028 – Mar 2028,AQB-U-0149,U,Monopole / greenfield,Aqaba,Aqaba,Aqaba,29.57876,35.02797,30,3,HUB-AQB-03,HUB-AQB-03-R05,Fiber ring,0
RO-04,Jan 2028 – Mar 2028,AQB-SU-0212,SU,Monopole / greenfield,Aqaba,Aqaba north / ASEZA,Aqaba,29.58052,35.00607,32,3,HUB-AQB-03,HUB-AQB-03-R06,Fiber ring,0
RO-04,Jan 2028 – Mar 2028,AQB-SU-0213,SU,Monopole / greenfield,Aqaba,Aqaba north / ASEZA,Aqaba,29.58111,35.01358,32,3,HUB-AQB-03,HUB-AQB-03-R06,Fiber ring,0
RO-04,Jan 2028 – Mar 2028,AQB-U-0132,U,Monopole / greenfield,Aqaba,Aqaba,Aqaba,29.56818,35.02182,30,3,HUB-AQB-03,HUB-AQB-03-R06,Fiber ring,0
RO-04,Jan 2028 – Mar 2028,AQB-U-0137,U,Monopole / greenfield,Aqaba,Aqaba,Aqaba,29.57171,35.01379,30,3,HUB-AQB-03,HUB-AQB-03-R06,Fiber ring,0
RO-04,Jan 2028 – Mar 2028,AQB-U-0138,U,Rooftop,Aqaba,Aqaba,Aqaba,29.57130,35.01899,30,3,HUB-AQB-03,HUB-AQB-03-R06,Fiber ring,0
RO-04,Jan 2028 – Mar 2028,AQB-U-0143,U,Monopole / greenfield,Aqaba,Aqaba,Aqaba,29.57523,35.01143,30,3,HUB-AQB-03,HUB-AQB-03-R06,Fiber ring,0
RO-04,Jan 2028 – Mar 2028,AQB-U-0144,U,Monopole / greenfield,Aqaba,Aqaba,Aqaba,29.57523,35.01615,30,3,HUB-AQB-03,HUB-AQB-03-R06,Fiber ring,0
RO-04,Jan 2028 – Mar 2028,AQB-SU-0211,SU,Monopole / greenfield,Aqaba,Aqaba north / ASEZA,Aqaba,29.58111,34.99856,32,3,HUB-AQB-03,HUB-AQB-03-R07,Fiber ring,0
RO-04,Jan 2028 – Mar 2028,AQB-U-0120,U,Rooftop,Aqaba,Aqaba,Aqaba,29.56466,35.00906,30,3,HUB-AQB-03,HUB-AQB-03-R07,Fiber ring,0
RO-04,Jan 2028 – Mar 2028,AQB-U-0129,U,Rooftop,Aqaba,Aqaba,Aqaba,29.56737,35.00670,30,3,HUB-AQB-03,HUB-AQB-03-R07,Fiber ring,0
RO-04,Jan 2028 – Mar 2028,AQB-U-0130,U,Monopole / greenfield,Aqaba,Aqaba,Aqaba,29.56818,35.01143,30,3,HUB-AQB-03,HUB-AQB-03-R07,Fiber ring,0
RO-04,Jan 2028 – Mar 2028,AQB-U-0131,U,Monopole / greenfield,Aqaba,Aqaba,Aqaba,29.56818,35.01615,30,3,HUB-AQB-03,HUB-AQB-03-R07,Fiber ring,0
RO-04,Jan 2028 – Mar 2028,AQB-U-0136,U,Monopole / greenfield,Aqaba,Aqaba,Aqaba,29.57171,35.00906,30,3,HUB-AQB-03,HUB-AQB-03-R07,Fiber ring,0
RO-04,Jan 2028 – Mar 2028,AQB-U-0142,U,Monopole / greenfield,Aqaba,Aqaba,Aqaba,29.57523,35.00197,30,3,HUB-AQB-03,HUB-AQB-03-R07,Fiber ring,0
RO-04,Jan 2028 – Mar 2028,AQB-U-0121,U,Rooftop,Aqaba,Aqaba,Aqaba,29.56466,35.01379,30,3,HUB-AQB-03,HUB-AQB-03-R08,Fiber ring,0
RO-04,Jan 2028 – Mar 2028,AQB-U-0122,U,Monopole / greenfield,Aqaba,Aqaba,Aqaba,29.56466,35.01946,30,3,HUB-AQB-03,HUB-AQB-03-R08,Fiber ring,0
RO-04,Jan 2028 – Mar 2028,IRB-SU-0578,SU,Monopole / greenfield,Irbid,Irbid outskirts,Irbid,32.51403,35.81841,32,3,HUB-IRB-07,HUB-IRB-07-R01,Fiber ring,0
RO-04,Jan 2028 – Mar 2028,IRB-U-0065,U,Monopole / greenfield,Irbid,Irbid,Irbid,32.51028,35.83138,30,3,HUB-IRB-07,HUB-IRB-07-R01,Fiber ring,0
RO-04,Jan 2028 – Mar 2028,IRB-U-0076,U,Monopole / greenfield,Irbid,Irbid,Irbid,32.51380,35.82429,30,3,HUB-IRB-07,HUB-IRB-07-R01,Fiber ring,0
RO-04,Jan 2028 – Mar 2028,IRB-U-0077,U,Monopole / greenfield,Irbid,Irbid,Irbid,32.51421,35.82949,30,3,HUB-IRB-07,HUB-IRB-07-R01,Fiber ring,0
RO-04,Jan 2028 – Mar 2028,IRB-U-0090,U,Monopole / greenfield,Irbid,Irbid,Irbid,32.51814,35.81814,30,3,HUB-IRB-07,HUB-IRB-07-R01,Fiber ring,0
RO-04,Jan 2028 – Mar 2028,IRB-U-0091,U,Monopole / greenfield,Irbid,Irbid,Irbid,32.51814,35.82192,30,3,HUB-IRB-07,HUB-IRB-07-R01,Fiber ring,0
RO-04,Jan 2028 – Mar 2028,IRB-U-0092,U,Monopole / greenfield,Irbid,Irbid,Irbid,32.51733,35.82665,30,3,HUB-IRB-07,HUB-IRB-07-R01,Fiber ring,0
RO-04,Jan 2028 – Mar 2028,IRB-U-0110,U,Monopole / greenfield,Irbid,Irbid,Irbid,32.52126,35.82949,30,3,HUB-IRB-07,HUB-IRB-07-R01,Fiber ring,1
RO-04,Jan 2028 – Mar 2028,IRB-U-0066,U,Monopole / greenfield,Irbid,Irbid,Irbid,32.51109,35.83516,30,3,HUB-IRB-07,HUB-IRB-07-R02,Fiber ring,0
RO-04,Jan 2028 – Mar 2028,IRB-U-0067,U,Monopole / greenfield,Irbid,Irbid,Irbid,32.51109,35.84177,30,3,HUB-IRB-07,HUB-IRB-07-R02,Fiber ring,0
RO-04,Jan 2028 – Mar 2028,IRB-U-0078,U,Monopole / greenfield,Irbid,Irbid,Irbid,32.51462,35.83279,30,3,HUB-IRB-07,HUB-IRB-07-R02,Fiber ring,0
RO-04,Jan 2028 – Mar 2028,IRB-U-0079,U,Monopole / greenfield,Irbid,Irbid,Irbid,32.51462,35.83941,30,3,HUB-IRB-07,HUB-IRB-07-R02,Fiber ring,0
RO-04,Jan 2028 – Mar 2028,IRB-U-0093,U,Monopole / greenfield,Irbid,Irbid,Irbid,32.51733,35.83138,30,3,HUB-IRB-07,HUB-IRB-07-R02,Fiber ring,0
RO-04,Jan 2028 – Mar 2028,IRB-U-0094,U,Monopole / greenfield,Irbid,Irbid,Irbid,32.51814,35.83705,30,3,HUB-IRB-07,HUB-IRB-07-R02,Fiber ring,0
RO-04,Jan 2028 – Mar 2028,IRB-U-0095,U,Monopole / greenfield,Irbid,Irbid,Irbid,32.51814,35.84083,30,3,HUB-IRB-07,HUB-IRB-07-R02,Fiber ring,0
RO-04,Jan 2028 – Mar 2028,IRB-U-0111,U,Monopole / greenfield,Irbid,Irbid,Irbid,32.52167,35.83468,30,3,HUB-IRB-07,HUB-IRB-07-R03,Fiber ring,0
RO-04,Jan 2028 – Mar 2028,IRB-U-0112,U,Monopole / greenfield,Irbid,Irbid,Irbid,32.52085,35.83847,30,3,HUB-IRB-07,HUB-IRB-07-R03,Fiber ring,0
RO-04,Jan 2028 – Mar 2028,IRB-U-0113,U,Rooftop,Irbid,Irbid,Irbid,32.52167,35.84319,30,3,HUB-IRB-07,HUB-IRB-07-R03,Fiber ring,0
RO-04,Jan 2028 – Mar 2028,IRB-U-0130,U,Rooftop,Irbid,Irbid,Irbid,32.52600,35.83610,30,3,HUB-IRB-07,HUB-IRB-07-R03,Fiber ring,0
RO-04,Jan 2028 – Mar 2028,IRB-U-0131,U,Rooftop,Irbid,Irbid,Irbid,32.52600,35.84083,30,3,HUB-IRB-07,HUB-IRB-07-R03,Fiber ring,0
RO-04,Jan 2028 – Mar 2028,IRB-U-0151,U,Rooftop,Irbid,Irbid,Irbid,32.52790,35.84319,30,3,HUB-IRB-07,HUB-IRB-07-R03,Fiber ring,0
RO-04,Jan 2028 – Mar 2028,IRB-U-0172,U,Rooftop,Irbid,Irbid,Irbid,32.53183,35.84508,30,3,HUB-IRB-07,HUB-IRB-07-R03,Fiber ring,0
RO-04,Jan 2028 – Mar 2028,IRB-U-0129,U,Monopole / greenfield,Irbid,Irbid,Irbid,32.52438,35.83138,30,3,HUB-IRB-07,HUB-IRB-07-R04,Fiber ring,0
RO-04,Jan 2028 – Mar 2028,IRB-U-0148,U,Monopole / greenfield,Irbid,Irbid,Irbid,32.52871,35.82996,30,3,HUB-IRB-07,HUB-IRB-07-R04,Fiber ring,0
RO-04,Jan 2028 – Mar 2028,IRB-U-0149,U,Rooftop,Irbid,Irbid,Irbid,32.52871,35.83468,30,3,HUB-IRB-07,HUB-IRB-07-R04,Fiber ring,0
RO-04,Jan 2028 – Mar 2028,IRB-U-0150,U,Rooftop,Irbid,Irbid,Irbid,32.52790,35.83847,30,3,HUB-IRB-07,HUB-IRB-07-R04,Fiber ring,0
RO-04,Jan 2028 – Mar 2028,IRB-U-0169,U,Rooftop,Irbid,Irbid,Irbid,32.53224,35.83232,30,3,HUB-IRB-07,HUB-IRB-07-R04,Fiber ring,0
RO-04,Jan 2028 – Mar 2028,IRB-U-0170,U,Rooftop,Irbid,Irbid,Irbid,32.53224,35.83516,30,3,HUB-IRB-07,HUB-IRB-07-R04,Fiber ring,0
RO-04,Jan 2028 – Mar 2028,IRB-U-0171,U,Rooftop,Irbid,Irbid,Irbid,32.53142,35.84083,30,3,HUB-IRB-07,HUB-IRB-07-R04,Fiber ring,0
RO-04,Jan 2028 – Mar 2028,IRB-U-0128,U,Monopole / greenfield,Irbid,Irbid,Irbid,32.52478,35.82618,30,3,HUB-IRB-07,HUB-IRB-07-R05,Fiber ring,0
RO-04,Jan 2028 – Mar 2028,IRB-U-0145,U,Monopole / greenfield,Irbid,Irbid,Irbid,32.52871,35.81389,30,3,HUB-IRB-07,HUB-IRB-07-R05,Fiber ring,0
RO-04,Jan 2028 – Mar 2028,IRB-U-0146,U,Monopole / greenfield,Irbid,Irbid,Irbid,32.52871,35.82051,30,3,HUB-IRB-07,HUB-IRB-07-R05,Fiber ring,0
RO-04,Jan 2028 – Mar 2028,IRB-U-0147,U,Monopole / greenfield,Irbid,Irbid,Irbid,32.52871,35.82334,30,3,HUB-IRB-07,HUB-IRB-07-R05,Fiber ring,0
RO-04,Jan 2028 – Mar 2028,IRB-U-0166,U,Monopole / greenfield,Irbid,Irbid,Irbid,32.53224,35.81625,30,3,HUB-IRB-07,HUB-IRB-07-R05,Fiber ring,0
RO-04,Jan 2028 – Mar 2028,IRB-U-0167,U,Monopole / greenfield,Irbid,Irbid,Irbid,32.53142,35.82192,30,3,HUB-IRB-07,HUB-IRB-07-R05,Fiber ring,0
RO-04,Jan 2028 – Mar 2028,IRB-U-0168,U,Monopole / greenfield,Irbid,Irbid,Irbid,32.53224,35.82665,30,3,HUB-IRB-07,HUB-IRB-07-R05,Fiber ring,0
RO-04,Jan 2028 – Mar 2028,IRB-U-0107,U,Monopole / greenfield,Irbid,Irbid,Irbid,32.52207,35.81531,30,3,HUB-IRB-07,HUB-IRB-07-R06,Fiber ring,0
RO-04,Jan 2028 – Mar 2028,IRB-U-0108,U,Monopole / greenfield,Irbid,Irbid,Irbid,32.52167,35.81956,30,3,HUB-IRB-07,HUB-IRB-07-R06,Fiber ring,0
RO-04,Jan 2028 – Mar 2028,IRB-U-0109,U,Monopole / greenfield,Irbid,Irbid,Irbid,32.52167,35.82334,30,3,HUB-IRB-07,HUB-IRB-07-R06,Fiber ring,0
RO-04,Jan 2028 – Mar 2028,IRB-U-0126,U,Monopole / greenfield,Irbid,Irbid,Irbid,32.52438,35.81720,30,3,HUB-IRB-07,HUB-IRB-07-R06,Fiber ring,0
RO-04,Jan 2028 – Mar 2028,IRB-U-0127,U,Monopole / greenfield,Irbid,Irbid,Irbid,32.52438,35.82192,30,3,HUB-IRB-07,HUB-IRB-07-R06,Fiber ring,0
RO-04,Jan 2028 – Mar 2028,IRB-U-0267,U,Monopole / greenfield,Irbid,Irbid,Irbid,32.54634,35.88336,30,3,HUB-IRB-08,HUB-IRB-08-R01,Fiber ring,0
RO-04,Jan 2028 – Mar 2028,IRB-U-0288,U,Rooftop,Irbid,Irbid,Irbid,32.54986,35.88100,30,3,HUB-IRB-08,HUB-IRB-08-R01,Fiber ring,0
RO-04,Jan 2028 – Mar 2028,IRB-U-0310,U,Rooftop,Irbid,Irbid,Irbid,32.55338,35.87864,30,3,HUB-IRB-08,HUB-IRB-08-R01,Fiber ring,0
RO-04,Jan 2028 – Mar 2028,IRB-U-0311,U,Rooftop,Irbid,Irbid,Irbid,32.55338,35.88336,30,3,HUB-IRB-08,HUB-IRB-08-R01,Fiber ring,0
RO-04,Jan 2028 – Mar 2028,IRB-U-0333,U,Rooftop,Irbid,Irbid,Irbid,32.55691,35.87627,30,3,HUB-IRB-08,HUB-IRB-08-R01,Fiber ring,0
RO-04,Jan 2028 – Mar 2028,IRB-U-0334,U,Rooftop,Irbid,Irbid,Irbid,32.55691,35.88100,30,3,HUB-IRB-08,HUB-IRB-08-R01,Fiber ring,0
RO-04,Jan 2028 – Mar 2028,IRB-U-0335,U,Monopole / greenfield,Irbid,Irbid,Irbid,32.55772,35.88572,30,3,HUB-IRB-08,HUB-IRB-08-R01,Fiber ring,0
RO-04,Jan 2028 – Mar 2028,IRB-U-0360,U,Monopole / greenfield,Irbid,Irbid,Irbid,32.55962,35.88809,30,3,HUB-IRB-08,HUB-IRB-08-R01,Fiber ring,1
RO-04,Jan 2028 – Mar 2028,IRB-U-0289,U,Monopole / greenfield,Irbid,Irbid,Irbid,32.54986,35.88572,30,3,HUB-IRB-08,HUB-IRB-08-R02,Fiber ring,0
RO-04,Jan 2028 – Mar 2028,IRB-U-0290,U,Monopole / greenfield,Irbid,Irbid,Irbid,32.54986,35.89045,30,3,HUB-IRB-08,HUB-IRB-08-R02,Fiber ring,0
RO-04,Jan 2028 – Mar 2028,IRB-U-0312,U,Monopole / greenfield,Irbid,Irbid,Irbid,32.55338,35.88809,30,3,HUB-IRB-08,HUB-IRB-08-R02,Fiber ring,0
RO-04,Jan 2028 – Mar 2028,IRB-U-0313,U,Monopole / greenfield,Irbid,Irbid,Irbid,32.55338,35.89187,30,3,HUB-IRB-08,HUB-IRB-08-R02,Fiber ring,0
RO-04,Jan 2028 – Mar 2028,IRB-U-0336,U,Rooftop,Irbid,Irbid,Irbid,32.55691,35.89045,30,3,HUB-IRB-08,HUB-IRB-08-R02,Fiber ring,0
RO-04,Jan 2028 – Mar 2028,IRB-U-0337,U,Rooftop,Irbid,Irbid,Irbid,32.55691,35.89423,30,3,HUB-IRB-08,HUB-IRB-08-R02,Fiber ring,0
RO-04,Jan 2028 – Mar 2028,IRB-U-0338,U,Rooftop,Irbid,Irbid,Irbid,32.55691,35.89896,30,3,HUB-IRB-08,HUB-IRB-08-R02,Fiber ring,0
RO-04,Jan 2028 – Mar 2028,IRB-SU-0701,SU,Monopole / greenfield,Irbid,Irbid outskirts,Irbid,32.56885,35.90237,32,3,HUB-IRB-08,HUB-IRB-08-R03,Fiber ring,0
RO-04,Jan 2028 – Mar 2028,IRB-U-0361,U,Rooftop,Irbid,Irbid,Irbid,32.56043,35.89281,30,3,HUB-IRB-08,HUB-IRB-08-R03,Fiber ring,0
RO-04,Jan 2028 – Mar 2028,IRB-U-0362,U,Rooftop,Irbid,Irbid,Irbid,32.56043,35.89659,30,3,HUB-IRB-08,HUB-IRB-08-R03,Fiber ring,0
RO-04,Jan 2028 – Mar 2028,IRB-U-0363,U,Monopole / greenfield,Irbid,Irbid,Irbid,32.56084,35.90179,30,3,HUB-IRB-08,HUB-IRB-08-R03,Fiber ring,0
RO-04,Jan 2028 – Mar 2028,IRB-U-0386,U,Monopole / greenfield,Irbid,Irbid,Irbid,32.56396,35.89518,30,3,HUB-IRB-08,HUB-IRB-08-R03,Fiber ring,0
RO-04,Jan 2028 – Mar 2028,IRB-U-0387,U,Monopole / greenfield,Irbid,Irbid,Irbid,32.56396,35.89990,30,3,HUB-IRB-08,HUB-IRB-08-R03,Fiber ring,0
RO-04,Jan 2028 – Mar 2028,IRB-U-0413,U,Monopole / greenfield,Irbid,Irbid,Irbid,32.56667,35.89754,30,3,HUB-IRB-08,HUB-IRB-08-R03,Fiber ring,0
RO-04,Jan 2028 – Mar 2028,IRB-SU-0712,SU,Monopole / greenfield,Irbid,Irbid outskirts,Irbid,32.57336,35.89281,32,3,HUB-IRB-08,HUB-IRB-08-R04,Fiber ring,0
RO-04,Jan 2028 – Mar 2028,IRB-SU-0713,SU,Monopole / greenfield,Irbid,Irbid outskirts,Irbid,32.57453,35.89964,32,3,HUB-IRB-08,HUB-IRB-08-R04,Fiber ring,0
RO-04,Jan 2028 – Mar 2028,IRB-U-0385,U,Monopole / greenfield,Irbid,Irbid,Irbid,32.56396,35.89045,30,3,HUB-IRB-08,HUB-IRB-08-R04,Fiber ring,0
RO-04,Jan 2028 – Mar 2028,IRB-U-0411,U,Monopole / greenfield,Irbid,Irbid,Irbid,32.56748,35.88809,30,3,HUB-IRB-08,HUB-IRB-08-R04,Fiber ring,0
RO-04,Jan 2028 – Mar 2028,IRB-U-0412,U,Monopole / greenfield,Irbid,Irbid,Irbid,32.56748,35.89281,30,3,HUB-IRB-08,HUB-IRB-08-R04,Fiber ring,0
RO-04,Jan 2028 – Mar 2028,IRB-U-0437,U,Monopole / greenfield,Irbid,Irbid,Irbid,32.57101,35.88572,30,3,HUB-IRB-08,HUB-IRB-08-R04,Fiber ring,0
RO-04,Jan 2028 – Mar 2028,IRB-U-0438,U,Monopole / greenfield,Irbid,Irbid,Irbid,32.57101,35.89140,30,3,HUB-IRB-08,HUB-IRB-08-R04,Fiber ring,0
RO-04,Jan 2028 – Mar 2028,IRB-U-0383,U,Rooftop,Irbid,Irbid,Irbid,32.56396,35.88100,30,3,HUB-IRB-08,HUB-IRB-08-R05,Fiber ring,0
RO-04,Jan 2028 – Mar 2028,IRB-U-0384,U,Monopole / greenfield,Irbid,Irbid,Irbid,32.56396,35.88572,30,3,HUB-IRB-08,HUB-IRB-08-R05,Fiber ring,0
RO-04,Jan 2028 – Mar 2028,IRB-U-0407,U,Rooftop,Irbid,Irbid,Irbid,32.56748,35.86918,30,3,HUB-IRB-08,HUB-IRB-08-R05,Fiber ring,0
RO-04,Jan 2028 – Mar 2028,IRB-U-0408,U,Rooftop,Irbid,Irbid,Irbid,32.56748,35.87391,30,3,HUB-IRB-08,HUB-IRB-08-R05,Fiber ring,0
RO-04,Jan 2028 – Mar 2028,IRB-U-0409,U,Rooftop,Irbid,Irbid,Irbid,32.56748,35.87864,30,3,HUB-IRB-08,HUB-IRB-08-R05,Fiber ring,0
RO-04,Jan 2028 – Mar 2028,IRB-U-0410,U,Rooftop,Irbid,Irbid,Irbid,32.56667,35.88336,30,3,HUB-IRB-08,HUB-IRB-08-R05,Fiber ring,0
RO-04,Jan 2028 – Mar 2028,IRB-U-0436,U,Rooftop,Irbid,Irbid,Irbid,32.57019,35.88100,30,3,HUB-IRB-08,HUB-IRB-08-R05,Fiber ring,0
RO-04,Jan 2028 – Mar 2028,IRB-U-0357,U,Rooftop,Irbid,Irbid,Irbid,32.56043,35.87391,30,3,HUB-IRB-08,HUB-IRB-08-R06,Fiber ring,0
RO-04,Jan 2028 – Mar 2028,IRB-U-0358,U,Rooftop,Irbid,Irbid,Irbid,32.56043,35.87864,30,3,HUB-IRB-08,HUB-IRB-08-R06,Fiber ring,0
RO-04,Jan 2028 – Mar 2028,IRB-U-0359,U,Monopole / greenfield,Irbid,Irbid,Irbid,32.56043,35.88336,30,3,HUB-IRB-08,HUB-IRB-08-R06,Fiber ring,0
RO-04,Jan 2028 – Mar 2028,IRB-U-0381,U,Rooftop,Irbid,Irbid,Irbid,32.56396,35.87155,30,3,HUB-IRB-08,HUB-IRB-08-R06,Fiber ring,0
RO-04,Jan 2028 – Mar 2028,IRB-U-0382,U,Rooftop,Irbid,Irbid,Irbid,32.56396,35.87627,30,3,HUB-IRB-08,HUB-IRB-08-R06,Fiber ring,0
RO-04,Jan 2028 – Mar 2028,IRB-U-0068,U,Monopole / greenfield,Irbid,Irbid,Irbid,32.51191,35.84555,30,3,HUB-IRB-11,HUB-IRB-11-R01,Fiber ring,0
RO-04,Jan 2028 – Mar 2028,IRB-U-0080,U,Monopole / greenfield,Irbid,Irbid,Irbid,32.51462,35.84319,30,3,HUB-IRB-11,HUB-IRB-11-R01,Fiber ring,0
RO-04,Jan 2028 – Mar 2028,IRB-U-0081,U,Rooftop,Irbid,Irbid,Irbid,32.51380,35.84792,30,3,HUB-IRB-11,HUB-IRB-11-R01,Fiber ring,0
RO-04,Jan 2028 – Mar 2028,IRB-U-0082,U,Rooftop,Irbid,Irbid,Irbid,32.51380,35.85264,30,3,HUB-IRB-11,HUB-IRB-11-R01,Fiber ring,0
RO-04,Jan 2028 – Mar 2028,IRB-U-0096,U,Rooftop,Irbid,Irbid,Irbid,32.51814,35.84555,30,3,HUB-IRB-11,HUB-IRB-11-R01,Fiber ring,0
RO-04,Jan 2028 – Mar 2028,IRB-U-0097,U,Rooftop,Irbid,Irbid,Irbid,32.51814,35.85028,30,3,HUB-IRB-11,HUB-IRB-11-R01,Fiber ring,0
RO-04,Jan 2028 – Mar 2028,IRB-U-0098,U,Rooftop,Irbid,Irbid,Irbid,32.51814,35.85406,30,3,HUB-IRB-11,HUB-IRB-11-R01,Fiber ring,0
RO-04,Jan 2028 – Mar 2028,IRB-U-0099,U,Rooftop,Irbid,Irbid,Irbid,32.51855,35.85926,30,3,HUB-IRB-11,HUB-IRB-11-R01,Fiber ring,1
RO-04,Jan 2028 – Mar 2028,IRB-U-0061,U,Monopole / greenfield,Irbid,Irbid,Irbid,32.50716,35.84744,30,3,HUB-IRB-11,HUB-IRB-11-R02,Fiber ring,0
RO-04,Jan 2028 – Mar 2028,IRB-U-0062,U,Rooftop,Irbid,Irbid,Irbid,32.50757,35.85359,30,3,HUB-IRB-11,HUB-IRB-11-R02,Fiber ring,0
RO-04,Jan 2028 – Mar 2028,IRB-U-0063,U,Rooftop,Irbid,Irbid,Irbid,32.50757,35.85737,30,3,HUB-IRB-11,HUB-IRB-11-R02,Fiber ring,0
RO-04,Jan 2028 – Mar 2028,IRB-U-0069,U,Monopole / greenfield,Irbid,Irbid,Irbid,32.51150,35.84981,30,3,HUB-IRB-11,HUB-IRB-11-R02,Fiber ring,0
RO-04,Jan 2028 – Mar 2028,IRB-U-0070,U,Rooftop,Irbid,Irbid,Irbid,32.51109,35.85595,30,3,HUB-IRB-11,HUB-IRB-11-R02,Fiber ring,0
RO-04,Jan 2028 – Mar 2028,IRB-U-0071,U,Rooftop,Irbid,Irbid,Irbid,32.51028,35.85973,30,3,HUB-IRB-11,HUB-IRB-11-R02,Fiber ring,0
RO-04,Jan 2028 – Mar 2028,IRB-U-0083,U,Rooftop,Irbid,Irbid,Irbid,32.51462,35.85642,30,3,HUB-IRB-11,HUB-IRB-11-R02,Fiber ring,0
RO-04,Jan 2028 – Mar 2028,IRB-U-0064,U,Monopole / greenfield,Irbid,Irbid,Irbid,32.50675,35.86210,30,3,HUB-IRB-11,HUB-IRB-11-R03,Fiber ring,0
RO-04,Jan 2028 – Mar 2028,IRB-U-0072,U,Monopole / greenfield,Irbid,Irbid,Irbid,32.51028,35.86446,30,3,HUB-IRB-11,HUB-IRB-11-R03,Fiber ring,0
RO-04,Jan 2028 – Mar 2028,IRB-U-0073,U,Monopole / greenfield,Irbid,Irbid,Irbid,32.51109,35.86824,30,3,HUB-IRB-11,HUB-IRB-11-R03,Fiber ring,0
RO-04,Jan 2028 – Mar 2028,IRB-U-0074,U,Monopole / greenfield,Irbid,Irbid,Irbid,32.51109,35.87391,30,3,HUB-IRB-11,HUB-IRB-11-R03,Fiber ring,0
RO-04,Jan 2028 – Mar 2028,IRB-U-0084,U,Monopole / greenfield,Irbid,Irbid,Irbid,32.51462,35.86210,30,3,HUB-IRB-11,HUB-IRB-11-R03,Fiber ring,0
RO-04,Jan 2028 – Mar 2028,IRB-U-0085,U,Monopole / greenfield,Irbid,Irbid,Irbid,32.51462,35.86682,30,3,HUB-IRB-11,HUB-IRB-11-R03,Fiber ring,0
RO-04,Jan 2028 – Mar 2028,IRB-U-0086,U,Monopole / greenfield,Irbid,Irbid,Irbid,32.51462,35.87155,30,3,HUB-IRB-11,HUB-IRB-11-R03,Fiber ring,0
RO-04,Jan 2028 – Mar 2028,IRB-U-0100,U,Monopole / greenfield,Irbid,Irbid,Irbid,32.51814,35.86446,30,3,HUB-IRB-11,HUB-IRB-11-R04,Fiber ring,0
RO-04,Jan 2028 – Mar 2028,IRB-U-0101,U,Monopole / greenfield,Irbid,Irbid,Irbid,32.51814,35.86918,30,3,HUB-IRB-11,HUB-IRB-11-R04,Fiber ring,0
RO-04,Jan 2028 – Mar 2028,IRB-U-0117,U,Rooftop,Irbid,Irbid,Irbid,32.52167,35.86115,30,3,HUB-IRB-11,HUB-IRB-11-R04,Fiber ring,0
RO-04,Jan 2028 – Mar 2028,IRB-U-0118,U,Monopole / greenfield,Irbid,Irbid,Irbid,32.52167,35.86682,30,3,HUB-IRB-11,HUB-IRB-11-R04,Fiber ring,0
RO-04,Jan 2028 – Mar 2028,IRB-U-0136,U,Rooftop,Irbid,Irbid,Irbid,32.52519,35.86351,30,3,HUB-IRB-11,HUB-IRB-11-R04,Fiber ring,0
RO-04,Jan 2028 – Mar 2028,IRB-U-0137,U,Monopole / greenfield,Irbid,Irbid,Irbid,32.52519,35.86824,30,3,HUB-IRB-11,HUB-IRB-11-R04,Fiber ring,0
RO-04,Jan 2028 – Mar 2028,IRB-U-0156,U,Rooftop,Irbid,Irbid,Irbid,32.52871,35.86588,30,3,HUB-IRB-11,HUB-IRB-11-R04,Fiber ring,0
RO-04,Jan 2028 – Mar 2028,IRB-U-0116,U,Rooftop,Irbid,Irbid,Irbid,32.52167,35.85737,30,3,HUB-IRB-11,HUB-IRB-11-R05,Fiber ring,0
RO-04,Jan 2028 – Mar 2028,IRB-U-0135,U,Rooftop,Irbid,Irbid,Irbid,32.52600,35.85973,30,3,HUB-IRB-11,HUB-IRB-11-R05,Fiber ring,0
RO-04,Jan 2028 – Mar 2028,IRB-U-0154,U,Rooftop,Irbid,Irbid,Irbid,32.52790,35.85737,30,3,HUB-IRB-11,HUB-IRB-11-R05,Fiber ring,0
RO-04,Jan 2028 – Mar 2028,IRB-U-0155,U,Rooftop,Irbid,Irbid,Irbid,32.52871,35.86210,30,3,HUB-IRB-11,HUB-IRB-11-R05,Fiber ring,0
RO-04,Jan 2028 – Mar 2028,IRB-U-0174,U,Rooftop,Irbid,Irbid,Irbid,32.53224,35.85501,30,3,HUB-IRB-11,HUB-IRB-11-R05,Fiber ring,0
RO-04,Jan 2028 – Mar 2028,IRB-U-0175,U,Rooftop,Irbid,Irbid,Irbid,32.53224,35.85973,30,3,HUB-IRB-11,HUB-IRB-11-R05,Fiber ring,0
RO-04,Jan 2028 – Mar 2028,IRB-U-0176,U,Rooftop,Irbid,Irbid,Irbid,32.53224,35.86446,30,3,HUB-IRB-11,HUB-IRB-11-R05,Fiber ring,0
RO-04,Jan 2028 – Mar 2028,IRB-U-0115,U,Rooftop,Irbid,Irbid,Irbid,32.52167,35.85170,30,3,HUB-IRB-11,HUB-IRB-11-R06,Fiber ring,0
RO-04,Jan 2028 – Mar 2028,IRB-U-0132,U,Rooftop,Irbid,Irbid,Irbid,32.52519,35.84555,30,3,HUB-IRB-11,HUB-IRB-11-R06,Fiber ring,0
RO-04,Jan 2028 – Mar 2028,IRB-U-0133,U,Rooftop,Irbid,Irbid,Irbid,32.52519,35.85028,30,3,HUB-IRB-11,HUB-IRB-11-R06,Fiber ring,0
RO-04,Jan 2028 – Mar 2028,IRB-U-0134,U,Rooftop,Irbid,Irbid,Irbid,32.52519,35.85406,30,3,HUB-IRB-11,HUB-IRB-11-R06,Fiber ring,0
RO-04,Jan 2028 – Mar 2028,IRB-U-0152,U,Rooftop,Irbid,Irbid,Irbid,32.52790,35.84792,30,3,HUB-IRB-11,HUB-IRB-11-R06,Fiber ring,0
RO-04,Jan 2028 – Mar 2028,IRB-U-0153,U,Rooftop,Irbid,Irbid,Irbid,32.52871,35.85264,30,3,HUB-IRB-11,HUB-IRB-11-R06,Fiber ring,0
RO-04,Jan 2028 – Mar 2028,IRB-U-0173,U,Rooftop,Irbid,Irbid,Irbid,32.53142,35.85028,30,3,HUB-IRB-11,HUB-IRB-11-R06,Fiber ring,0
RO-04,Jan 2028 – Mar 2028,IRB-U-0114,U,Rooftop,Irbid,Irbid,Irbid,32.52167,35.84792,30,3,HUB-IRB-11,HUB-IRB-11-R07,Fiber ring,0
RO-04,Jan 2028 – Mar 2028,IRB-U-0087,U,Monopole / greenfield,Irbid,Irbid,Irbid,32.51462,35.87627,30,3,HUB-IRB-17,HUB-IRB-17-R01,Fiber ring,0
RO-04,Jan 2028 – Mar 2028,IRB-U-0102,U,Monopole / greenfield,Irbid,Irbid,Irbid,32.51814,35.87391,30,3,HUB-IRB-17,HUB-IRB-17-R01,Fiber ring,0
RO-04,Jan 2028 – Mar 2028,IRB-U-0103,U,Monopole / greenfield,Irbid,Irbid,Irbid,32.51814,35.87864,30,3,HUB-IRB-17,HUB-IRB-17-R01,Fiber ring,0
RO-04,Jan 2028 – Mar 2028,IRB-U-0119,U,Monopole / greenfield,Irbid,Irbid,Irbid,32.52167,35.87155,30,3,HUB-IRB-17,HUB-IRB-17-R01,Fiber ring,0
RO-04,Jan 2028 – Mar 2028,IRB-U-0120,U,Monopole / greenfield,Irbid,Irbid,Irbid,32.52167,35.87533,30,3,HUB-IRB-17,HUB-IRB-17-R01,Fiber ring,0
RO-04,Jan 2028 – Mar 2028,IRB-U-0138,U,Monopole / greenfield,Irbid,Irbid,Irbid,32.52519,35.87391,30,3,HUB-IRB-17,HUB-IRB-17-R01,Fiber ring,0
RO-04,Jan 2028 – Mar 2028,IRB-U-0139,U,Monopole / greenfield,Irbid,Irbid,Irbid,32.52519,35.87864,30,3,HUB-IRB-17,HUB-IRB-17-R01,Fiber ring,0
RO-04,Jan 2028 – Mar 2028,IRB-U-0159,U,Monopole / greenfield,Irbid,Irbid,Irbid,32.52871,35.88100,30,3,HUB-IRB-17,HUB-IRB-17-R01,Fiber ring,1
RO-04,Jan 2028 – Mar 2028,IRB-U-0088,U,Monopole / greenfield,Irbid,Irbid,Irbid,32.51462,35.88100,30,3,HUB-IRB-17,HUB-IRB-17-R02,Fiber ring,0
RO-04,Jan 2028 – Mar 2028,IRB-U-0089,U,Monopole / greenfield,Irbid,Irbid,Irbid,32.51462,35.88572,30,3,HUB-IRB-17,HUB-IRB-17-R02,Fiber ring,0
RO-04,Jan 2028 – Mar 2028,IRB-U-0104,U,Monopole / greenfield,Irbid,Irbid,Irbid,32.51814,35.88336,30,3,HUB-IRB-17,HUB-IRB-17-R02,Fiber ring,0
RO-04,Jan 2028 – Mar 2028,IRB-U-0105,U,Monopole / greenfield,Irbid,Irbid,Irbid,32.51814,35.88809,30,3,HUB-IRB-17,HUB-IRB-17-R02,Fiber ring,0
RO-04,Jan 2028 – Mar 2028,IRB-U-0121,U,Monopole / greenfield,Irbid,Irbid,Irbid,32.52167,35.88100,30,3,HUB-IRB-17,HUB-IRB-17-R02,Fiber ring,0
RO-04,Jan 2028 – Mar 2028,IRB-U-0122,U,Monopole / greenfield,Irbid,Irbid,Irbid,32.52167,35.88572,30,3,HUB-IRB-17,HUB-IRB-17-R02,Fiber ring,0
RO-04,Jan 2028 – Mar 2028,IRB-U-0140,U,Monopole / greenfield,Irbid,Irbid,Irbid,32.52519,35.88336,30,3,HUB-IRB-17,HUB-IRB-17-R02,Fiber ring,0
RO-04,Jan 2028 – Mar 2028,IRB-U-0106,U,Monopole / greenfield,Irbid,Irbid,Irbid,32.51814,35.89281,30,3,HUB-IRB-17,HUB-IRB-17-R03,Fiber ring,0
RO-04,Jan 2028 – Mar 2028,IRB-U-0123,U,Monopole / greenfield,Irbid,Irbid,Irbid,32.52085,35.89045,30,3,HUB-IRB-17,HUB-IRB-17-R03,Fiber ring,0
RO-04,Jan 2028 – Mar 2028,IRB-U-0124,U,Monopole / greenfield,Irbid,Irbid,Irbid,32.52167,35.89518,30,3,HUB-IRB-17,HUB-IRB-17-R03,Fiber ring,0
RO-04,Jan 2028 – Mar 2028,IRB-U-0141,U,Monopole / greenfield,Irbid,Irbid,Irbid,32.52438,35.88809,30,3,HUB-IRB-17,HUB-IRB-17-R03,Fiber ring,0
RO-04,Jan 2028 – Mar 2028,IRB-U-0142,U,Monopole / greenfield,Irbid,Irbid,Irbid,32.52438,35.89281,30,3,HUB-IRB-17,HUB-IRB-17-R03,Fiber ring,0
RO-04,Jan 2028 – Mar 2028,IRB-U-0143,U,Monopole / greenfield,Irbid,Irbid,Irbid,32.52519,35.89754,30,3,HUB-IRB-17,HUB-IRB-17-R03,Fiber ring,0
RO-04,Jan 2028 – Mar 2028,IRB-U-0160,U,Monopole / greenfield,Irbid,Irbid,Irbid,32.52871,35.88572,30,3,HUB-IRB-17,HUB-IRB-17-R03,Fiber ring,0
RO-04,Jan 2028 – Mar 2028,IRB-U-0161,U,Monopole / greenfield,Irbid,Irbid,Irbid,32.52871,35.89045,30,3,HUB-IRB-17,HUB-IRB-17-R04,Fiber ring,0
RO-04,Jan 2028 – Mar 2028,IRB-U-0162,U,Monopole / greenfield,Irbid,Irbid,Irbid,32.52871,35.89518,30,3,HUB-IRB-17,HUB-IRB-17-R04,Fiber ring,0
RO-04,Jan 2028 – Mar 2028,IRB-U-0180,U,Monopole / greenfield,Irbid,Irbid,Irbid,32.53224,35.88336,30,3,HUB-IRB-17,HUB-IRB-17-R04,Fiber ring,0
RO-04,Jan 2028 – Mar 2028,IRB-U-0181,U,Monopole / greenfield,Irbid,Irbid,Irbid,32.53224,35.88809,30,3,HUB-IRB-17,HUB-IRB-17-R04,Fiber ring,0
RO-04,Jan 2028 – Mar 2028,IRB-U-0182,U,Monopole / greenfield,Irbid,Irbid,Irbid,32.53224,35.89281,30,3,HUB-IRB-17,HUB-IRB-17-R04,Fiber ring,0
RO-04,Jan 2028 – Mar 2028,IRB-U-0202,U,Monopole / greenfield,Irbid,Irbid,Irbid,32.53576,35.88572,30,3,HUB-IRB-17,HUB-IRB-17-R04,Fiber ring,0
RO-04,Jan 2028 – Mar 2028,IRB-U-0203,U,Monopole / greenfield,Irbid,Irbid,Irbid,32.53576,35.89045,30,3,HUB-IRB-17,HUB-IRB-17-R04,Fiber ring,0
RO-04,Jan 2028 – Mar 2028,IRB-U-0200,U,Monopole / greenfield,Irbid,Irbid,Irbid,32.53576,35.87627,30,3,HUB-IRB-17,HUB-IRB-17-R05,Fiber ring,0
RO-04,Jan 2028 – Mar 2028,IRB-U-0201,U,Monopole / greenfield,Irbid,Irbid,Irbid,32.53576,35.88100,30,3,HUB-IRB-17,HUB-IRB-17-R05,Fiber ring,0
RO-04,Jan 2028 – Mar 2028,IRB-U-0222,U,Rooftop,Irbid,Irbid,Irbid,32.53929,35.87391,30,3,HUB-IRB-17,HUB-IRB-17-R05,Fiber ring,0
RO-04,Jan 2028 – Mar 2028,IRB-U-0223,U,Rooftop,Irbid,Irbid,Irbid,32.53929,35.87864,30,3,HUB-IRB-17,HUB-IRB-17-R05,Fiber ring,0
RO-04,Jan 2028 – Mar 2028,IRB-U-0224,U,Monopole / greenfield,Irbid,Irbid,Irbid,32.53929,35.88336,30,3,HUB-IRB-17,HUB-IRB-17-R05,Fiber ring,0
RO-04,Jan 2028 – Mar 2028,IRB-U-0225,U,Monopole / greenfield,Irbid,Irbid,Irbid,32.53929,35.88809,30,3,HUB-IRB-17,HUB-IRB-17-R05,Fiber ring,0
RO-04,Jan 2028 – Mar 2028,IRB-U-0245,U,Rooftop,Irbid,Irbid,Irbid,32.54281,35.88100,30,3,HUB-IRB-17,HUB-IRB-17-R05,Fiber ring,0
RO-04,Jan 2028 – Mar 2028,IRB-U-0157,U,Monopole / greenfield,Irbid,Irbid,Irbid,32.52871,35.87155,30,3,HUB-IRB-17,HUB-IRB-17-R06,Fiber ring,0
RO-04,Jan 2028 – Mar 2028,IRB-U-0158,U,Monopole / greenfield,Irbid,Irbid,Irbid,32.52871,35.87627,30,3,HUB-IRB-17,HUB-IRB-17-R06,Fiber ring,0
RO-04,Jan 2028 – Mar 2028,IRB-U-0177,U,Rooftop,Irbid,Irbid,Irbid,32.53224,35.86918,30,3,HUB-IRB-17,HUB-IRB-17-R06,Fiber ring,0
RO-04,Jan 2028 – Mar 2028,IRB-U-0178,U,Monopole / greenfield,Irbid,Irbid,Irbid,32.53224,35.87391,30,3,HUB-IRB-17,HUB-IRB-17-R06,Fiber ring,0
RO-04,Jan 2028 – Mar 2028,IRB-U-0179,U,Monopole / greenfield,Irbid,Irbid,Irbid,32.53224,35.87864,30,3,HUB-IRB-17,HUB-IRB-17-R06,Fiber ring,0
RO-04,Jan 2028 – Mar 2028,IRB-U-0199,U,Rooftop,Irbid,Irbid,Irbid,32.53576,35.87155,30,3,HUB-IRB-17,HUB-IRB-17-R06,Fiber ring,0
RO-05,Apr 2028 – Jun 2028,HWY-HW-0034,HW,Lattice tower,Highway,Dead Sea - Wadi Araba (R65) Amman-Aqaba,Madaba,31.65745,35.59255,45,2,,,Fiber (backbone add/drop spur),0
RO-05,Apr 2028 – Jun 2028,HWY-HW-0035,HW,Lattice tower,Highway,Dead Sea - Wadi Araba (R65) Amman-Aqaba,Madaba,31.59623,35.58184,45,2,,,Fiber (backbone add/drop spur),0
RO-05,Apr 2028 – Jun 2028,HWY-HW-0036,HW,Lattice tower,Highway,Dead Sea - Wadi Araba (R65) Amman-Aqaba,Madaba,31.52976,35.58184,45,2,,,Fiber (backbone add/drop spur),0
RO-05,Apr 2028 – Jun 2028,HWY-HW-0037,HW,Lattice tower,Highway,Dead Sea - Wadi Araba (R65) Amman-Aqaba,Madaba,31.46807,35.58322,45,2,,,Fiber (backbone add/drop spur),0
RO-05,Apr 2028 – Jun 2028,HWY-HW-0038,HW,Lattice tower,Highway,Dead Sea - Wadi Araba (R65) Amman-Aqaba,Karak,31.40606,35.56845,45,2,,,Fiber (backbone add/drop spur),0
RO-05,Apr 2028 – Jun 2028,HWY-HW-0039,HW,Lattice tower,Highway,Dead Sea - Wadi Araba (R65) Amman-Aqaba,Karak,31.34404,35.55369,45,2,,,Fiber (backbone add/drop spur),0
RO-05,Apr 2028 – Jun 2028,HWY-HW-0040,HW,Lattice tower,Highway,Dead Sea - Wadi Araba (R65) Amman-Aqaba,Karak,31.28203,35.53892,45,2,,,Fiber (backbone add/drop spur),0
RO-05,Apr 2028 – Jun 2028,HWY-HW-0041,HW,Lattice tower,Highway,Dead Sea - Wadi Araba (R65) Amman-Aqaba,Karak,31.22009,35.52370,45,2,,,Fiber (backbone add/drop spur),0
RO-05,Apr 2028 – Jun 2028,HWY-HW-0042,HW,Lattice tower,Highway,Dead Sea - Wadi Araba (R65) Amman-Aqaba,Karak,31.15821,35.50455,45,2,,,Fiber (backbone add/drop spur),0
RO-05,Apr 2028 – Jun 2028,HWY-HW-0043,HW,Lattice tower,Highway,Dead Sea - Wadi Araba (R65) Amman-Aqaba,Karak,31.09632,35.48908,45,2,,,Fiber (backbone add/drop spur),0
RO-05,Apr 2028 – Jun 2028,HWY-HW-0044,HW,Lattice tower,Highway,Dead Sea - Wadi Araba (R65) Amman-Aqaba,Karak,30.97662,35.44331,45,2,,,Fiber (backbone add/drop spur),0
RO-05,Apr 2028 – Jun 2028,HWY-HW-0045,HW,Lattice tower,Highway,Dead Sea - Wadi Araba (R65) Amman-Aqaba,Karak,30.91811,35.41535,45,2,,,Fiber (backbone add/drop spur),0
RO-05,Apr 2028 – Jun 2028,HWY-HW-0046,HW,Lattice tower,Highway,Dead Sea - Wadi Araba (R65) Amman-Aqaba,Tafilah,30.85495,35.39187,45,2,,,Fiber (backbone add/drop spur),0
RO-05,Apr 2028 – Jun 2028,HWY-HW-0047,HW,Lattice tower,Highway,Dead Sea - Wadi Araba (R65) Amman-Aqaba,Tafilah,30.79813,35.37207,45,2,,,Fiber (backbone add/drop spur),0
RO-05,Apr 2028 – Jun 2028,HWY-HW-0048,HW,Lattice tower,Highway,Dead Sea - Wadi Araba (R65) Amman-Aqaba,Tafilah,30.73813,35.34492,45,2,,,Fiber (backbone add/drop spur),0
RO-05,Apr 2028 – Jun 2028,HWY-HW-0049,HW,Lattice tower,Highway,Dead Sea - Wadi Araba (R65) Amman-Aqaba,Aqaba,30.67752,35.32401,45,2,,,Fiber (backbone add/drop spur),0
RO-05,Apr 2028 – Jun 2028,HWY-HW-0050,HW,Lattice tower,Highway,Dead Sea - Wadi Araba (R65) Amman-Aqaba,Aqaba,30.61582,35.30755,45,2,,,Fiber (backbone add/drop spur),0
RO-05,Apr 2028 – Jun 2028,HWY-HW-0051,HW,Lattice tower,Highway,Dead Sea - Wadi Araba (R65) Amman-Aqaba,Aqaba,30.55412,35.29110,45,2,,,Fiber (backbone add/drop spur),0
RO-05,Apr 2028 – Jun 2028,HWY-HW-0052,HW,Lattice tower,Highway,Dead Sea - Wadi Araba (R65) Amman-Aqaba,Aqaba,30.49242,35.27832,45,2,,,Fiber (backbone add/drop spur),0
RO-05,Apr 2028 – Jun 2028,HWY-HW-0053,HW,Lattice tower,Highway,Dead Sea - Wadi Araba (R65) Amman-Aqaba,Aqaba,30.43072,35.25819,45,2,,,Fiber (backbone add/drop spur),0
RO-05,Apr 2028 – Jun 2028,HWY-HW-0054,HW,Lattice tower,Highway,Dead Sea - Wadi Araba (R65) Amman-Aqaba,Aqaba,30.36850,35.24508,45,2,,,Fiber (backbone add/drop spur),0
RO-05,Apr 2028 – Jun 2028,HWY-HW-0055,HW,Lattice tower,Highway,Dead Sea - Wadi Araba (R65) Amman-Aqaba,Aqaba,30.30259,35.23527,45,2,,,Fiber (backbone add/drop spur),0
RO-05,Apr 2028 – Jun 2028,HWY-HW-0056,HW,Lattice tower,Highway,Dead Sea - Wadi Araba (R65) Amman-Aqaba,Aqaba,30.24302,35.22915,45,2,,,Fiber (backbone add/drop spur),0
RO-05,Apr 2028 – Jun 2028,HWY-HW-0057,HW,Lattice tower,Highway,Dead Sea - Wadi Araba (R65) Amman-Aqaba,Aqaba,30.18028,35.21567,45,2,,,Fiber (backbone add/drop spur),0
RO-05,Apr 2028 – Jun 2028,HWY-HW-0058,HW,Lattice tower,Highway,Dead Sea - Wadi Araba (R65) Amman-Aqaba,Aqaba,30.11595,35.20770,45,2,,,Fiber (backbone add/drop spur),0
RO-05,Apr 2028 – Jun 2028,HWY-HW-0059,HW,Lattice tower,Highway,Dead Sea - Wadi Araba (R65) Amman-Aqaba,Aqaba,30.05591,35.19421,45,2,,,Fiber (backbone add/drop spur),0
RO-05,Apr 2028 – Jun 2028,HWY-HW-0060,HW,Lattice tower,Highway,Dead Sea - Wadi Araba (R65) Amman-Aqaba,Aqaba,29.99594,35.17065,45,2,,,Fiber (backbone add/drop spur),0
RO-05,Apr 2028 – Jun 2028,HWY-HW-0061,HW,Lattice tower,Highway,Dead Sea - Wadi Araba (R65) Amman-Aqaba,Aqaba,29.93597,35.14709,45,2,,,Fiber (backbone add/drop spur),0
RO-05,Apr 2028 – Jun 2028,HWY-HW-0062,HW,Lattice tower,Highway,Dead Sea - Wadi Araba (R65) Amman-Aqaba,Aqaba,29.87601,35.11986,45,2,,,Fiber (backbone add/drop spur),0
RO-05,Apr 2028 – Jun 2028,HWY-HW-0063,HW,Lattice tower,Highway,Dead Sea - Wadi Araba (R65) Amman-Aqaba,Aqaba,29.81287,35.09630,45,2,,,Fiber (backbone add/drop spur),0
RO-05,Apr 2028 – Jun 2028,HWY-HW-0064,HW,Lattice tower,Highway,Dead Sea - Wadi Araba (R65) Amman-Aqaba,Aqaba,29.75660,35.07469,45,2,,,Fiber (backbone add/drop spur),0
RO-05,Apr 2028 – Jun 2028,HWY-HW-0065,HW,Lattice tower,Highway,Dead Sea - Wadi Araba (R65) Amman-Aqaba,Aqaba,29.69736,35.04877,45,2,,,Fiber (backbone add/drop spur),0
RO-05,Apr 2028 – Jun 2028,AMM-SU-2770,SU,Monopole / greenfield,Amman-Zarqa Metro,Amman outskirts,Amman,31.95345,35.79861,32,3,HUB-AMM-19,HUB-AMM-19-R01,Fiber ring,0
RO-05,Apr 2028 – Jun 2028,AMM-SU-2783,SU,Monopole / greenfield,Amman-Zarqa Metro,Amman outskirts,Amman,31.95854,35.79315,32,3,HUB-AMM-19,HUB-AMM-19-R01,Fiber ring,0
RO-05,Apr 2028 – Jun 2028,AMM-SU-2784,SU,Monopole / greenfield,Amman-Zarqa Metro,Amman outskirts,Amman,31.95971,35.80066,32,3,HUB-AMM-19,HUB-AMM-19-R01,Fiber ring,0
RO-05,Apr 2028 – Jun 2028,AMM-SU-2795,SU,Monopole / greenfield,Amman-Zarqa Metro,Amman outskirts,Amman,31.96480,35.79042,32,3,HUB-AMM-19,HUB-AMM-19-R01,Fiber ring,0
RO-05,Apr 2028 – Jun 2028,AMM-SU-2796,SU,Monopole / greenfield,Amman-Zarqa Metro,Amman outskirts,Amman,31.96363,35.79861,32,3,HUB-AMM-19,HUB-AMM-19-R01,Fiber ring,0
RO-05,Apr 2028 – Jun 2028,AMM-U-0913,U,Monopole / greenfield,Amman-Zarqa Metro,Amman,Amman,31.96128,35.80680,30,3,HUB-AMM-19,HUB-AMM-19-R01,Fiber ring,0
RO-05,Apr 2028 – Jun 2028,AMM-U-0934,U,Monopole / greenfield,Amman-Zarqa Metro,Amman,Amman,31.96480,35.80444,30,3,HUB-AMM-19,HUB-AMM-19-R01,Fiber ring,0
RO-05,Apr 2028 – Jun 2028,AMM-U-0935,U,Monopole / greenfield,Amman-Zarqa Metro,Amman,Amman,31.96521,35.81058,30,3,HUB-AMM-19,HUB-AMM-19-R01,Fiber ring,1
RO-05,Apr 2028 – Jun 2028,AMM-SU-2757,SU,Monopole / greenfield,Amman-Zarqa Metro,Amman outskirts,Amman,31.94894,35.79998,32,3,HUB-AMM-19,HUB-AMM-19-R02,Fiber ring,0
RO-05,Apr 2028 – Jun 2028,AMM-SU-2758,SU,Monopole / greenfield,Amman-Zarqa Metro,Amman outskirts,Amman,31.94836,35.80612,32,3,HUB-AMM-19,HUB-AMM-19-R02,Fiber ring,0
RO-05,Apr 2028 – Jun 2028,AMM-SU-2771,SU,Monopole / greenfield,Amman-Zarqa Metro,Amman outskirts,Amman,31.95345,35.80271,32,3,HUB-AMM-19,HUB-AMM-19-R02,Fiber ring,0
RO-05,Apr 2028 – Jun 2028,AMM-U-0849,U,Monopole / greenfield,Amman-Zarqa Metro,Amman,Amman,31.95071,35.80916,30,3,HUB-AMM-19,HUB-AMM-19-R02,Fiber ring,0
RO-05,Apr 2028 – Jun 2028,AMM-U-0871,U,Monopole / greenfield,Amman-Zarqa Metro,Amman,Amman,31.95423,35.80680,30,3,HUB-AMM-19,HUB-AMM-19-R02,Fiber ring,0
RO-05,Apr 2028 – Jun 2028,AMM-U-0891,U,Monopole / greenfield,Amman-Zarqa Metro,Amman,Amman,31.95694,35.80538,30,3,HUB-AMM-19,HUB-AMM-19-R02,Fiber ring,0
RO-05,Apr 2028 – Jun 2028,AMM-U-0892,U,Monopole / greenfield,Amman-Zarqa Metro,Amman,Amman,31.95775,35.80916,30,3,HUB-AMM-19,HUB-AMM-19-R02,Fiber ring,0
RO-05,Apr 2028 – Jun 2028,AMM-U-0872,U,Monopole / greenfield,Amman-Zarqa Metro,Amman,Amman,31.95423,35.81153,30,3,HUB-AMM-19,HUB-AMM-19-R03,Fiber ring,0
RO-05,Apr 2028 – Jun 2028,AMM-U-0873,U,Rooftop,Amman-Zarqa Metro,Amman,Amman,31.95423,35.81814,30,3,HUB-AMM-19,HUB-AMM-19-R03,Fiber ring,0
RO-05,Apr 2028 – Jun 2028,AMM-U-0874,U,Rooftop,Amman-Zarqa Metro,Amman,Amman,31.95342,35.82192,30,3,HUB-AMM-19,HUB-AMM-19-R03,Fiber ring,0
RO-05,Apr 2028 – Jun 2028,AMM-U-0893,U,Monopole / greenfield,Amman-Zarqa Metro,Amman,Amman,31.95694,35.81484,30,3,HUB-AMM-19,HUB-AMM-19-R03,Fiber ring,0
RO-05,Apr 2028 – Jun 2028,AMM-U-0894,U,Rooftop,Amman-Zarqa Metro,Amman,Amman,31.95816,35.82003,30,3,HUB-AMM-19,HUB-AMM-19-R03,Fiber ring,0
RO-05,Apr 2028 – Jun 2028,AMM-U-0914,U,Monopole / greenfield,Amman-Zarqa Metro,Amman,Amman,31.96209,35.81247,30,3,HUB-AMM-19,HUB-AMM-19-R03,Fiber ring,0
RO-05,Apr 2028 – Jun 2028,AMM-U-0915,U,Rooftop,Amman-Zarqa Metro,Amman,Amman,31.96128,35.81814,30,3,HUB-AMM-19,HUB-AMM-19-R03,Fiber ring,0
RO-05,Apr 2028 – Jun 2028,AMM-U-0895,U,Rooftop,Amman-Zarqa Metro,Amman,Amman,31.95857,35.82429,30,3,HUB-AMM-19,HUB-AMM-19-R04,Fiber ring,0
RO-05,Apr 2028 – Jun 2028,AMM-U-0916,U,Rooftop,Amman-Zarqa Metro,Amman,Amman,31.96209,35.82192,30,3,HUB-AMM-19,HUB-AMM-19-R04,Fiber ring,0
RO-05,Apr 2028 – Jun 2028,AMM-U-0936,U,Monopole / greenfield,Amman-Zarqa Metro,Amman,Amman,31.96562,35.81484,30,3,HUB-AMM-19,HUB-AMM-19-R04,Fiber ring,0
RO-05,Apr 2028 – Jun 2028,AMM-U-0937,U,Rooftop,Amman-Zarqa Metro,Amman,Amman,31.96480,35.82051,30,3,HUB-AMM-19,HUB-AMM-19-R04,Fiber ring,0
RO-05,Apr 2028 – Jun 2028,AMM-U-0960,U,Monopole / greenfield,Amman-Zarqa Metro,Amman,Amman,31.96914,35.81720,30,3,HUB-AMM-19,HUB-AMM-19-R04,Fiber ring,0
RO-05,Apr 2028 – Jun 2028,AMM-U-0985,U,Monopole / greenfield,Amman-Zarqa Metro,Amman,Amman,31.97185,35.81484,30,3,HUB-AMM-19,HUB-AMM-19-R04,Fiber ring,0
RO-05,Apr 2028 – Jun 2028,AMM-U-0986,U,Monopole / greenfield,Amman-Zarqa Metro,Amman,Amman,31.97185,35.81862,30,3,HUB-AMM-19,HUB-AMM-19-R04,Fiber ring,0
RO-05,Apr 2028 – Jun 2028,AMM-U-0958,U,Monopole / greenfield,Amman-Zarqa Metro,Amman,Amman,31.96873,35.80822,30,3,HUB-AMM-19,HUB-AMM-19-R05,Fiber ring,0
RO-05,Apr 2028 – Jun 2028,AMM-U-0959,U,Monopole / greenfield,Amman-Zarqa Metro,Amman,Amman,31.96914,35.81247,30,3,HUB-AMM-19,HUB-AMM-19-R05,Fiber ring,0
RO-05,Apr 2028 – Jun 2028,AMM-U-0983,U,Monopole / greenfield,Amman-Zarqa Metro,Amman,Amman,31.97226,35.80538,30,3,HUB-AMM-19,HUB-AMM-19-R05,Fiber ring,0
RO-05,Apr 2028 – Jun 2028,AMM-U-0984,U,Monopole / greenfield,Amman-Zarqa Metro,Amman,Amman,31.97267,35.81011,30,3,HUB-AMM-19,HUB-AMM-19-R05,Fiber ring,0
RO-05,Apr 2028 – Jun 2028,AMM-U-1010,U,Monopole / greenfield,Amman-Zarqa Metro,Amman,Amman,31.97538,35.80680,30,3,HUB-AMM-19,HUB-AMM-19-R05,Fiber ring,0
RO-05,Apr 2028 – Jun 2028,AMM-U-1011,U,Monopole / greenfield,Amman-Zarqa Metro,Amman,Amman,31.97619,35.81247,30,3,HUB-AMM-19,HUB-AMM-19-R05,Fiber ring,0
RO-05,Apr 2028 – Jun 2028,AMM-U-1012,U,Monopole / greenfield,Amman-Zarqa Metro,Amman,Amman,31.97538,35.81625,30,3,HUB-AMM-19,HUB-AMM-19-R05,Fiber ring,0
RO-05,Apr 2028 – Jun 2028,AMM-SU-2806,SU,Monopole / greenfield,Amman-Zarqa Metro,Amman outskirts,Amman,31.96754,35.79383,32,3,HUB-AMM-19,HUB-AMM-19-R06,Fiber ring,0
RO-05,Apr 2028 – Jun 2028,AMM-SU-2818,SU,Monopole / greenfield,Amman-Zarqa Metro,Amman outskirts,Amman,31.97499,35.79724,32,3,HUB-AMM-19,HUB-AMM-19-R06,Fiber ring,0
RO-05,Apr 2028 – Jun 2028,AMM-U-0957,U,Monopole / greenfield,Amman-Zarqa Metro,Amman,Amman,31.96914,35.80302,30,3,HUB-AMM-19,HUB-AMM-19-R06,Fiber ring,0
RO-05,Apr 2028 – Jun 2028,AMM-U-0982,U,Monopole / greenfield,Amman-Zarqa Metro,Amman,Amman,31.97226,35.80113,30,3,HUB-AMM-19,HUB-AMM-19-R06,Fiber ring,0
RO-05,Apr 2028 – Jun 2028,AMM-U-1009,U,Monopole / greenfield,Amman-Zarqa Metro,Amman,Amman,31.97456,35.80302,30,3,HUB-AMM-19,HUB-AMM-19-R06,Fiber ring,0
RO-05,Apr 2028 – Jun 2028,AMM-SU-2705,SU,Monopole / greenfield,Amman-Zarqa Metro,Amman outskirts,Amman,31.92917,35.80748,32,3,HUB-AMM-22,HUB-AMM-22-R01,Fiber ring,0
RO-05,Apr 2028 – Jun 2028,AMM-SU-2706,SU,Monopole / greenfield,Amman-Zarqa Metro,Amman outskirts,Amman,31.92917,35.81431,32,3,HUB-AMM-22,HUB-AMM-22-R01,Fiber ring,0
RO-05,Apr 2028 – Jun 2028,AMM-SU-2721,SU,Monopole / greenfield,Amman-Zarqa Metro,Amman outskirts,Amman,31.93191,35.80407,32,3,HUB-AMM-22,HUB-AMM-22-R01,Fiber ring,0
RO-05,Apr 2028 – Jun 2028,AMM-SU-2722,SU,Monopole / greenfield,Amman-Zarqa Metro,Amman outskirts,Amman,31.93250,35.81158,32,3,HUB-AMM-22,HUB-AMM-22-R01,Fiber ring,0
RO-05,Apr 2028 – Jun 2028,AMM-SU-2734,SU,Monopole / greenfield,Amman-Zarqa Metro,Amman outskirts,Amman,31.93700,35.80748,32,3,HUB-AMM-22,HUB-AMM-22-R01,Fiber ring,0
RO-05,Apr 2028 – Jun 2028,AMM-U-0743,U,Monopole / greenfield,Amman-Zarqa Metro,Amman,Amman,31.93661,35.81578,30,3,HUB-AMM-22,HUB-AMM-22-R01,Fiber ring,0
RO-05,Apr 2028 – Jun 2028,AMM-U-0744,U,Monopole / greenfield,Amman-Zarqa Metro,Amman,Amman,31.93742,35.81956,30,3,HUB-AMM-22,HUB-AMM-22-R01,Fiber ring,1
RO-05,Apr 2028 – Jun 2028,AMM-SU-2668,SU,Monopole / greenfield,Amman-Zarqa Metro,Amman outskirts,Amman,31.91722,35.82045,32,3,HUB-AMM-22,HUB-AMM-22-R02,Fiber ring,0
RO-05,Apr 2028 – Jun 2028,AMM-SU-2689,SU,Monopole / greenfield,Amman-Zarqa Metro,Amman outskirts,Amman,31.92231,35.81841,32,3,HUB-AMM-22,HUB-AMM-22-R02,Fiber ring,0
RO-05,Apr 2028 – Jun 2028,AMM-SU-2690,SU,Monopole / greenfield,Amman-Zarqa Metro,Amman outskirts,Amman,31.92290,35.82455,32,3,HUB-AMM-22,HUB-AMM-22-R02,Fiber ring,0
RO-05,Apr 2028 – Jun 2028,AMM-SU-2707,SU,Monopole / greenfield,Amman-Zarqa Metro,Amman outskirts,Amman,31.92917,35.82114,32,3,HUB-AMM-22,HUB-AMM-22-R02,Fiber ring,0
RO-05,Apr 2028 – Jun 2028,AMM-SU-2723,SU,Monopole / greenfield,Amman-Zarqa Metro,Amman outskirts,Amman,31.93426,35.81772,32,3,HUB-AMM-22,HUB-AMM-22-R02,Fiber ring,0
RO-05,Apr 2028 – Jun 2028,AMM-U-0712,U,Monopole / greenfield,Amman-Zarqa Metro,Amman,Amman,31.93390,35.82192,30,3,HUB-AMM-22,HUB-AMM-22-R02,Fiber ring,0
RO-05,Apr 2028 – Jun 2028,AMM-U-0680,U,Monopole / greenfield,Amman-Zarqa Metro,Amman,Amman,31.93037,35.82901,30,3,HUB-AMM-22,HUB-AMM-22-R03,Fiber ring,0
RO-05,Apr 2028 – Jun 2028,AMM-U-0713,U,Monopole / greenfield,Amman-Zarqa Metro,Amman,Amman,31.93390,35.82665,30,3,HUB-AMM-22,HUB-AMM-22-R03,Fiber ring,0
RO-05,Apr 2028 – Jun 2028,AMM-U-0714,U,Monopole / greenfield,Amman-Zarqa Metro,Amman,Amman,31.93308,35.83043,30,3,HUB-AMM-22,HUB-AMM-22-R03,Fiber ring,0
RO-05,Apr 2028 – Jun 2028,AMM-U-0745,U,Monopole / greenfield,Amman-Zarqa Metro,Amman,Amman,31.93661,35.82523,30,3,HUB-AMM-22,HUB-AMM-22-R03,Fiber ring,0
RO-05,Apr 2028 – Jun 2028,AMM-U-0746,U,Monopole / greenfield,Amman-Zarqa Metro,Amman,Amman,31.93701,35.82854,30,3,HUB-AMM-22,HUB-AMM-22-R03,Fiber ring,0
RO-05,Apr 2028 – Jun 2028,AMM-U-0747,U,Monopole / greenfield,Amman-Zarqa Metro,Amman,Amman,31.93742,35.83374,30,3,HUB-AMM-22,HUB-AMM-22-R03,Fiber ring,0
RO-05,Apr 2028 – Jun 2028,AMM-U-0774,U,Rooftop,Amman-Zarqa Metro,Amman,Amman,31.94013,35.82098,30,3,HUB-AMM-22,HUB-AMM-22-R04,Fiber ring,0
RO-05,Apr 2028 – Jun 2028,AMM-U-0775,U,Rooftop,Amman-Zarqa Metro,Amman,Amman,31.94013,35.82760,30,3,HUB-AMM-22,HUB-AMM-22-R04,Fiber ring,0
RO-05,Apr 2028 – Jun 2028,AMM-U-0776,U,Rooftop,Amman-Zarqa Metro,Amman,Amman,31.94054,35.83185,30,3,HUB-AMM-22,HUB-AMM-22-R04,Fiber ring,0
RO-05,Apr 2028 – Jun 2028,AMM-U-0802,U,Rooftop,Amman-Zarqa Metro,Amman,Amman,31.94366,35.82334,30,3,HUB-AMM-22,HUB-AMM-22-R04,Fiber ring,0
RO-05,Apr 2028 – Jun 2028,AMM-U-0803,U,Rooftop,Amman-Zarqa Metro,Amman,Amman,31.94366,35.82996,30,3,HUB-AMM-22,HUB-AMM-22-R04,Fiber ring,0
RO-05,Apr 2028 – Jun 2028,AMM-U-0828,U,Rooftop,Amman-Zarqa Metro,Amman,Amman,31.94800,35.82665,30,3,HUB-AMM-22,HUB-AMM-22-R04,Fiber ring,0
RO-05,Apr 2028 – Jun 2028,AMM-U-0801,U,Rooftop,Amman-Zarqa Metro,Amman,Amman,31.94366,35.82051,30,3,HUB-AMM-22,HUB-AMM-22-R05,Fiber ring,0
RO-05,Apr 2028 – Jun 2028,AMM-U-0826,U,Rooftop,Amman-Zarqa Metro,Amman,Amman,31.94718,35.81814,30,3,HUB-AMM-22,HUB-AMM-22-R05,Fiber ring,0
RO-05,Apr 2028 – Jun 2028,AMM-U-0827,U,Rooftop,Amman-Zarqa Metro,Amman,Amman,31.94718,35.82287,30,3,HUB-AMM-22,HUB-AMM-22-R05,Fiber ring,0
RO-05,Apr 2028 – Jun 2028,AMM-U-0850,U,Rooftop,Amman-Zarqa Metro,Amman,Amman,31.95071,35.81578,30,3,HUB-AMM-22,HUB-AMM-22-R05,Fiber ring,0
RO-05,Apr 2028 – Jun 2028,AMM-U-0851,U,Rooftop,Amman-Zarqa Metro,Amman,Amman,31.95071,35.82051,30,3,HUB-AMM-22,HUB-AMM-22-R05,Fiber ring,0
RO-05,Apr 2028 – Jun 2028,AMM-U-0852,U,Rooftop,Amman-Zarqa Metro,Amman,Amman,31.94989,35.82429,30,3,HUB-AMM-22,HUB-AMM-22-R05,Fiber ring,0
RO-05,Apr 2028 – Jun 2028,AMM-SU-2733,SU,Monopole / greenfield,Amman-Zarqa Metro,Amman outskirts,Amman,31.93935,35.80066,32,3,HUB-AMM-22,HUB-AMM-22-R06,Fiber ring,0
RO-05,Apr 2028 – Jun 2028,AMM-SU-2745,SU,Monopole / greenfield,Amman-Zarqa Metro,Amman outskirts,Amman,31.94444,35.80407,32,3,HUB-AMM-22,HUB-AMM-22-R06,Fiber ring,0
RO-05,Apr 2028 – Jun 2028,AMM-SU-2746,SU,Monopole / greenfield,Amman-Zarqa Metro,Amman outskirts,Amman,31.94209,35.81090,32,3,HUB-AMM-22,HUB-AMM-22-R06,Fiber ring,0
RO-05,Apr 2028 – Jun 2028,AMM-U-0773,U,Rooftop,Amman-Zarqa Metro,Amman,Amman,31.94013,35.81814,30,3,HUB-AMM-22,HUB-AMM-22-R06,Fiber ring,0
RO-05,Apr 2028 – Jun 2028,AMM-U-0800,U,Rooftop,Amman-Zarqa Metro,Amman,Amman,31.94366,35.81578,30,3,HUB-AMM-22,HUB-AMM-22-R06,Fiber ring,0
RO-05,Apr 2028 – Jun 2028,AMM-U-0825,U,Rooftop,Amman-Zarqa Metro,Amman,Amman,31.94718,35.81153,30,3,HUB-AMM-22,HUB-AMM-22-R06,Fiber ring,0
RO-05,Apr 2028 – Jun 2028,AMM-SU-2580,SU,Rooftop,Amman-Zarqa Metro,Amman outskirts,Amman,31.89862,35.97132,32,3,HUB-AMM-33,HUB-AMM-33-R01,Fiber ring,0
RO-05,Apr 2028 – Jun 2028,AMM-U-0478,U,Rooftop,Amman-Zarqa Metro,Amman,Amman,31.90218,35.96607,30,3,HUB-AMM-33,HUB-AMM-33-R01,Fiber ring,0
RO-05,Apr 2028 – Jun 2028,AMM-U-0479,U,Rooftop,Amman-Zarqa Metro,Amman,Amman,31.90136,35.96985,30,3,HUB-AMM-33,HUB-AMM-33-R01,Fiber ring,0
RO-05,Apr 2028 – Jun 2028,AMM-U-0500,U,Rooftop,Amman-Zarqa Metro,Amman,Amman,31.90489,35.96937,30,3,HUB-AMM-33,HUB-AMM-33-R01,Fiber ring,0
RO-05,Apr 2028 – Jun 2028,AMM-U-0501,U,Rooftop,Amman-Zarqa Metro,Amman,Amman,31.90570,35.97315,30,3,HUB-AMM-33,HUB-AMM-33-R01,Fiber ring,0
RO-05,Apr 2028 – Jun 2028,AMM-U-0523,U,Rooftop,Amman-Zarqa Metro,Amman,Amman,31.90841,35.96512,30,3,HUB-AMM-33,HUB-AMM-33-R01,Fiber ring,0
RO-05,Apr 2028 – Jun 2028,AMM-U-0524,U,Rooftop,Amman-Zarqa Metro,Amman,Amman,31.90801,35.97032,30,3,HUB-AMM-33,HUB-AMM-33-R01,Fiber ring,0
RO-05,Apr 2028 – Jun 2028,AMM-U-0551,U,Rooftop,Amman-Zarqa Metro,Amman,Amman,31.91194,35.97694,30,3,HUB-AMM-33,HUB-AMM-33-R01,Fiber ring,1
RO-05,Apr 2028 – Jun 2028,AMM-SU-2557,SU,Rooftop,Amman-Zarqa Metro,Amman outskirts,Amman,31.89353,35.98156,32,3,HUB-AMM-33,HUB-AMM-33-R02,Fiber ring,0
RO-05,Apr 2028 – Jun 2028,AMM-SU-2558,SU,Rooftop,Amman-Zarqa Metro,Amman outskirts,Amman,31.89353,35.98838,32,3,HUB-AMM-33,HUB-AMM-33-R02,Fiber ring,0
RO-05,Apr 2028 – Jun 2028,AMM-SU-2581,SU,Rooftop,Amman-Zarqa Metro,Amman outskirts,Amman,31.89862,35.97814,32,3,HUB-AMM-33,HUB-AMM-33-R02,Fiber ring,0
RO-05,Apr 2028 – Jun 2028,AMM-SU-2582,SU,Rooftop,Amman-Zarqa Metro,Amman outskirts,Amman,31.89745,35.98497,32,3,HUB-AMM-33,HUB-AMM-33-R02,Fiber ring,0
RO-05,Apr 2028 – Jun 2028,AMM-SU-2583,SU,Rooftop,Amman-Zarqa Metro,Amman outskirts,Amman,31.89627,35.99180,32,3,HUB-AMM-33,HUB-AMM-33-R02,Fiber ring,0
RO-05,Apr 2028 – Jun 2028,AMM-SU-2604,SU,Rooftop,Amman-Zarqa Metro,Amman outskirts,Amman,31.90195,35.98224,32,3,HUB-AMM-33,HUB-AMM-33-R02,Fiber ring,0
RO-05,Apr 2028 – Jun 2028,AMM-U-0525,U,Rooftop,Amman-Zarqa Metro,Amman,Amman,31.90760,35.97552,30,3,HUB-AMM-33,HUB-AMM-33-R02,Fiber ring,0
RO-05,Apr 2028 – Jun 2028,AMM-SU-2605,SU,Monopole / greenfield,Amman-Zarqa Metro,Amman outskirts,Amman,31.90254,35.98838,32,3,HUB-AMM-33,HUB-AMM-33-R03,Fiber ring,0
RO-05,Apr 2028 – Jun 2028,AMM-SU-2606,SU,Rooftop,Amman-Zarqa Metro,Amman outskirts,Amman,31.90136,35.99521,32,3,HUB-AMM-33,HUB-AMM-33-R03,Fiber ring,0
RO-05,Apr 2028 – Jun 2028,AMM-SU-2629,SU,Rooftop,Amman-Zarqa Metro,Amman outskirts,Amman,31.90645,35.98497,32,3,HUB-AMM-33,HUB-AMM-33-R03,Fiber ring,0
RO-05,Apr 2028 – Jun 2028,AMM-SU-2630,SU,Monopole / greenfield,Amman-Zarqa Metro,Amman outskirts,Amman,31.90704,35.99111,32,3,HUB-AMM-33,HUB-AMM-33-R03,Fiber ring,0
RO-05,Apr 2028 – Jun 2028,AMM-SU-2631,SU,Monopole / greenfield,Amman-Zarqa Metro,Amman outskirts,Amman,31.90645,35.99862,32,3,HUB-AMM-33,HUB-AMM-33-R03,Fiber ring,0
RO-05,Apr 2028 – Jun 2028,AMM-SU-2651,SU,Rooftop,Amman-Zarqa Metro,Amman outskirts,Amman,31.91390,35.98838,32,3,HUB-AMM-33,HUB-AMM-33-R03,Fiber ring,0
RO-05,Apr 2028 – Jun 2028,AMM-SU-2652,SU,Rooftop,Amman-Zarqa Metro,Amman outskirts,Amman,31.91272,35.99384,32,3,HUB-AMM-33,HUB-AMM-33-R03,Fiber ring,0
RO-05,Apr 2028 – Jun 2028,AMM-SU-2672,SU,Monopole / greenfield,Amman-Zarqa Metro,Amman outskirts,Amman,31.91781,35.99180,32,3,HUB-AMM-33,HUB-AMM-33-R04,Fiber ring,0
RO-05,Apr 2028 – Jun 2028,AMM-U-0579,U,Rooftop,Amman-Zarqa Metro,Amman,Amman,31.91587,35.97977,30,3,HUB-AMM-33,HUB-AMM-33-R04,Fiber ring,0
RO-05,Apr 2028 – Jun 2028,AMM-U-0580,U,Rooftop,Amman-Zarqa Metro,Amman,Amman,31.91587,35.98544,30,3,HUB-AMM-33,HUB-AMM-33-R04,Fiber ring,0
RO-05,Apr 2028 – Jun 2028,AMM-U-0610,U,Rooftop,Amman-Zarqa Metro,Amman,Amman,31.91899,35.98166,30,3,HUB-AMM-33,HUB-AMM-33-R04,Fiber ring,0
RO-05,Apr 2028 – Jun 2028,AMM-U-0611,U,Monopole / greenfield,Amman-Zarqa Metro,Amman,Amman,31.91817,35.98733,30,3,HUB-AMM-33,HUB-AMM-33-R04,Fiber ring,0
RO-05,Apr 2028 – Jun 2028,AMM-U-0643,U,Monopole / greenfield,Amman-Zarqa Metro,Amman,Amman,31.92292,35.98544,30,3,HUB-AMM-33,HUB-AMM-33-R04,Fiber ring,0
RO-05,Apr 2028 – Jun 2028,AMM-U-0644,U,Monopole / greenfield,Amman-Zarqa Metro,Amman,Amman,31.92210,35.98922,30,3,HUB-AMM-33,HUB-AMM-33-R04,Fiber ring,0
RO-05,Apr 2028 – Jun 2028,AMM-U-0609,U,Rooftop,Amman-Zarqa Metro,Amman,Amman,31.91939,35.97741,30,3,HUB-AMM-33,HUB-AMM-33-R05,Fiber ring,0
RO-05,Apr 2028 – Jun 2028,AMM-U-0641,U,Rooftop,Amman-Zarqa Metro,Amman,Amman,31.92170,35.97552,30,3,HUB-AMM-33,HUB-AMM-33-R05,Fiber ring,0
RO-05,Apr 2028 – Jun 2028,AMM-U-0642,U,Monopole / greenfield,Amman-Zarqa Metro,Amman,Amman,31.92170,35.98024,30,3,HUB-AMM-33,HUB-AMM-33-R05,Fiber ring,0
RO-05,Apr 2028 – Jun 2028,AMM-U-0676,U,Monopole / greenfield,Amman-Zarqa Metro,Amman,Amman,31.92563,35.97835,30,3,HUB-AMM-33,HUB-AMM-33-R05,Fiber ring,0
RO-05,Apr 2028 – Jun 2028,AMM-U-0677,U,Monopole / greenfield,Amman-Zarqa Metro,Amman,Amman,31.92603,35.98355,30,3,HUB-AMM-33,HUB-AMM-33-R05,Fiber ring,0
RO-05,Apr 2028 – Jun 2028,AMM-U-0706,U,Rooftop,Amman-Zarqa Metro,Amman,Amman,31.92956,35.97552,30,3,HUB-AMM-33,HUB-AMM-33-R05,Fiber ring,0
RO-05,Apr 2028 – Jun 2028,AMM-U-0707,U,Monopole / greenfield,Amman-Zarqa Metro,Amman,Amman,31.92956,35.97930,30,3,HUB-AMM-33,HUB-AMM-33-R05,Fiber ring,0
RO-05,Apr 2028 – Jun 2028,AMM-U-0578,U,Rooftop,Amman-Zarqa Metro,Amman,Amman,31.91546,35.97457,30,3,HUB-AMM-33,HUB-AMM-33-R06,Fiber ring,0
RO-05,Apr 2028 – Jun 2028,AMM-U-0607,U,Rooftop,Amman-Zarqa Metro,Amman,Amman,31.91899,35.96937,30,3,HUB-AMM-33,HUB-AMM-33-R06,Fiber ring,0
RO-05,Apr 2028 – Jun 2028,AMM-U-0608,U,Rooftop,Amman-Zarqa Metro,Amman,Amman,31.91899,35.97315,30,3,HUB-AMM-33,HUB-AMM-33-R06,Fiber ring,0
RO-05,Apr 2028 – Jun 2028,AMM-U-0639,U,Rooftop,Amman-Zarqa Metro,Amman,Amman,31.92332,35.96607,30,3,HUB-AMM-33,HUB-AMM-33-R06,Fiber ring,0
RO-05,Apr 2028 – Jun 2028,AMM-U-0640,U,Rooftop,Amman-Zarqa Metro,Amman,Amman,31.92251,35.97174,30,3,HUB-AMM-33,HUB-AMM-33-R06,Fiber ring,0
RO-05,Apr 2028 – Jun 2028,AMM-U-0674,U,Rooftop,Amman-Zarqa Metro,Amman,Amman,31.92603,35.96748,30,3,HUB-AMM-33,HUB-AMM-33-R06,Fiber ring,0
RO-05,Apr 2028 – Jun 2028,AMM-U-0675,U,Rooftop,Amman-Zarqa Metro,Amman,Amman,31.92522,35.97315,30,3,HUB-AMM-33,HUB-AMM-33-R06,Fiber ring,0
RO-05,Apr 2028 – Jun 2028,AMM-U-0548,U,Rooftop,Amman-Zarqa Metro,Amman,Amman,31.91194,35.96370,30,3,HUB-AMM-33,HUB-AMM-33-R07,Fiber ring,0
RO-05,Apr 2028 – Jun 2028,AMM-U-0575,U,Rooftop,Amman-Zarqa Metro,Amman,Amman,31.91505,35.96181,30,3,HUB-AMM-33,HUB-AMM-33-R07,Fiber ring,0
RO-05,Apr 2028 – Jun 2028,AMM-U-0576,U,Rooftop,Amman-Zarqa Metro,Amman,Amman,31.91546,35.96701,30,3,HUB-AMM-33,HUB-AMM-33-R07,Fiber ring,0
RO-05,Apr 2028 – Jun 2028,AMM-U-0577,U,Rooftop,Amman-Zarqa Metro,Amman,Amman,31.91465,35.97079,30,3,HUB-AMM-33,HUB-AMM-33-R07,Fiber ring,0
RO-05,Apr 2028 – Jun 2028,AMM-U-0605,U,Rooftop,Amman-Zarqa Metro,Amman,Amman,31.91899,35.95803,30,3,HUB-AMM-33,HUB-AMM-33-R07,Fiber ring,0
RO-05,Apr 2028 – Jun 2028,AMM-U-0606,U,Rooftop,Amman-Zarqa Metro,Amman,Amman,31.91939,35.96323,30,3,HUB-AMM-33,HUB-AMM-33-R07,Fiber ring,0
RO-05,Apr 2028 – Jun 2028,AMM-U-0638,U,Rooftop,Amman-Zarqa Metro,Amman,Amman,31.92170,35.96134,30,3,HUB-AMM-33,HUB-AMM-33-R07,Fiber ring,0
RO-05,Apr 2028 – Jun 2028,AMM-U-0549,U,Rooftop,Amman-Zarqa Metro,Amman,Amman,31.91194,35.96937,30,3,HUB-AMM-33,HUB-AMM-33-R08,Fiber ring,0
RO-05,Apr 2028 – Jun 2028,AMM-U-0550,U,Rooftop,Amman-Zarqa Metro,Amman,Amman,31.91194,35.97221,30,3,HUB-AMM-33,HUB-AMM-33-R08,Fiber ring,0
RO-05,Apr 2028 – Jun 2028,AMM-U-2039,U,Monopole / greenfield,Amman-Zarqa Metro,Zarqa,Zarqa,32.08111,36.11115,30,3,HUB-AMM-42,HUB-AMM-42-R01,Fiber ring,0
RO-05,Apr 2028 – Jun 2028,AMM-U-2061,U,Rooftop,Amman-Zarqa Metro,Zarqa,Zarqa,32.08463,36.10690,30,3,HUB-AMM-42,HUB-AMM-42-R01,Fiber ring,0
RO-05,Apr 2028 – Jun 2028,AMM-U-2062,U,Monopole / greenfield,Amman-Zarqa Metro,Zarqa,Zarqa,32.08463,36.11257,30,3,HUB-AMM-42,HUB-AMM-42-R01,Fiber ring,0
RO-05,Apr 2028 – Jun 2028,AMM-U-2081,U,Rooftop,Amman-Zarqa Metro,Zarqa,Zarqa,32.08816,36.10548,30,3,HUB-AMM-42,HUB-AMM-42-R01,Fiber ring,0
RO-05,Apr 2028 – Jun 2028,AMM-U-2082,U,Rooftop,Amman-Zarqa Metro,Zarqa,Zarqa,32.08816,36.10926,30,3,HUB-AMM-42,HUB-AMM-42-R01,Fiber ring,0
RO-05,Apr 2028 – Jun 2028,AMM-U-2083,U,Monopole / greenfield,Amman-Zarqa Metro,Zarqa,Zarqa,32.08816,36.11493,30,3,HUB-AMM-42,HUB-AMM-42-R01,Fiber ring,0
RO-05,Apr 2028 – Jun 2028,AMM-U-2096,U,Rooftop,Amman-Zarqa Metro,Zarqa,Zarqa,32.09128,36.10265,30,3,HUB-AMM-42,HUB-AMM-42-R01,Fiber ring,0
RO-05,Apr 2028 – Jun 2028,AMM-U-2098,U,Monopole / greenfield,Amman-Zarqa Metro,Zarqa,Zarqa,32.09168,36.11352,30,3,HUB-AMM-42,HUB-AMM-42-R01,Fiber ring,1
RO-05,Apr 2028 – Jun 2028,AMM-U-2063,U,Monopole / greenfield,Amman-Zarqa Metro,Zarqa,Zarqa,32.08463,36.11730,30,3,HUB-AMM-42,HUB-AMM-42-R02,Fiber ring,0
RO-05,Apr 2028 – Jun 2028,AMM-U-2064,U,Monopole / greenfield,Amman-Zarqa Metro,Zarqa,Zarqa,32.08504,36.12249,30,3,HUB-AMM-42,HUB-AMM-42-R02,Fiber ring,0
RO-05,Apr 2028 – Jun 2028,AMM-U-2084,U,Monopole / greenfield,Amman-Zarqa Metro,Zarqa,Zarqa,32.08816,36.12060,30,3,HUB-AMM-42,HUB-AMM-42-R02,Fiber ring,0
RO-05,Apr 2028 – Jun 2028,AMM-U-2085,U,Monopole / greenfield,Amman-Zarqa Metro,Zarqa,Zarqa,32.08734,36.12438,30,3,HUB-AMM-42,HUB-AMM-42-R02,Fiber ring,0
RO-05,Apr 2028 – Jun 2028,AMM-U-2099,U,Monopole / greenfield,Amman-Zarqa Metro,Zarqa,Zarqa,32.09087,36.11730,30,3,HUB-AMM-42,HUB-AMM-42-R02,Fiber ring,0
RO-05,Apr 2028 – Jun 2028,AMM-U-2100,U,Monopole / greenfield,Amman-Zarqa Metro,Zarqa,Zarqa,32.09128,36.12249,30,3,HUB-AMM-42,HUB-AMM-42-R02,Fiber ring,0
RO-05,Apr 2028 – Jun 2028,AMM-U-2101,U,Monopole / greenfield,Amman-Zarqa Metro,Zarqa,Zarqa,32.09087,36.12675,30,3,HUB-AMM-42,HUB-AMM-42-R02,Fiber ring,0
RO-05,Apr 2028 – Jun 2028,AMM-U-2114,U,Rooftop,Amman-Zarqa Metro,Zarqa,Zarqa,32.09521,36.11493,30,3,HUB-AMM-42,HUB-AMM-42-R03,Fiber ring,0
RO-05,Apr 2028 – Jun 2028,AMM-U-2115,U,Monopole / greenfield,Amman-Zarqa Metro,Zarqa,Zarqa,32.09521,36.11966,30,3,HUB-AMM-42,HUB-AMM-42-R03,Fiber ring,0
RO-05,Apr 2028 – Jun 2028,AMM-U-2116,U,Monopole / greenfield,Amman-Zarqa Metro,Zarqa,Zarqa,32.09521,36.12438,30,3,HUB-AMM-42,HUB-AMM-42-R03,Fiber ring,0
RO-05,Apr 2028 – Jun 2028,AMM-U-2128,U,Rooftop,Amman-Zarqa Metro,Zarqa,Zarqa,32.09873,36.11257,30,3,HUB-AMM-42,HUB-AMM-42-R03,Fiber ring,0
RO-05,Apr 2028 – Jun 2028,AMM-U-2129,U,Monopole / greenfield,Amman-Zarqa Metro,Zarqa,Zarqa,32.09873,36.11730,30,3,HUB-AMM-42,HUB-AMM-42-R03,Fiber ring,0
RO-05,Apr 2028 – Jun 2028,AMM-U-2130,U,Monopole / greenfield,Amman-Zarqa Metro,Zarqa,Zarqa,32.09873,36.12202,30,3,HUB-AMM-42,HUB-AMM-42-R03,Fiber ring,0
RO-05,Apr 2028 – Jun 2028,AMM-U-2142,U,Rooftop,Amman-Zarqa Metro,Zarqa,Zarqa,32.10226,36.11493,30,3,HUB-AMM-42,HUB-AMM-42-R03,Fiber ring,0
RO-05,Apr 2028 – Jun 2028,AMM-U-2113,U,Rooftop,Amman-Zarqa Metro,Zarqa,Zarqa,32.09521,36.10926,30,3,HUB-AMM-42,HUB-AMM-42-R04,Fiber ring,0
RO-05,Apr 2028 – Jun 2028,AMM-U-2126,U,Rooftop,Amman-Zarqa Metro,Zarqa,Zarqa,32.09873,36.10312,30,3,HUB-AMM-42,HUB-AMM-42-R04,Fiber ring,0
RO-05,Apr 2028 – Jun 2028,AMM-U-2127,U,Rooftop,Amman-Zarqa Metro,Zarqa,Zarqa,32.09873,36.10784,30,3,HUB-AMM-42,HUB-AMM-42-R04,Fiber ring,0
RO-05,Apr 2028 – Jun 2028,AMM-U-2139,U,Rooftop,Amman-Zarqa Metro,Zarqa,Zarqa,32.10144,36.10076,30,3,HUB-AMM-42,HUB-AMM-42-R04,Fiber ring,0
RO-05,Apr 2028 – Jun 2028,AMM-U-2140,U,Rooftop,Amman-Zarqa Metro,Zarqa,Zarqa,32.10226,36.10548,30,3,HUB-AMM-42,HUB-AMM-42-R04,Fiber ring,0
RO-05,Apr 2028 – Jun 2028,AMM-U-2141,U,Rooftop,Amman-Zarqa Metro,Zarqa,Zarqa,32.10226,36.11021,30,3,HUB-AMM-42,HUB-AMM-42-R04,Fiber ring,0
RO-05,Apr 2028 – Jun 2028,AMM-U-2152,U,Rooftop,Amman-Zarqa Metro,Zarqa,Zarqa,32.10578,36.10690,30,3,HUB-AMM-42,HUB-AMM-42-R04,Fiber ring,0
RO-05,Apr 2028 – Jun 2028,AMM-U-2097,U,Rooftop,Amman-Zarqa Metro,Zarqa,Zarqa,32.09168,36.10690,30,3,HUB-AMM-42,HUB-AMM-42-R05,Fiber ring,0
RO-05,Apr 2028 – Jun 2028,AMM-U-2111,U,Rooftop,Amman-Zarqa Metro,Zarqa,Zarqa,32.09439,36.10076,30,3,HUB-AMM-42,HUB-AMM-42-R05,Fiber ring,0
RO-05,Apr 2028 – Jun 2028,AMM-U-2112,U,Rooftop,Amman-Zarqa Metro,Zarqa,Zarqa,32.09439,36.10548,30,3,HUB-AMM-42,HUB-AMM-42-R05,Fiber ring,0
RO-05,Apr 2028 – Jun 2028,AMM-U-2125,U,Rooftop,Amman-Zarqa Metro,Zarqa,Zarqa,32.09873,36.09839,30,3,HUB-AMM-42,HUB-AMM-42-R05,Fiber ring,0
RO-05,Apr 2028 – Jun 2028,AMM-SU-2423,SU,Monopole / greenfield,Amman-Zarqa Metro,Amman outskirts,Amman,31.87199,35.89964,32,3,HUB-AMM-46,HUB-AMM-46-R01,Fiber ring,0
RO-05,Apr 2028 – Jun 2028,AMM-SU-2424,SU,Monopole / greenfield,Amman-Zarqa Metro,Amman outskirts,Amman,31.87317,35.90647,32,3,HUB-AMM-46,HUB-AMM-46-R01,Fiber ring,0
RO-05,Apr 2028 – Jun 2028,AMM-SU-2456,SU,Monopole / greenfield,Amman-Zarqa Metro,Amman outskirts,Amman,31.87708,35.90169,32,3,HUB-AMM-46,HUB-AMM-46-R01,Fiber ring,0
RO-05,Apr 2028 – Jun 2028,AMM-SU-2489,SU,Rooftop,Amman-Zarqa Metro,Amman outskirts,Amman,31.88159,35.89896,32,3,HUB-AMM-46,HUB-AMM-46-R01,Fiber ring,0
RO-05,Apr 2028 – Jun 2028,AMM-SU-2490,SU,Monopole / greenfield,Amman-Zarqa Metro,Amman outskirts,Amman,31.88276,35.90578,32,3,HUB-AMM-46,HUB-AMM-46-R01,Fiber ring,0
RO-05,Apr 2028 – Jun 2028,AMM-SU-2491,SU,Rooftop,Amman-Zarqa Metro,Amman outskirts,Amman,31.88335,35.91329,32,3,HUB-AMM-46,HUB-AMM-46-R01,Fiber ring,0
RO-05,Apr 2028 – Jun 2028,AMM-SU-2523,SU,Monopole / greenfield,Amman-Zarqa Metro,Amman outskirts,Amman,31.88727,35.90442,32,3,HUB-AMM-46,HUB-AMM-46-R01,Fiber ring,0
RO-05,Apr 2028 – Jun 2028,AMM-SU-2525,SU,Rooftop,Amman-Zarqa Metro,Amman outskirts,Amman,31.88844,35.91671,32,3,HUB-AMM-46,HUB-AMM-46-R01,Fiber ring,1
RO-05,Apr 2028 – Jun 2028,AMM-SU-2425,SU,Rooftop,Amman-Zarqa Metro,Amman outskirts,Amman,31.87082,35.91329,32,3,HUB-AMM-46,HUB-AMM-46-R02,Fiber ring,0
RO-05,Apr 2028 – Jun 2028,AMM-SU-2426,SU,Rooftop,Amman-Zarqa Metro,Amman outskirts,Amman,31.87141,35.92080,32,3,HUB-AMM-46,HUB-AMM-46-R02,Fiber ring,0
RO-05,Apr 2028 – Jun 2028,AMM-SU-2427,SU,Rooftop,Amman-Zarqa Metro,Amman outskirts,Amman,31.87317,35.92695,32,3,HUB-AMM-46,HUB-AMM-46-R02,Fiber ring,0
RO-05,Apr 2028 – Jun 2028,AMM-SU-2457,SU,Monopole / greenfield,Amman-Zarqa Metro,Amman outskirts,Amman,31.87708,35.90988,32,3,HUB-AMM-46,HUB-AMM-46-R02,Fiber ring,0
RO-05,Apr 2028 – Jun 2028,AMM-SU-2458,SU,Rooftop,Amman-Zarqa Metro,Amman outskirts,Amman,31.87826,35.91671,32,3,HUB-AMM-46,HUB-AMM-46-R02,Fiber ring,0
RO-05,Apr 2028 – Jun 2028,AMM-SU-2459,SU,Rooftop,Amman-Zarqa Metro,Amman outskirts,Amman,31.87591,35.92353,32,3,HUB-AMM-46,HUB-AMM-46-R02,Fiber ring,0
RO-05,Apr 2028 – Jun 2028,AMM-SU-2492,SU,Rooftop,Amman-Zarqa Metro,Amman outskirts,Amman,31.88217,35.91875,32,3,HUB-AMM-46,HUB-AMM-46-R02,Fiber ring,0
RO-05,Apr 2028 – Jun 2028,AMM-SU-2428,SU,Rooftop,Amman-Zarqa Metro,Amman outskirts,Amman,31.87199,35.93377,32,3,HUB-AMM-46,HUB-AMM-46-R03,Fiber ring,0
RO-05,Apr 2028 – Jun 2028,AMM-SU-2460,SU,Rooftop,Amman-Zarqa Metro,Amman outskirts,Amman,31.87826,35.93036,32,3,HUB-AMM-46,HUB-AMM-46-R03,Fiber ring,0
RO-05,Apr 2028 – Jun 2028,AMM-SU-2461,SU,Rooftop,Amman-Zarqa Metro,Amman outskirts,Amman,31.87650,35.93787,32,3,HUB-AMM-46,HUB-AMM-46-R03,Fiber ring,0
RO-05,Apr 2028 – Jun 2028,AMM-SU-2493,SU,Rooftop,Amman-Zarqa Metro,Amman outskirts,Amman,31.88276,35.92626,32,3,HUB-AMM-46,HUB-AMM-46-R03,Fiber ring,0
RO-05,Apr 2028 – Jun 2028,AMM-SU-2494,SU,Rooftop,Amman-Zarqa Metro,Amman outskirts,Amman,31.88276,35.93309,32,3,HUB-AMM-46,HUB-AMM-46-R03,Fiber ring,0
RO-05,Apr 2028 – Jun 2028,AMM-U-0418,U,Rooftop,Amman-Zarqa Metro,Amman,Amman,31.88727,35.92259,30,3,HUB-AMM-46,HUB-AMM-46-R03,Fiber ring,0
RO-05,Apr 2028 – Jun 2028,AMM-U-0420,U,Rooftop,Amman-Zarqa Metro,Amman,Amman,31.88645,35.93298,30,3,HUB-AMM-46,HUB-AMM-46-R03,Fiber ring,0
RO-05,Apr 2028 – Jun 2028,AMM-U-0419,U,Rooftop,Amman-Zarqa Metro,Amman,Amman,31.88727,35.92826,30,3,HUB-AMM-46,HUB-AMM-46-R04,Fiber ring,0
RO-05,Apr 2028 – Jun 2028,AMM-U-0424,U,Rooftop,Amman-Zarqa Metro,Amman,Amman,31.89079,35.92117,30,3,HUB-AMM-46,HUB-AMM-46-R04,Fiber ring,0
RO-05,Apr 2028 – Jun 2028,AMM-U-0425,U,Rooftop,Amman-Zarqa Metro,Amman,Amman,31.89160,35.92590,30,3,HUB-AMM-46,HUB-AMM-46-R04,Fiber ring,0
RO-05,Apr 2028 – Jun 2028,AMM-U-0426,U,Rooftop,Amman-Zarqa Metro,Amman,Amman,31.88998,35.93062,30,3,HUB-AMM-46,HUB-AMM-46-R04,Fiber ring,0
RO-05,Apr 2028 – Jun 2028,AMM-U-0437,U,Rooftop,Amman-Zarqa Metro,Amman,Amman,31.89472,35.92779,30,3,HUB-AMM-46,HUB-AMM-46-R04,Fiber ring,0
RO-05,Apr 2028 – Jun 2028,AMM-U-0438,U,Rooftop,Amman-Zarqa Metro,Amman,Amman,31.89431,35.93204,30,3,HUB-AMM-46,HUB-AMM-46-R04,Fiber ring,0
RO-05,Apr 2028 – Jun 2028,AMM-U-0452,U,Rooftop,Amman-Zarqa Metro,Amman,Amman,31.89784,35.92968,30,3,HUB-AMM-46,HUB-AMM-46-R04,Fiber ring,0
RO-05,Apr 2028 – Jun 2028,AMM-U-0423,U,Rooftop,Amman-Zarqa Metro,Amman,Amman,31.89079,35.91739,30,3,HUB-AMM-46,HUB-AMM-46-R05,Fiber ring,0
RO-05,Apr 2028 – Jun 2028,AMM-U-0435,U,Rooftop,Amman-Zarqa Metro,Amman,Amman,31.89431,35.91881,30,3,HUB-AMM-46,HUB-AMM-46-R05,Fiber ring,0
RO-05,Apr 2028 – Jun 2028,AMM-U-0436,U,Rooftop,Amman-Zarqa Metro,Amman,Amman,31.89431,35.92448,30,3,HUB-AMM-46,HUB-AMM-46-R05,Fiber ring,0
RO-05,Apr 2028 – Jun 2028,AMM-U-0449,U,Rooftop,Amman-Zarqa Metro,Amman,Amman,31.89865,35.91644,30,3,HUB-AMM-46,HUB-AMM-46-R05,Fiber ring,0
RO-05,Apr 2028 – Jun 2028,AMM-U-0450,U,Rooftop,Amman-Zarqa Metro,Amman,Amman,31.89784,35.92117,30,3,HUB-AMM-46,HUB-AMM-46-R05,Fiber ring,0
RO-05,Apr 2028 – Jun 2028,AMM-U-0451,U,Rooftop,Amman-Zarqa Metro,Amman,Amman,31.89703,35.92590,30,3,HUB-AMM-46,HUB-AMM-46-R05,Fiber ring,0
RO-05,Apr 2028 – Jun 2028,AMM-U-0468,U,Rooftop,Amman-Zarqa Metro,Amman,Amman,31.90136,35.91881,30,3,HUB-AMM-46,HUB-AMM-46-R05,Fiber ring,0
RO-05,Apr 2028 – Jun 2028,AMM-U-0433,U,Rooftop,Amman-Zarqa Metro,Amman,Amman,31.89431,35.91030,30,3,HUB-AMM-46,HUB-AMM-46-R06,Fiber ring,0
RO-05,Apr 2028 – Jun 2028,AMM-U-0434,U,Rooftop,Amman-Zarqa Metro,Amman,Amman,31.89391,35.91361,30,3,HUB-AMM-46,HUB-AMM-46-R06,Fiber ring,0
RO-05,Apr 2028 – Jun 2028,AMM-U-0446,U,Rooftop,Amman-Zarqa Metro,Amman,Amman,31.89784,35.90227,30,3,HUB-AMM-46,HUB-AMM-46-R06,Fiber ring,0
RO-05,Apr 2028 – Jun 2028,AMM-U-0447,U,Rooftop,Amman-Zarqa Metro,Amman,Amman,31.89784,35.90794,30,3,HUB-AMM-46,HUB-AMM-46-R06,Fiber ring,0
RO-05,Apr 2028 – Jun 2028,AMM-U-0448,U,Rooftop,Amman-Zarqa Metro,Amman,Amman,31.89865,35.91172,30,3,HUB-AMM-46,HUB-AMM-46-R06,Fiber ring,0
RO-05,Apr 2028 – Jun 2028,AMM-U-0466,U,Rooftop,Amman-Zarqa Metro,Amman,Amman,31.90136,35.90935,30,3,HUB-AMM-46,HUB-AMM-46-R06,Fiber ring,0
RO-05,Apr 2028 – Jun 2028,AMM-U-0467,U,Rooftop,Amman-Zarqa Metro,Amman,Amman,31.90055,35.91408,30,3,HUB-AMM-46,HUB-AMM-46-R06,Fiber ring,0
RO-05,Apr 2028 – Jun 2028,AMM-SU-2524,SU,Rooftop,Amman-Zarqa Metro,Amman outskirts,Amman,31.88844,35.90988,32,3,HUB-AMM-46,HUB-AMM-46-R07,Fiber ring,0
RO-05,Apr 2028 – Jun 2028,AMM-U-0421,U,Rooftop,Amman-Zarqa Metro,Amman,Amman,31.89079,35.90699,30,3,HUB-AMM-46,HUB-AMM-46-R07,Fiber ring,0
RO-05,Apr 2028 – Jun 2028,AMM-U-0422,U,Rooftop,Amman-Zarqa Metro,Amman,Amman,31.89120,35.91219,30,3,HUB-AMM-46,HUB-AMM-46-R07,Fiber ring,0
RO-05,Apr 2028 – Jun 2028,AMM-U-0431,U,Rooftop,Amman-Zarqa Metro,Amman,Amman,31.89350,35.89990,30,3,HUB-AMM-46,HUB-AMM-46-R07,Fiber ring,0
RO-05,Apr 2028 – Jun 2028,AMM-U-0432,U,Rooftop,Amman-Zarqa Metro,Amman,Amman,31.89431,35.90463,30,3,HUB-AMM-46,HUB-AMM-46-R07,Fiber ring,0
RO-05,Apr 2028 – Jun 2028,AMM-SU-2910,SU,Monopole / greenfield,Amman-Zarqa Metro,Amman outskirts,Amman,32.00827,35.80748,32,3,HUB-AMM-61,HUB-AMM-61-R01,Fiber ring,0
RO-05,Apr 2028 – Jun 2028,AMM-SU-2926,SU,Monopole / greenfield,Amman-Zarqa Metro,Amman outskirts,Amman,32.01454,35.79861,32,3,HUB-AMM-61,HUB-AMM-61-R01,Fiber ring,0
RO-05,Apr 2028 – Jun 2028,AMM-SU-2927,SU,Monopole / greenfield,Amman-Zarqa Metro,Amman outskirts,Amman,32.01336,35.80407,32,3,HUB-AMM-61,HUB-AMM-61-R01,Fiber ring,0
RO-05,Apr 2028 – Jun 2028,AMM-SU-2928,SU,Monopole / greenfield,Amman-Zarqa Metro,Amman outskirts,Amman,32.01454,35.81226,32,3,HUB-AMM-61,HUB-AMM-61-R01,Fiber ring,0
RO-05,Apr 2028 – Jun 2028,AMM-SU-2949,SU,Monopole / greenfield,Amman-Zarqa Metro,Amman outskirts,Amman,32.01963,35.80202,32,3,HUB-AMM-61,HUB-AMM-61-R01,Fiber ring,0
RO-05,Apr 2028 – Jun 2028,AMM-U-1354,U,Monopole / greenfield,Amman-Zarqa Metro,Amman,Amman,32.00710,35.81011,30,3,HUB-AMM-61,HUB-AMM-61-R01,Fiber ring,0
RO-05,Apr 2028 – Jun 2028,AMM-U-1448,U,Monopole / greenfield,Amman-Zarqa Metro,Amman,Amman,32.01455,35.81531,30,3,HUB-AMM-61,HUB-AMM-61-R01,Fiber ring,0
RO-05,Apr 2028 – Jun 2028,AMM-U-1537,U,Monopole / greenfield,Amman-Zarqa Metro,Amman,Amman,32.02038,35.81956,30,3,HUB-AMM-61,HUB-AMM-61-R01,Fiber ring,1
RO-05,Apr 2028 – Jun 2028,AMM-U-1355,U,Monopole / greenfield,Amman-Zarqa Metro,Amman,Amman,32.00710,35.81484,30,3,HUB-AMM-61,HUB-AMM-61-R02,Fiber ring,0
RO-05,Apr 2028 – Jun 2028,AMM-U-1356,U,Rooftop,Amman-Zarqa Metro,Amman,Amman,32.00628,35.81956,30,3,HUB-AMM-61,HUB-AMM-61-R02,Fiber ring,0
RO-05,Apr 2028 – Jun 2028,AMM-U-1402,U,Monopole / greenfield,Amman-Zarqa Metro,Amman,Amman,32.00981,35.81247,30,3,HUB-AMM-61,HUB-AMM-61-R02,Fiber ring,0
RO-05,Apr 2028 – Jun 2028,AMM-U-1403,U,Monopole / greenfield,Amman-Zarqa Metro,Amman,Amman,32.01062,35.81720,30,3,HUB-AMM-61,HUB-AMM-61-R02,Fiber ring,0
RO-05,Apr 2028 – Jun 2028,AMM-U-1404,U,Rooftop,Amman-Zarqa Metro,Amman,Amman,32.00981,35.82192,30,3,HUB-AMM-61,HUB-AMM-61-R02,Fiber ring,0
RO-05,Apr 2028 – Jun 2028,AMM-U-1449,U,Monopole / greenfield,Amman-Zarqa Metro,Amman,Amman,32.01496,35.81956,30,3,HUB-AMM-61,HUB-AMM-61-R02,Fiber ring,0
RO-05,Apr 2028 – Jun 2028,AMM-U-1494,U,Monopole / greenfield,Amman-Zarqa Metro,Amman,Amman,32.01686,35.81720,30,3,HUB-AMM-61,HUB-AMM-61-R02,Fiber ring,0
RO-05,Apr 2028 – Jun 2028,AMM-U-1405,U,Rooftop,Amman-Zarqa Metro,Amman,Amman,32.01144,35.82665,30,3,HUB-AMM-61,HUB-AMM-61-R03,Fiber ring,0
RO-05,Apr 2028 – Jun 2028,AMM-U-1450,U,Monopole / greenfield,Amman-Zarqa Metro,Amman,Amman,32.01496,35.82429,30,3,HUB-AMM-61,HUB-AMM-61-R03,Fiber ring,0
RO-05,Apr 2028 – Jun 2028,AMM-U-1451,U,Rooftop,Amman-Zarqa Metro,Amman,Amman,32.01415,35.82901,30,3,HUB-AMM-61,HUB-AMM-61-R03,Fiber ring,0
RO-05,Apr 2028 – Jun 2028,AMM-U-1452,U,Rooftop,Amman-Zarqa Metro,Amman,Amman,32.01415,35.83279,30,3,HUB-AMM-61,HUB-AMM-61-R03,Fiber ring,0
RO-05,Apr 2028 – Jun 2028,AMM-U-1495,U,Monopole / greenfield,Amman-Zarqa Metro,Amman,Amman,32.01686,35.82192,30,3,HUB-AMM-61,HUB-AMM-61-R03,Fiber ring,0
RO-05,Apr 2028 – Jun 2028,AMM-U-1496,U,Monopole / greenfield,Amman-Zarqa Metro,Amman,Amman,32.01726,35.82618,30,3,HUB-AMM-61,HUB-AMM-61-R03,Fiber ring,0
RO-05,Apr 2028 – Jun 2028,AMM-U-1497,U,Rooftop,Amman-Zarqa Metro,Amman,Amman,32.01808,35.83090,30,3,HUB-AMM-61,HUB-AMM-61-R03,Fiber ring,0
RO-05,Apr 2028 – Jun 2028,AMM-U-1538,U,Rooftop,Amman-Zarqa Metro,Amman,Amman,32.02119,35.82523,30,3,HUB-AMM-61,HUB-AMM-61-R04,Fiber ring,0
RO-05,Apr 2028 – Jun 2028,AMM-U-1539,U,Rooftop,Amman-Zarqa Metro,Amman,Amman,32.02038,35.82901,30,3,HUB-AMM-61,HUB-AMM-61-R04,Fiber ring,0
RO-05,Apr 2028 – Jun 2028,AMM-U-1540,U,Rooftop,Amman-Zarqa Metro,Amman,Amman,32.02119,35.83374,30,3,HUB-AMM-61,HUB-AMM-61-R04,Fiber ring,0
RO-05,Apr 2028 – Jun 2028,AMM-U-1580,U,Rooftop,Amman-Zarqa Metro,Amman,Amman,32.02472,35.82287,30,3,HUB-AMM-61,HUB-AMM-61-R04,Fiber ring,0
RO-05,Apr 2028 – Jun 2028,AMM-U-1581,U,Rooftop,Amman-Zarqa Metro,Amman,Amman,32.02431,35.82712,30,3,HUB-AMM-61,HUB-AMM-61-R04,Fiber ring,0
RO-05,Apr 2028 – Jun 2028,AMM-U-1582,U,Rooftop,Amman-Zarqa Metro,Amman,Amman,32.02391,35.83138,30,3,HUB-AMM-61,HUB-AMM-61-R04,Fiber ring,0
RO-05,Apr 2028 – Jun 2028,AMM-U-1622,U,Rooftop,Amman-Zarqa Metro,Amman,Balqa,32.02824,35.82996,30,3,HUB-AMM-61,HUB-AMM-61-R04,Fiber ring,0
RO-05,Apr 2028 – Jun 2028,AMM-SU-2976,SU,Monopole / greenfield,Amman-Zarqa Metro,Amman outskirts,Balqa,32.02589,35.81772,32,3,HUB-AMM-61,HUB-AMM-61-R05,Fiber ring,0
RO-05,Apr 2028 – Jun 2028,AMM-SU-3001,SU,Monopole / greenfield,Amman-Zarqa Metro,Amman outskirts,Balqa,32.02981,35.80885,32,3,HUB-AMM-61,HUB-AMM-61-R05,Fiber ring,0
RO-05,Apr 2028 – Jun 2028,AMM-SU-3002,SU,Rooftop,Amman-Zarqa Metro,Amman outskirts,Balqa,32.03040,35.81499,32,3,HUB-AMM-61,HUB-AMM-61-R05,Fiber ring,0
RO-05,Apr 2028 – Jun 2028,AMM-SU-3023,SU,Monopole / greenfield,Amman-Zarqa Metro,Amman outskirts,Balqa,32.03490,35.81226,32,3,HUB-AMM-61,HUB-AMM-61-R05,Fiber ring,0
RO-05,Apr 2028 – Jun 2028,AMM-SU-3024,SU,Rooftop,Amman-Zarqa Metro,Amman outskirts,Balqa,32.03372,35.81772,32,3,HUB-AMM-61,HUB-AMM-61-R05,Fiber ring,0
RO-05,Apr 2028 – Jun 2028,AMM-U-1621,U,Rooftop,Amman-Zarqa Metro,Amman,Balqa,32.02824,35.82523,30,3,HUB-AMM-61,HUB-AMM-61-R05,Fiber ring,0
RO-05,Apr 2028 – Jun 2028,AMM-U-1665,U,Rooftop,Amman-Zarqa Metro,Amman,Balqa,32.03136,35.82618,30,3,HUB-AMM-61,HUB-AMM-61-R05,Fiber ring,0
RO-05,Apr 2028 – Jun 2028,AMM-SU-2950,SU,Monopole / greenfield,Amman-Zarqa Metro,Amman outskirts,Amman,32.02080,35.80748,32,3,HUB-AMM-61,HUB-AMM-61-R06,Fiber ring,0
RO-05,Apr 2028 – Jun 2028,AMM-SU-2974,SU,Rooftop,Amman-Zarqa Metro,Amman outskirts,Balqa,32.02531,35.80475,32,3,HUB-AMM-61,HUB-AMM-61-R06,Fiber ring,0
RO-05,Apr 2028 – Jun 2028,AMM-SU-2975,SU,Monopole / greenfield,Amman-Zarqa Metro,Amman outskirts,Balqa,32.02589,35.81090,32,3,HUB-AMM-61,HUB-AMM-61-R06,Fiber ring,0
RO-05,Apr 2028 – Jun 2028,AMM-SU-2868,SU,Monopole / greenfield,Amman-Zarqa Metro,Amman outskirts,Zarqa,31.99359,36.03002,32,3,HUB-AMM-62,HUB-AMM-62-R01,Fiber ring,0
RO-05,Apr 2028 – Jun 2028,AMM-SU-2869,SU,Monopole / greenfield,Amman-Zarqa Metro,Amman outskirts,Zarqa,31.99359,36.03548,32,3,HUB-AMM-62,HUB-AMM-62-R01,Fiber ring,0
RO-05,Apr 2028 – Jun 2028,AMM-SU-2881,SU,Rooftop,Amman-Zarqa Metro,Amman outskirts,Zarqa,31.99926,36.02456,32,3,HUB-AMM-62,HUB-AMM-62-R01,Fiber ring,0
RO-05,Apr 2028 – Jun 2028,AMM-SU-2882,SU,Rooftop,Amman-Zarqa Metro,Amman outskirts,Zarqa,31.99926,36.03139,32,3,HUB-AMM-62,HUB-AMM-62-R01,Fiber ring,0
RO-05,Apr 2028 – Jun 2028,AMM-U-1345,U,Rooftop,Amman-Zarqa Metro,Russeifa,Zarqa,32.00357,36.02420,30,3,HUB-AMM-62,HUB-AMM-62-R01,Fiber ring,0
RO-05,Apr 2028 – Jun 2028,AMM-U-1346,U,Rooftop,Amman-Zarqa Metro,Russeifa,Zarqa,32.00357,36.02987,30,3,HUB-AMM-62,HUB-AMM-62-R01,Fiber ring,0
RO-05,Apr 2028 – Jun 2028,AMM-U-1347,U,Rooftop,Amman-Zarqa Metro,Russeifa,Zarqa,32.00357,36.03365,30,3,HUB-AMM-62,HUB-AMM-62-R01,Fiber ring,0
RO-05,Apr 2028 – Jun 2028,AMM-U-1394,U,Rooftop,Amman-Zarqa Metro,Russeifa,Zarqa,32.00628,36.03696,30,3,HUB-AMM-62,HUB-AMM-62-R01,Fiber ring,1
RO-05,Apr 2028 – Jun 2028,AMM-SU-2870,SU,Monopole / greenfield,Amman-Zarqa Metro,Amman outskirts,Amman,31.99300,36.04299,32,3,HUB-AMM-62,HUB-AMM-62-R02,Fiber ring,0
RO-05,Apr 2028 – Jun 2028,AMM-SU-2871,SU,Rooftop,Amman-Zarqa Metro,Amman outskirts,Amman,31.99300,36.04982,32,3,HUB-AMM-62,HUB-AMM-62-R02,Fiber ring,0
RO-05,Apr 2028 – Jun 2028,AMM-SU-2872,SU,Rooftop,Amman-Zarqa Metro,Amman outskirts,Amman,31.99417,36.05528,32,3,HUB-AMM-62,HUB-AMM-62-R02,Fiber ring,0
RO-05,Apr 2028 – Jun 2028,AMM-U-1302,U,Monopole / greenfield,Amman-Zarqa Metro,Russeifa,Zarqa,32.00005,36.03790,30,3,HUB-AMM-62,HUB-AMM-62-R02,Fiber ring,0
RO-05,Apr 2028 – Jun 2028,AMM-U-1303,U,Monopole / greenfield,Amman-Zarqa Metro,Russeifa,Zarqa,32.00005,36.04168,30,3,HUB-AMM-62,HUB-AMM-62-R02,Fiber ring,0
RO-05,Apr 2028 – Jun 2028,AMM-U-1304,U,Monopole / greenfield,Amman-Zarqa Metro,Russeifa,Zarqa,32.00005,36.04641,30,3,HUB-AMM-62,HUB-AMM-62-R02,Fiber ring,0
RO-05,Apr 2028 – Jun 2028,AMM-U-1348,U,Rooftop,Amman-Zarqa Metro,Russeifa,Zarqa,32.00357,36.03932,30,3,HUB-AMM-62,HUB-AMM-62-R02,Fiber ring,0
RO-05,Apr 2028 – Jun 2028,AMM-U-1305,U,Monopole / greenfield,Amman-Zarqa Metro,Russeifa,Zarqa,32.00005,36.05113,30,3,HUB-AMM-62,HUB-AMM-62-R03,Fiber ring,0
RO-05,Apr 2028 – Jun 2028,AMM-U-1349,U,Monopole / greenfield,Amman-Zarqa Metro,Russeifa,Zarqa,32.00357,36.04310,30,3,HUB-AMM-62,HUB-AMM-62-R03,Fiber ring,0
RO-05,Apr 2028 – Jun 2028,AMM-U-1350,U,Monopole / greenfield,Amman-Zarqa Metro,Russeifa,Zarqa,32.00276,36.04877,30,3,HUB-AMM-62,HUB-AMM-62-R03,Fiber ring,0
RO-05,Apr 2028 – Jun 2028,AMM-U-1351,U,Monopole / greenfield,Amman-Zarqa Metro,Russeifa,Zarqa,32.00357,36.05350,30,3,HUB-AMM-62,HUB-AMM-62-R03,Fiber ring,0
RO-05,Apr 2028 – Jun 2028,AMM-U-1395,U,Rooftop,Amman-Zarqa Metro,Russeifa,Zarqa,32.00710,36.04074,30,3,HUB-AMM-62,HUB-AMM-62-R03,Fiber ring,0
RO-05,Apr 2028 – Jun 2028,AMM-U-1396,U,Monopole / greenfield,Amman-Zarqa Metro,Russeifa,Zarqa,32.00710,36.04641,30,3,HUB-AMM-62,HUB-AMM-62-R03,Fiber ring,0
RO-05,Apr 2028 – Jun 2028,AMM-U-1397,U,Monopole / greenfield,Amman-Zarqa Metro,Russeifa,Zarqa,32.00710,36.05113,30,3,HUB-AMM-62,HUB-AMM-62-R03,Fiber ring,0
RO-05,Apr 2028 – Jun 2028,AMM-U-1440,U,Rooftop,Amman-Zarqa Metro,Russeifa,Zarqa,32.01062,36.03932,30,3,HUB-AMM-62,HUB-AMM-62-R04,Fiber ring,0
RO-05,Apr 2028 – Jun 2028,AMM-U-1441,U,Monopole / greenfield,Amman-Zarqa Metro,Russeifa,Zarqa,32.01062,36.04499,30,3,HUB-AMM-62,HUB-AMM-62-R04,Fiber ring,0
RO-05,Apr 2028 – Jun 2028,AMM-U-1442,U,Monopole / greenfield,Amman-Zarqa Metro,Russeifa,Zarqa,32.01062,36.04782,30,3,HUB-AMM-62,HUB-AMM-62-R04,Fiber ring,0
RO-05,Apr 2028 – Jun 2028,AMM-U-1486,U,Rooftop,Amman-Zarqa Metro,Russeifa,Zarqa,32.01455,36.04215,30,3,HUB-AMM-62,HUB-AMM-62-R04,Fiber ring,0
RO-05,Apr 2028 – Jun 2028,AMM-U-1487,U,Rooftop,Amman-Zarqa Metro,Russeifa,Zarqa,32.01455,36.04593,30,3,HUB-AMM-62,HUB-AMM-62-R04,Fiber ring,0
RO-05,Apr 2028 – Jun 2028,AMM-U-1528,U,Rooftop,Amman-Zarqa Metro,Russeifa,Zarqa,32.01686,36.03932,30,3,HUB-AMM-62,HUB-AMM-62-R04,Fiber ring,0
RO-05,Apr 2028 – Jun 2028,AMM-U-1529,U,Rooftop,Amman-Zarqa Metro,Russeifa,Zarqa,32.01686,36.04404,30,3,HUB-AMM-62,HUB-AMM-62-R04,Fiber ring,0
RO-05,Apr 2028 – Jun 2028,AMM-U-1439,U,Rooftop,Amman-Zarqa Metro,Russeifa,Zarqa,32.01062,36.03459,30,3,HUB-AMM-62,HUB-AMM-62-R05,Fiber ring,0
RO-05,Apr 2028 – Jun 2028,AMM-U-1483,U,Rooftop,Amman-Zarqa Metro,Russeifa,Zarqa,32.01374,36.02798,30,3,HUB-AMM-62,HUB-AMM-62-R05,Fiber ring,0
RO-05,Apr 2028 – Jun 2028,AMM-U-1484,U,Rooftop,Amman-Zarqa Metro,Russeifa,Zarqa,32.01374,36.03176,30,3,HUB-AMM-62,HUB-AMM-62-R05,Fiber ring,0
RO-05,Apr 2028 – Jun 2028,AMM-U-1485,U,Rooftop,Amman-Zarqa Metro,Russeifa,Zarqa,32.01333,36.03696,30,3,HUB-AMM-62,HUB-AMM-62-R05,Fiber ring,0
RO-05,Apr 2028 – Jun 2028,AMM-U-1525,U,Rooftop,Amman-Zarqa Metro,Russeifa,Zarqa,32.01686,36.02514,30,3,HUB-AMM-62,HUB-AMM-62-R05,Fiber ring,0
RO-05,Apr 2028 – Jun 2028,AMM-U-1526,U,Rooftop,Amman-Zarqa Metro,Russeifa,Zarqa,32.01686,36.02987,30,3,HUB-AMM-62,HUB-AMM-62-R05,Fiber ring,0
RO-05,Apr 2028 – Jun 2028,AMM-U-1527,U,Rooftop,Amman-Zarqa Metro,Russeifa,Zarqa,32.01686,36.03459,30,3,HUB-AMM-62,HUB-AMM-62-R05,Fiber ring,0
RO-05,Apr 2028 – Jun 2028,AMM-U-1435,U,Rooftop,Amman-Zarqa Metro,Russeifa,Zarqa,32.01062,36.01474,30,3,HUB-AMM-62,HUB-AMM-62-R06,Fiber ring,0
RO-05,Apr 2028 – Jun 2028,AMM-U-1436,U,Rooftop,Amman-Zarqa Metro,Russeifa,Zarqa,32.01062,36.01947,30,3,HUB-AMM-62,HUB-AMM-62-R06,Fiber ring,0
RO-05,Apr 2028 – Jun 2028,AMM-U-1437,U,Rooftop,Amman-Zarqa Metro,Russeifa,Zarqa,32.01062,36.02514,30,3,HUB-AMM-62,HUB-AMM-62-R06,Fiber ring,0
RO-05,Apr 2028 – Jun 2028,AMM-U-1438,U,Rooftop,Amman-Zarqa Metro,Russeifa,Zarqa,32.01062,36.02892,30,3,HUB-AMM-62,HUB-AMM-62-R06,Fiber ring,0
RO-05,Apr 2028 – Jun 2028,AMM-U-1481,U,Rooftop,Amman-Zarqa Metro,Russeifa,Zarqa,32.01333,36.01805,30,3,HUB-AMM-62,HUB-AMM-62-R06,Fiber ring,0
RO-05,Apr 2028 – Jun 2028,AMM-U-1482,U,Rooftop,Amman-Zarqa Metro,Russeifa,Zarqa,32.01455,36.02230,30,3,HUB-AMM-62,HUB-AMM-62-R06,Fiber ring,0
RO-05,Apr 2028 – Jun 2028,AMM-U-1524,U,Rooftop,Amman-Zarqa Metro,Russeifa,Zarqa,32.01686,36.02041,30,3,HUB-AMM-62,HUB-AMM-62-R06,Fiber ring,0
RO-05,Apr 2028 – Jun 2028,AMM-U-1391,U,Rooftop,Amman-Zarqa Metro,Russeifa,Zarqa,32.00791,36.02278,30,3,HUB-AMM-62,HUB-AMM-62-R07,Fiber ring,0
RO-05,Apr 2028 – Jun 2028,AMM-U-1392,U,Rooftop,Amman-Zarqa Metro,Russeifa,Zarqa,32.00791,36.02750,30,3,HUB-AMM-62,HUB-AMM-62-R07,Fiber ring,0
RO-05,Apr 2028 – Jun 2028,AMM-U-1393,U,Rooftop,Amman-Zarqa Metro,Russeifa,Zarqa,32.00710,36.03223,30,3,HUB-AMM-62,HUB-AMM-62-R07,Fiber ring,0
RO-05,Apr 2028 – Jun 2028,AMM-U-1890,U,Rooftop,Amman-Zarqa Metro,Zarqa,Zarqa,32.05644,36.11824,30,3,HUB-AMM-63,HUB-AMM-63-R01,Fiber ring,0
RO-05,Apr 2028 – Jun 2028,AMM-U-1906,U,Rooftop,Amman-Zarqa Metro,Zarqa,Zarqa,32.05996,36.11493,30,3,HUB-AMM-63,HUB-AMM-63-R01,Fiber ring,0
RO-05,Apr 2028 – Jun 2028,AMM-U-1907,U,Rooftop,Amman-Zarqa Metro,Zarqa,Zarqa,32.05996,36.11966,30,3,HUB-AMM-63,HUB-AMM-63-R01,Fiber ring,0
RO-05,Apr 2028 – Jun 2028,AMM-U-1923,U,Monopole / greenfield,Amman-Zarqa Metro,Zarqa,Zarqa,32.06349,36.11257,30,3,HUB-AMM-63,HUB-AMM-63-R01,Fiber ring,0
RO-05,Apr 2028 – Jun 2028,AMM-U-1924,U,Rooftop,Amman-Zarqa Metro,Zarqa,Zarqa,32.06308,36.11682,30,3,HUB-AMM-63,HUB-AMM-63-R01,Fiber ring,0
RO-05,Apr 2028 – Jun 2028,AMM-U-1945,U,Rooftop,Amman-Zarqa Metro,Zarqa,Zarqa,32.06701,36.11021,30,3,HUB-AMM-63,HUB-AMM-63-R01,Fiber ring,0
RO-05,Apr 2028 – Jun 2028,AMM-U-1946,U,Monopole / greenfield,Amman-Zarqa Metro,Zarqa,Zarqa,32.06701,36.11493,30,3,HUB-AMM-63,HUB-AMM-63-R01,Fiber ring,0
RO-05,Apr 2028 – Jun 2028,AMM-U-1969,U,Monopole / greenfield,Amman-Zarqa Metro,Zarqa,Zarqa,32.07054,36.11635,30,3,HUB-AMM-63,HUB-AMM-63-R01,Fiber ring,1
RO-05,Apr 2028 – Jun 2028,AMM-U-1908,U,Rooftop,Amman-Zarqa Metro,Zarqa,Zarqa,32.05996,36.12438,30,3,HUB-AMM-63,HUB-AMM-63-R02,Fiber ring,0
RO-05,Apr 2028 – Jun 2028,AMM-U-1925,U,Monopole / greenfield,Amman-Zarqa Metro,Zarqa,Zarqa,32.06349,36.12202,30,3,HUB-AMM-63,HUB-AMM-63-R02,Fiber ring,0
RO-05,Apr 2028 – Jun 2028,AMM-U-1926,U,Monopole / greenfield,Amman-Zarqa Metro,Zarqa,Zarqa,32.06349,36.12675,30,3,HUB-AMM-63,HUB-AMM-63-R02,Fiber ring,0
RO-05,Apr 2028 – Jun 2028,AMM-U-1927,U,Monopole / greenfield,Amman-Zarqa Metro,Zarqa,Zarqa,32.06349,36.13147,30,3,HUB-AMM-63,HUB-AMM-63-R02,Fiber ring,0
RO-05,Apr 2028 – Jun 2028,AMM-U-1947,U,Monopole / greenfield,Amman-Zarqa Metro,Zarqa,Zarqa,32.06701,36.11966,30,3,HUB-AMM-63,HUB-AMM-63-R02,Fiber ring,0
RO-05,Apr 2028 – Jun 2028,AMM-U-1948,U,Monopole / greenfield,Amman-Zarqa Metro,Zarqa,Zarqa,32.06742,36.12486,30,3,HUB-AMM-63,HUB-AMM-63-R02,Fiber ring,0
RO-05,Apr 2028 – Jun 2028,AMM-U-1949,U,Monopole / greenfield,Amman-Zarqa Metro,Zarqa,Zarqa,32.06783,36.12911,30,3,HUB-AMM-63,HUB-AMM-63-R02,Fiber ring,0
RO-05,Apr 2028 – Jun 2028,AMM-U-1970,U,Monopole / greenfield,Amman-Zarqa Metro,Zarqa,Zarqa,32.07054,36.12297,30,3,HUB-AMM-63,HUB-AMM-63-R03,Fiber ring,0
RO-05,Apr 2028 – Jun 2028,AMM-U-1971,U,Monopole / greenfield,Amman-Zarqa Metro,Zarqa,Zarqa,32.07054,36.12675,30,3,HUB-AMM-63,HUB-AMM-63-R03,Fiber ring,0
RO-05,Apr 2028 – Jun 2028,AMM-U-1972,U,Monopole / greenfield,Amman-Zarqa Metro,Zarqa,Zarqa,32.07054,36.13053,30,3,HUB-AMM-63,HUB-AMM-63-R03,Fiber ring,0
RO-05,Apr 2028 – Jun 2028,AMM-U-1994,U,Monopole / greenfield,Amman-Zarqa Metro,Zarqa,Zarqa,32.07406,36.11966,30,3,HUB-AMM-63,HUB-AMM-63-R03,Fiber ring,0
RO-05,Apr 2028 – Jun 2028,AMM-U-1995,U,Monopole / greenfield,Amman-Zarqa Metro,Zarqa,Zarqa,32.07488,36.12438,30,3,HUB-AMM-63,HUB-AMM-63-R03,Fiber ring,0
RO-05,Apr 2028 – Jun 2028,AMM-U-1996,U,Monopole / greenfield,Amman-Zarqa Metro,Zarqa,Zarqa,32.07325,36.12911,30,3,HUB-AMM-63,HUB-AMM-63-R03,Fiber ring,0
RO-05,Apr 2028 – Jun 2028,AMM-U-2020,U,Monopole / greenfield,Amman-Zarqa Metro,Zarqa,Zarqa,32.07677,36.12675,30,3,HUB-AMM-63,HUB-AMM-63-R03,Fiber ring,0
RO-05,Apr 2028 – Jun 2028,AMM-U-1993,U,Monopole / greenfield,Amman-Zarqa Metro,Zarqa,Zarqa,32.07406,36.11399,30,3,HUB-AMM-63,HUB-AMM-63-R04,Fiber ring,0
RO-05,Apr 2028 – Jun 2028,AMM-U-2017,U,Monopole / greenfield,Amman-Zarqa Metro,Zarqa,Zarqa,32.07759,36.11257,30,3,HUB-AMM-63,HUB-AMM-63-R04,Fiber ring,0
RO-05,Apr 2028 – Jun 2028,AMM-U-2018,U,Monopole / greenfield,Amman-Zarqa Metro,Zarqa,Zarqa,32.07759,36.11730,30,3,HUB-AMM-63,HUB-AMM-63-R04,Fiber ring,0
RO-05,Apr 2028 – Jun 2028,AMM-U-2019,U,Monopole / greenfield,Amman-Zarqa Metro,Zarqa,Zarqa,32.07759,36.12202,30,3,HUB-AMM-63,HUB-AMM-63-R04,Fiber ring,0
RO-05,Apr 2028 – Jun 2028,AMM-U-2040,U,Monopole / greenfield,Amman-Zarqa Metro,Zarqa,Zarqa,32.08111,36.11399,30,3,HUB-AMM-63,HUB-AMM-63-R04,Fiber ring,0
RO-05,Apr 2028 – Jun 2028,AMM-U-2041,U,Monopole / greenfield,Amman-Zarqa Metro,Zarqa,Zarqa,32.08111,36.12060,30,3,HUB-AMM-63,HUB-AMM-63-R04,Fiber ring,0
RO-05,Apr 2028 – Jun 2028,AMM-U-2042,U,Monopole / greenfield,Amman-Zarqa Metro,Zarqa,Zarqa,32.08111,36.12533,30,3,HUB-AMM-63,HUB-AMM-63-R04,Fiber ring,0
RO-05,Apr 2028 – Jun 2028,AMM-U-1967,U,Monopole / greenfield,Amman-Zarqa Metro,Zarqa,Zarqa,32.07054,36.10879,30,3,HUB-AMM-63,HUB-AMM-63-R05,Fiber ring,0
RO-05,Apr 2028 – Jun 2028,AMM-U-1968,U,Monopole / greenfield,Amman-Zarqa Metro,Zarqa,Zarqa,32.07135,36.11257,30,3,HUB-AMM-63,HUB-AMM-63-R05,Fiber ring,0
RO-05,Apr 2028 – Jun 2028,AMM-U-1992,U,Monopole / greenfield,Amman-Zarqa Metro,Zarqa,Zarqa,32.07325,36.11021,30,3,HUB-AMM-63,HUB-AMM-63-R05,Fiber ring,0
RO-05,Apr 2028 – Jun 2028,AMM-U-2016,U,Monopole / greenfield,Amman-Zarqa Metro,Zarqa,Zarqa,32.07718,36.10832,30,3,HUB-AMM-63,HUB-AMM-63-R05,Fiber ring,0
RO-05,Apr 2028 – Jun 2028,AMM-U-1659,U,Rooftop,Amman-Zarqa Metro,Zarqa,Zarqa,32.02824,36.07949,30,3,HUB-AMM-65,HUB-AMM-65-R01,Fiber ring,0
RO-05,Apr 2028 – Jun 2028,AMM-U-1660,U,Rooftop,Amman-Zarqa Metro,Zarqa,Zarqa,32.02824,36.08421,30,3,HUB-AMM-65,HUB-AMM-65-R01,Fiber ring,0
RO-05,Apr 2028 – Jun 2028,AMM-U-1700,U,Rooftop,Amman-Zarqa Metro,Zarqa,Zarqa,32.03258,36.07713,30,3,HUB-AMM-65,HUB-AMM-65-R01,Fiber ring,0
RO-05,Apr 2028 – Jun 2028,AMM-U-1701,U,Rooftop,Amman-Zarqa Metro,Zarqa,Zarqa,32.03136,36.08232,30,3,HUB-AMM-65,HUB-AMM-65-R01,Fiber ring,0
RO-05,Apr 2028 – Jun 2028,AMM-U-1702,U,Rooftop,Amman-Zarqa Metro,Zarqa,Zarqa,32.03177,36.08563,30,3,HUB-AMM-65,HUB-AMM-65-R01,Fiber ring,0
RO-05,Apr 2028 – Jun 2028,AMM-U-1742,U,Rooftop,Amman-Zarqa Metro,Zarqa,Zarqa,32.03448,36.08421,30,3,HUB-AMM-65,HUB-AMM-65-R01,Fiber ring,0
RO-05,Apr 2028 – Jun 2028,AMM-U-1744,U,Rooftop,Amman-Zarqa Metro,Zarqa,Zarqa,32.03529,36.09461,30,3,HUB-AMM-65,HUB-AMM-65-R01,Fiber ring,1
RO-05,Apr 2028 – Jun 2028,AMM-SU-2986,SU,Rooftop,Amman-Zarqa Metro,Zarqa outskirts,Zarqa,32.02472,36.08395,32,3,HUB-AMM-65,HUB-AMM-65-R02,Fiber ring,0
RO-05,Apr 2028 – Jun 2028,AMM-SU-2987,SU,Monopole / greenfield,Amman-Zarqa Metro,Zarqa outskirts,Zarqa,32.02472,36.09214,32,3,HUB-AMM-65,HUB-AMM-65-R02,Fiber ring,0
RO-05,Apr 2028 – Jun 2028,AMM-SU-2988,SU,Rooftop,Amman-Zarqa Metro,Zarqa outskirts,Zarqa,32.02472,36.09897,32,3,HUB-AMM-65,HUB-AMM-65-R02,Fiber ring,0
RO-05,Apr 2028 – Jun 2028,AMM-U-1661,U,Rooftop,Amman-Zarqa Metro,Zarqa,Zarqa,32.02824,36.08894,30,3,HUB-AMM-65,HUB-AMM-65-R02,Fiber ring,0
RO-05,Apr 2028 – Jun 2028,AMM-U-1662,U,Monopole / greenfield,Amman-Zarqa Metro,Zarqa,Zarqa,32.02824,36.09461,30,3,HUB-AMM-65,HUB-AMM-65-R02,Fiber ring,0
RO-05,Apr 2028 – Jun 2028,AMM-U-1703,U,Rooftop,Amman-Zarqa Metro,Zarqa,Zarqa,32.03177,36.09130,30,3,HUB-AMM-65,HUB-AMM-65-R02,Fiber ring,0
RO-05,Apr 2028 – Jun 2028,AMM-SU-2989,SU,Rooftop,Amman-Zarqa Metro,Zarqa outskirts,Zarqa,32.02472,36.10307,32,3,HUB-AMM-65,HUB-AMM-65-R03,Fiber ring,0
RO-05,Apr 2028 – Jun 2028,AMM-U-1663,U,Rooftop,Amman-Zarqa Metro,Zarqa,Zarqa,32.02784,36.09886,30,3,HUB-AMM-65,HUB-AMM-65-R03,Fiber ring,0
RO-05,Apr 2028 – Jun 2028,AMM-U-1664,U,Monopole / greenfield,Amman-Zarqa Metro,Zarqa,Zarqa,32.02865,36.10359,30,3,HUB-AMM-65,HUB-AMM-65-R03,Fiber ring,0
RO-05,Apr 2028 – Jun 2028,AMM-U-1704,U,Rooftop,Amman-Zarqa Metro,Zarqa,Zarqa,32.03217,36.09650,30,3,HUB-AMM-65,HUB-AMM-65-R03,Fiber ring,0
RO-05,Apr 2028 – Jun 2028,AMM-U-1705,U,Monopole / greenfield,Amman-Zarqa Metro,Zarqa,Zarqa,32.03258,36.10076,30,3,HUB-AMM-65,HUB-AMM-65-R03,Fiber ring,0
RO-05,Apr 2028 – Jun 2028,AMM-U-1706,U,Monopole / greenfield,Amman-Zarqa Metro,Zarqa,Zarqa,32.03177,36.10548,30,3,HUB-AMM-65,HUB-AMM-65-R03,Fiber ring,0
RO-05,Apr 2028 – Jun 2028,AMM-U-1745,U,Rooftop,Amman-Zarqa Metro,Zarqa,Zarqa,32.03448,36.09839,30,3,HUB-AMM-65,HUB-AMM-65-R04,Fiber ring,0
RO-05,Apr 2028 – Jun 2028,AMM-U-1746,U,Rooftop,Amman-Zarqa Metro,Zarqa,Zarqa,32.03529,36.10312,30,3,HUB-AMM-65,HUB-AMM-65-R04,Fiber ring,0
RO-05,Apr 2028 – Jun 2028,AMM-U-1747,U,Monopole / greenfield,Amman-Zarqa Metro,Zarqa,Zarqa,32.03448,36.10784,30,3,HUB-AMM-65,HUB-AMM-65-R04,Fiber ring,0
RO-05,Apr 2028 – Jun 2028,AMM-U-1781,U,Rooftop,Amman-Zarqa Metro,Zarqa,Zarqa,32.03841,36.10028,30,3,HUB-AMM-65,HUB-AMM-65-R04,Fiber ring,0
RO-05,Apr 2028 – Jun 2028,AMM-U-1782,U,Rooftop,Amman-Zarqa Metro,Zarqa,Zarqa,32.03963,36.10548,30,3,HUB-AMM-65,HUB-AMM-65-R04,Fiber ring,0
RO-05,Apr 2028 – Jun 2028,AMM-U-1783,U,Monopole / greenfield,Amman-Zarqa Metro,Zarqa,Zarqa,32.03882,36.11021,30,3,HUB-AMM-65,HUB-AMM-65-R04,Fiber ring,0
RO-05,Apr 2028 – Jun 2028,AMM-U-1780,U,Rooftop,Amman-Zarqa Metro,Zarqa,Zarqa,32.03882,36.09697,30,3,HUB-AMM-65,HUB-AMM-65-R05,Fiber ring,0
RO-05,Apr 2028 – Jun 2028,AMM-U-1808,U,Rooftop,Amman-Zarqa Metro,Zarqa,Zarqa,32.04193,36.08941,30,3,HUB-AMM-65,HUB-AMM-65-R05,Fiber ring,0
RO-05,Apr 2028 – Jun 2028,AMM-U-1809,U,Rooftop,Amman-Zarqa Metro,Zarqa,Zarqa,32.04234,36.09461,30,3,HUB-AMM-65,HUB-AMM-65-R05,Fiber ring,0
RO-05,Apr 2028 – Jun 2028,AMM-U-1810,U,Rooftop,Amman-Zarqa Metro,Zarqa,Zarqa,32.04193,36.09792,30,3,HUB-AMM-65,HUB-AMM-65-R05,Fiber ring,0
RO-05,Apr 2028 – Jun 2028,AMM-U-1811,U,Rooftop,Amman-Zarqa Metro,Zarqa,Zarqa,32.04234,36.10406,30,3,HUB-AMM-65,HUB-AMM-65-R05,Fiber ring,0
RO-05,Apr 2028 – Jun 2028,AMM-U-1833,U,Rooftop,Amman-Zarqa Metro,Zarqa,Zarqa,32.04587,36.08752,30,3,HUB-AMM-65,HUB-AMM-65-R05,Fiber ring,0
RO-05,Apr 2028 – Jun 2028,AMM-U-1741,U,Rooftop,Amman-Zarqa Metro,Zarqa,Zarqa,32.03611,36.07949,30,3,HUB-AMM-65,HUB-AMM-65-R06,Fiber ring,0
RO-05,Apr 2028 – Jun 2028,AMM-U-1743,U,Rooftop,Amman-Zarqa Metro,Zarqa,Zarqa,32.03529,36.08989,30,3,HUB-AMM-65,HUB-AMM-65-R06,Fiber ring,0
RO-05,Apr 2028 – Jun 2028,AMM-U-1777,U,Rooftop,Amman-Zarqa Metro,Zarqa,Zarqa,32.03882,36.08091,30,3,HUB-AMM-65,HUB-AMM-65-R06,Fiber ring,0
RO-05,Apr 2028 – Jun 2028,AMM-U-1778,U,Rooftop,Amman-Zarqa Metro,Zarqa,Zarqa,32.03882,36.08752,30,3,HUB-AMM-65,HUB-AMM-65-R06,Fiber ring,0
RO-05,Apr 2028 – Jun 2028,AMM-U-1779,U,Rooftop,Amman-Zarqa Metro,Zarqa,Zarqa,32.03882,36.09130,30,3,HUB-AMM-65,HUB-AMM-65-R06,Fiber ring,0
RO-05,Apr 2028 – Jun 2028,AMM-U-1807,U,Rooftop,Amman-Zarqa Metro,Zarqa,Zarqa,32.04234,36.08327,30,3,HUB-AMM-65,HUB-AMM-65-R06,Fiber ring,0
RO-05,Apr 2028 – Jun 2028,AMM-U-1517,U,Monopole / greenfield,Amman-Zarqa Metro,Amman,Amman,32.01686,35.93062,30,3,HUB-AMM-66,HUB-AMM-66-R01,Fiber ring,0
RO-05,Apr 2028 – Jun 2028,AMM-U-1559,U,Monopole / greenfield,Amman-Zarqa Metro,Amman,Amman,32.02201,35.92353,30,3,HUB-AMM-66,HUB-AMM-66-R01,Fiber ring,0
RO-05,Apr 2028 – Jun 2028,AMM-U-1560,U,Monopole / greenfield,Amman-Zarqa Metro,Amman,Amman,32.02201,35.92826,30,3,HUB-AMM-66,HUB-AMM-66-R01,Fiber ring,0
RO-05,Apr 2028 – Jun 2028,AMM-U-1601,U,Monopole / greenfield,Amman-Zarqa Metro,Amman,Amman,32.02391,35.92117,30,3,HUB-AMM-66,HUB-AMM-66-R01,Fiber ring,0
RO-05,Apr 2028 – Jun 2028,AMM-U-1602,U,Monopole / greenfield,Amman-Zarqa Metro,Amman,Amman,32.02431,35.92637,30,3,HUB-AMM-66,HUB-AMM-66-R01,Fiber ring,0
RO-05,Apr 2028 – Jun 2028,AMM-U-1603,U,Monopole / greenfield,Amman-Zarqa Metro,Amman,Amman,32.02431,35.93015,30,3,HUB-AMM-66,HUB-AMM-66-R01,Fiber ring,0
RO-05,Apr 2028 – Jun 2028,AMM-U-1642,U,Monopole / greenfield,Amman-Zarqa Metro,Amman,Amman,32.02824,35.92259,30,3,HUB-AMM-66,HUB-AMM-66-R01,Fiber ring,0
RO-05,Apr 2028 – Jun 2028,AMM-U-1644,U,Monopole / greenfield,Amman-Zarqa Metro,Amman,Amman,32.02906,35.93298,30,3,HUB-AMM-66,HUB-AMM-66-R01,Fiber ring,1
RO-05,Apr 2028 – Jun 2028,AMM-U-1474,U,Monopole / greenfield,Amman-Zarqa Metro,Amman,Amman,32.01374,35.93818,30,3,HUB-AMM-66,HUB-AMM-66-R02,Fiber ring,0
RO-05,Apr 2028 – Jun 2028,AMM-U-1475,U,Rooftop,Amman-Zarqa Metro,Amman,Amman,32.01333,35.94244,30,3,HUB-AMM-66,HUB-AMM-66-R02,Fiber ring,0
RO-05,Apr 2028 – Jun 2028,AMM-U-1518,U,Monopole / greenfield,Amman-Zarqa Metro,Amman,Amman,32.01767,35.93629,30,3,HUB-AMM-66,HUB-AMM-66-R02,Fiber ring,0
RO-05,Apr 2028 – Jun 2028,AMM-U-1519,U,Monopole / greenfield,Amman-Zarqa Metro,Amman,Amman,32.01686,35.94007,30,3,HUB-AMM-66,HUB-AMM-66-R02,Fiber ring,0
RO-05,Apr 2028 – Jun 2028,AMM-U-1561,U,Monopole / greenfield,Amman-Zarqa Metro,Amman,Amman,32.02119,35.93298,30,3,HUB-AMM-66,HUB-AMM-66-R02,Fiber ring,0
RO-05,Apr 2028 – Jun 2028,AMM-U-1562,U,Monopole / greenfield,Amman-Zarqa Metro,Amman,Amman,32.02119,35.93677,30,3,HUB-AMM-66,HUB-AMM-66-R02,Fiber ring,0
RO-05,Apr 2028 – Jun 2028,AMM-U-1604,U,Rooftop,Amman-Zarqa Metro,Amman,Amman,32.02553,35.93535,30,3,HUB-AMM-66,HUB-AMM-66-R02,Fiber ring,0
RO-05,Apr 2028 – Jun 2028,AMM-SU-3003,SU,Monopole / greenfield,Amman-Zarqa Metro,Amman outskirts,Amman,32.02981,35.94265,32,3,HUB-AMM-66,HUB-AMM-66-R03,Fiber ring,0
RO-05,Apr 2028 – Jun 2028,AMM-U-1520,U,Monopole / greenfield,Amman-Zarqa Metro,Amman,Amman,32.01686,35.94480,30,3,HUB-AMM-66,HUB-AMM-66-R03,Fiber ring,0
RO-05,Apr 2028 – Jun 2028,AMM-U-1563,U,Monopole / greenfield,Amman-Zarqa Metro,Amman,Amman,32.02201,35.94244,30,3,HUB-AMM-66,HUB-AMM-66-R03,Fiber ring,0
RO-05,Apr 2028 – Jun 2028,AMM-U-1564,U,Monopole / greenfield,Amman-Zarqa Metro,Amman,Amman,32.02201,35.94716,30,3,HUB-AMM-66,HUB-AMM-66-R03,Fiber ring,0
RO-05,Apr 2028 – Jun 2028,AMM-U-1605,U,Monopole / greenfield,Amman-Zarqa Metro,Amman,Amman,32.02553,35.94007,30,3,HUB-AMM-66,HUB-AMM-66-R03,Fiber ring,0
RO-05,Apr 2028 – Jun 2028,AMM-U-1606,U,Monopole / greenfield,Amman-Zarqa Metro,Amman,Amman,32.02553,35.94480,30,3,HUB-AMM-66,HUB-AMM-66-R03,Fiber ring,0
RO-05,Apr 2028 – Jun 2028,AMM-U-1645,U,Monopole / greenfield,Amman-Zarqa Metro,Amman,Amman,32.02906,35.93771,30,3,HUB-AMM-66,HUB-AMM-66-R03,Fiber ring,0
RO-05,Apr 2028 – Jun 2028,AMM-SU-3004,SU,Monopole / greenfield,Amman-Zarqa Metro,Amman outskirts,Amman,32.03040,35.95016,32,3,HUB-AMM-66,HUB-AMM-66-R04,Fiber ring,0
RO-05,Apr 2028 – Jun 2028,AMM-SU-3026,SU,Monopole / greenfield,Amman-Zarqa Metro,Amman outskirts,Amman,32.03372,35.93377,32,3,HUB-AMM-66,HUB-AMM-66-R04,Fiber ring,0
RO-05,Apr 2028 – Jun 2028,AMM-SU-3027,SU,Monopole / greenfield,Amman-Zarqa Metro,Amman outskirts,Amman,32.03490,35.94196,32,3,HUB-AMM-66,HUB-AMM-66-R04,Fiber ring,0
RO-05,Apr 2028 – Jun 2028,AMM-SU-3028,SU,Monopole / greenfield,Amman-Zarqa Metro,Amman outskirts,Amman,32.03549,35.94811,32,3,HUB-AMM-66,HUB-AMM-66-R04,Fiber ring,0
RO-05,Apr 2028 – Jun 2028,AMM-SU-3053,SU,Monopole / greenfield,Amman-Zarqa Metro,Amman outskirts,Amman,32.04058,35.93650,32,3,HUB-AMM-66,HUB-AMM-66-R04,Fiber ring,0
RO-05,Apr 2028 – Jun 2028,AMM-SU-3054,SU,Monopole / greenfield,Amman-Zarqa Metro,Amman outskirts,Amman,32.03882,35.94401,32,3,HUB-AMM-66,HUB-AMM-66-R04,Fiber ring,0
RO-05,Apr 2028 – Jun 2028,AMM-SU-3083,SU,Monopole / greenfield,Amman-Zarqa Metro,Amman outskirts,Zarqa,32.04626,35.94060,32,3,HUB-AMM-66,HUB-AMM-66-R04,Fiber ring,0
RO-05,Apr 2028 – Jun 2028,AMM-SU-3051,SU,Monopole / greenfield,Amman-Zarqa Metro,Amman outskirts,Amman,32.03999,35.92217,32,3,HUB-AMM-66,HUB-AMM-66-R05,Fiber ring,0
RO-05,Apr 2028 – Jun 2028,AMM-SU-3052,SU,Monopole / greenfield,Amman-Zarqa Metro,Amman outskirts,Amman,32.03999,35.92899,32,3,HUB-AMM-66,HUB-AMM-66-R05,Fiber ring,0
RO-05,Apr 2028 – Jun 2028,AMM-SU-3081,SU,Monopole / greenfield,Amman-Zarqa Metro,Amman outskirts,Amman,32.04391,35.92695,32,3,HUB-AMM-66,HUB-AMM-66-R05,Fiber ring,0
RO-05,Apr 2028 – Jun 2028,AMM-SU-3082,SU,Monopole / greenfield,Amman-Zarqa Metro,Amman outskirts,Amman,32.04508,35.93241,32,3,HUB-AMM-66,HUB-AMM-66-R05,Fiber ring,0
RO-05,Apr 2028 – Jun 2028,AMM-U-1687,U,Monopole / greenfield,Amman-Zarqa Metro,Amman,Amman,32.03177,35.93157,30,3,HUB-AMM-66,HUB-AMM-66-R05,Fiber ring,0
RO-05,Apr 2028 – Jun 2028,AMM-U-1727,U,Rooftop,Amman-Zarqa Metro,Amman,Amman,32.03611,35.92353,30,3,HUB-AMM-66,HUB-AMM-66-R05,Fiber ring,0
RO-05,Apr 2028 – Jun 2028,AMM-U-1728,U,Rooftop,Amman-Zarqa Metro,Amman,Amman,32.03570,35.92779,30,3,HUB-AMM-66,HUB-AMM-66-R05,Fiber ring,0
RO-05,Apr 2028 – Jun 2028,AMM-U-1641,U,Monopole / greenfield,Amman-Zarqa Metro,Amman,Amman,32.02906,35.91881,30,3,HUB-AMM-66,HUB-AMM-66-R06,Fiber ring,0
RO-05,Apr 2028 – Jun 2028,AMM-U-1643,U,Monopole / greenfield,Amman-Zarqa Metro,Amman,Amman,32.02906,35.92826,30,3,HUB-AMM-66,HUB-AMM-66-R06,Fiber ring,0
RO-05,Apr 2028 – Jun 2028,AMM-U-1684,U,Monopole / greenfield,Amman-Zarqa Metro,Amman,Amman,32.03095,35.91644,30,3,HUB-AMM-66,HUB-AMM-66-R06,Fiber ring,0
RO-05,Apr 2028 – Jun 2028,AMM-U-1685,U,Rooftop,Amman-Zarqa Metro,Amman,Amman,32.03177,35.92022,30,3,HUB-AMM-66,HUB-AMM-66-R06,Fiber ring,0
RO-05,Apr 2028 – Jun 2028,AMM-U-1686,U,Rooftop,Amman-Zarqa Metro,Amman,Amman,32.03258,35.92590,30,3,HUB-AMM-66,HUB-AMM-66-R06,Fiber ring,0
RO-05,Apr 2028 – Jun 2028,AMM-U-1726,U,Rooftop,Amman-Zarqa Metro,Amman,Amman,32.03529,35.91975,30,3,HUB-AMM-66,HUB-AMM-66-R06,Fiber ring,0
RO-05,Apr 2028 – Jun 2028,AMM-SU-3099,SU,Rooftop,Amman-Zarqa Metro,Zarqa outskirts,Zarqa,32.04449,36.04914,32,3,HUB-AMM-70,HUB-AMM-70-R01,Fiber ring,0
RO-05,Apr 2028 – Jun 2028,AMM-U-1736,U,Rooftop,Amman-Zarqa Metro,Russeifa,Zarqa,32.03570,36.05539,30,3,HUB-AMM-70,HUB-AMM-70-R01,Fiber ring,0
RO-05,Apr 2028 – Jun 2028,AMM-U-1771,U,Rooftop,Amman-Zarqa Metro,Russeifa,Zarqa,32.03963,36.05350,30,3,HUB-AMM-70,HUB-AMM-70-R01,Fiber ring,0
RO-05,Apr 2028 – Jun 2028,AMM-U-1772,U,Rooftop,Amman-Zarqa Metro,Russeifa,Zarqa,32.03882,36.05917,30,3,HUB-AMM-70,HUB-AMM-70-R01,Fiber ring,0
RO-05,Apr 2028 – Jun 2028,AMM-U-1802,U,Rooftop,Amman-Zarqa Metro,Zarqa,Zarqa,32.04234,36.06153,30,3,HUB-AMM-70,HUB-AMM-70-R01,Fiber ring,0
RO-05,Apr 2028 – Jun 2028,AMM-U-1827,U,Rooftop,Amman-Zarqa Metro,Zarqa,Zarqa,32.04587,36.05917,30,3,HUB-AMM-70,HUB-AMM-70-R01,Fiber ring,0
RO-05,Apr 2028 – Jun 2028,AMM-U-1828,U,Rooftop,Amman-Zarqa Metro,Zarqa,Zarqa,32.04546,36.06248,30,3,HUB-AMM-70,HUB-AMM-70-R01,Fiber ring,0
RO-05,Apr 2028 – Jun 2028,AMM-U-1846,U,Rooftop,Amman-Zarqa Metro,Zarqa,Zarqa,32.04858,36.06531,30,3,HUB-AMM-70,HUB-AMM-70-R01,Fiber ring,1
RO-05,Apr 2028 – Jun 2028,AMM-U-1737,U,Rooftop,Amman-Zarqa Metro,Russeifa,Zarqa,32.03529,36.06153,30,3,HUB-AMM-70,HUB-AMM-70-R02,Fiber ring,0
RO-05,Apr 2028 – Jun 2028,AMM-U-1738,U,Rooftop,Amman-Zarqa Metro,Zarqa,Zarqa,32.03570,36.06484,30,3,HUB-AMM-70,HUB-AMM-70-R02,Fiber ring,0
RO-05,Apr 2028 – Jun 2028,AMM-U-1739,U,Rooftop,Amman-Zarqa Metro,Zarqa,Zarqa,32.03529,36.07098,30,3,HUB-AMM-70,HUB-AMM-70-R02,Fiber ring,0
RO-05,Apr 2028 – Jun 2028,AMM-U-1773,U,Rooftop,Amman-Zarqa Metro,Zarqa,Zarqa,32.03963,36.06295,30,3,HUB-AMM-70,HUB-AMM-70-R02,Fiber ring,0
RO-05,Apr 2028 – Jun 2028,AMM-U-1774,U,Rooftop,Amman-Zarqa Metro,Zarqa,Zarqa,32.03922,36.06720,30,3,HUB-AMM-70,HUB-AMM-70-R02,Fiber ring,0
RO-05,Apr 2028 – Jun 2028,AMM-U-1775,U,Rooftop,Amman-Zarqa Metro,Zarqa,Zarqa,32.03882,36.07145,30,3,HUB-AMM-70,HUB-AMM-70-R02,Fiber ring,0
RO-05,Apr 2028 – Jun 2028,AMM-U-1803,U,Rooftop,Amman-Zarqa Metro,Zarqa,Zarqa,32.04234,36.06437,30,3,HUB-AMM-70,HUB-AMM-70-R02,Fiber ring,0
RO-05,Apr 2028 – Jun 2028,AMM-U-1740,U,Rooftop,Amman-Zarqa Metro,Zarqa,Zarqa,32.03611,36.07476,30,3,HUB-AMM-70,HUB-AMM-70-R03,Fiber ring,0
RO-05,Apr 2028 – Jun 2028,AMM-U-1776,U,Rooftop,Amman-Zarqa Metro,Zarqa,Zarqa,32.03882,36.07713,30,3,HUB-AMM-70,HUB-AMM-70-R03,Fiber ring,0
RO-05,Apr 2028 – Jun 2028,AMM-U-1804,U,Rooftop,Amman-Zarqa Metro,Zarqa,Zarqa,32.04153,36.07004,30,3,HUB-AMM-70,HUB-AMM-70-R03,Fiber ring,0
RO-05,Apr 2028 – Jun 2028,AMM-U-1805,U,Rooftop,Amman-Zarqa Metro,Zarqa,Zarqa,32.04193,36.07524,30,3,HUB-AMM-70,HUB-AMM-70-R03,Fiber ring,0
RO-05,Apr 2028 – Jun 2028,AMM-U-1806,U,Rooftop,Amman-Zarqa Metro,Zarqa,Zarqa,32.04234,36.07854,30,3,HUB-AMM-70,HUB-AMM-70-R03,Fiber ring,0
RO-05,Apr 2028 – Jun 2028,AMM-U-1829,U,Rooftop,Amman-Zarqa Metro,Zarqa,Zarqa,32.04546,36.06815,30,3,HUB-AMM-70,HUB-AMM-70-R03,Fiber ring,0
RO-05,Apr 2028 – Jun 2028,AMM-U-1830,U,Rooftop,Amman-Zarqa Metro,Zarqa,Zarqa,32.04546,36.07287,30,3,HUB-AMM-70,HUB-AMM-70-R03,Fiber ring,0
RO-05,Apr 2028 – Jun 2028,AMM-U-1831,U,Rooftop,Amman-Zarqa Metro,Zarqa,Zarqa,32.04587,36.07618,30,3,HUB-AMM-70,HUB-AMM-70-R04,Fiber ring,0
RO-05,Apr 2028 – Jun 2028,AMM-U-1832,U,Rooftop,Amman-Zarqa Metro,Zarqa,Zarqa,32.04587,36.08091,30,3,HUB-AMM-70,HUB-AMM-70-R04,Fiber ring,0
RO-05,Apr 2028 – Jun 2028,AMM-U-1847,U,Rooftop,Amman-Zarqa Metro,Zarqa,Zarqa,32.04939,36.07004,30,3,HUB-AMM-70,HUB-AMM-70-R04,Fiber ring,0
RO-05,Apr 2028 – Jun 2028,AMM-U-1848,U,Rooftop,Amman-Zarqa Metro,Zarqa,Zarqa,32.04980,36.07429,30,3,HUB-AMM-70,HUB-AMM-70-R04,Fiber ring,0
RO-05,Apr 2028 – Jun 2028,AMM-U-1849,U,Rooftop,Amman-Zarqa Metro,Zarqa,Zarqa,32.04939,36.07949,30,3,HUB-AMM-70,HUB-AMM-70-R04,Fiber ring,0
RO-05,Apr 2028 – Jun 2028,AMM-U-1850,U,Rooftop,Amman-Zarqa Metro,Zarqa,Zarqa,32.04939,36.08327,30,3,HUB-AMM-70,HUB-AMM-70-R04,Fiber ring,0
RO-05,Apr 2028 – Jun 2028,AMM-U-1866,U,Rooftop,Amman-Zarqa Metro,Zarqa,Zarqa,32.05291,36.08091,30,3,HUB-AMM-70,HUB-AMM-70-R04,Fiber ring,0
RO-05,Apr 2028 – Jun 2028,AMM-U-1863,U,Rooftop,Amman-Zarqa Metro,Zarqa,Zarqa,32.05291,36.06673,30,3,HUB-AMM-70,HUB-AMM-70-R05,Fiber ring,0
RO-05,Apr 2028 – Jun 2028,AMM-U-1864,U,Rooftop,Amman-Zarqa Metro,Zarqa,Zarqa,32.05251,36.07287,30,3,HUB-AMM-70,HUB-AMM-70-R05,Fiber ring,0
RO-05,Apr 2028 – Jun 2028,AMM-U-1865,U,Rooftop,Amman-Zarqa Metro,Zarqa,Zarqa,32.05291,36.07618,30,3,HUB-AMM-70,HUB-AMM-70-R05,Fiber ring,0
RO-05,Apr 2028 – Jun 2028,AMM-U-1879,U,Rooftop,Amman-Zarqa Metro,Zarqa,Zarqa,32.05562,36.06531,30,3,HUB-AMM-70,HUB-AMM-70-R05,Fiber ring,0
RO-05,Apr 2028 – Jun 2028,AMM-U-1880,U,Rooftop,Amman-Zarqa Metro,Zarqa,Zarqa,32.05644,36.07098,30,3,HUB-AMM-70,HUB-AMM-70-R05,Fiber ring,0
RO-05,Apr 2028 – Jun 2028,AMM-U-1881,U,Rooftop,Amman-Zarqa Metro,Zarqa,Zarqa,32.05562,36.07476,30,3,HUB-AMM-70,HUB-AMM-70-R05,Fiber ring,0
RO-05,Apr 2028 – Jun 2028,AMM-U-1882,U,Rooftop,Amman-Zarqa Metro,Zarqa,Zarqa,32.05603,36.07902,30,3,HUB-AMM-70,HUB-AMM-70-R05,Fiber ring,0
RO-05,Apr 2028 – Jun 2028,AMM-U-1861,U,Rooftop,Amman-Zarqa Metro,Zarqa,Zarqa,32.05291,36.05728,30,3,HUB-AMM-70,HUB-AMM-70-R06,Fiber ring,0
RO-05,Apr 2028 – Jun 2028,AMM-U-1862,U,Rooftop,Amman-Zarqa Metro,Zarqa,Zarqa,32.05291,36.06295,30,3,HUB-AMM-70,HUB-AMM-70-R06,Fiber ring,0
RO-05,Apr 2028 – Jun 2028,AMM-U-1876,U,Monopole / greenfield,Amman-Zarqa Metro,Zarqa,Zarqa,32.05685,36.05066,30,3,HUB-AMM-70,HUB-AMM-70-R06,Fiber ring,0
RO-05,Apr 2028 – Jun 2028,AMM-U-1877,U,Rooftop,Amman-Zarqa Metro,Zarqa,Zarqa,32.05603,36.05633,30,3,HUB-AMM-70,HUB-AMM-70-R06,Fiber ring,0
RO-05,Apr 2028 – Jun 2028,AMM-U-1878,U,Rooftop,Amman-Zarqa Metro,Zarqa,Zarqa,32.05644,36.05964,30,3,HUB-AMM-70,HUB-AMM-70-R06,Fiber ring,0
RO-05,Apr 2028 – Jun 2028,AMM-U-1893,U,Rooftop,Amman-Zarqa Metro,Zarqa,Zarqa,32.05956,36.05302,30,3,HUB-AMM-70,HUB-AMM-70-R06,Fiber ring,0
RO-05,Apr 2028 – Jun 2028,AMM-U-1895,U,Rooftop,Amman-Zarqa Metro,Zarqa,Zarqa,32.05915,36.06295,30,3,HUB-AMM-70,HUB-AMM-70-R06,Fiber ring,0
RO-05,Apr 2028 – Jun 2028,AMM-SU-3138,SU,Rooftop,Amman-Zarqa Metro,Zarqa outskirts,Zarqa,32.05017,36.04504,32,3,HUB-AMM-70,HUB-AMM-70-R07,Fiber ring,0
RO-05,Apr 2028 – Jun 2028,AMM-SU-3177,SU,Rooftop,Amman-Zarqa Metro,Zarqa outskirts,Zarqa,32.05526,36.04436,32,3,HUB-AMM-70,HUB-AMM-70-R07,Fiber ring,0
RO-05,Apr 2028 – Jun 2028,AMM-U-1844,U,Rooftop,Amman-Zarqa Metro,Zarqa,Zarqa,32.04939,36.05491,30,3,HUB-AMM-70,HUB-AMM-70-R07,Fiber ring,0
RO-05,Apr 2028 – Jun 2028,AMM-U-1845,U,Rooftop,Amman-Zarqa Metro,Zarqa,Zarqa,32.04858,36.06058,30,3,HUB-AMM-70,HUB-AMM-70-R07,Fiber ring,0
RO-05,Apr 2028 – Jun 2028,AMM-U-1860,U,Rooftop,Amman-Zarqa Metro,Zarqa,Zarqa,32.05210,36.05350,30,3,HUB-AMM-70,HUB-AMM-70-R07,Fiber ring,0
RO-05,Apr 2028 – Jun 2028,AMM-SU-2829,SU,Monopole / greenfield,Amman-Zarqa Metro,Amman outskirts,Amman,31.97890,35.79520,32,3,HUB-AMM-72,HUB-AMM-72-R01,Fiber ring,0
RO-05,Apr 2028 – Jun 2028,AMM-SU-2840,SU,Monopole / greenfield,Amman-Zarqa Metro,Amman outskirts,Amman,31.98399,35.79042,32,3,HUB-AMM-72,HUB-AMM-72-R01,Fiber ring,0
RO-05,Apr 2028 – Jun 2028,AMM-SU-2841,SU,Monopole / greenfield,Amman-Zarqa Metro,Amman outskirts,Amman,31.98458,35.79656,32,3,HUB-AMM-72,HUB-AMM-72-R01,Fiber ring,0
RO-05,Apr 2028 – Jun 2028,AMM-SU-2851,SU,Monopole / greenfield,Amman-Zarqa Metro,Amman outskirts,Balqa,31.98908,35.78837,32,3,HUB-AMM-72,HUB-AMM-72-R01,Fiber ring,0
RO-05,Apr 2028 – Jun 2028,AMM-SU-2852,SU,Monopole / greenfield,Amman-Zarqa Metro,Amman outskirts,Amman,31.98908,35.79247,32,3,HUB-AMM-72,HUB-AMM-72-R01,Fiber ring,0
RO-05,Apr 2028 – Jun 2028,AMM-SU-2853,SU,Rooftop,Amman-Zarqa Metro,Amman outskirts,Amman,31.98908,35.80202,32,3,HUB-AMM-72,HUB-AMM-72-R01,Fiber ring,0
RO-05,Apr 2028 – Jun 2028,AMM-U-1093,U,Monopole / greenfield,Amman-Zarqa Metro,Amman,Amman,31.98676,35.80538,30,3,HUB-AMM-72,HUB-AMM-72-R01,Fiber ring,0
RO-05,Apr 2028 – Jun 2028,AMM-U-1128,U,Monopole / greenfield,Amman-Zarqa Metro,Amman,Amman,31.99029,35.80775,30,3,HUB-AMM-72,HUB-AMM-72-R01,Fiber ring,1
RO-05,Apr 2028 – Jun 2028,AMM-SU-2830,SU,Monopole / greenfield,Amman-Zarqa Metro,Amman outskirts,Amman,31.97949,35.80134,32,3,HUB-AMM-72,HUB-AMM-72-R02,Fiber ring,0
RO-05,Apr 2028 – Jun 2028,AMM-U-1034,U,Monopole / greenfield,Amman-Zarqa Metro,Amman,Amman,31.97809,35.80538,30,3,HUB-AMM-72,HUB-AMM-72-R02,Fiber ring,0
RO-05,Apr 2028 – Jun 2028,AMM-U-1035,U,Monopole / greenfield,Amman-Zarqa Metro,Amman,Amman,31.97931,35.80964,30,3,HUB-AMM-72,HUB-AMM-72-R02,Fiber ring,0
RO-05,Apr 2028 – Jun 2028,AMM-U-1036,U,Monopole / greenfield,Amman-Zarqa Metro,Amman,Amman,31.97890,35.81389,30,3,HUB-AMM-72,HUB-AMM-72-R02,Fiber ring,0
RO-05,Apr 2028 – Jun 2028,AMM-U-1062,U,Monopole / greenfield,Amman-Zarqa Metro,Amman,Amman,31.98243,35.80680,30,3,HUB-AMM-72,HUB-AMM-72-R02,Fiber ring,0
RO-05,Apr 2028 – Jun 2028,AMM-U-1063,U,Monopole / greenfield,Amman-Zarqa Metro,Amman,Amman,31.98243,35.81247,30,3,HUB-AMM-72,HUB-AMM-72-R02,Fiber ring,0
RO-05,Apr 2028 – Jun 2028,AMM-U-1094,U,Monopole / greenfield,Amman-Zarqa Metro,Amman,Amman,31.98676,35.81011,30,3,HUB-AMM-72,HUB-AMM-72-R02,Fiber ring,0
RO-05,Apr 2028 – Jun 2028,AMM-U-1064,U,Monopole / greenfield,Amman-Zarqa Metro,Amman,Amman,31.98324,35.81720,30,3,HUB-AMM-72,HUB-AMM-72-R03,Fiber ring,0
RO-05,Apr 2028 – Jun 2028,AMM-U-1095,U,Monopole / greenfield,Amman-Zarqa Metro,Amman,Amman,31.98595,35.81389,30,3,HUB-AMM-72,HUB-AMM-72-R03,Fiber ring,0
RO-05,Apr 2028 – Jun 2028,AMM-U-1096,U,Rooftop,Amman-Zarqa Metro,Amman,Amman,31.98595,35.82051,30,3,HUB-AMM-72,HUB-AMM-72-R03,Fiber ring,0
RO-05,Apr 2028 – Jun 2028,AMM-U-1129,U,Rooftop,Amman-Zarqa Metro,Amman,Amman,31.99029,35.81247,30,3,HUB-AMM-72,HUB-AMM-72-R03,Fiber ring,0
RO-05,Apr 2028 – Jun 2028,AMM-U-1130,U,Rooftop,Amman-Zarqa Metro,Amman,Amman,31.99029,35.81720,30,3,HUB-AMM-72,HUB-AMM-72-R03,Fiber ring,0
RO-05,Apr 2028 – Jun 2028,AMM-U-1131,U,Rooftop,Amman-Zarqa Metro,Amman,Amman,31.98947,35.82192,30,3,HUB-AMM-72,HUB-AMM-72-R03,Fiber ring,0
RO-05,Apr 2028 – Jun 2028,AMM-U-1173,U,Rooftop,Amman-Zarqa Metro,Amman,Amman,31.99259,35.81909,30,3,HUB-AMM-72,HUB-AMM-72-R03,Fiber ring,0
RO-05,Apr 2028 – Jun 2028,AMM-U-1171,U,Monopole / greenfield,Amman-Zarqa Metro,Amman,Amman,31.99300,35.80916,30,3,HUB-AMM-72,HUB-AMM-72-R04,Fiber ring,0
RO-05,Apr 2028 – Jun 2028,AMM-U-1172,U,Rooftop,Amman-Zarqa Metro,Amman,Amman,31.99219,35.81484,30,3,HUB-AMM-72,HUB-AMM-72-R04,Fiber ring,0
RO-05,Apr 2028 – Jun 2028,AMM-U-1216,U,Monopole / greenfield,Amman-Zarqa Metro,Amman,Amman,31.99734,35.81247,30,3,HUB-AMM-72,HUB-AMM-72-R04,Fiber ring,0
RO-05,Apr 2028 – Jun 2028,AMM-U-1217,U,Rooftop,Amman-Zarqa Metro,Amman,Amman,31.99652,35.81720,30,3,HUB-AMM-72,HUB-AMM-72-R04,Fiber ring,0
RO-05,Apr 2028 – Jun 2028,AMM-U-1260,U,Monopole / greenfield,Amman-Zarqa Metro,Amman,Amman,32.00005,35.81389,30,3,HUB-AMM-72,HUB-AMM-72-R04,Fiber ring,0
RO-05,Apr 2028 – Jun 2028,AMM-U-1306,U,Monopole / greenfield,Amman-Zarqa Metro,Amman,Amman,32.00439,35.81247,30,3,HUB-AMM-72,HUB-AMM-72-R04,Fiber ring,0
RO-05,Apr 2028 – Jun 2028,AMM-U-1307,U,Rooftop,Amman-Zarqa Metro,Amman,Amman,32.00357,35.81625,30,3,HUB-AMM-72,HUB-AMM-72-R04,Fiber ring,0
RO-05,Apr 2028 – Jun 2028,AMM-SU-2866,SU,Monopole / greenfield,Amman-Zarqa Metro,Amman outskirts,Amman,31.99359,35.80475,32,3,HUB-AMM-72,HUB-AMM-72-R05,Fiber ring,0
RO-05,Apr 2028 – Jun 2028,AMM-SU-2879,SU,Monopole / greenfield,Amman-Zarqa Metro,Amman outskirts,Amman,31.99868,35.79998,32,3,HUB-AMM-72,HUB-AMM-72-R05,Fiber ring,0
RO-05,Apr 2028 – Jun 2028,AMM-SU-2894,SU,Rooftop,Amman-Zarqa Metro,Amman outskirts,Amman,32.00377,35.79724,32,3,HUB-AMM-72,HUB-AMM-72-R05,Fiber ring,0
RO-05,Apr 2028 – Jun 2028,AMM-SU-2895,SU,Monopole / greenfield,Amman-Zarqa Metro,Amman outskirts,Amman,32.00436,35.80544,32,3,HUB-AMM-72,HUB-AMM-72-R05,Fiber ring,0
RO-05,Apr 2028 – Jun 2028,AMM-SU-2909,SU,Monopole / greenfield,Amman-Zarqa Metro,Amman outskirts,Amman,32.00827,35.80066,32,3,HUB-AMM-72,HUB-AMM-72-R05,Fiber ring,0
RO-05,Apr 2028 – Jun 2028,AMM-U-1215,U,Monopole / greenfield,Amman-Zarqa Metro,Amman,Amman,31.99652,35.80869,30,3,HUB-AMM-72,HUB-AMM-72-R05,Fiber ring,0
RO-05,Apr 2028 – Jun 2028,AMM-U-1259,U,Monopole / greenfield,Amman-Zarqa Metro,Amman,Amman,32.00045,35.80964,30,3,HUB-AMM-72,HUB-AMM-72-R05,Fiber ring,0
RO-05,Apr 2028 – Jun 2028,AMM-SU-2864,SU,Monopole / greenfield,Amman-Zarqa Metro,Amman outskirts,Balqa,31.99535,35.79042,32,3,HUB-AMM-72,HUB-AMM-72-R06,Fiber ring,0
RO-05,Apr 2028 – Jun 2028,AMM-SU-2865,SU,Monopole / greenfield,Amman-Zarqa Metro,Amman outskirts,Amman,31.99417,35.79588,32,3,HUB-AMM-72,HUB-AMM-72-R06,Fiber ring,0
RO-05,Apr 2028 – Jun 2028,AMM-SU-2878,SU,Rooftop,Amman-Zarqa Metro,Amman outskirts,Amman,31.99926,35.79383,32,3,HUB-AMM-72,HUB-AMM-72-R06,Fiber ring,0
RO-05,Apr 2028 – Jun 2028,AMM-U-2051,U,Monopole / greenfield,Amman-Zarqa Metro,Zarqa,Zarqa,32.08382,36.06058,30,3,HUB-AMM-77,HUB-AMM-77-R01,Fiber ring,0
RO-05,Apr 2028 – Jun 2028,AMM-U-2052,U,Monopole / greenfield,Amman-Zarqa Metro,Zarqa,Zarqa,32.08463,36.06437,30,3,HUB-AMM-77,HUB-AMM-77-R01,Fiber ring,0
RO-05,Apr 2028 – Jun 2028,AMM-U-2071,U,Monopole / greenfield,Amman-Zarqa Metro,Zarqa,Zarqa,32.08775,36.05775,30,3,HUB-AMM-77,HUB-AMM-77-R01,Fiber ring,0
RO-05,Apr 2028 – Jun 2028,AMM-U-2072,U,Monopole / greenfield,Amman-Zarqa Metro,Zarqa,Zarqa,32.08734,36.06295,30,3,HUB-AMM-77,HUB-AMM-77-R01,Fiber ring,0
RO-05,Apr 2028 – Jun 2028,AMM-U-2086,U,Monopole / greenfield,Amman-Zarqa Metro,Zarqa,Zarqa,32.09087,36.05586,30,3,HUB-AMM-77,HUB-AMM-77-R01,Fiber ring,0
RO-05,Apr 2028 – Jun 2028,AMM-U-2087,U,Monopole / greenfield,Amman-Zarqa Metro,Zarqa,Zarqa,32.09168,36.05964,30,3,HUB-AMM-77,HUB-AMM-77-R01,Fiber ring,0
RO-05,Apr 2028 – Jun 2028,AMM-U-2088,U,Monopole / greenfield,Amman-Zarqa Metro,Zarqa,Zarqa,32.09168,36.06626,30,3,HUB-AMM-77,HUB-AMM-77-R01,Fiber ring,0
RO-05,Apr 2028 – Jun 2028,AMM-U-2105,U,Rooftop,Amman-Zarqa Metro,Zarqa,Zarqa,32.09521,36.07334,30,3,HUB-AMM-77,HUB-AMM-77-R01,Fiber ring,1
RO-05,Apr 2028 – Jun 2028,AMM-U-2053,U,Rooftop,Amman-Zarqa Metro,Zarqa,Zarqa,32.08463,36.07098,30,3,HUB-AMM-77,HUB-AMM-77-R02,Fiber ring,0
RO-05,Apr 2028 – Jun 2028,AMM-U-2054,U,Rooftop,Amman-Zarqa Metro,Zarqa,Zarqa,32.08463,36.07382,30,3,HUB-AMM-77,HUB-AMM-77-R02,Fiber ring,0
RO-05,Apr 2028 – Jun 2028,AMM-U-2055,U,Rooftop,Amman-Zarqa Metro,Zarqa,Zarqa,32.08545,36.07949,30,3,HUB-AMM-77,HUB-AMM-77-R02,Fiber ring,0
RO-05,Apr 2028 – Jun 2028,AMM-U-2073,U,Monopole / greenfield,Amman-Zarqa Metro,Zarqa,Zarqa,32.08816,36.06862,30,3,HUB-AMM-77,HUB-AMM-77-R02,Fiber ring,0
RO-05,Apr 2028 – Jun 2028,AMM-U-2074,U,Rooftop,Amman-Zarqa Metro,Zarqa,Zarqa,32.08816,36.07334,30,3,HUB-AMM-77,HUB-AMM-77-R02,Fiber ring,0
RO-05,Apr 2028 – Jun 2028,AMM-U-2089,U,Monopole / greenfield,Amman-Zarqa Metro,Zarqa,Zarqa,32.09128,36.07051,30,3,HUB-AMM-77,HUB-AMM-77-R02,Fiber ring,0
RO-05,Apr 2028 – Jun 2028,AMM-U-2090,U,Rooftop,Amman-Zarqa Metro,Zarqa,Zarqa,32.09209,36.07524,30,3,HUB-AMM-77,HUB-AMM-77-R02,Fiber ring,0
RO-05,Apr 2028 – Jun 2028,AMM-U-2075,U,Rooftop,Amman-Zarqa Metro,Zarqa,Zarqa,32.08857,36.07760,30,3,HUB-AMM-77,HUB-AMM-77-R03,Fiber ring,0
RO-05,Apr 2028 – Jun 2028,AMM-U-2076,U,Rooftop,Amman-Zarqa Metro,Zarqa,Zarqa,32.08897,36.08185,30,3,HUB-AMM-77,HUB-AMM-77-R03,Fiber ring,0
RO-05,Apr 2028 – Jun 2028,AMM-U-2091,U,Rooftop,Amman-Zarqa Metro,Zarqa,Zarqa,32.09128,36.07902,30,3,HUB-AMM-77,HUB-AMM-77-R03,Fiber ring,0
RO-05,Apr 2028 – Jun 2028,AMM-U-2092,U,Rooftop,Amman-Zarqa Metro,Zarqa,Zarqa,32.09128,36.08374,30,3,HUB-AMM-77,HUB-AMM-77-R03,Fiber ring,0
RO-05,Apr 2028 – Jun 2028,AMM-U-2106,U,Rooftop,Amman-Zarqa Metro,Zarqa,Zarqa,32.09439,36.07713,30,3,HUB-AMM-77,HUB-AMM-77-R03,Fiber ring,0
RO-05,Apr 2028 – Jun 2028,AMM-U-2107,U,Rooftop,Amman-Zarqa Metro,Zarqa,Zarqa,32.09480,36.08138,30,3,HUB-AMM-77,HUB-AMM-77-R03,Fiber ring,0
RO-05,Apr 2028 – Jun 2028,AMM-U-2108,U,Rooftop,Amman-Zarqa Metro,Zarqa,Zarqa,32.09439,36.08658,30,3,HUB-AMM-77,HUB-AMM-77-R03,Fiber ring,0
RO-05,Apr 2028 – Jun 2028,AMM-U-2120,U,Rooftop,Amman-Zarqa Metro,Zarqa,Zarqa,32.09792,36.07476,30,3,HUB-AMM-77,HUB-AMM-77-R04,Fiber ring,0
RO-05,Apr 2028 – Jun 2028,AMM-U-2121,U,Rooftop,Amman-Zarqa Metro,Zarqa,Zarqa,32.09792,36.07949,30,3,HUB-AMM-77,HUB-AMM-77-R04,Fiber ring,0
RO-05,Apr 2028 – Jun 2028,AMM-U-2122,U,Rooftop,Amman-Zarqa Metro,Zarqa,Zarqa,32.09792,36.08421,30,3,HUB-AMM-77,HUB-AMM-77-R04,Fiber ring,0
RO-05,Apr 2028 – Jun 2028,AMM-U-2123,U,Rooftop,Amman-Zarqa Metro,Zarqa,Zarqa,32.09792,36.08894,30,3,HUB-AMM-77,HUB-AMM-77-R04,Fiber ring,0
RO-05,Apr 2028 – Jun 2028,AMM-U-2134,U,Monopole / greenfield,Amman-Zarqa Metro,Zarqa,Zarqa,32.10226,36.07618,30,3,HUB-AMM-77,HUB-AMM-77-R04,Fiber ring,0
RO-05,Apr 2028 – Jun 2028,AMM-U-2135,U,Monopole / greenfield,Amman-Zarqa Metro,Zarqa,Zarqa,32.10185,36.08138,30,3,HUB-AMM-77,HUB-AMM-77-R04,Fiber ring,0
RO-05,Apr 2028 – Jun 2028,AMM-U-2145,U,Monopole / greenfield,Amman-Zarqa Metro,Zarqa,Zarqa,32.10497,36.07476,30,3,HUB-AMM-77,HUB-AMM-77-R04,Fiber ring,0
RO-05,Apr 2028 – Jun 2028,AMM-U-2119,U,Monopole / greenfield,Amman-Zarqa Metro,Zarqa,Zarqa,32.09873,36.07051,30,3,HUB-AMM-77,HUB-AMM-77-R05,Fiber ring,0
RO-05,Apr 2028 – Jun 2028,AMM-U-2131,U,Monopole / greenfield,Amman-Zarqa Metro,Zarqa,Zarqa,32.10226,36.06295,30,3,HUB-AMM-77,HUB-AMM-77-R05,Fiber ring,0
RO-05,Apr 2028 – Jun 2028,AMM-U-2132,U,Monopole / greenfield,Amman-Zarqa Metro,Zarqa,Zarqa,32.10226,36.06862,30,3,HUB-AMM-77,HUB-AMM-77-R05,Fiber ring,0
RO-05,Apr 2028 – Jun 2028,AMM-U-2133,U,Monopole / greenfield,Amman-Zarqa Metro,Zarqa,Zarqa,32.10266,36.07287,30,3,HUB-AMM-77,HUB-AMM-77-R05,Fiber ring,0
RO-05,Apr 2028 – Jun 2028,AMM-U-2143,U,Monopole / greenfield,Amman-Zarqa Metro,Zarqa,Zarqa,32.10578,36.06626,30,3,HUB-AMM-77,HUB-AMM-77-R05,Fiber ring,0
RO-05,Apr 2028 – Jun 2028,AMM-U-2144,U,Monopole / greenfield,Amman-Zarqa Metro,Zarqa,Zarqa,32.10578,36.06909,30,3,HUB-AMM-77,HUB-AMM-77-R05,Fiber ring,0
RO-05,Apr 2028 – Jun 2028,AMM-U-2154,U,Monopole / greenfield,Amman-Zarqa Metro,Zarqa,Zarqa,32.10931,36.07334,30,3,HUB-AMM-77,HUB-AMM-77-R05,Fiber ring,0
RO-05,Apr 2028 – Jun 2028,AMM-U-2102,U,Monopole / greenfield,Amman-Zarqa Metro,Zarqa,Zarqa,32.09521,36.05728,30,3,HUB-AMM-77,HUB-AMM-77-R06,Fiber ring,0
RO-05,Apr 2028 – Jun 2028,AMM-U-2103,U,Monopole / greenfield,Amman-Zarqa Metro,Zarqa,Zarqa,32.09521,36.06200,30,3,HUB-AMM-77,HUB-AMM-77-R06,Fiber ring,0
RO-05,Apr 2028 – Jun 2028,AMM-U-2104,U,Monopole / greenfield,Amman-Zarqa Metro,Zarqa,Zarqa,32.09521,36.06862,30,3,HUB-AMM-77,HUB-AMM-77-R06,Fiber ring,0
RO-05,Apr 2028 – Jun 2028,AMM-U-2117,U,Monopole / greenfield,Amman-Zarqa Metro,Zarqa,Zarqa,32.09873,36.05964,30,3,HUB-AMM-77,HUB-AMM-77-R06,Fiber ring,0
RO-05,Apr 2028 – Jun 2028,AMM-U-2118,U,Monopole / greenfield,Amman-Zarqa Metro,Zarqa,Zarqa,32.09873,36.06626,30,3,HUB-AMM-77,HUB-AMM-77-R06,Fiber ring,0
RO-05,Apr 2028 – Jun 2028,AMM-U-1941,U,Rooftop,Amman-Zarqa Metro,Zarqa,Zarqa,32.06701,36.09036,30,3,HUB-AMM-85,HUB-AMM-85-R01,Fiber ring,0
RO-05,Apr 2028 – Jun 2028,AMM-U-1963,U,Rooftop,Amman-Zarqa Metro,Zarqa,Zarqa,32.07054,36.08894,30,3,HUB-AMM-85,HUB-AMM-85-R01,Fiber ring,0
RO-05,Apr 2028 – Jun 2028,AMM-U-1987,U,Rooftop,Amman-Zarqa Metro,Zarqa,Zarqa,32.07406,36.08752,30,3,HUB-AMM-85,HUB-AMM-85-R01,Fiber ring,0
RO-05,Apr 2028 – Jun 2028,AMM-U-1988,U,Rooftop,Amman-Zarqa Metro,Zarqa,Zarqa,32.07488,36.09130,30,3,HUB-AMM-85,HUB-AMM-85-R01,Fiber ring,0
RO-05,Apr 2028 – Jun 2028,AMM-U-2011,U,Rooftop,Amman-Zarqa Metro,Zarqa,Zarqa,32.07759,36.08516,30,3,HUB-AMM-85,HUB-AMM-85-R01,Fiber ring,0
RO-05,Apr 2028 – Jun 2028,AMM-U-2012,U,Rooftop,Amman-Zarqa Metro,Zarqa,Zarqa,32.07759,36.08894,30,3,HUB-AMM-85,HUB-AMM-85-R01,Fiber ring,0
RO-05,Apr 2028 – Jun 2028,AMM-U-2013,U,Rooftop,Amman-Zarqa Metro,Zarqa,Zarqa,32.07759,36.09367,30,3,HUB-AMM-85,HUB-AMM-85-R01,Fiber ring,0
RO-05,Apr 2028 – Jun 2028,AMM-U-2036,U,Rooftop,Amman-Zarqa Metro,Zarqa,Zarqa,32.08111,36.09508,30,3,HUB-AMM-85,HUB-AMM-85-R01,Fiber ring,1
RO-05,Apr 2028 – Jun 2028,AMM-U-1964,U,Rooftop,Amman-Zarqa Metro,Zarqa,Zarqa,32.07054,36.09367,30,3,HUB-AMM-85,HUB-AMM-85-R02,Fiber ring,0
RO-05,Apr 2028 – Jun 2028,AMM-U-1965,U,Rooftop,Amman-Zarqa Metro,Zarqa,Zarqa,32.07054,36.09745,30,3,HUB-AMM-85,HUB-AMM-85-R02,Fiber ring,0
RO-05,Apr 2028 – Jun 2028,AMM-U-1966,U,Monopole / greenfield,Amman-Zarqa Metro,Zarqa,Zarqa,32.06972,36.10312,30,3,HUB-AMM-85,HUB-AMM-85-R02,Fiber ring,0
RO-05,Apr 2028 – Jun 2028,AMM-U-1989,U,Rooftop,Amman-Zarqa Metro,Zarqa,Zarqa,32.07406,36.09508,30,3,HUB-AMM-85,HUB-AMM-85-R02,Fiber ring,0
RO-05,Apr 2028 – Jun 2028,AMM-U-1990,U,Rooftop,Amman-Zarqa Metro,Zarqa,Zarqa,32.07447,36.10028,30,3,HUB-AMM-85,HUB-AMM-85-R02,Fiber ring,0
RO-05,Apr 2028 – Jun 2028,AMM-U-1991,U,Monopole / greenfield,Amman-Zarqa Metro,Zarqa,Zarqa,32.07406,36.10548,30,3,HUB-AMM-85,HUB-AMM-85-R02,Fiber ring,0
RO-05,Apr 2028 – Jun 2028,AMM-U-2014,U,Rooftop,Amman-Zarqa Metro,Zarqa,Zarqa,32.07840,36.09839,30,3,HUB-AMM-85,HUB-AMM-85-R02,Fiber ring,0
RO-05,Apr 2028 – Jun 2028,AMM-U-2015,U,Rooftop,Amman-Zarqa Metro,Zarqa,Zarqa,32.07799,36.10265,30,3,HUB-AMM-85,HUB-AMM-85-R03,Fiber ring,0
RO-05,Apr 2028 – Jun 2028,AMM-U-2037,U,Rooftop,Amman-Zarqa Metro,Zarqa,Zarqa,32.08111,36.10170,30,3,HUB-AMM-85,HUB-AMM-85-R03,Fiber ring,0
RO-05,Apr 2028 – Jun 2028,AMM-U-2038,U,Rooftop,Amman-Zarqa Metro,Zarqa,Zarqa,32.08111,36.10454,30,3,HUB-AMM-85,HUB-AMM-85-R03,Fiber ring,0
RO-05,Apr 2028 – Jun 2028,AMM-U-2059,U,Rooftop,Amman-Zarqa Metro,Zarqa,Zarqa,32.08463,36.09745,30,3,HUB-AMM-85,HUB-AMM-85-R03,Fiber ring,0
RO-05,Apr 2028 – Jun 2028,AMM-U-2060,U,Rooftop,Amman-Zarqa Metro,Zarqa,Zarqa,32.08463,36.10312,30,3,HUB-AMM-85,HUB-AMM-85-R03,Fiber ring,0
RO-05,Apr 2028 – Jun 2028,AMM-U-2080,U,Rooftop,Amman-Zarqa Metro,Zarqa,Zarqa,32.08816,36.10076,30,3,HUB-AMM-85,HUB-AMM-85-R03,Fiber ring,0
RO-05,Apr 2028 – Jun 2028,AMM-U-2095,U,Rooftop,Amman-Zarqa Metro,Zarqa,Zarqa,32.09168,36.09839,30,3,HUB-AMM-85,HUB-AMM-85-R03,Fiber ring,0
RO-05,Apr 2028 – Jun 2028,AMM-U-2058,U,Rooftop,Amman-Zarqa Metro,Zarqa,Zarqa,32.08463,36.09367,30,3,HUB-AMM-85,HUB-AMM-85-R04,Fiber ring,0
RO-05,Apr 2028 – Jun 2028,AMM-U-2078,U,Rooftop,Amman-Zarqa Metro,Zarqa,Zarqa,32.08897,36.09130,30,3,HUB-AMM-85,HUB-AMM-85-R04,Fiber ring,0
RO-05,Apr 2028 – Jun 2028,AMM-U-2079,U,Rooftop,Amman-Zarqa Metro,Zarqa,Zarqa,32.08897,36.09603,30,3,HUB-AMM-85,HUB-AMM-85-R04,Fiber ring,0
RO-05,Apr 2028 – Jun 2028,AMM-U-2093,U,Rooftop,Amman-Zarqa Metro,Zarqa,Zarqa,32.09168,36.08800,30,3,HUB-AMM-85,HUB-AMM-85-R04,Fiber ring,0
RO-05,Apr 2028 – Jun 2028,AMM-U-2094,U,Rooftop,Amman-Zarqa Metro,Zarqa,Zarqa,32.09168,36.09367,30,3,HUB-AMM-85,HUB-AMM-85-R04,Fiber ring,0
RO-05,Apr 2028 – Jun 2028,AMM-U-2109,U,Rooftop,Amman-Zarqa Metro,Zarqa,Zarqa,32.09521,36.09036,30,3,HUB-AMM-85,HUB-AMM-85-R04,Fiber ring,0
RO-05,Apr 2028 – Jun 2028,AMM-U-2110,U,Rooftop,Amman-Zarqa Metro,Zarqa,Zarqa,32.09439,36.09603,30,3,HUB-AMM-85,HUB-AMM-85-R04,Fiber ring,0
RO-05,Apr 2028 – Jun 2028,AMM-U-2033,U,Rooftop,Amman-Zarqa Metro,Zarqa,Zarqa,32.08152,36.08232,30,3,HUB-AMM-85,HUB-AMM-85-R05,Fiber ring,0
RO-05,Apr 2028 – Jun 2028,AMM-U-2034,U,Rooftop,Amman-Zarqa Metro,Zarqa,Zarqa,32.08192,36.08658,30,3,HUB-AMM-85,HUB-AMM-85-R05,Fiber ring,0
RO-05,Apr 2028 – Jun 2028,AMM-U-2035,U,Rooftop,Amman-Zarqa Metro,Zarqa,Zarqa,32.08111,36.09036,30,3,HUB-AMM-85,HUB-AMM-85-R05,Fiber ring,0
RO-05,Apr 2028 – Jun 2028,AMM-U-2056,U,Rooftop,Amman-Zarqa Metro,Zarqa,Zarqa,32.08463,36.08421,30,3,HUB-AMM-85,HUB-AMM-85-R05,Fiber ring,0
RO-05,Apr 2028 – Jun 2028,AMM-U-2057,U,Rooftop,Amman-Zarqa Metro,Zarqa,Zarqa,32.08463,36.08894,30,3,HUB-AMM-85,HUB-AMM-85-R05,Fiber ring,0
RO-05,Apr 2028 – Jun 2028,AMM-U-2077,U,Rooftop,Amman-Zarqa Metro,Zarqa,Zarqa,32.08816,36.08563,30,3,HUB-AMM-85,HUB-AMM-85-R05,Fiber ring,0
RO-05,Apr 2028 – Jun 2028,AMM-SU-3226,SU,Rooftop,Amman-Zarqa Metro,Amman outskirts,Balqa,32.06545,35.83274,32,3,HUB-AMM-86,HUB-AMM-86-R01,Fiber ring,0
RO-05,Apr 2028 – Jun 2028,AMM-SU-3255,SU,Monopole / greenfield,Amman-Zarqa Metro,Amman outskirts,Balqa,32.07054,35.82796,32,3,HUB-AMM-86,HUB-AMM-86-R01,Fiber ring,0
RO-05,Apr 2028 – Jun 2028,AMM-U-1928,U,Rooftop,Amman-Zarqa Metro,Baqa'a,Balqa,32.06620,35.83610,30,3,HUB-AMM-86,HUB-AMM-86-R01,Fiber ring,0
RO-05,Apr 2028 – Jun 2028,AMM-U-1950,U,Monopole / greenfield,Amman-Zarqa Metro,Baqa'a,Balqa,32.07054,35.83374,30,3,HUB-AMM-86,HUB-AMM-86-R01,Fiber ring,0
RO-05,Apr 2028 – Jun 2028,AMM-U-1973,U,Rooftop,Amman-Zarqa Metro,Baqa'a,Balqa,32.07406,35.83232,30,3,HUB-AMM-86,HUB-AMM-86-R01,Fiber ring,0
RO-05,Apr 2028 – Jun 2028,AMM-U-1974,U,Rooftop,Amman-Zarqa Metro,Baqa'a,Balqa,32.07406,35.83610,30,3,HUB-AMM-86,HUB-AMM-86-R01,Fiber ring,0
RO-05,Apr 2028 – Jun 2028,AMM-U-1975,U,Rooftop,Amman-Zarqa Metro,Baqa'a,Balqa,32.07325,35.84083,30,3,HUB-AMM-86,HUB-AMM-86-R01,Fiber ring,0
RO-05,Apr 2028 – Jun 2028,AMM-U-2000,U,Rooftop,Amman-Zarqa Metro,Baqa'a,Balqa,32.07759,35.84319,30,3,HUB-AMM-86,HUB-AMM-86-R01,Fiber ring,1
RO-05,Apr 2028 – Jun 2028,AMM-SU-3190,SU,Monopole / greenfield,Amman-Zarqa Metro,Amman outskirts,Balqa,32.06035,35.84298,32,3,HUB-AMM-86,HUB-AMM-86-R02,Fiber ring,0
RO-05,Apr 2028 – Jun 2028,AMM-SU-3191,SU,Monopole / greenfield,Amman-Zarqa Metro,Amman outskirts,Balqa,32.06035,35.84981,32,3,HUB-AMM-86,HUB-AMM-86-R02,Fiber ring,0
RO-05,Apr 2028 – Jun 2028,AMM-U-1929,U,Rooftop,Amman-Zarqa Metro,Baqa'a,Balqa,32.06701,35.84083,30,3,HUB-AMM-86,HUB-AMM-86-R02,Fiber ring,0
RO-05,Apr 2028 – Jun 2028,AMM-U-1930,U,Rooftop,Amman-Zarqa Metro,Baqa'a,Balqa,32.06783,35.84555,30,3,HUB-AMM-86,HUB-AMM-86-R02,Fiber ring,0
RO-05,Apr 2028 – Jun 2028,AMM-U-1951,U,Rooftop,Amman-Zarqa Metro,Baqa'a,Balqa,32.07054,35.83941,30,3,HUB-AMM-86,HUB-AMM-86-R02,Fiber ring,0
RO-05,Apr 2028 – Jun 2028,AMM-U-1952,U,Rooftop,Amman-Zarqa Metro,Baqa'a,Balqa,32.07054,35.84319,30,3,HUB-AMM-86,HUB-AMM-86-R02,Fiber ring,0
RO-05,Apr 2028 – Jun 2028,AMM-U-1976,U,Rooftop,Amman-Zarqa Metro,Baqa'a,Balqa,32.07325,35.84555,30,3,HUB-AMM-86,HUB-AMM-86-R02,Fiber ring,0
RO-05,Apr 2028 – Jun 2028,AMM-U-1931,U,Monopole / greenfield,Amman-Zarqa Metro,Baqa'a,Balqa,32.06701,35.85123,30,3,HUB-AMM-86,HUB-AMM-86-R03,Fiber ring,0
RO-05,Apr 2028 – Jun 2028,AMM-U-1953,U,Rooftop,Amman-Zarqa Metro,Baqa'a,Balqa,32.07054,35.84792,30,3,HUB-AMM-86,HUB-AMM-86-R03,Fiber ring,0
RO-05,Apr 2028 – Jun 2028,AMM-U-1954,U,Monopole / greenfield,Amman-Zarqa Metro,Baqa'a,Balqa,32.06972,35.85264,30,3,HUB-AMM-86,HUB-AMM-86-R03,Fiber ring,0
RO-05,Apr 2028 – Jun 2028,AMM-U-1977,U,Rooftop,Amman-Zarqa Metro,Baqa'a,Balqa,32.07406,35.85028,30,3,HUB-AMM-86,HUB-AMM-86-R03,Fiber ring,0
RO-05,Apr 2028 – Jun 2028,AMM-U-1978,U,Monopole / greenfield,Amman-Zarqa Metro,Baqa'a,Balqa,32.07406,35.85501,30,3,HUB-AMM-86,HUB-AMM-86-R03,Fiber ring,0
RO-05,Apr 2028 – Jun 2028,AMM-U-2001,U,Rooftop,Amman-Zarqa Metro,Baqa'a,Balqa,32.07759,35.84792,30,3,HUB-AMM-86,HUB-AMM-86-R03,Fiber ring,0
RO-05,Apr 2028 – Jun 2028,AMM-U-2002,U,Rooftop,Amman-Zarqa Metro,Baqa'a,Balqa,32.07677,35.85264,30,3,HUB-AMM-86,HUB-AMM-86-R03,Fiber ring,0
RO-05,Apr 2028 – Jun 2028,AMM-SU-3313,SU,Monopole / greenfield,Amman-Zarqa Metro,Amman outskirts,Balqa,32.08072,35.86346,32,3,HUB-AMM-86,HUB-AMM-86-R04,Fiber ring,0
RO-05,Apr 2028 – Jun 2028,AMM-SU-3340,SU,Monopole / greenfield,Amman-Zarqa Metro,Amman outskirts,Balqa,32.08581,35.85868,32,3,HUB-AMM-86,HUB-AMM-86-R04,Fiber ring,0
RO-05,Apr 2028 – Jun 2028,AMM-SU-3362,SU,Monopole / greenfield,Amman-Zarqa Metro,Amman outskirts,Balqa,32.09090,35.86210,32,3,HUB-AMM-86,HUB-AMM-86-R04,Fiber ring,0
RO-05,Apr 2028 – Jun 2028,AMM-U-2003,U,Monopole / greenfield,Amman-Zarqa Metro,Baqa'a,Balqa,32.07759,35.85737,30,3,HUB-AMM-86,HUB-AMM-86-R04,Fiber ring,0
RO-05,Apr 2028 – Jun 2028,AMM-U-2025,U,Rooftop,Amman-Zarqa Metro,Baqa'a,Balqa,32.08030,35.85028,30,3,HUB-AMM-86,HUB-AMM-86-R04,Fiber ring,0
RO-05,Apr 2028 – Jun 2028,AMM-U-2026,U,Monopole / greenfield,Amman-Zarqa Metro,Baqa'a,Balqa,32.08111,35.85501,30,3,HUB-AMM-86,HUB-AMM-86-R04,Fiber ring,0
RO-05,Apr 2028 – Jun 2028,AMM-U-2048,U,Monopole / greenfield,Amman-Zarqa Metro,Baqa'a,Balqa,32.08382,35.85264,30,3,HUB-AMM-86,HUB-AMM-86-R04,Fiber ring,0
RO-05,Apr 2028 – Jun 2028,AMM-SU-3361,SU,Monopole / greenfield,Amman-Zarqa Metro,Amman outskirts,Balqa,32.08972,35.85527,32,3,HUB-AMM-86,HUB-AMM-86-R05,Fiber ring,0
RO-05,Apr 2028 – Jun 2028,AMM-U-2024,U,Monopole / greenfield,Amman-Zarqa Metro,Baqa'a,Balqa,32.08030,35.84555,30,3,HUB-AMM-86,HUB-AMM-86-R05,Fiber ring,0
RO-05,Apr 2028 – Jun 2028,AMM-U-2046,U,Monopole / greenfield,Amman-Zarqa Metro,Baqa'a,Balqa,32.08463,35.84319,30,3,HUB-AMM-86,HUB-AMM-86-R05,Fiber ring,0
RO-05,Apr 2028 – Jun 2028,AMM-U-2047,U,Monopole / greenfield,Amman-Zarqa Metro,Baqa'a,Balqa,32.08463,35.84792,30,3,HUB-AMM-86,HUB-AMM-86-R05,Fiber ring,0
RO-05,Apr 2028 – Jun 2028,AMM-U-2067,U,Monopole / greenfield,Amman-Zarqa Metro,Baqa'a,Balqa,32.08816,35.84083,30,3,HUB-AMM-86,HUB-AMM-86-R05,Fiber ring,0
RO-05,Apr 2028 – Jun 2028,AMM-U-2068,U,Monopole / greenfield,Amman-Zarqa Metro,Baqa'a,Balqa,32.08816,35.84555,30,3,HUB-AMM-86,HUB-AMM-86-R05,Fiber ring,0
RO-05,Apr 2028 – Jun 2028,AMM-U-2069,U,Monopole / greenfield,Amman-Zarqa Metro,Baqa'a,Balqa,32.08816,35.85028,30,3,HUB-AMM-86,HUB-AMM-86-R05,Fiber ring,0
RO-05,Apr 2028 – Jun 2028,AMM-SU-3339,SU,Monopole / greenfield,Amman-Zarqa Metro,Amman outskirts,Balqa,32.08698,35.82455,32,3,HUB-AMM-86,HUB-AMM-86-R06,Fiber ring,0
RO-05,Apr 2028 – Jun 2028,AMM-SU-3360,SU,Monopole / greenfield,Amman-Zarqa Metro,Amman outskirts,Balqa,32.09208,35.82796,32,3,HUB-AMM-86,HUB-AMM-86-R06,Fiber ring,0
RO-05,Apr 2028 – Jun 2028,AMM-U-2022,U,Monopole / greenfield,Amman-Zarqa Metro,Baqa'a,Balqa,32.08111,35.83610,30,3,HUB-AMM-86,HUB-AMM-86-R06,Fiber ring,0
RO-05,Apr 2028 – Jun 2028,AMM-U-2023,U,Monopole / greenfield,Amman-Zarqa Metro,Baqa'a,Balqa,32.08111,35.84083,30,3,HUB-AMM-86,HUB-AMM-86-R06,Fiber ring,0
RO-05,Apr 2028 – Jun 2028,AMM-U-2044,U,Monopole / greenfield,Amman-Zarqa Metro,Baqa'a,Balqa,32.08463,35.83374,30,3,HUB-AMM-86,HUB-AMM-86-R06,Fiber ring,0
RO-05,Apr 2028 – Jun 2028,AMM-U-2045,U,Monopole / greenfield,Amman-Zarqa Metro,Baqa'a,Balqa,32.08463,35.83847,30,3,HUB-AMM-86,HUB-AMM-86-R06,Fiber ring,0
RO-05,Apr 2028 – Jun 2028,AMM-U-2066,U,Monopole / greenfield,Amman-Zarqa Metro,Baqa'a,Balqa,32.08897,35.83610,30,3,HUB-AMM-86,HUB-AMM-86-R06,Fiber ring,0
RO-05,Apr 2028 – Jun 2028,AMM-U-1997,U,Monopole / greenfield,Amman-Zarqa Metro,Baqa'a,Balqa,32.07759,35.82901,30,3,HUB-AMM-86,HUB-AMM-86-R07,Fiber ring,0
RO-05,Apr 2028 – Jun 2028,AMM-U-1998,U,Monopole / greenfield,Amman-Zarqa Metro,Baqa'a,Balqa,32.07759,35.83468,30,3,HUB-AMM-86,HUB-AMM-86-R07,Fiber ring,0
RO-05,Apr 2028 – Jun 2028,AMM-U-1999,U,Monopole / greenfield,Amman-Zarqa Metro,Baqa'a,Balqa,32.07759,35.83847,30,3,HUB-AMM-86,HUB-AMM-86-R07,Fiber ring,0
RO-05,Apr 2028 – Jun 2028,AMM-U-2021,U,Monopole / greenfield,Amman-Zarqa Metro,Baqa'a,Balqa,32.08030,35.83138,30,3,HUB-AMM-86,HUB-AMM-86-R07,Fiber ring,0
RO-05,Apr 2028 – Jun 2028,DEA-SU-0001,SU,Monopole / greenfield,Dead Sea,Dead Sea hotel zone,Madaba,31.68872,35.59382,32,3,HUB-DEA-01,HUB-DEA-01-R01,Fiber ring,0
RO-05,Apr 2028 – Jun 2028,DEA-SU-0002,SU,Monopole / greenfield,Dead Sea,Dead Sea hotel zone,Madaba,31.69381,35.59723,32,3,HUB-DEA-01,HUB-DEA-01-R01,Fiber ring,0
RO-05,Apr 2028 – Jun 2028,DEA-SU-0003,SU,Monopole / greenfield,Dead Sea,Dead Sea hotel zone,Madaba,31.69832,35.59314,32,3,HUB-DEA-01,HUB-DEA-01-R01,Fiber ring,0
RO-05,Apr 2028 – Jun 2028,DEA-SU-0004,SU,Monopole / greenfield,Dead Sea,Dead Sea hotel zone,Madaba,31.70341,35.58972,32,3,HUB-DEA-01,HUB-DEA-01-R01,Fiber ring,0
RO-05,Apr 2028 – Jun 2028,DEA-SU-0006,SU,Monopole / greenfield,Dead Sea,Dead Sea hotel zone,Madaba,31.70909,35.59382,32,3,HUB-DEA-01,HUB-DEA-01-R01,Fiber ring,0
RO-05,Apr 2028 – Jun 2028,DEA-SU-0008,SU,Monopole / greenfield,Dead Sea,Dead Sea hotel zone,Balqa,31.71418,35.59041,32,3,HUB-DEA-01,HUB-DEA-01-R01,Fiber ring,0
RO-05,Apr 2028 – Jun 2028,DEA-SU-0010,SU,Monopole / greenfield,Dead Sea,Dead Sea hotel zone,Balqa,31.71927,35.59382,32,3,HUB-DEA-01,HUB-DEA-01-R01,Fiber ring,1
RO-05,Apr 2028 – Jun 2028,DEA-SU-0005,SU,Monopole / greenfield,Dead Sea,Dead Sea hotel zone,Madaba,31.70399,35.59723,32,3,HUB-DEA-01,HUB-DEA-01-R02,Fiber ring,0
RO-05,Apr 2028 – Jun 2028,DEA-SU-0007,SU,Monopole / greenfield,Dead Sea,Dead Sea hotel zone,Madaba,31.70909,35.60065,32,3,HUB-DEA-01,HUB-DEA-01-R02,Fiber ring,0
RO-05,Apr 2028 – Jun 2028,DEA-SU-0009,SU,Monopole / greenfield,Dead Sea,Dead Sea hotel zone,Balqa,31.71418,35.59723,32,3,HUB-DEA-01,HUB-DEA-01-R02,Fiber ring,0
RO-05,Apr 2028 – Jun 2028,DEA-SU-0011,SU,Monopole / greenfield,Dead Sea,Dead Sea hotel zone,Balqa,31.71927,35.60065,32,3,HUB-DEA-01,HUB-DEA-01-R02,Fiber ring,0
RO-05,Apr 2028 – Jun 2028,DEA-SU-0012,SU,Monopole / greenfield,Dead Sea,Dead Sea hotel zone,Balqa,31.72436,35.59723,32,3,HUB-DEA-01,HUB-DEA-01-R02,Fiber ring,0
RO-05,Apr 2028 – Jun 2028,DEA-SU-0013,SU,Monopole / greenfield,Dead Sea,Dead Sea hotel zone,Balqa,31.72318,35.60269,32,3,HUB-DEA-01,HUB-DEA-01-R02,Fiber ring,0
RO-05,Apr 2028 – Jun 2028,DEA-SU-0014,SU,Monopole / greenfield,Dead Sea,Dead Sea hotel zone,Balqa,31.72945,35.59382,32,3,HUB-DEA-01,HUB-DEA-01-R03,Fiber ring,0
RO-05,Apr 2028 – Jun 2028,DEA-SU-0015,SU,Monopole / greenfield,Dead Sea,Dead Sea hotel zone,Balqa,31.72945,35.60065,32,3,HUB-DEA-01,HUB-DEA-01-R03,Fiber ring,0
RO-05,Apr 2028 – Jun 2028,DEA-SU-0016,SU,Monopole / greenfield,Dead Sea,Dead Sea hotel zone,Balqa,31.73454,35.59723,32,3,HUB-DEA-01,HUB-DEA-01-R03,Fiber ring,0
RO-05,Apr 2028 – Jun 2028,DEA-SU-0017,SU,Monopole / greenfield,Dead Sea,Dead Sea hotel zone,Balqa,31.73454,35.60406,32,3,HUB-DEA-01,HUB-DEA-01-R03,Fiber ring,0
RO-05,Apr 2028 – Jun 2028,DEA-SU-0018,SU,Monopole / greenfield,Dead Sea,Dead Sea hotel zone,Balqa,31.73963,35.60065,32,3,HUB-DEA-01,HUB-DEA-01-R03,Fiber ring,0
RO-05,Apr 2028 – Jun 2028,DEA-SU-0019,SU,Monopole / greenfield,Dead Sea,Dead Sea hotel zone,Balqa,31.74472,35.59723,32,3,HUB-DEA-01,HUB-DEA-01-R03,Fiber ring,0
RO-05,Apr 2028 – Jun 2028,IRB-U-0163,U,Monopole / greenfield,Irbid,Irbid,Irbid,32.52871,35.89990,30,3,HUB-IRB-03,HUB-IRB-03-R01,Fiber ring,0
RO-05,Apr 2028 – Jun 2028,IRB-U-0183,U,Monopole / greenfield,Irbid,Irbid,Irbid,32.53224,35.89754,30,3,HUB-IRB-03,HUB-IRB-03-R01,Fiber ring,0
RO-05,Apr 2028 – Jun 2028,IRB-U-0204,U,Monopole / greenfield,Irbid,Irbid,Irbid,32.53576,35.89518,30,3,HUB-IRB-03,HUB-IRB-03-R01,Fiber ring,0
RO-05,Apr 2028 – Jun 2028,IRB-U-0205,U,Monopole / greenfield,Irbid,Irbid,Irbid,32.53576,35.89990,30,3,HUB-IRB-03,HUB-IRB-03-R01,Fiber ring,0
RO-05,Apr 2028 – Jun 2028,IRB-U-0226,U,Monopole / greenfield,Irbid,Irbid,Irbid,32.53929,35.89281,30,3,HUB-IRB-03,HUB-IRB-03-R01,Fiber ring,0
RO-05,Apr 2028 – Jun 2028,IRB-U-0227,U,Monopole / greenfield,Irbid,Irbid,Irbid,32.53847,35.89754,30,3,HUB-IRB-03,HUB-IRB-03-R01,Fiber ring,0
RO-05,Apr 2028 – Jun 2028,IRB-U-0228,U,Monopole / greenfield,Irbid,Irbid,Irbid,32.53929,35.90227,30,3,HUB-IRB-03,HUB-IRB-03-R01,Fiber ring,0
RO-05,Apr 2028 – Jun 2028,IRB-U-0250,U,Monopole / greenfield,Irbid,Irbid,Irbid,32.54281,35.90463,30,3,HUB-IRB-03,HUB-IRB-03-R01,Fiber ring,1
RO-05,Apr 2028 – Jun 2028,IRB-SU-0618,SU,Monopole / greenfield,Irbid,Irbid outskirts,Irbid,32.53380,35.91193,32,3,HUB-IRB-03,HUB-IRB-03-R02,Fiber ring,0
RO-05,Apr 2028 – Jun 2028,IRB-SU-0619,SU,Monopole / greenfield,Irbid,Irbid outskirts,Irbid,32.53380,35.91875,32,3,HUB-IRB-03,HUB-IRB-03-R02,Fiber ring,0
RO-05,Apr 2028 – Jun 2028,IRB-SU-0631,SU,Monopole / greenfield,Irbid,Irbid outskirts,Irbid,32.53948,35.91602,32,3,HUB-IRB-03,HUB-IRB-03-R02,Fiber ring,0
RO-05,Apr 2028 – Jun 2028,IRB-SU-0632,SU,Monopole / greenfield,Irbid,Irbid outskirts,Irbid,32.53890,35.92353,32,3,HUB-IRB-03,HUB-IRB-03-R02,Fiber ring,0
RO-05,Apr 2028 – Jun 2028,IRB-U-0184,U,Monopole / greenfield,Irbid,Irbid,Irbid,32.53224,35.90227,30,3,HUB-IRB-03,HUB-IRB-03-R02,Fiber ring,0
RO-05,Apr 2028 – Jun 2028,IRB-U-0206,U,Monopole / greenfield,Irbid,Irbid,Irbid,32.53576,35.90463,30,3,HUB-IRB-03,HUB-IRB-03-R02,Fiber ring,0
RO-05,Apr 2028 – Jun 2028,IRB-U-0229,U,Monopole / greenfield,Irbid,Irbid,Irbid,32.53929,35.90605,30,3,HUB-IRB-03,HUB-IRB-03-R02,Fiber ring,0
RO-05,Apr 2028 – Jun 2028,IRB-SU-0646,SU,Monopole / greenfield,Irbid,Irbid outskirts,Irbid,32.54399,35.91193,32,3,HUB-IRB-03,HUB-IRB-03-R03,Fiber ring,0
RO-05,Apr 2028 – Jun 2028,IRB-SU-0647,SU,Monopole / greenfield,Irbid,Irbid outskirts,Irbid,32.54399,35.92012,32,3,HUB-IRB-03,HUB-IRB-03-R03,Fiber ring,0
RO-05,Apr 2028 – Jun 2028,IRB-SU-0659,SU,Monopole / greenfield,Irbid,Irbid outskirts,Irbid,32.54790,35.90988,32,3,HUB-IRB-03,HUB-IRB-03-R03,Fiber ring,0
RO-05,Apr 2028 – Jun 2028,IRB-U-0251,U,Monopole / greenfield,Irbid,Irbid,Irbid,32.54281,35.90841,30,3,HUB-IRB-03,HUB-IRB-03-R03,Fiber ring,0
RO-05,Apr 2028 – Jun 2028,IRB-U-0272,U,Monopole / greenfield,Irbid,Irbid,Irbid,32.54634,35.90699,30,3,HUB-IRB-03,HUB-IRB-03-R03,Fiber ring,0
RO-05,Apr 2028 – Jun 2028,IRB-U-0293,U,Monopole / greenfield,Irbid,Irbid,Irbid,32.54986,35.90463,30,3,HUB-IRB-03,HUB-IRB-03-R03,Fiber ring,0
RO-05,Apr 2028 – Jun 2028,IRB-U-0316,U,Monopole / greenfield,Irbid,Irbid,Irbid,32.55257,35.90699,30,3,HUB-IRB-03,HUB-IRB-03-R03,Fiber ring,0
RO-05,Apr 2028 – Jun 2028,IRB-U-0270,U,Monopole / greenfield,Irbid,Irbid,Irbid,32.54634,35.89754,30,3,HUB-IRB-03,HUB-IRB-03-R04,Fiber ring,0
RO-05,Apr 2028 – Jun 2028,IRB-U-0271,U,Monopole / greenfield,Irbid,Irbid,Irbid,32.54634,35.90132,30,3,HUB-IRB-03,HUB-IRB-03-R04,Fiber ring,0
RO-05,Apr 2028 – Jun 2028,IRB-U-0291,U,Monopole / greenfield,Irbid,Irbid,Irbid,32.54905,35.89518,30,3,HUB-IRB-03,HUB-IRB-03-R04,Fiber ring,0
RO-05,Apr 2028 – Jun 2028,IRB-U-0292,U,Monopole / greenfield,Irbid,Irbid,Irbid,32.54905,35.89990,30,3,HUB-IRB-03,HUB-IRB-03-R04,Fiber ring,0
RO-05,Apr 2028 – Jun 2028,IRB-U-0314,U,Monopole / greenfield,Irbid,Irbid,Irbid,32.55338,35.89754,30,3,HUB-IRB-03,HUB-IRB-03-R04,Fiber ring,0
RO-05,Apr 2028 – Jun 2028,IRB-U-0315,U,Monopole / greenfield,Irbid,Irbid,Irbid,32.55257,35.90227,30,3,HUB-IRB-03,HUB-IRB-03-R04,Fiber ring,0
RO-05,Apr 2028 – Jun 2028,IRB-U-0339,U,Monopole / greenfield,Irbid,Irbid,Irbid,32.55772,35.90463,30,3,HUB-IRB-03,HUB-IRB-03-R04,Fiber ring,0
RO-05,Apr 2028 – Jun 2028,IRB-U-0246,U,Monopole / greenfield,Irbid,Irbid,Irbid,32.54281,35.88572,30,3,HUB-IRB-03,HUB-IRB-03-R05,Fiber ring,0
RO-05,Apr 2028 – Jun 2028,IRB-U-0247,U,Monopole / greenfield,Irbid,Irbid,Irbid,32.54281,35.89045,30,3,HUB-IRB-03,HUB-IRB-03-R05,Fiber ring,0
RO-05,Apr 2028 – Jun 2028,IRB-U-0248,U,Monopole / greenfield,Irbid,Irbid,Irbid,32.54281,35.89423,30,3,HUB-IRB-03,HUB-IRB-03-R05,Fiber ring,0
RO-05,Apr 2028 – Jun 2028,IRB-U-0249,U,Monopole / greenfield,Irbid,Irbid,Irbid,32.54281,35.89896,30,3,HUB-IRB-03,HUB-IRB-03-R05,Fiber ring,0
RO-05,Apr 2028 – Jun 2028,IRB-U-0268,U,Monopole / greenfield,Irbid,Irbid,Irbid,32.54634,35.88809,30,3,HUB-IRB-03,HUB-IRB-03-R05,Fiber ring,0
RO-05,Apr 2028 – Jun 2028,IRB-U-0269,U,Monopole / greenfield,Irbid,Irbid,Irbid,32.54634,35.89281,30,3,HUB-IRB-03,HUB-IRB-03-R05,Fiber ring,0
RO-05,Apr 2028 – Jun 2028,WAD-SU-0046,SU,Monopole / greenfield,Wadi Musa / Petra,Wadi Musa / Petra outskirts,Ma'an,30.30910,35.49484,32,3,HUB-WAD-01,HUB-WAD-01-R01,Fiber ring,0
RO-05,Apr 2028 – Jun 2028,WAD-U-0009,U,Monopole / greenfield,Wadi Musa / Petra,Wadi Musa / Petra,Ma'an,30.31537,35.48969,30,3,HUB-WAD-01,HUB-WAD-01-R01,Fiber ring,0
RO-05,Apr 2028 – Jun 2028,WAD-U-0010,U,Monopole / greenfield,Wadi Musa / Petra,Wadi Musa / Petra,Ma'an,30.31537,35.49347,30,3,HUB-WAD-01,HUB-WAD-01-R01,Fiber ring,0
RO-05,Apr 2028 – Jun 2028,WAD-U-0015,U,Rooftop,Wadi Musa / Petra,Wadi Musa / Petra,Ma'an,30.31889,35.48733,30,3,HUB-WAD-01,HUB-WAD-01-R01,Fiber ring,0
RO-05,Apr 2028 – Jun 2028,WAD-U-0016,U,Monopole / greenfield,Wadi Musa / Petra,Wadi Musa / Petra,Ma'an,30.31889,35.49205,30,3,HUB-WAD-01,HUB-WAD-01-R01,Fiber ring,0
RO-05,Apr 2028 – Jun 2028,WAD-U-0021,U,Rooftop,Wadi Musa / Petra,Wadi Musa / Petra,Ma'an,30.32160,35.48402,30,3,HUB-WAD-01,HUB-WAD-01-R01,Fiber ring,0
RO-05,Apr 2028 – Jun 2028,WAD-U-0022,U,Monopole / greenfield,Wadi Musa / Petra,Wadi Musa / Petra,Ma'an,30.32160,35.48875,30,3,HUB-WAD-01,HUB-WAD-01-R01,Fiber ring,0
RO-05,Apr 2028 – Jun 2028,WAD-U-0029,U,Monopole / greenfield,Wadi Musa / Petra,Wadi Musa / Petra,Ma'an,30.32512,35.49111,30,3,HUB-WAD-01,HUB-WAD-01-R01,Fiber ring,1
RO-05,Apr 2028 – Jun 2028,WAD-SU-0043,SU,Monopole / greenfield,Wadi Musa / Petra,Wadi Musa / Petra outskirts,Ma'an,30.30401,35.49689,32,3,HUB-WAD-01,HUB-WAD-01-R02,Fiber ring,0
RO-05,Apr 2028 – Jun 2028,WAD-SU-0047,SU,Monopole / greenfield,Wadi Musa / Petra,Wadi Musa / Petra outskirts,Ma'an,30.30910,35.49893,32,3,HUB-WAD-01,HUB-WAD-01-R02,Fiber ring,0
RO-05,Apr 2028 – Jun 2028,WAD-SU-0049,SU,Monopole / greenfield,Wadi Musa / Petra,Wadi Musa / Petra outskirts,Ma'an,30.31478,35.50439,32,3,HUB-WAD-01,HUB-WAD-01-R02,Fiber ring,0
RO-05,Apr 2028 – Jun 2028,WAD-SU-0051,SU,Monopole / greenfield,Wadi Musa / Petra,Wadi Musa / Petra outskirts,Ma'an,30.31869,35.50098,32,3,HUB-WAD-01,HUB-WAD-01-R02,Fiber ring,0
RO-05,Apr 2028 – Jun 2028,WAD-SU-0052,SU,Monopole / greenfield,Wadi Musa / Petra,Wadi Musa / Petra outskirts,Ma'an,30.32046,35.50712,32,3,HUB-WAD-01,HUB-WAD-01-R02,Fiber ring,0
RO-05,Apr 2028 – Jun 2028,WAD-SU-0053,SU,Monopole / greenfield,Wadi Musa / Petra,Wadi Musa / Petra outskirts,Ma'an,30.32320,35.49689,32,3,HUB-WAD-01,HUB-WAD-01-R02,Fiber ring,0
RO-05,Apr 2028 – Jun 2028,WAD-U-0023,U,Monopole / greenfield,Wadi Musa / Petra,Wadi Musa / Petra,Ma'an,30.32201,35.49300,30,3,HUB-WAD-01,HUB-WAD-01-R02,Fiber ring,0
RO-05,Apr 2028 – Jun 2028,WAD-SU-0054,SU,Monopole / greenfield,Wadi Musa / Petra,Wadi Musa / Petra outskirts,Ma'an,30.32555,35.50371,32,3,HUB-WAD-01,HUB-WAD-01-R03,Fiber ring,0
RO-05,Apr 2028 – Jun 2028,WAD-SU-0055,SU,Monopole / greenfield,Wadi Musa / Petra,Wadi Musa / Petra outskirts,Ma'an,30.33064,35.49347,32,3,HUB-WAD-01,HUB-WAD-01-R03,Fiber ring,0
RO-05,Apr 2028 – Jun 2028,WAD-SU-0056,SU,Monopole / greenfield,Wadi Musa / Petra,Wadi Musa / Petra outskirts,Ma'an,30.32946,35.50166,32,3,HUB-WAD-01,HUB-WAD-01-R03,Fiber ring,0
RO-05,Apr 2028 – Jun 2028,WAD-SU-0057,SU,Monopole / greenfield,Wadi Musa / Petra,Wadi Musa / Petra outskirts,Ma'an,30.32946,35.50849,32,3,HUB-WAD-01,HUB-WAD-01-R03,Fiber ring,0
RO-05,Apr 2028 – Jun 2028,WAD-SU-0058,SU,Monopole / greenfield,Wadi Musa / Petra,Wadi Musa / Petra outskirts,Ma'an,30.33455,35.49142,32,3,HUB-WAD-01,HUB-WAD-01-R03,Fiber ring,0
RO-05,Apr 2028 – Jun 2028,WAD-SU-0059,SU,Monopole / greenfield,Wadi Musa / Petra,Wadi Musa / Petra outskirts,Ma'an,30.33573,35.49689,32,3,HUB-WAD-01,HUB-WAD-01-R03,Fiber ring,0
RO-05,Apr 2028 – Jun 2028,WAD-SU-0060,SU,Monopole / greenfield,Wadi Musa / Petra,Wadi Musa / Petra outskirts,Ma'an,30.33573,35.50371,32,3,HUB-WAD-01,HUB-WAD-01-R03,Fiber ring,0
RO-05,Apr 2028 – Jun 2028,WAD-SU-0062,SU,Monopole / greenfield,Wadi Musa / Petra,Wadi Musa / Petra outskirts,Ma'an,30.33965,35.47436,32,3,HUB-WAD-01,HUB-WAD-01-R04,Fiber ring,0
RO-05,Apr 2028 – Jun 2028,WAD-SU-0063,SU,Monopole / greenfield,Wadi Musa / Petra,Wadi Musa / Petra outskirts,Ma'an,30.34082,35.47982,32,3,HUB-WAD-01,HUB-WAD-01-R04,Fiber ring,0
RO-05,Apr 2028 – Jun 2028,WAD-SU-0064,SU,Monopole / greenfield,Wadi Musa / Petra,Wadi Musa / Petra outskirts,Ma'an,30.33906,35.48733,32,3,HUB-WAD-01,HUB-WAD-01-R04,Fiber ring,0
RO-05,Apr 2028 – Jun 2028,WAD-SU-0065,SU,Monopole / greenfield,Wadi Musa / Petra,Wadi Musa / Petra outskirts,Ma'an,30.34356,35.49006,32,3,HUB-WAD-01,HUB-WAD-01-R04,Fiber ring,0
RO-05,Apr 2028 – Jun 2028,WAD-U-0034,U,Monopole / greenfield,Wadi Musa / Petra,Wadi Musa / Petra,Ma'an,30.32946,35.48969,30,3,HUB-WAD-01,HUB-WAD-01-R04,Fiber ring,0
RO-05,Apr 2028 – Jun 2028,WAD-U-0037,U,Monopole / greenfield,Wadi Musa / Petra,Wadi Musa / Petra,Ma'an,30.33299,35.48260,30,3,HUB-WAD-01,HUB-WAD-01-R04,Fiber ring,0
RO-05,Apr 2028 – Jun 2028,WAD-U-0038,U,Monopole / greenfield,Wadi Musa / Petra,Wadi Musa / Petra,Ma'an,30.33299,35.48733,30,3,HUB-WAD-01,HUB-WAD-01-R04,Fiber ring,0
RO-05,Apr 2028 – Jun 2028,WAD-U-0027,U,Rooftop,Wadi Musa / Petra,Wadi Musa / Petra,Ma'an,30.32635,35.48213,30,3,HUB-WAD-01,HUB-WAD-01-R05,Fiber ring,0
RO-05,Apr 2028 – Jun 2028,WAD-U-0028,U,Monopole / greenfield,Wadi Musa / Petra,Wadi Musa / Petra,Ma'an,30.32594,35.48733,30,3,HUB-WAD-01,HUB-WAD-01-R05,Fiber ring,0
RO-05,Apr 2028 – Jun 2028,WAD-U-0032,U,Rooftop,Wadi Musa / Petra,Wadi Musa / Petra,Ma'an,30.32946,35.48024,30,3,HUB-WAD-01,HUB-WAD-01-R05,Fiber ring,0
RO-05,Apr 2028 – Jun 2028,WAD-U-0033,U,Rooftop,Wadi Musa / Petra,Wadi Musa / Petra,Ma'an,30.32946,35.48497,30,3,HUB-WAD-01,HUB-WAD-01-R05,Fiber ring,0
RO-05,Apr 2028 – Jun 2028,WAD-U-0036,U,Monopole / greenfield,Wadi Musa / Petra,Wadi Musa / Petra,Ma'an,30.33380,35.47693,30,3,HUB-WAD-01,HUB-WAD-01-R05,Fiber ring,0
RO-05,Apr 2028 – Jun 2028,WAD-SU-0039,SU,Monopole / greenfield,Wadi Musa / Petra,Wadi Musa / Petra outskirts,Ma'an,30.30401,35.46412,32,3,HUB-WAD-02,HUB-WAD-02-R01,Fiber ring,0
RO-05,Apr 2028 – Jun 2028,WAD-SU-0040,SU,Monopole / greenfield,Wadi Musa / Petra,Wadi Musa / Petra outskirts,Ma'an,30.30283,35.46958,32,3,HUB-WAD-02,HUB-WAD-02-R01,Fiber ring,0
RO-05,Apr 2028 – Jun 2028,WAD-SU-0044,SU,Monopole / greenfield,Wadi Musa / Petra,Wadi Musa / Petra outskirts,Ma'an,30.30910,35.46071,32,3,HUB-WAD-02,HUB-WAD-02-R01,Fiber ring,0
RO-05,Apr 2028 – Jun 2028,WAD-SU-0045,SU,Monopole / greenfield,Wadi Musa / Petra,Wadi Musa / Petra outskirts,Ma'an,30.30792,35.46617,32,3,HUB-WAD-02,HUB-WAD-02-R01,Fiber ring,0
RO-05,Apr 2028 – Jun 2028,WAD-SU-0048,SU,Monopole / greenfield,Wadi Musa / Petra,Wadi Musa / Petra outskirts,Ma'an,30.31302,35.46275,32,3,HUB-WAD-02,HUB-WAD-02-R01,Fiber ring,0
RO-05,Apr 2028 – Jun 2028,WAD-U-0005,U,Monopole / greenfield,Wadi Musa / Petra,Wadi Musa / Petra,Ma'an,30.31455,35.46984,30,3,HUB-WAD-02,HUB-WAD-02-R01,Fiber ring,0
RO-05,Apr 2028 – Jun 2028,WAD-U-0012,U,Rooftop,Wadi Musa / Petra,Wadi Musa / Petra,Ma'an,30.31808,35.47221,30,3,HUB-WAD-02,HUB-WAD-02-R01,Fiber ring,1
RO-05,Apr 2028 – Jun 2028,WAD-SU-0041,SU,Monopole / greenfield,Wadi Musa / Petra,Wadi Musa / Petra outskirts,Ma'an,30.30401,35.47504,32,3,HUB-WAD-02,HUB-WAD-02-R02,Fiber ring,0
RO-05,Apr 2028 – Jun 2028,WAD-SU-0042,SU,Monopole / greenfield,Wadi Musa / Petra,Wadi Musa / Petra outskirts,Ma'an,30.30283,35.48323,32,3,HUB-WAD-02,HUB-WAD-02-R02,Fiber ring,0
RO-05,Apr 2028 – Jun 2028,WAD-U-0001,U,Monopole / greenfield,Wadi Musa / Petra,Wadi Musa / Petra,Ma'an,30.31184,35.47126,30,3,HUB-WAD-02,HUB-WAD-02-R02,Fiber ring,0
RO-05,Apr 2028 – Jun 2028,WAD-U-0002,U,Monopole / greenfield,Wadi Musa / Petra,Wadi Musa / Petra,Ma'an,30.31103,35.47693,30,3,HUB-WAD-02,HUB-WAD-02-R02,Fiber ring,0
RO-05,Apr 2028 – Jun 2028,WAD-U-0003,U,Monopole / greenfield,Wadi Musa / Petra,Wadi Musa / Petra,Ma'an,30.31103,35.48166,30,3,HUB-WAD-02,HUB-WAD-02-R02,Fiber ring,0
RO-05,Apr 2028 – Jun 2028,WAD-U-0006,U,Rooftop,Wadi Musa / Petra,Wadi Musa / Petra,Ma'an,30.31455,35.47457,30,3,HUB-WAD-02,HUB-WAD-02-R02,Fiber ring,0
RO-05,Apr 2028 – Jun 2028,WAD-U-0004,U,Monopole / greenfield,Wadi Musa / Petra,Wadi Musa / Petra,Ma'an,30.31184,35.48733,30,3,HUB-WAD-02,HUB-WAD-02-R03,Fiber ring,0
RO-05,Apr 2028 – Jun 2028,WAD-U-0007,U,Rooftop,Wadi Musa / Petra,Wadi Musa / Petra,Ma'an,30.31537,35.47835,30,3,HUB-WAD-02,HUB-WAD-02-R03,Fiber ring,0
RO-05,Apr 2028 – Jun 2028,WAD-U-0008,U,Rooftop,Wadi Musa / Petra,Wadi Musa / Petra,Ma'an,30.31537,35.48497,30,3,HUB-WAD-02,HUB-WAD-02-R03,Fiber ring,0
RO-05,Apr 2028 – Jun 2028,WAD-U-0013,U,Rooftop,Wadi Musa / Petra,Wadi Musa / Petra,Ma'an,30.31848,35.47646,30,3,HUB-WAD-02,HUB-WAD-02-R03,Fiber ring,0
RO-05,Apr 2028 – Jun 2028,WAD-U-0014,U,Rooftop,Wadi Musa / Petra,Wadi Musa / Petra,Ma'an,30.31889,35.48260,30,3,HUB-WAD-02,HUB-WAD-02-R03,Fiber ring,0
RO-05,Apr 2028 – Jun 2028,WAD-U-0020,U,Rooftop,Wadi Musa / Petra,Wadi Musa / Petra,Ma'an,30.32241,35.48024,30,3,HUB-WAD-02,HUB-WAD-02-R03,Fiber ring,0
RO-05,Apr 2028 – Jun 2028,WAD-U-0019,U,Rooftop,Wadi Musa / Petra,Wadi Musa / Petra,Ma'an,30.32160,35.47457,30,3,HUB-WAD-02,HUB-WAD-02-R04,Fiber ring,0
RO-05,Apr 2028 – Jun 2028,WAD-U-0025,U,Rooftop,Wadi Musa / Petra,Wadi Musa / Petra,Ma'an,30.32635,35.47268,30,3,HUB-WAD-02,HUB-WAD-02-R04,Fiber ring,0
RO-05,Apr 2028 – Jun 2028,WAD-U-0026,U,Rooftop,Wadi Musa / Petra,Wadi Musa / Petra,Ma'an,30.32512,35.47693,30,3,HUB-WAD-02,HUB-WAD-02-R04,Fiber ring,0
RO-05,Apr 2028 – Jun 2028,WAD-U-0030,U,Rooftop,Wadi Musa / Petra,Wadi Musa / Petra,Ma'an,30.33028,35.46984,30,3,HUB-WAD-02,HUB-WAD-02-R04,Fiber ring,0
RO-05,Apr 2028 – Jun 2028,WAD-U-0031,U,Rooftop,Wadi Musa / Petra,Wadi Musa / Petra,Ma'an,30.33028,35.47457,30,3,HUB-WAD-02,HUB-WAD-02-R04,Fiber ring,0
RO-05,Apr 2028 – Jun 2028,WAD-U-0035,U,Monopole / greenfield,Wadi Musa / Petra,Wadi Musa / Petra,Ma'an,30.33299,35.47315,30,3,HUB-WAD-02,HUB-WAD-02-R04,Fiber ring,0
RO-05,Apr 2028 – Jun 2028,WAD-SU-0050,SU,Monopole / greenfield,Wadi Musa / Petra,Wadi Musa / Petra outskirts,Ma'an,30.31928,35.45115,32,3,HUB-WAD-02,HUB-WAD-02-R05,Fiber ring,0
RO-05,Apr 2028 – Jun 2028,WAD-SU-0061,SU,Monopole / greenfield,Wadi Musa / Petra,Wadi Musa / Petra outskirts,Ma'an,30.34082,35.45934,32,3,HUB-WAD-02,HUB-WAD-02-R05,Fiber ring,0
RO-05,Apr 2028 – Jun 2028,WAD-U-0011,U,Monopole / greenfield,Wadi Musa / Petra,Wadi Musa / Petra,Ma'an,30.31808,35.46748,30,3,HUB-WAD-02,HUB-WAD-02-R05,Fiber ring,0
RO-05,Apr 2028 – Jun 2028,WAD-U-0017,U,Monopole / greenfield,Wadi Musa / Petra,Wadi Musa / Petra,Ma'an,30.32282,35.46559,30,3,HUB-WAD-02,HUB-WAD-02-R05,Fiber ring,0
RO-05,Apr 2028 – Jun 2028,WAD-U-0018,U,Rooftop,Wadi Musa / Petra,Wadi Musa / Petra,Ma'an,30.32241,35.47079,30,3,HUB-WAD-02,HUB-WAD-02-R05,Fiber ring,0
RO-05,Apr 2028 – Jun 2028,WAD-U-0024,U,Rooftop,Wadi Musa / Petra,Wadi Musa / Petra,Ma'an,30.32594,35.46748,30,3,HUB-WAD-02,HUB-WAD-02-R05,Fiber ring,0
RO-06,Jul 2028 – Sep 2028,HWY-HW-0066,HW,Lattice tower,Highway,King's Highway Madaba-Karak-Tafilah-Petra-Ma'an,Tafilah,30.65282,35.58041,45,2,,,Fiber (backbone add/drop spur),0
RO-06,Jul 2028 – Sep 2028,HWY-HW-0067,HW,Lattice tower,Highway,King's Highway Madaba-Karak-Tafilah-Petra-Ma'an,Ma'an,30.58839,35.56600,45,2,,,Fiber (backbone add/drop spur),0
RO-06,Jul 2028 – Sep 2028,HWY-HW-0068,HW,Lattice tower,Highway,King's Highway Madaba-Karak-Tafilah-Petra-Ma'an,Ma'an,30.52555,35.55711,45,2,,,Fiber (backbone add/drop spur),0
RO-06,Jul 2028 – Sep 2028,HWY-HW-0069,HW,Lattice tower,Highway,King's Highway Madaba-Karak-Tafilah-Petra-Ma'an,Ma'an,30.46549,35.53430,45,2,,,Fiber (backbone add/drop spur),0
RO-06,Jul 2028 – Sep 2028,HWY-HW-0070,HW,Lattice tower,Highway,King's Highway Madaba-Karak-Tafilah-Petra-Ma'an,Ma'an,30.40570,35.51014,45,2,,,Fiber (backbone add/drop spur),0
RO-06,Jul 2028 – Sep 2028,HWY-HW-0071,HW,Lattice tower,Highway,King's Highway Madaba-Karak-Tafilah-Petra-Ma'an,Ma'an,30.26568,35.57467,45,2,,,Fiber (backbone add/drop spur),0
RO-06,Jul 2028 – Sep 2028,HWY-HW-0072,HW,Lattice tower,Highway,King's Highway Madaba-Karak-Tafilah-Petra-Ma'an,Ma'an,30.23030,35.64058,45,2,,,Fiber (backbone add/drop spur),0
RO-06,Jul 2028 – Sep 2028,AMM-SU-2952,SU,Monopole / greenfield,Amman-Zarqa Metro,Amman outskirts,Amman,32.01845,35.96449,32,3,HUB-AMM-06,HUB-AMM-06-R01,Fiber ring,1
RO-06,Jul 2028 – Sep 2028,AMM-U-1432,U,Rooftop,Amman-Zarqa Metro,Amman,Amman,32.01144,35.95898,30,3,HUB-AMM-06,HUB-AMM-06-R01,Fiber ring,0
RO-06,Jul 2028 – Sep 2028,AMM-U-1433,U,Rooftop,Amman-Zarqa Metro,Amman,Amman,32.01144,35.96370,30,3,HUB-AMM-06,HUB-AMM-06-R01,Fiber ring,0
RO-06,Jul 2028 – Sep 2028,AMM-U-1476,U,Rooftop,Amman-Zarqa Metro,Amman,Amman,32.01496,35.94716,30,3,HUB-AMM-06,HUB-AMM-06-R01,Fiber ring,0
RO-06,Jul 2028 – Sep 2028,AMM-U-1477,U,Rooftop,Amman-Zarqa Metro,Amman,Amman,32.01455,35.95142,30,3,HUB-AMM-06,HUB-AMM-06-R01,Fiber ring,0
RO-06,Jul 2028 – Sep 2028,AMM-U-1478,U,Rooftop,Amman-Zarqa Metro,Amman,Amman,32.01455,35.95709,30,3,HUB-AMM-06,HUB-AMM-06-R01,Fiber ring,0
RO-06,Jul 2028 – Sep 2028,AMM-U-1479,U,Rooftop,Amman-Zarqa Metro,Amman,Amman,32.01415,35.96134,30,3,HUB-AMM-06,HUB-AMM-06-R01,Fiber ring,0
RO-06,Jul 2028 – Sep 2028,AMM-U-1521,U,Monopole / greenfield,Amman-Zarqa Metro,Amman,Amman,32.01726,35.95000,30,3,HUB-AMM-06,HUB-AMM-06-R01,Fiber ring,0
RO-06,Jul 2028 – Sep 2028,AMM-SU-2929,SU,Monopole / greenfield,Amman-Zarqa Metro,Amman outskirts,Amman,32.01571,35.96790,32,3,HUB-AMM-06,HUB-AMM-06-R02,Fiber ring,0
RO-06,Jul 2028 – Sep 2028,AMM-SU-2930,SU,Monopole / greenfield,Amman-Zarqa Metro,Amman outskirts,Amman,32.01513,35.97405,32,3,HUB-AMM-06,HUB-AMM-06-R02,Fiber ring,0
RO-06,Jul 2028 – Sep 2028,AMM-SU-2931,SU,Monopole / greenfield,Amman-Zarqa Metro,Amman outskirts,Zarqa,32.01571,35.98156,32,3,HUB-AMM-06,HUB-AMM-06-R02,Fiber ring,0
RO-06,Jul 2028 – Sep 2028,AMM-SU-2953,SU,Monopole / greenfield,Amman-Zarqa Metro,Amman outskirts,Amman,32.01845,35.97132,32,3,HUB-AMM-06,HUB-AMM-06-R02,Fiber ring,0
RO-06,Jul 2028 – Sep 2028,AMM-SU-2955,SU,Monopole / greenfield,Amman-Zarqa Metro,Amman outskirts,Zarqa,32.01963,35.98360,32,3,HUB-AMM-06,HUB-AMM-06-R02,Fiber ring,0
RO-06,Jul 2028 – Sep 2028,AMM-U-1387,U,Rooftop,Amman-Zarqa Metro,Amman,Amman,32.00791,35.96607,30,3,HUB-AMM-06,HUB-AMM-06-R02,Fiber ring,0
RO-06,Jul 2028 – Sep 2028,AMM-U-1434,U,Monopole / greenfield,Amman-Zarqa Metro,Amman,Amman,32.01062,35.96843,30,3,HUB-AMM-06,HUB-AMM-06-R02,Fiber ring,0
RO-06,Jul 2028 – Sep 2028,AMM-SU-2954,SU,Monopole / greenfield,Amman-Zarqa Metro,Amman outskirts,Zarqa,32.01963,35.97678,32,3,HUB-AMM-06,HUB-AMM-06-R03,Fiber ring,0
RO-06,Jul 2028 – Sep 2028,AMM-SU-2979,SU,Monopole / greenfield,Amman-Zarqa Metro,Amman outskirts,Amman,32.02589,35.96790,32,3,HUB-AMM-06,HUB-AMM-06-R03,Fiber ring,0
RO-06,Jul 2028 – Sep 2028,AMM-SU-2980,SU,Monopole / greenfield,Amman-Zarqa Metro,Amman outskirts,Zarqa,32.02531,35.97405,32,3,HUB-AMM-06,HUB-AMM-06-R03,Fiber ring,0
RO-06,Jul 2028 – Sep 2028,AMM-SU-2981,SU,Monopole / greenfield,Amman-Zarqa Metro,Amman outskirts,Zarqa,32.02354,35.98156,32,3,HUB-AMM-06,HUB-AMM-06-R03,Fiber ring,0
RO-06,Jul 2028 – Sep 2028,AMM-SU-3007,SU,Monopole / greenfield,Amman-Zarqa Metro,Amman outskirts,Zarqa,32.02922,35.97063,32,3,HUB-AMM-06,HUB-AMM-06-R03,Fiber ring,0
RO-06,Jul 2028 – Sep 2028,AMM-SU-3008,SU,Monopole / greenfield,Amman-Zarqa Metro,Amman outskirts,Zarqa,32.02981,35.97951,32,3,HUB-AMM-06,HUB-AMM-06-R03,Fiber ring,0
RO-06,Jul 2028 – Sep 2028,AMM-SU-3032,SU,Monopole / greenfield,Amman-Zarqa Metro,Amman outskirts,Zarqa,32.03490,35.97336,32,3,HUB-AMM-06,HUB-AMM-06-R03,Fiber ring,0
RO-06,Jul 2028 – Sep 2028,AMM-SU-2978,SU,Monopole / greenfield,Amman-Zarqa Metro,Amman outskirts,Amman,32.02589,35.96108,32,3,HUB-AMM-06,HUB-AMM-06-R04,Fiber ring,0
RO-06,Jul 2028 – Sep 2028,AMM-SU-3005,SU,Monopole / greenfield,Amman-Zarqa Metro,Amman outskirts,Amman,32.03040,35.95698,32,3,HUB-AMM-06,HUB-AMM-06-R04,Fiber ring,0
RO-06,Jul 2028 – Sep 2028,AMM-SU-3006,SU,Monopole / greenfield,Amman-Zarqa Metro,Amman outskirts,Amman,32.02863,35.96449,32,3,HUB-AMM-06,HUB-AMM-06-R04,Fiber ring,0
RO-06,Jul 2028 – Sep 2028,AMM-SU-3029,SU,Monopole / greenfield,Amman-Zarqa Metro,Amman outskirts,Amman,32.03549,35.95357,32,3,HUB-AMM-06,HUB-AMM-06-R04,Fiber ring,0
RO-06,Jul 2028 – Sep 2028,AMM-SU-3030,SU,Monopole / greenfield,Amman-Zarqa Metro,Amman outskirts,Zarqa,32.03608,35.96108,32,3,HUB-AMM-06,HUB-AMM-06-R04,Fiber ring,0
RO-06,Jul 2028 – Sep 2028,AMM-SU-3031,SU,Monopole / greenfield,Amman-Zarqa Metro,Amman outskirts,Zarqa,32.03549,35.96722,32,3,HUB-AMM-06,HUB-AMM-06-R04,Fiber ring,0
RO-06,Jul 2028 – Sep 2028,AMM-SU-3058,SU,Monopole / greenfield,Amman-Zarqa Metro,Amman outskirts,Zarqa,32.03882,35.97132,32,3,HUB-AMM-06,HUB-AMM-06-R04,Fiber ring,0
RO-06,Jul 2028 – Sep 2028,AMM-SU-2951,SU,Monopole / greenfield,Amman-Zarqa Metro,Amman outskirts,Amman,32.01963,35.95630,32,3,HUB-AMM-06,HUB-AMM-06-R05,Fiber ring,0
RO-06,Jul 2028 – Sep 2028,AMM-SU-2977,SU,Monopole / greenfield,Amman-Zarqa Metro,Amman outskirts,Amman,32.02589,35.95425,32,3,HUB-AMM-06,HUB-AMM-06-R05,Fiber ring,0
RO-06,Jul 2028 – Sep 2028,AMM-U-1522,U,Monopole / greenfield,Amman-Zarqa Metro,Amman,Amman,32.01848,35.95425,30,3,HUB-AMM-06,HUB-AMM-06-R05,Fiber ring,0
RO-06,Jul 2028 – Sep 2028,AMM-U-1565,U,Monopole / greenfield,Amman-Zarqa Metro,Amman,Amman,32.02119,35.95283,30,3,HUB-AMM-06,HUB-AMM-06-R05,Fiber ring,0
RO-06,Jul 2028 – Sep 2028,AMM-U-2146,U,Monopole / greenfield,Amman-Zarqa Metro,Zarqa,Zarqa,32.10619,36.07949,30,3,HUB-AMM-60,HUB-AMM-60-R01,Fiber ring,0
RO-06,Jul 2028 – Sep 2028,AMM-U-2147,U,Monopole / greenfield,Amman-Zarqa Metro,Zarqa,Zarqa,32.10537,36.08374,30,3,HUB-AMM-60,HUB-AMM-60-R01,Fiber ring,0
RO-06,Jul 2028 – Sep 2028,AMM-U-2155,U,Monopole / greenfield,Amman-Zarqa Metro,Zarqa,Zarqa,32.10931,36.07807,30,3,HUB-AMM-60,HUB-AMM-60-R01,Fiber ring,0
RO-06,Jul 2028 – Sep 2028,AMM-U-2156,U,Monopole / greenfield,Amman-Zarqa Metro,Zarqa,Zarqa,32.10971,36.08138,30,3,HUB-AMM-60,HUB-AMM-60-R01,Fiber ring,0
RO-06,Jul 2028 – Sep 2028,AMM-U-2157,U,Monopole / greenfield,Amman-Zarqa Metro,Zarqa,Zarqa,32.10931,36.08563,30,3,HUB-AMM-60,HUB-AMM-60-R01,Fiber ring,0
RO-06,Jul 2028 – Sep 2028,AMM-U-2163,U,Monopole / greenfield,Amman-Zarqa Metro,Zarqa,Zarqa,32.11283,36.08043,30,3,HUB-AMM-60,HUB-AMM-60-R01,Fiber ring,0
RO-06,Jul 2028 – Sep 2028,AMM-U-2165,U,Monopole / greenfield,Amman-Zarqa Metro,Zarqa,Zarqa,32.11364,36.08894,30,3,HUB-AMM-60,HUB-AMM-60-R01,Fiber ring,1
RO-06,Jul 2028 – Sep 2028,AMM-U-2124,U,Rooftop,Amman-Zarqa Metro,Zarqa,Zarqa,32.09833,36.09319,30,3,HUB-AMM-60,HUB-AMM-60-R02,Fiber ring,0
RO-06,Jul 2028 – Sep 2028,AMM-U-2136,U,Rooftop,Amman-Zarqa Metro,Zarqa,Zarqa,32.10144,36.08658,30,3,HUB-AMM-60,HUB-AMM-60-R02,Fiber ring,0
RO-06,Jul 2028 – Sep 2028,AMM-U-2137,U,Rooftop,Amman-Zarqa Metro,Zarqa,Zarqa,32.10226,36.09036,30,3,HUB-AMM-60,HUB-AMM-60-R02,Fiber ring,0
RO-06,Jul 2028 – Sep 2028,AMM-U-2138,U,Rooftop,Amman-Zarqa Metro,Zarqa,Zarqa,32.10307,36.09603,30,3,HUB-AMM-60,HUB-AMM-60-R02,Fiber ring,0
RO-06,Jul 2028 – Sep 2028,AMM-U-2148,U,Monopole / greenfield,Amman-Zarqa Metro,Zarqa,Zarqa,32.10578,36.08894,30,3,HUB-AMM-60,HUB-AMM-60-R02,Fiber ring,0
RO-06,Jul 2028 – Sep 2028,AMM-U-2149,U,Rooftop,Amman-Zarqa Metro,Zarqa,Zarqa,32.10537,36.09319,30,3,HUB-AMM-60,HUB-AMM-60-R02,Fiber ring,0
RO-06,Jul 2028 – Sep 2028,AMM-U-2150,U,Rooftop,Amman-Zarqa Metro,Zarqa,Zarqa,32.10578,36.09745,30,3,HUB-AMM-60,HUB-AMM-60-R03,Fiber ring,0
RO-06,Jul 2028 – Sep 2028,AMM-U-2151,U,Rooftop,Amman-Zarqa Metro,Zarqa,Zarqa,32.10578,36.10312,30,3,HUB-AMM-60,HUB-AMM-60-R03,Fiber ring,0
RO-06,Jul 2028 – Sep 2028,AMM-U-2158,U,Monopole / greenfield,Amman-Zarqa Metro,Zarqa,Zarqa,32.11012,36.09130,30,3,HUB-AMM-60,HUB-AMM-60-R03,Fiber ring,0
RO-06,Jul 2028 – Sep 2028,AMM-U-2159,U,Monopole / greenfield,Amman-Zarqa Metro,Zarqa,Zarqa,32.10931,36.09603,30,3,HUB-AMM-60,HUB-AMM-60-R03,Fiber ring,0
RO-06,Jul 2028 – Sep 2028,AMM-U-2160,U,Rooftop,Amman-Zarqa Metro,Zarqa,Zarqa,32.10849,36.10076,30,3,HUB-AMM-60,HUB-AMM-60-R03,Fiber ring,0
RO-06,Jul 2028 – Sep 2028,AMM-U-2161,U,Rooftop,Amman-Zarqa Metro,Zarqa,Zarqa,32.10931,36.10454,30,3,HUB-AMM-60,HUB-AMM-60-R03,Fiber ring,0
RO-06,Jul 2028 – Sep 2028,AMM-SU-3416,SU,Monopole / greenfield,Amman-Zarqa Metro,Zarqa outskirts,Zarqa,32.11635,36.09624,32,3,HUB-AMM-60,HUB-AMM-60-R04,Fiber ring,0
RO-06,Jul 2028 – Sep 2028,AMM-SU-3417,SU,Rooftop,Amman-Zarqa Metro,Zarqa outskirts,Zarqa,32.11753,36.10443,32,3,HUB-AMM-60,HUB-AMM-60-R04,Fiber ring,0
RO-06,Jul 2028 – Sep 2028,AMM-SU-3428,SU,Rooftop,Amman-Zarqa Metro,Zarqa outskirts,Zarqa,32.12145,36.10716,32,3,HUB-AMM-60,HUB-AMM-60-R04,Fiber ring,0
RO-06,Jul 2028 – Sep 2028,AMM-U-2166,U,Monopole / greenfield,Amman-Zarqa Metro,Zarqa,Zarqa,32.11324,36.09319,30,3,HUB-AMM-60,HUB-AMM-60-R04,Fiber ring,0
RO-06,Jul 2028 – Sep 2028,AMM-U-2167,U,Monopole / greenfield,Amman-Zarqa Metro,Zarqa,Zarqa,32.11283,36.09745,30,3,HUB-AMM-60,HUB-AMM-60-R04,Fiber ring,0
RO-06,Jul 2028 – Sep 2028,AMM-U-2168,U,Monopole / greenfield,Amman-Zarqa Metro,Zarqa,Zarqa,32.11283,36.10312,30,3,HUB-AMM-60,HUB-AMM-60-R04,Fiber ring,0
RO-06,Jul 2028 – Sep 2028,AMM-SU-3415,SU,Monopole / greenfield,Amman-Zarqa Metro,Zarqa outskirts,Zarqa,32.11635,36.08941,32,3,HUB-AMM-60,HUB-AMM-60-R05,Fiber ring,0
RO-06,Jul 2028 – Sep 2028,AMM-SU-3426,SU,Monopole / greenfield,Amman-Zarqa Metro,Zarqa outskirts,Zarqa,32.12145,36.09283,32,3,HUB-AMM-60,HUB-AMM-60-R05,Fiber ring,0
RO-06,Jul 2028 – Sep 2028,AMM-SU-3427,SU,Monopole / greenfield,Amman-Zarqa Metro,Zarqa outskirts,Zarqa,32.12027,36.10102,32,3,HUB-AMM-60,HUB-AMM-60-R05,Fiber ring,0
RO-06,Jul 2028 – Sep 2028,AMM-SU-3435,SU,Monopole / greenfield,Amman-Zarqa Metro,Zarqa outskirts,Zarqa,32.12595,36.08463,32,3,HUB-AMM-60,HUB-AMM-60-R05,Fiber ring,0
RO-06,Jul 2028 – Sep 2028,AMM-SU-3436,SU,Rooftop,Amman-Zarqa Metro,Zarqa outskirts,Zarqa,32.12595,36.10375,32,3,HUB-AMM-60,HUB-AMM-60-R05,Fiber ring,0
RO-06,Jul 2028 – Sep 2028,AMM-SU-3440,SU,Monopole / greenfield,Amman-Zarqa Metro,Zarqa outskirts,Zarqa,32.13045,36.08737,32,3,HUB-AMM-60,HUB-AMM-60-R05,Fiber ring,0
RO-06,Jul 2028 – Sep 2028,AMM-SU-3413,SU,Monopole / greenfield,Amman-Zarqa Metro,Zarqa outskirts,Zarqa,32.11635,36.07576,32,3,HUB-AMM-60,HUB-AMM-60-R06,Fiber ring,0
RO-06,Jul 2028 – Sep 2028,AMM-SU-3414,SU,Monopole / greenfield,Amman-Zarqa Metro,Zarqa outskirts,Zarqa,32.11635,36.08395,32,3,HUB-AMM-60,HUB-AMM-60-R06,Fiber ring,0
RO-06,Jul 2028 – Sep 2028,AMM-SU-3425,SU,Monopole / greenfield,Amman-Zarqa Metro,Zarqa outskirts,Zarqa,32.12262,36.08054,32,3,HUB-AMM-60,HUB-AMM-60-R06,Fiber ring,0
RO-06,Jul 2028 – Sep 2028,AMM-SU-3434,SU,Monopole / greenfield,Amman-Zarqa Metro,Zarqa outskirts,Zarqa,32.12654,36.07849,32,3,HUB-AMM-60,HUB-AMM-60-R06,Fiber ring,0
RO-06,Jul 2028 – Sep 2028,AMM-SU-3439,SU,Monopole / greenfield,Amman-Zarqa Metro,Zarqa outskirts,Zarqa,32.13104,36.08122,32,3,HUB-AMM-60,HUB-AMM-60-R06,Fiber ring,0
RO-06,Jul 2028 – Sep 2028,AMM-U-2164,U,Monopole / greenfield,Amman-Zarqa Metro,Zarqa,Zarqa,32.11364,36.08421,30,3,HUB-AMM-60,HUB-AMM-60-R06,Fiber ring,0
RO-06,Jul 2028 – Sep 2028,AMM-SU-3118,SU,Rooftop,Amman-Zarqa Metro,Amman outskirts,Amman,32.04900,35.89623,32,3,HUB-AMM-76,HUB-AMM-76-R01,Fiber ring,0
RO-06,Jul 2028 – Sep 2028,AMM-SU-3120,SU,Monopole / greenfield,Amman-Zarqa Metro,Amman outskirts,Amman,32.04959,35.90920,32,3,HUB-AMM-76,HUB-AMM-76-R01,Fiber ring,1
RO-06,Jul 2028 – Sep 2028,AMM-U-1762,U,Monopole / greenfield,Amman-Zarqa Metro,Amman,Amman,32.03963,35.89754,30,3,HUB-AMM-76,HUB-AMM-76-R01,Fiber ring,0
RO-06,Jul 2028 – Sep 2028,AMM-U-1799,U,Rooftop,Amman-Zarqa Metro,Amman,Amman,32.04316,35.89518,30,3,HUB-AMM-76,HUB-AMM-76-R01,Fiber ring,0
RO-06,Jul 2028 – Sep 2028,AMM-U-1800,U,Monopole / greenfield,Amman-Zarqa Metro,Amman,Amman,32.04234,35.90085,30,3,HUB-AMM-76,HUB-AMM-76-R01,Fiber ring,0
RO-06,Jul 2028 – Sep 2028,AMM-U-1801,U,Monopole / greenfield,Amman-Zarqa Metro,Amman,Amman,32.04234,35.90368,30,3,HUB-AMM-76,HUB-AMM-76-R01,Fiber ring,0
RO-06,Jul 2028 – Sep 2028,AMM-U-1825,U,Rooftop,Amman-Zarqa Metro,Amman,Amman,32.04627,35.88856,30,3,HUB-AMM-76,HUB-AMM-76-R01,Fiber ring,0
RO-06,Jul 2028 – Sep 2028,AMM-U-1826,U,Rooftop,Amman-Zarqa Metro,Amman,Amman,32.04668,35.89281,30,3,HUB-AMM-76,HUB-AMM-76-R01,Fiber ring,0
RO-06,Jul 2028 – Sep 2028,AMM-U-1722,U,Monopole / greenfield,Amman-Zarqa Metro,Amman,Amman,32.03448,35.89990,30,3,HUB-AMM-76,HUB-AMM-76-R02,Fiber ring,0
RO-06,Jul 2028 – Sep 2028,AMM-U-1723,U,Monopole / greenfield,Amman-Zarqa Metro,Amman,Amman,32.03611,35.90463,30,3,HUB-AMM-76,HUB-AMM-76-R02,Fiber ring,0
RO-06,Jul 2028 – Sep 2028,AMM-U-1724,U,Monopole / greenfield,Amman-Zarqa Metro,Amman,Amman,32.03529,35.90935,30,3,HUB-AMM-76,HUB-AMM-76-R02,Fiber ring,0
RO-06,Jul 2028 – Sep 2028,AMM-U-1725,U,Monopole / greenfield,Amman-Zarqa Metro,Amman,Amman,32.03611,35.91408,30,3,HUB-AMM-76,HUB-AMM-76-R02,Fiber ring,0
RO-06,Jul 2028 – Sep 2028,AMM-U-1763,U,Monopole / greenfield,Amman-Zarqa Metro,Amman,Amman,32.03963,35.90227,30,3,HUB-AMM-76,HUB-AMM-76-R02,Fiber ring,0
RO-06,Jul 2028 – Sep 2028,AMM-U-1764,U,Monopole / greenfield,Amman-Zarqa Metro,Amman,Amman,32.03963,35.90699,30,3,HUB-AMM-76,HUB-AMM-76-R02,Fiber ring,0
RO-06,Jul 2028 – Sep 2028,AMM-U-1765,U,Monopole / greenfield,Amman-Zarqa Metro,Amman,Amman,32.03882,35.91172,30,3,HUB-AMM-76,HUB-AMM-76-R02,Fiber ring,0
RO-06,Jul 2028 – Sep 2028,AMM-SU-3079,SU,Monopole / greenfield,Amman-Zarqa Metro,Amman outskirts,Amman,32.04626,35.91329,32,3,HUB-AMM-76,HUB-AMM-76-R03,Fiber ring,0
RO-06,Jul 2028 – Sep 2028,AMM-SU-3080,SU,Monopole / greenfield,Amman-Zarqa Metro,Amman outskirts,Amman,32.04626,35.92012,32,3,HUB-AMM-76,HUB-AMM-76-R03,Fiber ring,0
RO-06,Jul 2028 – Sep 2028,AMM-SU-3121,SU,Monopole / greenfield,Amman-Zarqa Metro,Amman outskirts,Amman,32.04900,35.91671,32,3,HUB-AMM-76,HUB-AMM-76-R03,Fiber ring,0
RO-06,Jul 2028 – Sep 2028,AMM-SU-3122,SU,Monopole / greenfield,Amman-Zarqa Metro,Amman outskirts,Amman,32.04900,35.92353,32,3,HUB-AMM-76,HUB-AMM-76-R03,Fiber ring,0
RO-06,Jul 2028 – Sep 2028,AMM-SU-3123,SU,Monopole / greenfield,Amman-Zarqa Metro,Amman outskirts,Amman,32.05017,35.92899,32,3,HUB-AMM-76,HUB-AMM-76-R03,Fiber ring,0
RO-06,Jul 2028 – Sep 2028,AMM-SU-3162,SU,Monopole / greenfield,Amman-Zarqa Metro,Amman outskirts,Amman,32.05644,35.92012,32,3,HUB-AMM-76,HUB-AMM-76-R03,Fiber ring,0
RO-06,Jul 2028 – Sep 2028,AMM-U-1766,U,Monopole / greenfield,Amman-Zarqa Metro,Amman,Amman,32.03963,35.91644,30,3,HUB-AMM-76,HUB-AMM-76-R03,Fiber ring,0
RO-06,Jul 2028 – Sep 2028,AMM-SU-3160,SU,Monopole / greenfield,Amman-Zarqa Metro,Amman outskirts,Amman,32.05585,35.90578,32,3,HUB-AMM-76,HUB-AMM-76-R04,Fiber ring,0
RO-06,Jul 2028 – Sep 2028,AMM-SU-3161,SU,Monopole / greenfield,Amman-Zarqa Metro,Amman outskirts,Amman,32.05644,35.91329,32,3,HUB-AMM-76,HUB-AMM-76-R04,Fiber ring,0
RO-06,Jul 2028 – Sep 2028,AMM-SU-3198,SU,Rooftop,Amman-Zarqa Metro,Amman outskirts,Amman,32.06035,35.89623,32,3,HUB-AMM-76,HUB-AMM-76-R04,Fiber ring,0
RO-06,Jul 2028 – Sep 2028,AMM-SU-3199,SU,Monopole / greenfield,Amman-Zarqa Metro,Amman outskirts,Amman,32.06035,35.90169,32,3,HUB-AMM-76,HUB-AMM-76-R04,Fiber ring,0
RO-06,Jul 2028 – Sep 2028,AMM-SU-3200,SU,Monopole / greenfield,Amman-Zarqa Metro,Amman outskirts,Amman,32.06035,35.90851,32,3,HUB-AMM-76,HUB-AMM-76-R04,Fiber ring,0
RO-06,Jul 2028 – Sep 2028,AMM-SU-3233,SU,Monopole / greenfield,Amman-Zarqa Metro,Amman outskirts,Amman,32.06545,35.90101,32,3,HUB-AMM-76,HUB-AMM-76-R04,Fiber ring,0
RO-06,Jul 2028 – Sep 2028,AMM-SU-3234,SU,Monopole / greenfield,Amman-Zarqa Metro,Amman outskirts,Amman,32.06603,35.90578,32,3,HUB-AMM-76,HUB-AMM-76-R04,Fiber ring,0
RO-06,Jul 2028 – Sep 2028,AMM-SU-3117,SU,Rooftop,Amman-Zarqa Metro,Amman outskirts,Amman,32.05017,35.88804,32,3,HUB-AMM-76,HUB-AMM-76-R05,Fiber ring,0
RO-06,Jul 2028 – Sep 2028,AMM-SU-3119,SU,Rooftop,Amman-Zarqa Metro,Amman outskirts,Amman,32.05017,35.90169,32,3,HUB-AMM-76,HUB-AMM-76-R05,Fiber ring,0
RO-06,Jul 2028 – Sep 2028,AMM-SU-3158,SU,Rooftop,Amman-Zarqa Metro,Amman outskirts,Amman,32.05526,35.89281,32,3,HUB-AMM-76,HUB-AMM-76-R05,Fiber ring,0
RO-06,Jul 2028 – Sep 2028,AMM-SU-3159,SU,Rooftop,Amman-Zarqa Metro,Amman outskirts,Amman,32.05644,35.89964,32,3,HUB-AMM-76,HUB-AMM-76-R05,Fiber ring,0
RO-06,Jul 2028 – Sep 2028,AMM-SU-2653,SU,Monopole / greenfield,Amman-Zarqa Metro,Amman outskirts,Amman,31.91272,36.00204,32,3,HUB-AMM-81,HUB-AMM-81-R01,Fiber ring,0
RO-06,Jul 2028 – Sep 2028,AMM-SU-2654,SU,Monopole / greenfield,Amman-Zarqa Metro,Amman outskirts,Amman,31.91213,36.00954,32,3,HUB-AMM-81,HUB-AMM-81-R01,Fiber ring,0
RO-06,Jul 2028 – Sep 2028,AMM-SU-2673,SU,Monopole / greenfield,Amman-Zarqa Metro,Amman outskirts,Amman,31.91722,35.99794,32,3,HUB-AMM-81,HUB-AMM-81-R01,Fiber ring,0
RO-06,Jul 2028 – Sep 2028,AMM-SU-2674,SU,Monopole / greenfield,Amman-Zarqa Metro,Amman outskirts,Amman,31.91781,36.00408,32,3,HUB-AMM-81,HUB-AMM-81-R01,Fiber ring,0
RO-06,Jul 2028 – Sep 2028,AMM-SU-2691,SU,Monopole / greenfield,Amman-Zarqa Metro,Amman outskirts,Amman,31.92173,35.99521,32,3,HUB-AMM-81,HUB-AMM-81-R01,Fiber ring,0
RO-06,Jul 2028 – Sep 2028,AMM-SU-2692,SU,Monopole / greenfield,Amman-Zarqa Metro,Amman outskirts,Amman,31.92408,36.00204,32,3,HUB-AMM-81,HUB-AMM-81-R01,Fiber ring,0
RO-06,Jul 2028 – Sep 2028,AMM-SU-2708,SU,Monopole / greenfield,Amman-Zarqa Metro,Amman outskirts,Amman,31.92682,36.00545,32,3,HUB-AMM-81,HUB-AMM-81-R01,Fiber ring,1
RO-06,Jul 2028 – Sep 2028,AMM-U-0678,U,Monopole / greenfield,Amman-Zarqa Metro,Amman,Amman,31.92603,35.98733,30,3,HUB-AMM-81,HUB-AMM-81-R01,Fiber ring,0
RO-06,Jul 2028 – Sep 2028,AMM-SU-2655,SU,Monopole / greenfield,Amman-Zarqa Metro,Amman outskirts,Amman,31.91272,36.01432,32,3,HUB-AMM-81,HUB-AMM-81-R02,Fiber ring,0
RO-06,Jul 2028 – Sep 2028,AMM-SU-2675,SU,Monopole / greenfield,Amman-Zarqa Metro,Amman outskirts,Amman,31.91664,36.01228,32,3,HUB-AMM-81,HUB-AMM-81-R02,Fiber ring,0
RO-06,Jul 2028 – Sep 2028,AMM-SU-2676,SU,Monopole / greenfield,Amman-Zarqa Metro,Amman outskirts,Amman,31.91781,36.01774,32,3,HUB-AMM-81,HUB-AMM-81-R02,Fiber ring,0
RO-06,Jul 2028 – Sep 2028,AMM-SU-2677,SU,Monopole / greenfield,Amman-Zarqa Metro,Amman outskirts,Amman,31.91781,36.02729,32,3,HUB-AMM-81,HUB-AMM-81-R02,Fiber ring,0
RO-06,Jul 2028 – Sep 2028,AMM-SU-2693,SU,Monopole / greenfield,Amman-Zarqa Metro,Amman outskirts,Amman,31.92173,36.00886,32,3,HUB-AMM-81,HUB-AMM-81-R02,Fiber ring,0
RO-06,Jul 2028 – Sep 2028,AMM-SU-2694,SU,Monopole / greenfield,Amman-Zarqa Metro,Amman outskirts,Amman,31.92173,36.01569,32,3,HUB-AMM-81,HUB-AMM-81-R02,Fiber ring,0
RO-06,Jul 2028 – Sep 2028,AMM-SU-2695,SU,Monopole / greenfield,Amman-Zarqa Metro,Amman outskirts,Amman,31.92290,36.02115,32,3,HUB-AMM-81,HUB-AMM-81-R02,Fiber ring,0
RO-06,Jul 2028 – Sep 2028,AMM-SU-2709,SU,Monopole / greenfield,Amman-Zarqa Metro,Amman outskirts,Amman,31.92799,36.01091,32,3,HUB-AMM-81,HUB-AMM-81-R03,Fiber ring,0
RO-06,Jul 2028 – Sep 2028,AMM-SU-2710,SU,Monopole / greenfield,Amman-Zarqa Metro,Amman outskirts,Amman,31.92858,36.01842,32,3,HUB-AMM-81,HUB-AMM-81-R03,Fiber ring,0
RO-06,Jul 2028 – Sep 2028,AMM-SU-2711,SU,Monopole / greenfield,Amman-Zarqa Metro,Amman outskirts,Amman,31.92858,36.02525,32,3,HUB-AMM-81,HUB-AMM-81-R03,Fiber ring,0
RO-06,Jul 2028 – Sep 2028,AMM-SU-2724,SU,Monopole / greenfield,Amman-Zarqa Metro,Amman outskirts,Amman,31.93308,36.00750,32,3,HUB-AMM-81,HUB-AMM-81-R03,Fiber ring,0
RO-06,Jul 2028 – Sep 2028,AMM-SU-2725,SU,Monopole / greenfield,Amman-Zarqa Metro,Amman outskirts,Amman,31.93308,36.01432,32,3,HUB-AMM-81,HUB-AMM-81-R03,Fiber ring,0
RO-06,Jul 2028 – Sep 2028,AMM-SU-2735,SU,Monopole / greenfield,Amman-Zarqa Metro,Amman outskirts,Amman,31.93700,36.01228,32,3,HUB-AMM-81,HUB-AMM-81-R03,Fiber ring,0
RO-06,Jul 2028 – Sep 2028,AMM-SU-2736,SU,Monopole / greenfield,Amman-Zarqa Metro,Amman outskirts,Amman,31.93876,36.01842,32,3,HUB-AMM-81,HUB-AMM-81-R03,Fiber ring,0
RO-06,Jul 2028 – Sep 2028,AMM-U-0742,U,Monopole / greenfield,Amman-Zarqa Metro,Amman,Amman,31.93390,36.00151,30,3,HUB-AMM-81,HUB-AMM-81-R04,Fiber ring,0
RO-06,Jul 2028 – Sep 2028,AMM-U-0772,U,Monopole / greenfield,Amman-Zarqa Metro,Amman,Amman,31.93661,36.00387,30,3,HUB-AMM-81,HUB-AMM-81-R04,Fiber ring,0
RO-06,Jul 2028 – Sep 2028,AMM-U-0798,U,Monopole / greenfield,Amman-Zarqa Metro,Amman,Amman,31.94013,36.00246,30,3,HUB-AMM-81,HUB-AMM-81-R04,Fiber ring,0
RO-06,Jul 2028 – Sep 2028,AMM-U-0799,U,Monopole / greenfield,Amman-Zarqa Metro,Amman,Amman,31.94013,36.00529,30,3,HUB-AMM-81,HUB-AMM-81-R04,Fiber ring,0
RO-06,Jul 2028 – Sep 2028,AMM-U-0822,U,Rooftop,Amman-Zarqa Metro,Amman,Amman,31.94366,35.99915,30,3,HUB-AMM-81,HUB-AMM-81-R04,Fiber ring,0
RO-06,Jul 2028 – Sep 2028,AMM-U-0823,U,Monopole / greenfield,Amman-Zarqa Metro,Amman,Amman,31.94284,36.00387,30,3,HUB-AMM-81,HUB-AMM-81-R04,Fiber ring,0
RO-06,Jul 2028 – Sep 2028,AMM-U-0824,U,Monopole / greenfield,Amman-Zarqa Metro,Amman,Amman,31.94366,36.00860,30,3,HUB-AMM-81,HUB-AMM-81-R04,Fiber ring,0
RO-06,Jul 2028 – Sep 2028,AMM-U-0711,U,Monopole / greenfield,Amman-Zarqa Metro,Amman,Amman,31.92875,35.99915,30,3,HUB-AMM-81,HUB-AMM-81-R05,Fiber ring,0
RO-06,Jul 2028 – Sep 2028,AMM-U-0740,U,Monopole / greenfield,Amman-Zarqa Metro,Amman,Amman,31.93308,35.99300,30,3,HUB-AMM-81,HUB-AMM-81-R05,Fiber ring,0
RO-06,Jul 2028 – Sep 2028,AMM-U-0741,U,Monopole / greenfield,Amman-Zarqa Metro,Amman,Amman,31.93308,35.99584,30,3,HUB-AMM-81,HUB-AMM-81-R05,Fiber ring,0
RO-06,Jul 2028 – Sep 2028,AMM-U-0769,U,Monopole / greenfield,Amman-Zarqa Metro,Amman,Amman,31.93620,35.99017,30,3,HUB-AMM-81,HUB-AMM-81-R05,Fiber ring,0
RO-06,Jul 2028 – Sep 2028,AMM-U-0770,U,Monopole / greenfield,Amman-Zarqa Metro,Amman,Amman,31.93661,35.99537,30,3,HUB-AMM-81,HUB-AMM-81-R05,Fiber ring,0
RO-06,Jul 2028 – Sep 2028,AMM-U-0771,U,Monopole / greenfield,Amman-Zarqa Metro,Amman,Amman,31.93742,35.99915,30,3,HUB-AMM-81,HUB-AMM-81-R05,Fiber ring,0
RO-06,Jul 2028 – Sep 2028,AMM-U-0797,U,Monopole / greenfield,Amman-Zarqa Metro,Amman,Amman,31.94054,35.99631,30,3,HUB-AMM-81,HUB-AMM-81-R05,Fiber ring,0
RO-06,Jul 2028 – Sep 2028,AMM-U-0679,U,Monopole / greenfield,Amman-Zarqa Metro,Amman,Amman,31.92685,35.99206,30,3,HUB-AMM-81,HUB-AMM-81-R06,Fiber ring,0
RO-06,Jul 2028 – Sep 2028,AMM-U-0708,U,Monopole / greenfield,Amman-Zarqa Metro,Amman,Amman,31.92956,35.98591,30,3,HUB-AMM-81,HUB-AMM-81-R06,Fiber ring,0
RO-06,Jul 2028 – Sep 2028,AMM-U-0709,U,Monopole / greenfield,Amman-Zarqa Metro,Amman,Amman,31.92956,35.98970,30,3,HUB-AMM-81,HUB-AMM-81-R06,Fiber ring,0
RO-06,Jul 2028 – Sep 2028,AMM-U-0710,U,Monopole / greenfield,Amman-Zarqa Metro,Amman,Amman,31.92956,35.99442,30,3,HUB-AMM-81,HUB-AMM-81-R06,Fiber ring,0
RO-06,Jul 2028 – Sep 2028,AMM-U-0739,U,Monopole / greenfield,Amman-Zarqa Metro,Amman,Amman,31.93227,35.98733,30,3,HUB-AMM-81,HUB-AMM-81-R06,Fiber ring,0
RO-06,Jul 2028 – Sep 2028,AQB-SU-0214,SU,Monopole / greenfield,Aqaba,Aqaba north / ASEZA,Aqaba,29.58111,35.02041,32,3,HUB-AQB-02,HUB-AQB-02-R01,Fiber ring,0
RO-06,Jul 2028 – Sep 2028,AQB-SU-0217,SU,Monopole / greenfield,Aqaba,Aqaba north / ASEZA,Aqaba,29.58620,35.01563,32,3,HUB-AQB-02,HUB-AQB-02-R01,Fiber ring,0
RO-06,Jul 2028 – Sep 2028,AQB-SU-0218,SU,Monopole / greenfield,Aqaba,Aqaba north / ASEZA,Aqaba,29.58620,35.02245,32,3,HUB-AQB-02,HUB-AQB-02-R01,Fiber ring,0
RO-06,Jul 2028 – Sep 2028,AQB-SU-0219,SU,Monopole / greenfield,Aqaba,Aqaba north / ASEZA,Aqaba,29.58620,35.02928,32,3,HUB-AQB-02,HUB-AQB-02-R01,Fiber ring,0
RO-06,Jul 2028 – Sep 2028,AQB-SU-0222,SU,Monopole / greenfield,Aqaba,Aqaba north / ASEZA,Aqaba,29.59129,35.01904,32,3,HUB-AQB-02,HUB-AQB-02-R01,Fiber ring,0
RO-06,Jul 2028 – Sep 2028,AQB-SU-0223,SU,Monopole / greenfield,Aqaba,Aqaba north / ASEZA,Aqaba,29.59129,35.02587,32,3,HUB-AQB-02,HUB-AQB-02-R01,Fiber ring,0
RO-06,Jul 2028 – Sep 2028,AQB-SU-0228,SU,Rooftop,Aqaba,Aqaba north / ASEZA,Aqaba,29.59579,35.02996,32,3,HUB-AQB-02,HUB-AQB-02-R01,Fiber ring,1
RO-06,Jul 2028 – Sep 2028,AQB-SU-0215,SU,Monopole / greenfield,Aqaba,Aqaba north / ASEZA,Aqaba,29.58111,35.03269,32,3,HUB-AQB-02,HUB-AQB-02-R02,Fiber ring,0
RO-06,Jul 2028 – Sep 2028,AQB-SU-0216,SU,Monopole / greenfield,Aqaba,Aqaba north / ASEZA,Aqaba,29.58111,35.03952,32,3,HUB-AQB-02,HUB-AQB-02-R02,Fiber ring,0
RO-06,Jul 2028 – Sep 2028,AQB-SU-0220,SU,Monopole / greenfield,Aqaba,Aqaba north / ASEZA,Aqaba,29.58620,35.03611,32,3,HUB-AQB-02,HUB-AQB-02-R02,Fiber ring,0
RO-06,Jul 2028 – Sep 2028,AQB-SU-0221,SU,Monopole / greenfield,Aqaba,Aqaba north / ASEZA,Aqaba,29.58620,35.04293,32,3,HUB-AQB-02,HUB-AQB-02-R02,Fiber ring,0
RO-06,Jul 2028 – Sep 2028,AQB-SU-0224,SU,Monopole / greenfield,Aqaba,Aqaba north / ASEZA,Aqaba,29.59129,35.03269,32,3,HUB-AQB-02,HUB-AQB-02-R02,Fiber ring,0
RO-06,Jul 2028 – Sep 2028,AQB-SU-0225,SU,Monopole / greenfield,Aqaba,Aqaba north / ASEZA,Aqaba,29.59129,35.03952,32,3,HUB-AQB-02,HUB-AQB-02-R02,Fiber ring,0
RO-06,Jul 2028 – Sep 2028,AQB-SU-0229,SU,Monopole / greenfield,Aqaba,Aqaba north / ASEZA,Aqaba,29.59638,35.03747,32,3,HUB-AQB-02,HUB-AQB-02-R03,Fiber ring,0
RO-06,Jul 2028 – Sep 2028,AQB-SU-0230,SU,Monopole / greenfield,Aqaba,Aqaba north / ASEZA,Aqaba,29.59638,35.04293,32,3,HUB-AQB-02,HUB-AQB-02-R03,Fiber ring,0
RO-06,Jul 2028 – Sep 2028,AQB-SU-0233,SU,Monopole / greenfield,Aqaba,Aqaba north / ASEZA,Aqaba,29.60147,35.02723,32,3,HUB-AQB-02,HUB-AQB-02-R03,Fiber ring,0
RO-06,Jul 2028 – Sep 2028,AQB-SU-0234,SU,Monopole / greenfield,Aqaba,Aqaba north / ASEZA,Aqaba,29.60147,35.03406,32,3,HUB-AQB-02,HUB-AQB-02-R03,Fiber ring,0
RO-06,Jul 2028 – Sep 2028,AQB-SU-0235,SU,Monopole / greenfield,Aqaba,Aqaba north / ASEZA,Aqaba,29.60147,35.04088,32,3,HUB-AQB-02,HUB-AQB-02-R03,Fiber ring,0
RO-06,Jul 2028 – Sep 2028,AQB-SU-0237,SU,Monopole / greenfield,Aqaba,Aqaba north / ASEZA,Aqaba,29.60656,35.02245,32,3,HUB-AQB-02,HUB-AQB-02-R03,Fiber ring,0
RO-06,Jul 2028 – Sep 2028,AQB-SU-0226,SU,Monopole / greenfield,Aqaba,Aqaba north / ASEZA,Aqaba,29.59638,35.01563,32,3,HUB-AQB-02,HUB-AQB-02-R04,Fiber ring,0
RO-06,Jul 2028 – Sep 2028,AQB-SU-0227,SU,Monopole / greenfield,Aqaba,Aqaba north / ASEZA,Aqaba,29.59638,35.02245,32,3,HUB-AQB-02,HUB-AQB-02-R04,Fiber ring,0
RO-06,Jul 2028 – Sep 2028,AQB-SU-0231,SU,Monopole / greenfield,Aqaba,Aqaba north / ASEZA,Aqaba,29.60147,35.01221,32,3,HUB-AQB-02,HUB-AQB-02-R04,Fiber ring,0
RO-06,Jul 2028 – Sep 2028,AQB-SU-0232,SU,Monopole / greenfield,Aqaba,Aqaba north / ASEZA,Aqaba,29.60147,35.01904,32,3,HUB-AQB-02,HUB-AQB-02-R04,Fiber ring,0
RO-06,Jul 2028 – Sep 2028,AQB-SU-0236,SU,Monopole / greenfield,Aqaba,Aqaba north / ASEZA,Aqaba,29.60656,35.01563,32,3,HUB-AQB-02,HUB-AQB-02-R04,Fiber ring,0
RO-06,Jul 2028 – Sep 2028,IRB-SU-0689,SU,Monopole / greenfield,Irbid,Irbid outskirts,Irbid,32.56376,35.79793,32,3,HUB-IRB-04,HUB-IRB-04-R01,Fiber ring,0
RO-06,Jul 2028 – Sep 2028,IRB-SU-0690,SU,Monopole / greenfield,Irbid,Irbid outskirts,Irbid,32.56435,35.80407,32,3,HUB-IRB-04,HUB-IRB-04-R01,Fiber ring,0
RO-06,Jul 2028 – Sep 2028,IRB-SU-0698,SU,Monopole / greenfield,Irbid,Irbid outskirts,Irbid,32.56827,35.79383,32,3,HUB-IRB-04,HUB-IRB-04-R01,Fiber ring,0
RO-06,Jul 2028 – Sep 2028,IRB-SU-0699,SU,Monopole / greenfield,Irbid,Irbid outskirts,Irbid,32.56944,35.80202,32,3,HUB-IRB-04,HUB-IRB-04-R01,Fiber ring,0
RO-06,Jul 2028 – Sep 2028,IRB-SU-0700,SU,Monopole / greenfield,Irbid,Irbid outskirts,Irbid,32.56944,35.80748,32,3,HUB-IRB-04,HUB-IRB-04-R01,Fiber ring,0
RO-06,Jul 2028 – Sep 2028,IRB-U-0374,U,Monopole / greenfield,Irbid,Irbid,Irbid,32.56396,35.81011,30,3,HUB-IRB-04,HUB-IRB-04-R01,Fiber ring,0
RO-06,Jul 2028 – Sep 2028,IRB-U-0398,U,Monopole / greenfield,Irbid,Irbid,Irbid,32.56667,35.81247,30,3,HUB-IRB-04,HUB-IRB-04-R01,Fiber ring,0
RO-06,Jul 2028 – Sep 2028,IRB-U-0423,U,Rooftop,Irbid,Irbid,Irbid,32.57019,35.81956,30,3,HUB-IRB-04,HUB-IRB-04-R01,Fiber ring,1
RO-06,Jul 2028 – Sep 2028,IRB-U-0328,U,Monopole / greenfield,Irbid,Irbid,Irbid,32.55650,35.81531,30,3,HUB-IRB-04,HUB-IRB-04-R02,Fiber ring,0
RO-06,Jul 2028 – Sep 2028,IRB-U-0329,U,Monopole / greenfield,Irbid,Irbid,Irbid,32.55691,35.81862,30,3,HUB-IRB-04,HUB-IRB-04-R02,Fiber ring,0
RO-06,Jul 2028 – Sep 2028,IRB-U-0350,U,Monopole / greenfield,Irbid,Irbid,Irbid,32.55962,35.80775,30,3,HUB-IRB-04,HUB-IRB-04-R02,Fiber ring,0
RO-06,Jul 2028 – Sep 2028,IRB-U-0351,U,Monopole / greenfield,Irbid,Irbid,Irbid,32.56043,35.81247,30,3,HUB-IRB-04,HUB-IRB-04-R02,Fiber ring,0
RO-06,Jul 2028 – Sep 2028,IRB-U-0352,U,Monopole / greenfield,Irbid,Irbid,Irbid,32.55962,35.81720,30,3,HUB-IRB-04,HUB-IRB-04-R02,Fiber ring,0
RO-06,Jul 2028 – Sep 2028,IRB-U-0375,U,Monopole / greenfield,Irbid,Irbid,Irbid,32.56396,35.81389,30,3,HUB-IRB-04,HUB-IRB-04-R02,Fiber ring,0
RO-06,Jul 2028 – Sep 2028,IRB-U-0399,U,Rooftop,Irbid,Irbid,Irbid,32.56748,35.81814,30,3,HUB-IRB-04,HUB-IRB-04-R02,Fiber ring,0
RO-06,Jul 2028 – Sep 2028,IRB-U-0353,U,Rooftop,Irbid,Irbid,Irbid,32.56043,35.82287,30,3,HUB-IRB-04,HUB-IRB-04-R03,Fiber ring,0
RO-06,Jul 2028 – Sep 2028,IRB-U-0376,U,Rooftop,Irbid,Irbid,Irbid,32.56396,35.82051,30,3,HUB-IRB-04,HUB-IRB-04-R03,Fiber ring,0
RO-06,Jul 2028 – Sep 2028,IRB-U-0377,U,Rooftop,Irbid,Irbid,Irbid,32.56396,35.82429,30,3,HUB-IRB-04,HUB-IRB-04-R03,Fiber ring,0
RO-06,Jul 2028 – Sep 2028,IRB-U-0400,U,Rooftop,Irbid,Irbid,Irbid,32.56748,35.82192,30,3,HUB-IRB-04,HUB-IRB-04-R03,Fiber ring,0
RO-06,Jul 2028 – Sep 2028,IRB-U-0401,U,Rooftop,Irbid,Irbid,Irbid,32.56748,35.82571,30,3,HUB-IRB-04,HUB-IRB-04-R03,Fiber ring,0
RO-06,Jul 2028 – Sep 2028,IRB-U-0424,U,Rooftop,Irbid,Irbid,Irbid,32.57019,35.82429,30,3,HUB-IRB-04,HUB-IRB-04-R03,Fiber ring,0
RO-06,Jul 2028 – Sep 2028,IRB-U-0425,U,Rooftop,Irbid,Irbid,Irbid,32.57182,35.82901,30,3,HUB-IRB-04,HUB-IRB-04-R03,Fiber ring,0
RO-06,Jul 2028 – Sep 2028,IRB-SU-0723,SU,Monopole / greenfield,Irbid,Irbid outskirts,Irbid,32.57845,35.82114,32,3,HUB-IRB-04,HUB-IRB-04-R04,Fiber ring,0
RO-06,Jul 2028 – Sep 2028,IRB-SU-0735,SU,Monopole / greenfield,Irbid,Irbid outskirts,Irbid,32.58589,35.82455,32,3,HUB-IRB-04,HUB-IRB-04-R04,Fiber ring,0
RO-06,Jul 2028 – Sep 2028,IRB-SU-0752,SU,Monopole / greenfield,Irbid,Irbid outskirts,Irbid,32.58863,35.82114,32,3,HUB-IRB-04,HUB-IRB-04-R04,Fiber ring,0
RO-06,Jul 2028 – Sep 2028,IRB-U-0447,U,Monopole / greenfield,Irbid,Irbid,Irbid,32.57453,35.82287,30,3,HUB-IRB-04,HUB-IRB-04-R04,Fiber ring,0
RO-06,Jul 2028 – Sep 2028,IRB-U-0448,U,Rooftop,Irbid,Irbid,Irbid,32.57453,35.82665,30,3,HUB-IRB-04,HUB-IRB-04-R04,Fiber ring,0
RO-06,Jul 2028 – Sep 2028,IRB-U-0449,U,Rooftop,Irbid,Irbid,Irbid,32.57372,35.83138,30,3,HUB-IRB-04,HUB-IRB-04-R04,Fiber ring,0
RO-06,Jul 2028 – Sep 2028,IRB-U-0469,U,Monopole / greenfield,Irbid,Irbid,Irbid,32.57724,35.82901,30,3,HUB-IRB-04,HUB-IRB-04-R04,Fiber ring,0
RO-06,Jul 2028 – Sep 2028,IRB-SU-0710,SU,Monopole / greenfield,Irbid,Irbid outskirts,Irbid,32.57453,35.80953,32,3,HUB-IRB-04,HUB-IRB-04-R05,Fiber ring,0
RO-06,Jul 2028 – Sep 2028,IRB-SU-0711,SU,Monopole / greenfield,Irbid,Irbid outskirts,Irbid,32.57571,35.81772,32,3,HUB-IRB-04,HUB-IRB-04-R05,Fiber ring,0
RO-06,Jul 2028 – Sep 2028,IRB-SU-0720,SU,Monopole / greenfield,Irbid,Irbid outskirts,Irbid,32.57845,35.80066,32,3,HUB-IRB-04,HUB-IRB-04-R05,Fiber ring,0
RO-06,Jul 2028 – Sep 2028,IRB-SU-0721,SU,Monopole / greenfield,Irbid,Irbid outskirts,Irbid,32.57845,35.80748,32,3,HUB-IRB-04,HUB-IRB-04-R05,Fiber ring,0
RO-06,Jul 2028 – Sep 2028,IRB-SU-0722,SU,Monopole / greenfield,Irbid,Irbid outskirts,Irbid,32.57962,35.81568,32,3,HUB-IRB-04,HUB-IRB-04-R05,Fiber ring,0
RO-06,Jul 2028 – Sep 2028,IRB-SU-0733,SU,Monopole / greenfield,Irbid,Irbid outskirts,Irbid,32.58471,35.81226,32,3,HUB-IRB-04,HUB-IRB-04-R05,Fiber ring,0
RO-06,Jul 2028 – Sep 2028,IRB-SU-0734,SU,Monopole / greenfield,Irbid,Irbid outskirts,Irbid,32.58354,35.81772,32,3,HUB-IRB-04,HUB-IRB-04-R05,Fiber ring,0
RO-06,Jul 2028 – Sep 2028,IRB-SU-0708,SU,Monopole / greenfield,Irbid,Irbid outskirts,Irbid,32.57453,35.79861,32,3,HUB-IRB-04,HUB-IRB-04-R06,Fiber ring,0
RO-06,Jul 2028 – Sep 2028,IRB-SU-0709,SU,Monopole / greenfield,Irbid,Irbid outskirts,Irbid,32.57453,35.80544,32,3,HUB-IRB-04,HUB-IRB-04-R06,Fiber ring,0
RO-06,Jul 2028 – Sep 2028,IRB-SU-0622,SU,Monopole / greenfield,Irbid,Ramtha outskirts,Irbid,32.53380,35.98156,32,3,HUB-IRB-06,HUB-IRB-06-R01,Fiber ring,0
RO-06,Jul 2028 – Sep 2028,IRB-SU-0635,SU,Monopole / greenfield,Irbid,Ramtha outskirts,Irbid,32.53890,35.97814,32,3,HUB-IRB-06,HUB-IRB-06-R01,Fiber ring,0
RO-06,Jul 2028 – Sep 2028,IRB-SU-0636,SU,Monopole / greenfield,Irbid,Ramtha outskirts,Irbid,32.53890,35.98497,32,3,HUB-IRB-06,HUB-IRB-06-R01,Fiber ring,0
RO-06,Jul 2028 – Sep 2028,IRB-SU-0651,SU,Monopole / greenfield,Irbid,Ramtha outskirts,Irbid,32.54399,35.97473,32,3,HUB-IRB-06,HUB-IRB-06-R01,Fiber ring,0
RO-06,Jul 2028 – Sep 2028,IRB-SU-0652,SU,Monopole / greenfield,Irbid,Ramtha outskirts,Irbid,32.54399,35.98156,32,3,HUB-IRB-06,HUB-IRB-06-R01,Fiber ring,0
RO-06,Jul 2028 – Sep 2028,IRB-SU-0653,SU,Monopole / greenfield,Irbid,Ramtha outskirts,Irbid,32.54399,35.98838,32,3,HUB-IRB-06,HUB-IRB-06-R01,Fiber ring,0
RO-06,Jul 2028 – Sep 2028,IRB-U-0252,U,Monopole / greenfield,Irbid,Ramtha,Irbid,32.54281,35.99442,30,3,HUB-IRB-06,HUB-IRB-06-R01,Fiber ring,0
RO-06,Jul 2028 – Sep 2028,IRB-U-0275,U,Monopole / greenfield,Irbid,Ramtha,Irbid,32.54634,36.00151,30,3,HUB-IRB-06,HUB-IRB-06-R01,Fiber ring,1
RO-06,Jul 2028 – Sep 2028,IRB-SU-0612,SU,Monopole / greenfield,Irbid,Ramtha outskirts,Irbid,32.52871,35.99862,32,3,HUB-IRB-06,HUB-IRB-06-R02,Fiber ring,0
RO-06,Jul 2028 – Sep 2028,IRB-SU-0623,SU,Monopole / greenfield,Irbid,Ramtha outskirts,Irbid,32.53380,35.98838,32,3,HUB-IRB-06,HUB-IRB-06-R02,Fiber ring,0
RO-06,Jul 2028 – Sep 2028,IRB-SU-0624,SU,Monopole / greenfield,Irbid,Ramtha outskirts,Irbid,32.53380,35.99521,32,3,HUB-IRB-06,HUB-IRB-06-R02,Fiber ring,0
RO-06,Jul 2028 – Sep 2028,IRB-SU-0625,SU,Monopole / greenfield,Irbid,Ramtha outskirts,Irbid,32.53380,36.00204,32,3,HUB-IRB-06,HUB-IRB-06-R02,Fiber ring,0
RO-06,Jul 2028 – Sep 2028,IRB-SU-0637,SU,Monopole / greenfield,Irbid,Ramtha outskirts,Irbid,32.53890,35.99180,32,3,HUB-IRB-06,HUB-IRB-06-R02,Fiber ring,0
RO-06,Jul 2028 – Sep 2028,IRB-SU-0638,SU,Monopole / greenfield,Irbid,Ramtha outskirts,Irbid,32.53890,35.99999,32,3,HUB-IRB-06,HUB-IRB-06-R02,Fiber ring,0
RO-06,Jul 2028 – Sep 2028,IRB-U-0253,U,Monopole / greenfield,Irbid,Ramtha,Irbid,32.54281,36.00009,30,3,HUB-IRB-06,HUB-IRB-06-R02,Fiber ring,0
RO-06,Jul 2028 – Sep 2028,IRB-SU-0613,SU,Monopole / greenfield,Irbid,Ramtha outskirts,Irbid,32.52871,36.00545,32,3,HUB-IRB-06,HUB-IRB-06-R03,Fiber ring,0
RO-06,Jul 2028 – Sep 2028,IRB-SU-0626,SU,Monopole / greenfield,Irbid,Ramtha outskirts,Irbid,32.53380,36.00750,32,3,HUB-IRB-06,HUB-IRB-06-R03,Fiber ring,0
RO-06,Jul 2028 – Sep 2028,IRB-SU-0627,SU,Monopole / greenfield,Irbid,Ramtha outskirts,Irbid,32.53380,36.01569,32,3,HUB-IRB-06,HUB-IRB-06-R03,Fiber ring,0
RO-06,Jul 2028 – Sep 2028,IRB-SU-0639,SU,Rooftop,Irbid,Ramtha outskirts,Irbid,32.54007,36.00545,32,3,HUB-IRB-06,HUB-IRB-06-R03,Fiber ring,0
RO-06,Jul 2028 – Sep 2028,IRB-SU-0640,SU,Monopole / greenfield,Irbid,Ramtha outskirts,Irbid,32.53890,36.01091,32,3,HUB-IRB-06,HUB-IRB-06-R03,Fiber ring,0
RO-06,Jul 2028 – Sep 2028,IRB-U-0254,U,Rooftop,Irbid,Ramtha,Irbid,32.54281,36.00482,30,3,HUB-IRB-06,HUB-IRB-06-R03,Fiber ring,0
RO-06,Jul 2028 – Sep 2028,IRB-U-0255,U,Rooftop,Irbid,Ramtha,Irbid,32.54281,36.00860,30,3,HUB-IRB-06,HUB-IRB-06-R03,Fiber ring,0
RO-06,Jul 2028 – Sep 2028,IRB-SU-0641,SU,Monopole / greenfield,Irbid,Ramtha outskirts,Irbid,32.53890,36.01910,32,3,HUB-IRB-06,HUB-IRB-06-R04,Fiber ring,0
RO-06,Jul 2028 – Sep 2028,IRB-SU-0642,SU,Monopole / greenfield,Irbid,Ramtha outskirts,Irbid,32.53890,36.02593,32,3,HUB-IRB-06,HUB-IRB-06-R04,Fiber ring,0
RO-06,Jul 2028 – Sep 2028,IRB-SU-0654,SU,Monopole / greenfield,Irbid,Ramtha outskirts,Irbid,32.54399,36.02934,32,3,HUB-IRB-06,HUB-IRB-06-R04,Fiber ring,0
RO-06,Jul 2028 – Sep 2028,IRB-U-0256,U,Monopole / greenfield,Irbid,Ramtha,Irbid,32.54281,36.01238,30,3,HUB-IRB-06,HUB-IRB-06-R04,Fiber ring,0
RO-06,Jul 2028 – Sep 2028,IRB-U-0276,U,Rooftop,Irbid,Ramtha,Irbid,32.54634,36.00624,30,3,HUB-IRB-06,HUB-IRB-06-R04,Fiber ring,0
RO-06,Jul 2028 – Sep 2028,IRB-U-0277,U,Rooftop,Irbid,Ramtha,Irbid,32.54634,36.01002,30,3,HUB-IRB-06,HUB-IRB-06-R04,Fiber ring,0
RO-06,Jul 2028 – Sep 2028,IRB-U-0278,U,Monopole / greenfield,Irbid,Ramtha,Irbid,32.54634,36.01569,30,3,HUB-IRB-06,HUB-IRB-06-R04,Fiber ring,0
RO-06,Jul 2028 – Sep 2028,IRB-SU-0665,SU,Monopole / greenfield,Irbid,Ramtha outskirts,Irbid,32.54908,36.03275,32,3,HUB-IRB-06,HUB-IRB-06-R05,Fiber ring,0
RO-06,Jul 2028 – Sep 2028,IRB-U-0279,U,Monopole / greenfield,Irbid,Ramtha,Irbid,32.54715,36.02041,30,3,HUB-IRB-06,HUB-IRB-06-R05,Fiber ring,0
RO-06,Jul 2028 – Sep 2028,IRB-U-0299,U,Rooftop,Irbid,Ramtha,Irbid,32.54986,36.01333,30,3,HUB-IRB-06,HUB-IRB-06-R05,Fiber ring,0
RO-06,Jul 2028 – Sep 2028,IRB-U-0300,U,Rooftop,Irbid,Ramtha,Irbid,32.54986,36.01805,30,3,HUB-IRB-06,HUB-IRB-06-R05,Fiber ring,0
RO-06,Jul 2028 – Sep 2028,IRB-U-0301,U,Monopole / greenfield,Irbid,Ramtha,Irbid,32.55067,36.02278,30,3,HUB-IRB-06,HUB-IRB-06-R05,Fiber ring,0
RO-06,Jul 2028 – Sep 2028,IRB-U-0324,U,Rooftop,Irbid,Ramtha,Irbid,32.55338,36.02041,30,3,HUB-IRB-06,HUB-IRB-06-R05,Fiber ring,0
RO-06,Jul 2028 – Sep 2028,IRB-U-0325,U,Monopole / greenfield,Irbid,Ramtha,Irbid,32.55338,36.02514,30,3,HUB-IRB-06,HUB-IRB-06-R05,Fiber ring,0
RO-06,Jul 2028 – Sep 2028,IRB-U-0297,U,Rooftop,Irbid,Ramtha,Irbid,32.54986,36.00387,30,3,HUB-IRB-06,HUB-IRB-06-R06,Fiber ring,0
RO-06,Jul 2028 – Sep 2028,IRB-U-0298,U,Rooftop,Irbid,Ramtha,Irbid,32.54986,36.00765,30,3,HUB-IRB-06,HUB-IRB-06-R06,Fiber ring,0
RO-06,Jul 2028 – Sep 2028,IRB-U-0320,U,Rooftop,Irbid,Ramtha,Irbid,32.55338,36.00246,30,3,HUB-IRB-06,HUB-IRB-06-R06,Fiber ring,0
RO-06,Jul 2028 – Sep 2028,IRB-U-0321,U,Rooftop,Irbid,Ramtha,Irbid,32.55257,36.00624,30,3,HUB-IRB-06,HUB-IRB-06-R06,Fiber ring,0
RO-06,Jul 2028 – Sep 2028,IRB-U-0322,U,Rooftop,Irbid,Ramtha,Irbid,32.55338,36.01096,30,3,HUB-IRB-06,HUB-IRB-06-R06,Fiber ring,0
RO-06,Jul 2028 – Sep 2028,IRB-U-0323,U,Rooftop,Irbid,Ramtha,Irbid,32.55338,36.01569,30,3,HUB-IRB-06,HUB-IRB-06-R06,Fiber ring,0
RO-06,Jul 2028 – Sep 2028,IRB-U-0343,U,Rooftop,Irbid,Ramtha,Irbid,32.55691,35.99915,30,3,HUB-IRB-06,HUB-IRB-06-R06,Fiber ring,0
RO-06,Jul 2028 – Sep 2028,IRB-U-0295,U,Monopole / greenfield,Irbid,Ramtha,Irbid,32.54986,35.99442,30,3,HUB-IRB-06,HUB-IRB-06-R07,Fiber ring,0
RO-06,Jul 2028 – Sep 2028,IRB-U-0296,U,Monopole / greenfield,Irbid,Ramtha,Irbid,32.54986,35.99915,30,3,HUB-IRB-06,HUB-IRB-06-R07,Fiber ring,0
RO-06,Jul 2028 – Sep 2028,IRB-U-0318,U,Monopole / greenfield,Irbid,Ramtha,Irbid,32.55338,35.99206,30,3,HUB-IRB-06,HUB-IRB-06-R07,Fiber ring,0
RO-06,Jul 2028 – Sep 2028,IRB-U-0319,U,Monopole / greenfield,Irbid,Ramtha,Irbid,32.55338,35.99678,30,3,HUB-IRB-06,HUB-IRB-06-R07,Fiber ring,0
RO-06,Jul 2028 – Sep 2028,IRB-U-0340,U,Monopole / greenfield,Irbid,Ramtha,Irbid,32.55691,35.98497,30,3,HUB-IRB-06,HUB-IRB-06-R07,Fiber ring,0
RO-06,Jul 2028 – Sep 2028,IRB-U-0341,U,Monopole / greenfield,Irbid,Ramtha,Irbid,32.55691,35.98970,30,3,HUB-IRB-06,HUB-IRB-06-R07,Fiber ring,0
RO-06,Jul 2028 – Sep 2028,IRB-U-0342,U,Monopole / greenfield,Irbid,Ramtha,Irbid,32.55691,35.99442,30,3,HUB-IRB-06,HUB-IRB-06-R07,Fiber ring,0
RO-06,Jul 2028 – Sep 2028,IRB-SU-0663,SU,Monopole / greenfield,Irbid,Ramtha outskirts,Irbid,32.54908,35.97814,32,3,HUB-IRB-06,HUB-IRB-06-R08,Fiber ring,0
RO-06,Jul 2028 – Sep 2028,IRB-SU-0664,SU,Monopole / greenfield,Irbid,Ramtha outskirts,Irbid,32.54908,35.98497,32,3,HUB-IRB-06,HUB-IRB-06-R08,Fiber ring,0
RO-06,Jul 2028 – Sep 2028,IRB-SU-0674,SU,Monopole / greenfield,Irbid,Ramtha outskirts,Irbid,32.55299,35.96790,32,3,HUB-IRB-06,HUB-IRB-06-R08,Fiber ring,0
RO-06,Jul 2028 – Sep 2028,IRB-SU-0675,SU,Monopole / greenfield,Irbid,Ramtha outskirts,Irbid,32.55417,35.97473,32,3,HUB-IRB-06,HUB-IRB-06-R08,Fiber ring,0
RO-06,Jul 2028 – Sep 2028,IRB-SU-0676,SU,Monopole / greenfield,Irbid,Ramtha outskirts,Irbid,32.55417,35.98019,32,3,HUB-IRB-06,HUB-IRB-06-R08,Fiber ring,0
RO-06,Jul 2028 – Sep 2028,IRB-U-0294,U,Monopole / greenfield,Irbid,Ramtha,Irbid,32.54986,35.98970,30,3,HUB-IRB-06,HUB-IRB-06-R08,Fiber ring,0
RO-06,Jul 2028 – Sep 2028,IRB-U-0317,U,Monopole / greenfield,Irbid,Ramtha,Irbid,32.55338,35.98733,30,3,HUB-IRB-06,HUB-IRB-06-R08,Fiber ring,0
RO-06,Jul 2028 – Sep 2028,IRB-SU-0662,SU,Monopole / greenfield,Irbid,Ramtha outskirts,Irbid,32.54908,35.96995,32,3,HUB-IRB-06,HUB-IRB-06-R09,Fiber ring,0
RO-06,Jul 2028 – Sep 2028,IRB-U-0273,U,Monopole / greenfield,Irbid,Ramtha,Irbid,32.54634,35.99206,30,3,HUB-IRB-06,HUB-IRB-06-R09,Fiber ring,0
RO-06,Jul 2028 – Sep 2028,IRB-U-0274,U,Monopole / greenfield,Irbid,Ramtha,Irbid,32.54634,35.99678,30,3,HUB-IRB-06,HUB-IRB-06-R09,Fiber ring,0
RO-06,Jul 2028 – Sep 2028,IRB-U-0450,U,Rooftop,Irbid,Irbid,Irbid,32.57453,35.83610,30,3,HUB-IRB-09,HUB-IRB-09-R01,Fiber ring,0
RO-06,Jul 2028 – Sep 2028,IRB-U-0451,U,Rooftop,Irbid,Irbid,Irbid,32.57453,35.84083,30,3,HUB-IRB-09,HUB-IRB-09-R01,Fiber ring,0
RO-06,Jul 2028 – Sep 2028,IRB-U-0452,U,Rooftop,Irbid,Irbid,Irbid,32.57453,35.84555,30,3,HUB-IRB-09,HUB-IRB-09-R01,Fiber ring,0
RO-06,Jul 2028 – Sep 2028,IRB-U-0470,U,Rooftop,Irbid,Irbid,Irbid,32.57724,35.83374,30,3,HUB-IRB-09,HUB-IRB-09-R01,Fiber ring,0
RO-06,Jul 2028 – Sep 2028,IRB-U-0471,U,Monopole / greenfield,Irbid,Irbid,Irbid,32.57887,35.83847,30,3,HUB-IRB-09,HUB-IRB-09-R01,Fiber ring,0
RO-06,Jul 2028 – Sep 2028,IRB-U-0472,U,Rooftop,Irbid,Irbid,Irbid,32.57806,35.84319,30,3,HUB-IRB-09,HUB-IRB-09-R01,Fiber ring,0
RO-06,Jul 2028 – Sep 2028,IRB-U-0487,U,Rooftop,Irbid,Irbid,Irbid,32.58077,35.85028,30,3,HUB-IRB-09,HUB-IRB-09-R01,Fiber ring,1
RO-06,Jul 2028 – Sep 2028,IRB-U-0429,U,Rooftop,Irbid,Irbid,Irbid,32.57101,35.84792,30,3,HUB-IRB-09,HUB-IRB-09-R02,Fiber ring,0
RO-06,Jul 2028 – Sep 2028,IRB-U-0430,U,Rooftop,Irbid,Irbid,Irbid,32.57101,35.85264,30,3,HUB-IRB-09,HUB-IRB-09-R02,Fiber ring,0
RO-06,Jul 2028 – Sep 2028,IRB-U-0431,U,Rooftop,Irbid,Irbid,Irbid,32.57019,35.85737,30,3,HUB-IRB-09,HUB-IRB-09-R02,Fiber ring,0
RO-06,Jul 2028 – Sep 2028,IRB-U-0453,U,Rooftop,Irbid,Irbid,Irbid,32.57453,35.85028,30,3,HUB-IRB-09,HUB-IRB-09-R02,Fiber ring,0
RO-06,Jul 2028 – Sep 2028,IRB-U-0454,U,Rooftop,Irbid,Irbid,Irbid,32.57494,35.85548,30,3,HUB-IRB-09,HUB-IRB-09-R02,Fiber ring,0
RO-06,Jul 2028 – Sep 2028,IRB-U-0473,U,Rooftop,Irbid,Irbid,Irbid,32.57806,35.84886,30,3,HUB-IRB-09,HUB-IRB-09-R02,Fiber ring,0
RO-06,Jul 2028 – Sep 2028,IRB-U-0432,U,Rooftop,Irbid,Irbid,Irbid,32.57101,35.86210,30,3,HUB-IRB-09,HUB-IRB-09-R03,Fiber ring,0
RO-06,Jul 2028 – Sep 2028,IRB-U-0455,U,Rooftop,Irbid,Irbid,Irbid,32.57535,35.85973,30,3,HUB-IRB-09,HUB-IRB-09-R03,Fiber ring,0
RO-06,Jul 2028 – Sep 2028,IRB-U-0474,U,Rooftop,Irbid,Irbid,Irbid,32.57806,35.85359,30,3,HUB-IRB-09,HUB-IRB-09-R03,Fiber ring,0
RO-06,Jul 2028 – Sep 2028,IRB-U-0475,U,Rooftop,Irbid,Irbid,Irbid,32.57806,35.85831,30,3,HUB-IRB-09,HUB-IRB-09-R03,Fiber ring,0
RO-06,Jul 2028 – Sep 2028,IRB-U-0476,U,Rooftop,Irbid,Irbid,Irbid,32.57806,35.86210,30,3,HUB-IRB-09,HUB-IRB-09-R03,Fiber ring,0
RO-06,Jul 2028 – Sep 2028,IRB-U-0489,U,Rooftop,Irbid,Irbid,Irbid,32.58077,35.85973,30,3,HUB-IRB-09,HUB-IRB-09-R03,Fiber ring,0
RO-06,Jul 2028 – Sep 2028,IRB-SU-0738,SU,Monopole / greenfield,Irbid,Irbid outskirts,Irbid,32.58530,35.85254,32,3,HUB-IRB-09,HUB-IRB-09-R04,Fiber ring,0
RO-06,Jul 2028 – Sep 2028,IRB-SU-0739,SU,Monopole / greenfield,Irbid,Irbid outskirts,Irbid,32.58589,35.85868,32,3,HUB-IRB-09,HUB-IRB-09-R04,Fiber ring,0
RO-06,Jul 2028 – Sep 2028,IRB-SU-0757,SU,Rooftop,Irbid,Irbid outskirts,Irbid,32.59039,35.85595,32,3,HUB-IRB-09,HUB-IRB-09-R04,Fiber ring,0
RO-06,Jul 2028 – Sep 2028,IRB-SU-0758,SU,Monopole / greenfield,Irbid,Irbid outskirts,Irbid,32.59098,35.86210,32,3,HUB-IRB-09,HUB-IRB-09-R04,Fiber ring,0
RO-06,Jul 2028 – Sep 2028,IRB-SU-0769,SU,Monopole / greenfield,Irbid,Irbid outskirts,Irbid,32.59490,35.85868,32,3,HUB-IRB-09,HUB-IRB-09-R04,Fiber ring,0
RO-06,Jul 2028 – Sep 2028,IRB-U-0488,U,Rooftop,Irbid,Irbid,Irbid,32.58117,35.85548,30,3,HUB-IRB-09,HUB-IRB-09-R04,Fiber ring,0
RO-06,Jul 2028 – Sep 2028,IRB-SU-0755,SU,Monopole / greenfield,Irbid,Irbid outskirts,Irbid,32.58863,35.84162,32,3,HUB-IRB-09,HUB-IRB-09-R05,Fiber ring,0
RO-06,Jul 2028 – Sep 2028,IRB-SU-0756,SU,Rooftop,Irbid,Irbid outskirts,Irbid,32.58980,35.84981,32,3,HUB-IRB-09,HUB-IRB-09-R05,Fiber ring,0
RO-06,Jul 2028 – Sep 2028,IRB-SU-0765,SU,Monopole / greenfield,Irbid,Irbid outskirts,Irbid,32.59490,35.83138,32,3,HUB-IRB-09,HUB-IRB-09-R05,Fiber ring,0
RO-06,Jul 2028 – Sep 2028,IRB-SU-0766,SU,Monopole / greenfield,Irbid,Irbid outskirts,Irbid,32.59490,35.83957,32,3,HUB-IRB-09,HUB-IRB-09-R05,Fiber ring,0
RO-06,Jul 2028 – Sep 2028,IRB-SU-0767,SU,Monopole / greenfield,Irbid,Irbid outskirts,Irbid,32.59490,35.84639,32,3,HUB-IRB-09,HUB-IRB-09-R05,Fiber ring,0
RO-06,Jul 2028 – Sep 2028,IRB-SU-0768,SU,Rooftop,Irbid,Irbid outskirts,Irbid,32.59607,35.85186,32,3,HUB-IRB-09,HUB-IRB-09-R05,Fiber ring,0
RO-06,Jul 2028 – Sep 2028,IRB-SU-0736,SU,Monopole / greenfield,Irbid,Irbid outskirts,Irbid,32.58471,35.83138,32,3,HUB-IRB-09,HUB-IRB-09-R06,Fiber ring,0
RO-06,Jul 2028 – Sep 2028,IRB-SU-0737,SU,Monopole / greenfield,Irbid,Irbid outskirts,Irbid,32.58471,35.83820,32,3,HUB-IRB-09,HUB-IRB-09-R06,Fiber ring,0
RO-06,Jul 2028 – Sep 2028,IRB-SU-0753,SU,Monopole / greenfield,Irbid,Irbid outskirts,Irbid,32.58863,35.82796,32,3,HUB-IRB-09,HUB-IRB-09-R06,Fiber ring,0
RO-06,Jul 2028 – Sep 2028,IRB-SU-0754,SU,Monopole / greenfield,Irbid,Irbid outskirts,Irbid,32.58980,35.83616,32,3,HUB-IRB-09,HUB-IRB-09-R06,Fiber ring,0
RO-06,Jul 2028 – Sep 2028,IRB-U-0485,U,Monopole / greenfield,Irbid,Irbid,Irbid,32.58158,35.84083,30,3,HUB-IRB-09,HUB-IRB-09-R06,Fiber ring,0
RO-06,Jul 2028 – Sep 2028,IRB-U-0486,U,Rooftop,Irbid,Irbid,Irbid,32.58077,35.84555,30,3,HUB-IRB-09,HUB-IRB-09-R06,Fiber ring,0
RO-06,Jul 2028 – Sep 2028,IRB-SU-0685,SU,Monopole / greenfield,Irbid,Ramtha outskirts,Irbid,32.55985,35.97063,32,3,HUB-IRB-13,HUB-IRB-13-R01,Fiber ring,0
RO-06,Jul 2028 – Sep 2028,IRB-SU-0686,SU,Monopole / greenfield,Irbid,Ramtha outskirts,Irbid,32.55985,35.97883,32,3,HUB-IRB-13,HUB-IRB-13-R01,Fiber ring,0
RO-06,Jul 2028 – Sep 2028,IRB-SU-0696,SU,Monopole / greenfield,Irbid,Ramtha outskirts,Irbid,32.56435,35.96790,32,3,HUB-IRB-13,HUB-IRB-13-R01,Fiber ring,0
RO-06,Jul 2028 – Sep 2028,IRB-SU-0697,SU,Monopole / greenfield,Irbid,Ramtha outskirts,Irbid,32.56435,35.97473,32,3,HUB-IRB-13,HUB-IRB-13-R01,Fiber ring,0
RO-06,Jul 2028 – Sep 2028,IRB-U-0364,U,Monopole / greenfield,Irbid,Ramtha,Irbid,32.56043,35.98261,30,3,HUB-IRB-13,HUB-IRB-13-R01,Fiber ring,0
RO-06,Jul 2028 – Sep 2028,IRB-U-0388,U,Monopole / greenfield,Irbid,Ramtha,Irbid,32.56396,35.98497,30,3,HUB-IRB-13,HUB-IRB-13-R01,Fiber ring,0
RO-06,Jul 2028 – Sep 2028,IRB-U-0389,U,Monopole / greenfield,Irbid,Ramtha,Irbid,32.56396,35.98970,30,3,HUB-IRB-13,HUB-IRB-13-R01,Fiber ring,0
RO-06,Jul 2028 – Sep 2028,IRB-U-0417,U,Rooftop,Irbid,Ramtha,Irbid,32.56708,36.00104,30,3,HUB-IRB-13,HUB-IRB-13-R01,Fiber ring,1
RO-06,Jul 2028 – Sep 2028,IRB-U-0344,U,Rooftop,Irbid,Ramtha,Irbid,32.55691,36.00387,30,3,HUB-IRB-13,HUB-IRB-13-R02,Fiber ring,0
RO-06,Jul 2028 – Sep 2028,IRB-U-0365,U,Monopole / greenfield,Irbid,Ramtha,Irbid,32.56043,35.98639,30,3,HUB-IRB-13,HUB-IRB-13-R02,Fiber ring,0
RO-06,Jul 2028 – Sep 2028,IRB-U-0366,U,Monopole / greenfield,Irbid,Ramtha,Irbid,32.56043,35.99206,30,3,HUB-IRB-13,HUB-IRB-13-R02,Fiber ring,0
RO-06,Jul 2028 – Sep 2028,IRB-U-0367,U,Rooftop,Irbid,Ramtha,Irbid,32.56043,35.99678,30,3,HUB-IRB-13,HUB-IRB-13-R02,Fiber ring,0
RO-06,Jul 2028 – Sep 2028,IRB-U-0368,U,Rooftop,Irbid,Ramtha,Irbid,32.56043,36.00151,30,3,HUB-IRB-13,HUB-IRB-13-R02,Fiber ring,0
RO-06,Jul 2028 – Sep 2028,IRB-U-0390,U,Monopole / greenfield,Irbid,Ramtha,Irbid,32.56396,35.99348,30,3,HUB-IRB-13,HUB-IRB-13-R02,Fiber ring,0
RO-06,Jul 2028 – Sep 2028,IRB-U-0391,U,Rooftop,Irbid,Ramtha,Irbid,32.56396,35.99915,30,3,HUB-IRB-13,HUB-IRB-13-R02,Fiber ring,0
RO-06,Jul 2028 – Sep 2028,IRB-U-0345,U,Rooftop,Irbid,Ramtha,Irbid,32.55691,36.00860,30,3,HUB-IRB-13,HUB-IRB-13-R03,Fiber ring,0
RO-06,Jul 2028 – Sep 2028,IRB-U-0346,U,Rooftop,Irbid,Ramtha,Irbid,32.55691,36.01238,30,3,HUB-IRB-13,HUB-IRB-13-R03,Fiber ring,0
RO-06,Jul 2028 – Sep 2028,IRB-U-0347,U,Rooftop,Irbid,Ramtha,Irbid,32.55691,36.01805,30,3,HUB-IRB-13,HUB-IRB-13-R03,Fiber ring,0
RO-06,Jul 2028 – Sep 2028,IRB-U-0369,U,Rooftop,Irbid,Ramtha,Irbid,32.56043,36.00624,30,3,HUB-IRB-13,HUB-IRB-13-R03,Fiber ring,0
RO-06,Jul 2028 – Sep 2028,IRB-U-0370,U,Rooftop,Irbid,Ramtha,Irbid,32.56043,36.01191,30,3,HUB-IRB-13,HUB-IRB-13-R03,Fiber ring,0
RO-06,Jul 2028 – Sep 2028,IRB-U-0371,U,Rooftop,Irbid,Ramtha,Irbid,32.56043,36.01474,30,3,HUB-IRB-13,HUB-IRB-13-R03,Fiber ring,0
RO-06,Jul 2028 – Sep 2028,IRB-U-0392,U,Rooftop,Irbid,Ramtha,Irbid,32.56396,36.00387,30,3,HUB-IRB-13,HUB-IRB-13-R03,Fiber ring,0
RO-06,Jul 2028 – Sep 2028,IRB-SU-0687,SU,Monopole / greenfield,Irbid,Ramtha outskirts,Irbid,32.55926,36.03275,32,3,HUB-IRB-13,HUB-IRB-13-R04,Fiber ring,0
RO-06,Jul 2028 – Sep 2028,IRB-U-0348,U,Monopole / greenfield,Irbid,Ramtha,Irbid,32.55691,36.02278,30,3,HUB-IRB-13,HUB-IRB-13-R04,Fiber ring,0
RO-06,Jul 2028 – Sep 2028,IRB-U-0349,U,Monopole / greenfield,Irbid,Ramtha,Irbid,32.55691,36.02750,30,3,HUB-IRB-13,HUB-IRB-13-R04,Fiber ring,0
RO-06,Jul 2028 – Sep 2028,IRB-U-0372,U,Rooftop,Irbid,Ramtha,Irbid,32.56043,36.02041,30,3,HUB-IRB-13,HUB-IRB-13-R04,Fiber ring,0
RO-06,Jul 2028 – Sep 2028,IRB-U-0373,U,Monopole / greenfield,Irbid,Ramtha,Irbid,32.56043,36.02514,30,3,HUB-IRB-13,HUB-IRB-13-R04,Fiber ring,0
RO-06,Jul 2028 – Sep 2028,IRB-U-0393,U,Rooftop,Irbid,Ramtha,Irbid,32.56396,36.00954,30,3,HUB-IRB-13,HUB-IRB-13-R04,Fiber ring,0
RO-06,Jul 2028 – Sep 2028,IRB-U-0394,U,Rooftop,Irbid,Ramtha,Irbid,32.56314,36.01333,30,3,HUB-IRB-13,HUB-IRB-13-R04,Fiber ring,0
RO-06,Jul 2028 – Sep 2028,IRB-U-0395,U,Rooftop,Irbid,Ramtha,Irbid,32.56396,36.01805,30,3,HUB-IRB-13,HUB-IRB-13-R05,Fiber ring,0
RO-06,Jul 2028 – Sep 2028,IRB-U-0396,U,Rooftop,Irbid,Ramtha,Irbid,32.56396,36.02278,30,3,HUB-IRB-13,HUB-IRB-13-R05,Fiber ring,0
RO-06,Jul 2028 – Sep 2028,IRB-U-0397,U,Monopole / greenfield,Irbid,Ramtha,Irbid,32.56396,36.02750,30,3,HUB-IRB-13,HUB-IRB-13-R05,Fiber ring,0
RO-06,Jul 2028 – Sep 2028,IRB-U-0419,U,Rooftop,Irbid,Ramtha,Irbid,32.56748,36.01096,30,3,HUB-IRB-13,HUB-IRB-13-R05,Fiber ring,0
RO-06,Jul 2028 – Sep 2028,IRB-U-0420,U,Rooftop,Irbid,Ramtha,Irbid,32.56748,36.01569,30,3,HUB-IRB-13,HUB-IRB-13-R05,Fiber ring,0
RO-06,Jul 2028 – Sep 2028,IRB-U-0421,U,Rooftop,Irbid,Ramtha,Irbid,32.56748,36.02041,30,3,HUB-IRB-13,HUB-IRB-13-R05,Fiber ring,0
RO-06,Jul 2028 – Sep 2028,IRB-U-0422,U,Rooftop,Irbid,Ramtha,Irbid,32.56667,36.02514,30,3,HUB-IRB-13,HUB-IRB-13-R05,Fiber ring,0
RO-06,Jul 2028 – Sep 2028,IRB-U-0418,U,Rooftop,Irbid,Ramtha,Irbid,32.56748,36.00624,30,3,HUB-IRB-13,HUB-IRB-13-R06,Fiber ring,0
RO-06,Jul 2028 – Sep 2028,IRB-U-0443,U,Rooftop,Irbid,Ramtha,Irbid,32.57101,36.00860,30,3,HUB-IRB-13,HUB-IRB-13-R06,Fiber ring,0
RO-06,Jul 2028 – Sep 2028,IRB-U-0444,U,Rooftop,Irbid,Ramtha,Irbid,32.57101,36.01333,30,3,HUB-IRB-13,HUB-IRB-13-R06,Fiber ring,0
RO-06,Jul 2028 – Sep 2028,IRB-U-0445,U,Rooftop,Irbid,Ramtha,Irbid,32.57101,36.01805,30,3,HUB-IRB-13,HUB-IRB-13-R06,Fiber ring,0
RO-06,Jul 2028 – Sep 2028,IRB-U-0446,U,Rooftop,Irbid,Ramtha,Irbid,32.57101,36.02278,30,3,HUB-IRB-13,HUB-IRB-13-R06,Fiber ring,0
RO-06,Jul 2028 – Sep 2028,IRB-U-0467,U,Rooftop,Irbid,Ramtha,Irbid,32.57453,36.01569,30,3,HUB-IRB-13,HUB-IRB-13-R06,Fiber ring,0
RO-06,Jul 2028 – Sep 2028,IRB-U-0468,U,Rooftop,Irbid,Ramtha,Irbid,32.57453,36.01947,30,3,HUB-IRB-13,HUB-IRB-13-R06,Fiber ring,0
RO-06,Jul 2028 – Sep 2028,IRB-SU-0732,SU,Monopole / greenfield,Irbid,Ramtha outskirts,Irbid,32.57962,36.02047,32,3,HUB-IRB-13,HUB-IRB-13-R07,Fiber ring,0
RO-06,Jul 2028 – Sep 2028,IRB-SU-0751,SU,Monopole / greenfield,Irbid,Ramtha outskirts,Irbid,32.58471,36.00886,32,3,HUB-IRB-13,HUB-IRB-13-R07,Fiber ring,0
RO-06,Jul 2028 – Sep 2028,IRB-U-0442,U,Monopole / greenfield,Irbid,Ramtha,Irbid,32.57101,36.00387,30,3,HUB-IRB-13,HUB-IRB-13-R07,Fiber ring,0
RO-06,Jul 2028 – Sep 2028,IRB-U-0465,U,Monopole / greenfield,Irbid,Ramtha,Irbid,32.57453,36.00718,30,3,HUB-IRB-13,HUB-IRB-13-R07,Fiber ring,0
RO-06,Jul 2028 – Sep 2028,IRB-U-0466,U,Monopole / greenfield,Irbid,Ramtha,Irbid,32.57453,36.01096,30,3,HUB-IRB-13,HUB-IRB-13-R07,Fiber ring,0
RO-06,Jul 2028 – Sep 2028,IRB-U-0483,U,Monopole / greenfield,Irbid,Ramtha,Irbid,32.57806,36.00860,30,3,HUB-IRB-13,HUB-IRB-13-R07,Fiber ring,0
RO-06,Jul 2028 – Sep 2028,IRB-U-0484,U,Monopole / greenfield,Irbid,Ramtha,Irbid,32.57806,36.01333,30,3,HUB-IRB-13,HUB-IRB-13-R07,Fiber ring,0
RO-06,Jul 2028 – Sep 2028,IRB-SU-0749,SU,Monopole / greenfield,Irbid,Ramtha outskirts,Irbid,32.58471,35.99657,32,3,HUB-IRB-13,HUB-IRB-13-R08,Fiber ring,0
RO-06,Jul 2028 – Sep 2028,IRB-SU-0750,SU,Monopole / greenfield,Irbid,Ramtha outskirts,Irbid,32.58471,36.00340,32,3,HUB-IRB-13,HUB-IRB-13-R08,Fiber ring,0
RO-06,Jul 2028 – Sep 2028,IRB-U-0441,U,Monopole / greenfield,Irbid,Ramtha,Irbid,32.57101,35.99915,30,3,HUB-IRB-13,HUB-IRB-13-R08,Fiber ring,0
RO-06,Jul 2028 – Sep 2028,IRB-U-0463,U,Monopole / greenfield,Irbid,Ramtha,Irbid,32.57372,35.99678,30,3,HUB-IRB-13,HUB-IRB-13-R08,Fiber ring,0
RO-06,Jul 2028 – Sep 2028,IRB-U-0464,U,Monopole / greenfield,Irbid,Ramtha,Irbid,32.57453,36.00151,30,3,HUB-IRB-13,HUB-IRB-13-R08,Fiber ring,0
RO-06,Jul 2028 – Sep 2028,IRB-U-0481,U,Monopole / greenfield,Irbid,Ramtha,Irbid,32.57806,35.99915,30,3,HUB-IRB-13,HUB-IRB-13-R08,Fiber ring,0
RO-06,Jul 2028 – Sep 2028,IRB-U-0482,U,Monopole / greenfield,Irbid,Ramtha,Irbid,32.57846,36.00435,30,3,HUB-IRB-13,HUB-IRB-13-R08,Fiber ring,0
RO-06,Jul 2028 – Sep 2028,IRB-SU-0719,SU,Monopole / greenfield,Irbid,Ramtha outskirts,Irbid,32.57571,35.98156,32,3,HUB-IRB-13,HUB-IRB-13-R09,Fiber ring,0
RO-06,Jul 2028 – Sep 2028,IRB-SU-0729,SU,Monopole / greenfield,Irbid,Ramtha outskirts,Irbid,32.57962,35.97678,32,3,HUB-IRB-13,HUB-IRB-13-R09,Fiber ring,0
RO-06,Jul 2028 – Sep 2028,IRB-SU-0730,SU,Monopole / greenfield,Irbid,Ramtha outskirts,Irbid,32.57962,35.98497,32,3,HUB-IRB-13,HUB-IRB-13-R09,Fiber ring,0
RO-06,Jul 2028 – Sep 2028,IRB-SU-0731,SU,Monopole / greenfield,Irbid,Ramtha outskirts,Irbid,32.57962,35.99180,32,3,HUB-IRB-13,HUB-IRB-13-R09,Fiber ring,0
RO-06,Jul 2028 – Sep 2028,IRB-SU-0748,SU,Monopole / greenfield,Irbid,Ramtha outskirts,Irbid,32.58471,35.98838,32,3,HUB-IRB-13,HUB-IRB-13-R09,Fiber ring,0
RO-06,Jul 2028 – Sep 2028,IRB-U-0440,U,Monopole / greenfield,Irbid,Ramtha,Irbid,32.57101,35.99442,30,3,HUB-IRB-13,HUB-IRB-13-R09,Fiber ring,0
RO-06,Jul 2028 – Sep 2028,IRB-U-0462,U,Monopole / greenfield,Irbid,Ramtha,Irbid,32.57535,35.99206,30,3,HUB-IRB-13,HUB-IRB-13-R09,Fiber ring,0
RO-06,Jul 2028 – Sep 2028,IRB-SU-0706,SU,Monopole / greenfield,Irbid,Ramtha outskirts,Irbid,32.56944,35.97132,32,3,HUB-IRB-13,HUB-IRB-13-R10,Fiber ring,0
RO-06,Jul 2028 – Sep 2028,IRB-SU-0707,SU,Monopole / greenfield,Irbid,Ramtha outskirts,Irbid,32.56944,35.97814,32,3,HUB-IRB-13,HUB-IRB-13-R10,Fiber ring,0
RO-06,Jul 2028 – Sep 2028,IRB-SU-0718,SU,Monopole / greenfield,Irbid,Ramtha outskirts,Irbid,32.57336,35.97473,32,3,HUB-IRB-13,HUB-IRB-13-R10,Fiber ring,0
RO-06,Jul 2028 – Sep 2028,IRB-U-0414,U,Monopole / greenfield,Irbid,Ramtha,Irbid,32.56748,35.98733,30,3,HUB-IRB-13,HUB-IRB-13-R10,Fiber ring,0
RO-06,Jul 2028 – Sep 2028,IRB-U-0415,U,Monopole / greenfield,Irbid,Ramtha,Irbid,32.56748,35.99206,30,3,HUB-IRB-13,HUB-IRB-13-R10,Fiber ring,0
RO-06,Jul 2028 – Sep 2028,IRB-U-0416,U,Rooftop,Irbid,Ramtha,Irbid,32.56748,35.99773,30,3,HUB-IRB-13,HUB-IRB-13-R10,Fiber ring,0
RO-06,Jul 2028 – Sep 2028,IRB-U-0439,U,Monopole / greenfield,Irbid,Ramtha,Irbid,32.57060,35.98922,30,3,HUB-IRB-13,HUB-IRB-13-R10,Fiber ring,0
RO-06,Jul 2028 – Sep 2028,IRB-SU-0616,SU,Monopole / greenfield,Irbid,Irbid outskirts,Irbid,32.53498,35.79042,32,3,HUB-IRB-18,HUB-IRB-18-R01,Fiber ring,0
RO-06,Jul 2028 – Sep 2028,IRB-SU-0628,SU,Monopole / greenfield,Irbid,Irbid outskirts,Irbid,32.54007,35.78018,32,3,HUB-IRB-18,HUB-IRB-18-R01,Fiber ring,0
RO-06,Jul 2028 – Sep 2028,IRB-SU-0629,SU,Monopole / greenfield,Irbid,Irbid outskirts,Irbid,32.53890,35.78837,32,3,HUB-IRB-18,HUB-IRB-18-R01,Fiber ring,0
RO-06,Jul 2028 – Sep 2028,IRB-SU-0630,SU,Monopole / greenfield,Irbid,Irbid outskirts,Irbid,32.53772,35.79383,32,3,HUB-IRB-18,HUB-IRB-18-R01,Fiber ring,0
RO-06,Jul 2028 – Sep 2028,IRB-SU-0643,SU,Monopole / greenfield,Irbid,Irbid outskirts,Irbid,32.54399,35.77677,32,3,HUB-IRB-18,HUB-IRB-18-R01,Fiber ring,0
RO-06,Jul 2028 – Sep 2028,IRB-SU-0644,SU,Monopole / greenfield,Irbid,Irbid outskirts,Irbid,32.54281,35.78359,32,3,HUB-IRB-18,HUB-IRB-18-R01,Fiber ring,0
RO-06,Jul 2028 – Sep 2028,IRB-SU-0645,SU,Monopole / greenfield,Irbid,Irbid outskirts,Irbid,32.54399,35.79178,32,3,HUB-IRB-18,HUB-IRB-18-R01,Fiber ring,0
RO-06,Jul 2028 – Sep 2028,IRB-U-0257,U,Rooftop,Irbid,Irbid,Irbid,32.54715,35.80302,30,3,HUB-IRB-18,HUB-IRB-18-R01,Fiber ring,1
RO-06,Jul 2028 – Sep 2028,IRB-SU-0617,SU,Monopole / greenfield,Irbid,Irbid outskirts,Irbid,32.53498,35.79724,32,3,HUB-IRB-18,HUB-IRB-18-R02,Fiber ring,0
RO-06,Jul 2028 – Sep 2028,IRB-U-0164,U,Monopole / greenfield,Irbid,Irbid,Irbid,32.53224,35.80869,30,3,HUB-IRB-18,HUB-IRB-18-R02,Fiber ring,0
RO-06,Jul 2028 – Sep 2028,IRB-U-0185,U,Monopole / greenfield,Irbid,Irbid,Irbid,32.53617,35.80586,30,3,HUB-IRB-18,HUB-IRB-18-R02,Fiber ring,0
RO-06,Jul 2028 – Sep 2028,IRB-U-0207,U,Monopole / greenfield,Irbid,Irbid,Irbid,32.53847,35.80302,30,3,HUB-IRB-18,HUB-IRB-18-R02,Fiber ring,0
RO-06,Jul 2028 – Sep 2028,IRB-U-0208,U,Monopole / greenfield,Irbid,Irbid,Irbid,32.53929,35.80775,30,3,HUB-IRB-18,HUB-IRB-18-R02,Fiber ring,0
RO-06,Jul 2028 – Sep 2028,IRB-U-0230,U,Rooftop,Irbid,Irbid,Irbid,32.54281,35.80160,30,3,HUB-IRB-18,HUB-IRB-18-R02,Fiber ring,0
RO-06,Jul 2028 – Sep 2028,IRB-U-0231,U,Rooftop,Irbid,Irbid,Irbid,32.54200,35.80538,30,3,HUB-IRB-18,HUB-IRB-18-R02,Fiber ring,0
RO-06,Jul 2028 – Sep 2028,IRB-U-0165,U,Monopole / greenfield,Irbid,Irbid,Irbid,32.53224,35.81247,30,3,HUB-IRB-18,HUB-IRB-18-R03,Fiber ring,0
RO-06,Jul 2028 – Sep 2028,IRB-U-0186,U,Monopole / greenfield,Irbid,Irbid,Irbid,32.53576,35.81011,30,3,HUB-IRB-18,HUB-IRB-18-R03,Fiber ring,0
RO-06,Jul 2028 – Sep 2028,IRB-U-0187,U,Monopole / greenfield,Irbid,Irbid,Irbid,32.53576,35.81389,30,3,HUB-IRB-18,HUB-IRB-18-R03,Fiber ring,0
RO-06,Jul 2028 – Sep 2028,IRB-U-0209,U,Monopole / greenfield,Irbid,Irbid,Irbid,32.53929,35.81247,30,3,HUB-IRB-18,HUB-IRB-18-R03,Fiber ring,0
RO-06,Jul 2028 – Sep 2028,IRB-U-0232,U,Monopole / greenfield,Irbid,Irbid,Irbid,32.54200,35.81011,30,3,HUB-IRB-18,HUB-IRB-18-R03,Fiber ring,0
RO-06,Jul 2028 – Sep 2028,IRB-U-0233,U,Monopole / greenfield,Irbid,Irbid,Irbid,32.54200,35.81484,30,3,HUB-IRB-18,HUB-IRB-18-R03,Fiber ring,0
RO-06,Jul 2028 – Sep 2028,IRB-U-0258,U,Rooftop,Irbid,Irbid,Irbid,32.54634,35.80775,30,3,HUB-IRB-18,HUB-IRB-18-R03,Fiber ring,0
RO-06,Jul 2028 – Sep 2028,IRB-U-0259,U,Monopole / greenfield,Irbid,Irbid,Irbid,32.54634,35.81153,30,3,HUB-IRB-18,HUB-IRB-18-R04,Fiber ring,0
RO-06,Jul 2028 – Sep 2028,IRB-U-0280,U,Rooftop,Irbid,Irbid,Irbid,32.54905,35.80538,30,3,HUB-IRB-18,HUB-IRB-18-R04,Fiber ring,0
RO-06,Jul 2028 – Sep 2028,IRB-U-0281,U,Rooftop,Irbid,Irbid,Irbid,32.54905,35.81011,30,3,HUB-IRB-18,HUB-IRB-18-R04,Fiber ring,0
RO-06,Jul 2028 – Sep 2028,IRB-U-0282,U,Monopole / greenfield,Irbid,Irbid,Irbid,32.54986,35.81578,30,3,HUB-IRB-18,HUB-IRB-18-R04,Fiber ring,0
RO-06,Jul 2028 – Sep 2028,IRB-U-0303,U,Monopole / greenfield,Irbid,Irbid,Irbid,32.55257,35.80775,30,3,HUB-IRB-18,HUB-IRB-18-R04,Fiber ring,0
RO-06,Jul 2028 – Sep 2028,IRB-U-0304,U,Monopole / greenfield,Irbid,Irbid,Irbid,32.55338,35.81153,30,3,HUB-IRB-18,HUB-IRB-18-R04,Fiber ring,0
RO-06,Jul 2028 – Sep 2028,IRB-U-0327,U,Monopole / greenfield,Irbid,Irbid,Irbid,32.55691,35.80916,30,3,HUB-IRB-18,HUB-IRB-18-R04,Fiber ring,0
RO-06,Jul 2028 – Sep 2028,IRB-SU-0668,SU,Monopole / greenfield,Irbid,Irbid outskirts,Irbid,32.55299,35.79724,32,3,HUB-IRB-18,HUB-IRB-18-R05,Fiber ring,0
RO-06,Jul 2028 – Sep 2028,IRB-SU-0677,SU,Monopole / greenfield,Irbid,Irbid outskirts,Irbid,32.55926,35.78837,32,3,HUB-IRB-18,HUB-IRB-18-R05,Fiber ring,0
RO-06,Jul 2028 – Sep 2028,IRB-SU-0678,SU,Monopole / greenfield,Irbid,Irbid outskirts,Irbid,32.55867,35.79451,32,3,HUB-IRB-18,HUB-IRB-18-R05,Fiber ring,0
RO-06,Jul 2028 – Sep 2028,IRB-SU-0679,SU,Monopole / greenfield,Irbid,Irbid outskirts,Irbid,32.55867,35.80134,32,3,HUB-IRB-18,HUB-IRB-18-R05,Fiber ring,0
RO-06,Jul 2028 – Sep 2028,IRB-SU-0688,SU,Monopole / greenfield,Irbid,Irbid outskirts,Irbid,32.56317,35.79042,32,3,HUB-IRB-18,HUB-IRB-18-R05,Fiber ring,0
RO-06,Jul 2028 – Sep 2028,IRB-U-0302,U,Monopole / greenfield,Irbid,Irbid,Irbid,32.55257,35.80302,30,3,HUB-IRB-18,HUB-IRB-18-R05,Fiber ring,0
RO-06,Jul 2028 – Sep 2028,IRB-U-0326,U,Monopole / greenfield,Irbid,Irbid,Irbid,32.55691,35.80538,30,3,HUB-IRB-18,HUB-IRB-18-R05,Fiber ring,0
RO-06,Jul 2028 – Sep 2028,IRB-SU-0655,SU,Monopole / greenfield,Irbid,Irbid outskirts,Irbid,32.54908,35.78154,32,3,HUB-IRB-18,HUB-IRB-18-R06,Fiber ring,0
RO-06,Jul 2028 – Sep 2028,IRB-SU-0656,SU,Monopole / greenfield,Irbid,Irbid outskirts,Irbid,32.54908,35.78837,32,3,HUB-IRB-18,HUB-IRB-18-R06,Fiber ring,0
RO-06,Jul 2028 – Sep 2028,IRB-SU-0657,SU,Monopole / greenfield,Irbid,Irbid outskirts,Irbid,32.54908,35.79520,32,3,HUB-IRB-18,HUB-IRB-18-R06,Fiber ring,0
RO-06,Jul 2028 – Sep 2028,IRB-SU-0658,SU,Monopole / greenfield,Irbid,Irbid outskirts,Irbid,32.54849,35.80134,32,3,HUB-IRB-18,HUB-IRB-18-R06,Fiber ring,0
RO-06,Jul 2028 – Sep 2028,IRB-SU-0666,SU,Monopole / greenfield,Irbid,Irbid outskirts,Irbid,32.55417,35.78496,32,3,HUB-IRB-18,HUB-IRB-18-R06,Fiber ring,0
RO-06,Jul 2028 – Sep 2028,IRB-SU-0667,SU,Monopole / greenfield,Irbid,Irbid outskirts,Irbid,32.55299,35.79042,32,3,HUB-IRB-18,HUB-IRB-18-R06,Fiber ring,0
RO-06,Jul 2028 – Sep 2028,IRB-SU-0742,SU,Monopole / greenfield,Irbid,Irbid outskirts,Irbid,32.58471,35.87916,32,3,HUB-IRB-19,HUB-IRB-19-R01,Fiber ring,1
RO-06,Jul 2028 – Sep 2028,IRB-U-0433,U,Rooftop,Irbid,Irbid,Irbid,32.57101,35.86682,30,3,HUB-IRB-19,HUB-IRB-19-R01,Fiber ring,0
RO-06,Jul 2028 – Sep 2028,IRB-U-0456,U,Rooftop,Irbid,Irbid,Irbid,32.57453,35.86446,30,3,HUB-IRB-19,HUB-IRB-19-R01,Fiber ring,0
RO-06,Jul 2028 – Sep 2028,IRB-U-0457,U,Rooftop,Irbid,Irbid,Irbid,32.57453,35.86918,30,3,HUB-IRB-19,HUB-IRB-19-R01,Fiber ring,0
RO-06,Jul 2028 – Sep 2028,IRB-U-0477,U,Rooftop,Irbid,Irbid,Irbid,32.57806,35.86682,30,3,HUB-IRB-19,HUB-IRB-19-R01,Fiber ring,0
RO-06,Jul 2028 – Sep 2028,IRB-U-0478,U,Rooftop,Irbid,Irbid,Irbid,32.57806,35.87060,30,3,HUB-IRB-19,HUB-IRB-19-R01,Fiber ring,0
RO-06,Jul 2028 – Sep 2028,IRB-U-0490,U,Rooftop,Irbid,Irbid,Irbid,32.58077,35.86446,30,3,HUB-IRB-19,HUB-IRB-19-R01,Fiber ring,0
RO-06,Jul 2028 – Sep 2028,IRB-U-0491,U,Rooftop,Irbid,Irbid,Irbid,32.58077,35.86918,30,3,HUB-IRB-19,HUB-IRB-19-R01,Fiber ring,0
RO-06,Jul 2028 – Sep 2028,IRB-U-0434,U,Rooftop,Irbid,Irbid,Irbid,32.57101,35.87155,30,3,HUB-IRB-19,HUB-IRB-19-R02,Fiber ring,0
RO-06,Jul 2028 – Sep 2028,IRB-U-0435,U,Rooftop,Irbid,Irbid,Irbid,32.57101,35.87627,30,3,HUB-IRB-19,HUB-IRB-19-R02,Fiber ring,0
RO-06,Jul 2028 – Sep 2028,IRB-U-0458,U,Rooftop,Irbid,Irbid,Irbid,32.57453,35.87391,30,3,HUB-IRB-19,HUB-IRB-19-R02,Fiber ring,0
RO-06,Jul 2028 – Sep 2028,IRB-U-0459,U,Rooftop,Irbid,Irbid,Irbid,32.57453,35.87864,30,3,HUB-IRB-19,HUB-IRB-19-R02,Fiber ring,0
RO-06,Jul 2028 – Sep 2028,IRB-U-0460,U,Monopole / greenfield,Irbid,Irbid,Irbid,32.57453,35.88336,30,3,HUB-IRB-19,HUB-IRB-19-R02,Fiber ring,0
RO-06,Jul 2028 – Sep 2028,IRB-U-0479,U,Monopole / greenfield,Irbid,Irbid,Irbid,32.57806,35.87627,30,3,HUB-IRB-19,HUB-IRB-19-R02,Fiber ring,0
RO-06,Jul 2028 – Sep 2028,IRB-U-0480,U,Monopole / greenfield,Irbid,Irbid,Irbid,32.57806,35.88100,30,3,HUB-IRB-19,HUB-IRB-19-R02,Fiber ring,0
RO-06,Jul 2028 – Sep 2028,IRB-SU-0724,SU,Monopole / greenfield,Irbid,Irbid outskirts,Irbid,32.57962,35.88940,32,3,HUB-IRB-19,HUB-IRB-19-R03,Fiber ring,0
RO-06,Jul 2028 – Sep 2028,IRB-SU-0725,SU,Monopole / greenfield,Irbid,Irbid outskirts,Irbid,32.57845,35.89623,32,3,HUB-IRB-19,HUB-IRB-19-R03,Fiber ring,0
RO-06,Jul 2028 – Sep 2028,IRB-SU-0726,SU,Monopole / greenfield,Irbid,Irbid outskirts,Irbid,32.57962,35.90305,32,3,HUB-IRB-19,HUB-IRB-19-R03,Fiber ring,0
RO-06,Jul 2028 – Sep 2028,IRB-SU-0743,SU,Monopole / greenfield,Irbid,Irbid outskirts,Irbid,32.58471,35.88599,32,3,HUB-IRB-19,HUB-IRB-19-R03,Fiber ring,0
RO-06,Jul 2028 – Sep 2028,IRB-SU-0744,SU,Monopole / greenfield,Irbid,Irbid outskirts,Irbid,32.58471,35.89281,32,3,HUB-IRB-19,HUB-IRB-19-R03,Fiber ring,0
RO-06,Jul 2028 – Sep 2028,IRB-SU-0746,SU,Monopole / greenfield,Irbid,Irbid outskirts,Irbid,32.58471,35.90647,32,3,HUB-IRB-19,HUB-IRB-19-R03,Fiber ring,0
RO-06,Jul 2028 – Sep 2028,IRB-U-0461,U,Monopole / greenfield,Irbid,Irbid,Irbid,32.57453,35.88809,30,3,HUB-IRB-19,HUB-IRB-19-R03,Fiber ring,0
RO-06,Jul 2028 – Sep 2028,IRB-SU-0745,SU,Monopole / greenfield,Irbid,Irbid outskirts,Irbid,32.58589,35.89964,32,3,HUB-IRB-19,HUB-IRB-19-R04,Fiber ring,0
RO-06,Jul 2028 – Sep 2028,IRB-SU-0761,SU,Monopole / greenfield,Irbid,Irbid outskirts,Irbid,32.59039,35.88326,32,3,HUB-IRB-19,HUB-IRB-19-R04,Fiber ring,0
RO-06,Jul 2028 – Sep 2028,IRB-SU-0762,SU,Monopole / greenfield,Irbid,Irbid outskirts,Irbid,32.59039,35.89008,32,3,HUB-IRB-19,HUB-IRB-19-R04,Fiber ring,0
RO-06,Jul 2028 – Sep 2028,IRB-SU-0763,SU,Monopole / greenfield,Irbid,Irbid outskirts,Irbid,32.59039,35.89691,32,3,HUB-IRB-19,HUB-IRB-19-R04,Fiber ring,0
RO-06,Jul 2028 – Sep 2028,IRB-SU-0764,SU,Monopole / greenfield,Irbid,Irbid outskirts,Irbid,32.58980,35.90305,32,3,HUB-IRB-19,HUB-IRB-19-R04,Fiber ring,0
RO-06,Jul 2028 – Sep 2028,IRB-SU-0772,SU,Rooftop,Irbid,Irbid outskirts,Irbid,32.59431,35.87984,32,3,HUB-IRB-19,HUB-IRB-19-R04,Fiber ring,0
RO-06,Jul 2028 – Sep 2028,IRB-SU-0773,SU,Rooftop,Irbid,Irbid outskirts,Irbid,32.59372,35.88599,32,3,HUB-IRB-19,HUB-IRB-19-R04,Fiber ring,0
RO-06,Jul 2028 – Sep 2028,IRB-SU-0740,SU,Rooftop,Irbid,Irbid outskirts,Irbid,32.58471,35.86551,32,3,HUB-IRB-19,HUB-IRB-19-R05,Fiber ring,0
RO-06,Jul 2028 – Sep 2028,IRB-SU-0741,SU,Rooftop,Irbid,Irbid outskirts,Irbid,32.58530,35.87165,32,3,HUB-IRB-19,HUB-IRB-19-R05,Fiber ring,0
RO-06,Jul 2028 – Sep 2028,IRB-SU-0759,SU,Rooftop,Irbid,Irbid outskirts,Irbid,32.58922,35.86824,32,3,HUB-IRB-19,HUB-IRB-19-R05,Fiber ring,0
RO-06,Jul 2028 – Sep 2028,IRB-SU-0760,SU,Monopole / greenfield,Irbid,Irbid outskirts,Irbid,32.59039,35.87507,32,3,HUB-IRB-19,HUB-IRB-19-R05,Fiber ring,0
RO-06,Jul 2028 – Sep 2028,IRB-SU-0770,SU,Monopole / greenfield,Irbid,Irbid outskirts,Irbid,32.59607,35.86551,32,3,HUB-IRB-19,HUB-IRB-19-R05,Fiber ring,0
RO-06,Jul 2028 – Sep 2028,IRB-SU-0771,SU,Monopole / greenfield,Irbid,Irbid outskirts,Irbid,32.59607,35.87233,32,3,HUB-IRB-19,HUB-IRB-19-R05,Fiber ring,0
RO-06,Jul 2028 – Sep 2028,KAR-SU-0065,SU,Monopole / greenfield,Karak,Karak outskirts,Karak,31.15810,35.68802,32,3,HUB-KAR-03,HUB-KAR-03-R01,Fiber ring,0
RO-06,Jul 2028 – Sep 2028,KAR-SU-0066,SU,Monopole / greenfield,Karak,Karak outskirts,Karak,31.15927,35.69348,32,3,HUB-KAR-03,HUB-KAR-03-R01,Fiber ring,0
RO-06,Jul 2028 – Sep 2028,KAR-SU-0070,SU,Monopole / greenfield,Karak,Karak outskirts,Karak,31.16554,35.67778,32,3,HUB-KAR-03,HUB-KAR-03-R01,Fiber ring,0
RO-06,Jul 2028 – Sep 2028,KAR-SU-0071,SU,Monopole / greenfield,Karak,Karak outskirts,Karak,31.16495,35.68393,32,3,HUB-KAR-03,HUB-KAR-03-R01,Fiber ring,0
RO-06,Jul 2028 – Sep 2028,KAR-SU-0072,SU,Monopole / greenfield,Karak,Karak outskirts,Karak,31.16436,35.69280,32,3,HUB-KAR-03,HUB-KAR-03-R01,Fiber ring,0
RO-06,Jul 2028 – Sep 2028,KAR-SU-0076,SU,Monopole / greenfield,Karak,Karak outskirts,Karak,31.16828,35.68120,32,3,HUB-KAR-03,HUB-KAR-03-R01,Fiber ring,0
RO-06,Jul 2028 – Sep 2028,KAR-U-0005,U,Monopole / greenfield,Karak,Karak,Karak,31.16747,35.69196,30,3,HUB-KAR-03,HUB-KAR-03-R01,Fiber ring,0
RO-06,Jul 2028 – Sep 2028,KAR-U-0007,U,Monopole / greenfield,Karak,Karak,Karak,31.16828,35.70047,30,3,HUB-KAR-03,HUB-KAR-03-R01,Fiber ring,1
RO-06,Jul 2028 – Sep 2028,KAR-SU-0062,SU,Monopole / greenfield,Karak,Karak outskirts,Karak,31.15418,35.69144,32,3,HUB-KAR-03,HUB-KAR-03-R02,Fiber ring,0
RO-06,Jul 2028 – Sep 2028,KAR-SU-0063,SU,Monopole / greenfield,Karak,Karak outskirts,Karak,31.15418,35.69963,32,3,HUB-KAR-03,HUB-KAR-03-R02,Fiber ring,0
RO-06,Jul 2028 – Sep 2028,KAR-SU-0064,SU,Monopole / greenfield,Karak,Karak outskirts,Karak,31.15359,35.70441,32,3,HUB-KAR-03,HUB-KAR-03-R02,Fiber ring,0
RO-06,Jul 2028 – Sep 2028,KAR-SU-0067,SU,Monopole / greenfield,Karak,Karak outskirts,Karak,31.15927,35.70304,32,3,HUB-KAR-03,HUB-KAR-03-R02,Fiber ring,0
RO-06,Jul 2028 – Sep 2028,KAR-SU-0068,SU,Monopole / greenfield,Karak,Karak outskirts,Karak,31.15927,35.70714,32,3,HUB-KAR-03,HUB-KAR-03-R02,Fiber ring,0
RO-06,Jul 2028 – Sep 2028,KAR-U-0001,U,Monopole / greenfield,Karak,Karak,Karak,31.16557,35.69905,30,3,HUB-KAR-03,HUB-KAR-03-R02,Fiber ring,0
RO-06,Jul 2028 – Sep 2028,KAR-U-0002,U,Monopole / greenfield,Karak,Karak,Karak,31.16476,35.70472,30,3,HUB-KAR-03,HUB-KAR-03-R02,Fiber ring,0
RO-06,Jul 2028 – Sep 2028,KAR-SU-0069,SU,Monopole / greenfield,Karak,Karak outskirts,Karak,31.15869,35.72284,32,3,HUB-KAR-03,HUB-KAR-03-R03,Fiber ring,0
RO-06,Jul 2028 – Sep 2028,KAR-SU-0073,SU,Monopole / greenfield,Karak,Karak outskirts,Karak,31.16436,35.71738,32,3,HUB-KAR-03,HUB-KAR-03-R03,Fiber ring,0
RO-06,Jul 2028 – Sep 2028,KAR-U-0003,U,Monopole / greenfield,Karak,Karak,Karak,31.16476,35.70945,30,3,HUB-KAR-03,HUB-KAR-03-R03,Fiber ring,0
RO-06,Jul 2028 – Sep 2028,KAR-U-0004,U,Monopole / greenfield,Karak,Karak,Karak,31.16516,35.71276,30,3,HUB-KAR-03,HUB-KAR-03-R03,Fiber ring,0
RO-06,Jul 2028 – Sep 2028,KAR-U-0008,U,Rooftop,Karak,Karak,Karak,31.16828,35.70708,30,3,HUB-KAR-03,HUB-KAR-03-R03,Fiber ring,0
RO-06,Jul 2028 – Sep 2028,KAR-U-0009,U,Rooftop,Karak,Karak,Karak,31.16909,35.71087,30,3,HUB-KAR-03,HUB-KAR-03-R03,Fiber ring,0
RO-06,Jul 2028 – Sep 2028,KAR-U-0010,U,Monopole / greenfield,Karak,Karak,Karak,31.16787,35.71512,30,3,HUB-KAR-03,HUB-KAR-03-R03,Fiber ring,0
RO-06,Jul 2028 – Sep 2028,KAR-U-0014,U,Monopole / greenfield,Karak,Karak,Karak,31.17180,35.70283,30,3,HUB-KAR-03,HUB-KAR-03-R04,Fiber ring,0
RO-06,Jul 2028 – Sep 2028,KAR-U-0015,U,Rooftop,Karak,Karak,Karak,31.17180,35.70945,30,3,HUB-KAR-03,HUB-KAR-03-R04,Fiber ring,0
RO-06,Jul 2028 – Sep 2028,KAR-U-0016,U,Rooftop,Karak,Karak,Karak,31.17140,35.71276,30,3,HUB-KAR-03,HUB-KAR-03-R04,Fiber ring,0
RO-06,Jul 2028 – Sep 2028,KAR-U-0022,U,Rooftop,Karak,Karak,Karak,31.17533,35.70708,30,3,HUB-KAR-03,HUB-KAR-03-R04,Fiber ring,0
RO-06,Jul 2028 – Sep 2028,KAR-U-0023,U,Rooftop,Karak,Karak,Karak,31.17533,35.70992,30,3,HUB-KAR-03,HUB-KAR-03-R04,Fiber ring,0
RO-06,Jul 2028 – Sep 2028,KAR-U-0029,U,Rooftop,Karak,Karak,Karak,31.17885,35.70283,30,3,HUB-KAR-03,HUB-KAR-03-R04,Fiber ring,0
RO-06,Jul 2028 – Sep 2028,KAR-U-0030,U,Rooftop,Karak,Karak,Karak,31.17804,35.70850,30,3,HUB-KAR-03,HUB-KAR-03-R04,Fiber ring,0
RO-06,Jul 2028 – Sep 2028,KAR-U-0012,U,Monopole / greenfield,Karak,Karak,Karak,31.17180,35.69527,30,3,HUB-KAR-03,HUB-KAR-03-R05,Fiber ring,0
RO-06,Jul 2028 – Sep 2028,KAR-U-0013,U,Monopole / greenfield,Karak,Karak,Karak,31.17099,35.69905,30,3,HUB-KAR-03,HUB-KAR-03-R05,Fiber ring,0
RO-06,Jul 2028 – Sep 2028,KAR-U-0018,U,Rooftop,Karak,Karak,Karak,31.17533,35.68629,30,3,HUB-KAR-03,HUB-KAR-03-R05,Fiber ring,0
RO-06,Jul 2028 – Sep 2028,KAR-U-0019,U,Rooftop,Karak,Karak,Karak,31.17533,35.69102,30,3,HUB-KAR-03,HUB-KAR-03-R05,Fiber ring,0
RO-06,Jul 2028 – Sep 2028,KAR-U-0020,U,Monopole / greenfield,Karak,Karak,Karak,31.17451,35.69669,30,3,HUB-KAR-03,HUB-KAR-03-R05,Fiber ring,0
RO-06,Jul 2028 – Sep 2028,KAR-U-0021,U,Monopole / greenfield,Karak,Karak,Karak,31.17492,35.70094,30,3,HUB-KAR-03,HUB-KAR-03-R05,Fiber ring,0
RO-06,Jul 2028 – Sep 2028,KAR-U-0028,U,Rooftop,Karak,Karak,Karak,31.17885,35.70000,30,3,HUB-KAR-03,HUB-KAR-03-R05,Fiber ring,0
RO-06,Jul 2028 – Sep 2028,KAR-U-0006,U,Monopole / greenfield,Karak,Karak,Karak,31.16828,35.69763,30,3,HUB-KAR-03,HUB-KAR-03-R06,Fiber ring,0
RO-06,Jul 2028 – Sep 2028,KAR-U-0011,U,Rooftop,Karak,Karak,Karak,31.17180,35.68865,30,3,HUB-KAR-03,HUB-KAR-03-R06,Fiber ring,0
RO-06,Jul 2028 – Sep 2028,MA-U-0019,U,Monopole / greenfield,Ma'an,Ma'an,Ma'an,30.18537,35.74584,30,3,HUB-MA-02,HUB-MA-02-R01,Fiber ring,0
RO-06,Jul 2028 – Sep 2028,MA-U-0020,U,Monopole / greenfield,Ma'an,Ma'an,Ma'an,30.18496,35.75104,30,3,HUB-MA-02,HUB-MA-02-R01,Fiber ring,0
RO-06,Jul 2028 – Sep 2028,MA-U-0028,U,Monopole / greenfield,Ma'an,Ma'an,Ma'an,30.18849,35.74395,30,3,HUB-MA-02,HUB-MA-02-R01,Fiber ring,0
RO-06,Jul 2028 – Sep 2028,MA-U-0029,U,Monopole / greenfield,Ma'an,Ma'an,Ma'an,30.18889,35.74820,30,3,HUB-MA-02,HUB-MA-02-R01,Fiber ring,0
RO-06,Jul 2028 – Sep 2028,MA-U-0036,U,Rooftop,Ma'an,Ma'an,Ma'an,30.19201,35.73686,30,3,HUB-MA-02,HUB-MA-02-R01,Fiber ring,0
RO-06,Jul 2028 – Sep 2028,MA-U-0037,U,Monopole / greenfield,Ma'an,Ma'an,Ma'an,30.19282,35.74158,30,3,HUB-MA-02,HUB-MA-02-R01,Fiber ring,0
RO-06,Jul 2028 – Sep 2028,MA-U-0038,U,Monopole / greenfield,Ma'an,Ma'an,Ma'an,30.19201,35.74725,30,3,HUB-MA-02,HUB-MA-02-R01,Fiber ring,0
RO-06,Jul 2028 – Sep 2028,MA-U-0046,U,Monopole / greenfield,Ma'an,Ma'an,Ma'an,30.19472,35.74867,30,3,HUB-MA-02,HUB-MA-02-R01,Fiber ring,1
RO-06,Jul 2028 – Sep 2028,MA-SU-0102,SU,Monopole / greenfield,Ma'an,Ma'an outskirts,Ma'an,30.17733,35.75902,32,3,HUB-MA-02,HUB-MA-02-R02,Fiber ring,0
RO-06,Jul 2028 – Sep 2028,MA-SU-0106,SU,Monopole / greenfield,Ma'an,Ma'an outskirts,Ma'an,30.18183,35.76311,32,3,HUB-MA-02,HUB-MA-02-R02,Fiber ring,0
RO-06,Jul 2028 – Sep 2028,MA-SU-0109,SU,Monopole / greenfield,Ma'an,Ma'an outskirts,Ma'an,30.18751,35.75902,32,3,HUB-MA-02,HUB-MA-02-R02,Fiber ring,0
RO-06,Jul 2028 – Sep 2028,MA-SU-0110,SU,Monopole / greenfield,Ma'an,Ma'an outskirts,Ma'an,30.18692,35.76653,32,3,HUB-MA-02,HUB-MA-02-R02,Fiber ring,0
RO-06,Jul 2028 – Sep 2028,MA-SU-0113,SU,Monopole / greenfield,Ma'an,Ma'an outskirts,Ma'an,30.19260,35.76243,32,3,HUB-MA-02,HUB-MA-02-R02,Fiber ring,0
RO-06,Jul 2028 – Sep 2028,MA-U-0021,U,Monopole / greenfield,Ma'an,Ma'an,Ma'an,30.18496,35.75576,30,3,HUB-MA-02,HUB-MA-02-R02,Fiber ring,0
RO-06,Jul 2028 – Sep 2028,MA-U-0030,U,Monopole / greenfield,Ma'an,Ma'an,Ma'an,30.18889,35.75293,30,3,HUB-MA-02,HUB-MA-02-R02,Fiber ring,0
RO-06,Jul 2028 – Sep 2028,MA-SU-0114,SU,Monopole / greenfield,Ma'an,Ma'an outskirts,Ma'an,30.19201,35.76857,32,3,HUB-MA-02,HUB-MA-02-R03,Fiber ring,0
RO-06,Jul 2028 – Sep 2028,MA-SU-0117,SU,Monopole / greenfield,Ma'an,Ma'an outskirts,Ma'an,30.19710,35.76653,32,3,HUB-MA-02,HUB-MA-02-R03,Fiber ring,0
RO-06,Jul 2028 – Sep 2028,MA-SU-0119,SU,Monopole / greenfield,Ma'an,Ma'an outskirts,Ma'an,30.20337,35.76311,32,3,HUB-MA-02,HUB-MA-02-R03,Fiber ring,0
RO-06,Jul 2028 – Sep 2028,MA-SU-0122,SU,Monopole / greenfield,Ma'an,Ma'an outskirts,Ma'an,30.20611,35.75970,32,3,HUB-MA-02,HUB-MA-02-R03,Fiber ring,0
RO-06,Jul 2028 – Sep 2028,MA-U-0047,U,Monopole / greenfield,Ma'an,Ma'an,Ma'an,30.19472,35.75812,30,3,HUB-MA-02,HUB-MA-02-R03,Fiber ring,0
RO-06,Jul 2028 – Sep 2028,MA-U-0056,U,Monopole / greenfield,Ma'an,Ma'an,Ma'an,30.19906,35.75104,30,3,HUB-MA-02,HUB-MA-02-R03,Fiber ring,0
RO-06,Jul 2028 – Sep 2028,MA-U-0057,U,Monopole / greenfield,Ma'an,Ma'an,Ma'an,30.19906,35.75576,30,3,HUB-MA-02,HUB-MA-02-R03,Fiber ring,0
RO-06,Jul 2028 – Sep 2028,MA-SU-0125,SU,Monopole / greenfield,Ma'an,Ma'an outskirts,Ma'an,30.21237,35.75629,32,3,HUB-MA-02,HUB-MA-02-R04,Fiber ring,0
RO-06,Jul 2028 – Sep 2028,MA-U-0064,U,Monopole / greenfield,Ma'an,Ma'an,Ma'an,30.20299,35.74442,30,3,HUB-MA-02,HUB-MA-02-R04,Fiber ring,0
RO-06,Jul 2028 – Sep 2028,MA-U-0065,U,Monopole / greenfield,Ma'an,Ma'an,Ma'an,30.20299,35.74820,30,3,HUB-MA-02,HUB-MA-02-R04,Fiber ring,0
RO-06,Jul 2028 – Sep 2028,MA-U-0066,U,Monopole / greenfield,Ma'an,Ma'an,Ma'an,30.20258,35.75245,30,3,HUB-MA-02,HUB-MA-02-R04,Fiber ring,0
RO-06,Jul 2028 – Sep 2028,MA-U-0073,U,Monopole / greenfield,Ma'an,Ma'an,Ma'an,30.20529,35.74631,30,3,HUB-MA-02,HUB-MA-02-R04,Fiber ring,0
RO-06,Jul 2028 – Sep 2028,MA-U-0074,U,Monopole / greenfield,Ma'an,Ma'an,Ma'an,30.20611,35.75104,30,3,HUB-MA-02,HUB-MA-02-R04,Fiber ring,0
RO-06,Jul 2028 – Sep 2028,MA-U-0081,U,Monopole / greenfield,Ma'an,Ma'an,Ma'an,30.20963,35.74867,30,3,HUB-MA-02,HUB-MA-02-R04,Fiber ring,0
RO-06,Jul 2028 – Sep 2028,MA-U-0043,U,Rooftop,Ma'an,Ma'an,Ma'an,30.19553,35.73449,30,3,HUB-MA-02,HUB-MA-02-R05,Fiber ring,0
RO-06,Jul 2028 – Sep 2028,MA-U-0044,U,Rooftop,Ma'an,Ma'an,Ma'an,30.19553,35.73922,30,3,HUB-MA-02,HUB-MA-02-R05,Fiber ring,0
RO-06,Jul 2028 – Sep 2028,MA-U-0045,U,Monopole / greenfield,Ma'an,Ma'an,Ma'an,30.19553,35.74300,30,3,HUB-MA-02,HUB-MA-02-R05,Fiber ring,0
RO-06,Jul 2028 – Sep 2028,MA-U-0053,U,Rooftop,Ma'an,Ma'an,Ma'an,30.19906,35.73780,30,3,HUB-MA-02,HUB-MA-02-R05,Fiber ring,0
RO-06,Jul 2028 – Sep 2028,MA-U-0054,U,Monopole / greenfield,Ma'an,Ma'an,Ma'an,30.19906,35.74064,30,3,HUB-MA-02,HUB-MA-02-R05,Fiber ring,0
RO-06,Jul 2028 – Sep 2028,MA-U-0055,U,Monopole / greenfield,Ma'an,Ma'an,Ma'an,30.19906,35.74631,30,3,HUB-MA-02,HUB-MA-02-R05,Fiber ring,0
RO-06,Jul 2028 – Sep 2028,MAD-SU-0104,SU,Monopole / greenfield,Madaba,Madaba outskirts,Madaba,31.68990,35.77677,32,3,HUB-MAD-02,HUB-MAD-02-R01,Fiber ring,0
RO-06,Jul 2028 – Sep 2028,MAD-SU-0105,SU,Monopole / greenfield,Madaba,Madaba outskirts,Madaba,31.68872,35.78359,32,3,HUB-MAD-02,HUB-MAD-02-R01,Fiber ring,0
RO-06,Jul 2028 – Sep 2028,MAD-SU-0109,SU,Monopole / greenfield,Madaba,Madaba outskirts,Madaba,31.69381,35.77267,32,3,HUB-MAD-02,HUB-MAD-02-R01,Fiber ring,0
RO-06,Jul 2028 – Sep 2028,MAD-SU-0110,SU,Monopole / greenfield,Madaba,Madaba outskirts,Madaba,31.69499,35.78018,32,3,HUB-MAD-02,HUB-MAD-02-R01,Fiber ring,0
RO-06,Jul 2028 – Sep 2028,MAD-SU-0115,SU,Monopole / greenfield,Madaba,Madaba outskirts,Madaba,31.70008,35.76311,32,3,HUB-MAD-02,HUB-MAD-02-R01,Fiber ring,0
RO-06,Jul 2028 – Sep 2028,MAD-SU-0116,SU,Monopole / greenfield,Madaba,Madaba outskirts,Madaba,31.69890,35.77130,32,3,HUB-MAD-02,HUB-MAD-02-R01,Fiber ring,0
RO-06,Jul 2028 – Sep 2028,MAD-U-0005,U,Monopole / greenfield,Madaba,Madaba,Madaba,31.69966,35.77939,30,3,HUB-MAD-02,HUB-MAD-02-R01,Fiber ring,0
RO-06,Jul 2028 – Sep 2028,MAD-U-0006,U,Rooftop,Madaba,Madaba,Madaba,31.70128,35.78412,30,3,HUB-MAD-02,HUB-MAD-02-R01,Fiber ring,1
RO-06,Jul 2028 – Sep 2028,MAD-SU-0103,SU,Monopole / greenfield,Madaba,Madaba outskirts,Amman,31.68363,35.79383,32,3,HUB-MAD-02,HUB-MAD-02-R02,Fiber ring,0
RO-06,Jul 2028 – Sep 2028,MAD-SU-0106,SU,Monopole / greenfield,Madaba,Madaba outskirts,Madaba,31.68872,35.78905,32,3,HUB-MAD-02,HUB-MAD-02-R02,Fiber ring,0
RO-06,Jul 2028 – Sep 2028,MAD-SU-0107,SU,Monopole / greenfield,Madaba,Madaba outskirts,Amman,31.68872,35.79724,32,3,HUB-MAD-02,HUB-MAD-02-R02,Fiber ring,0
RO-06,Jul 2028 – Sep 2028,MAD-SU-0111,SU,Monopole / greenfield,Madaba,Madaba outskirts,Amman,31.69381,35.79383,32,3,HUB-MAD-02,HUB-MAD-02-R02,Fiber ring,0
RO-06,Jul 2028 – Sep 2028,MAD-U-0001,U,Monopole / greenfield,Madaba,Madaba,Madaba,31.69695,35.78648,30,3,HUB-MAD-02,HUB-MAD-02-R02,Fiber ring,0
RO-06,Jul 2028 – Sep 2028,MAD-U-0002,U,Monopole / greenfield,Madaba,Madaba,Madaba,31.69613,35.79121,30,3,HUB-MAD-02,HUB-MAD-02-R02,Fiber ring,0
RO-06,Jul 2028 – Sep 2028,MAD-U-0003,U,Monopole / greenfield,Madaba,Madaba,Amman,31.69695,35.79593,30,3,HUB-MAD-02,HUB-MAD-02-R02,Fiber ring,0
RO-06,Jul 2028 – Sep 2028,MAD-U-0004,U,Monopole / greenfield,Madaba,Madaba,Amman,31.69695,35.80066,30,3,HUB-MAD-02,HUB-MAD-02-R03,Fiber ring,0
RO-06,Jul 2028 – Sep 2028,MAD-U-0007,U,Monopole / greenfield,Madaba,Madaba,Madaba,31.70047,35.78790,30,3,HUB-MAD-02,HUB-MAD-02-R03,Fiber ring,0
RO-06,Jul 2028 – Sep 2028,MAD-U-0008,U,Monopole / greenfield,Madaba,Madaba,Madaba,31.70047,35.79357,30,3,HUB-MAD-02,HUB-MAD-02-R03,Fiber ring,0
RO-06,Jul 2028 – Sep 2028,MAD-U-0009,U,Monopole / greenfield,Madaba,Madaba,Amman,31.70047,35.79830,30,3,HUB-MAD-02,HUB-MAD-02-R03,Fiber ring,0
RO-06,Jul 2028 – Sep 2028,MAD-U-0015,U,Rooftop,Madaba,Madaba,Madaba,31.70440,35.79073,30,3,HUB-MAD-02,HUB-MAD-02-R03,Fiber ring,0
RO-06,Jul 2028 – Sep 2028,MAD-U-0016,U,Monopole / greenfield,Madaba,Madaba,Madaba,31.70481,35.79593,30,3,HUB-MAD-02,HUB-MAD-02-R03,Fiber ring,0
RO-06,Jul 2028 – Sep 2028,MAD-U-0025,U,Rooftop,Madaba,Madaba,Madaba,31.70752,35.79262,30,3,HUB-MAD-02,HUB-MAD-02-R03,Fiber ring,0
RO-06,Jul 2028 – Sep 2028,MAD-U-0014,U,Rooftop,Madaba,Madaba,Madaba,31.70399,35.78554,30,3,HUB-MAD-02,HUB-MAD-02-R04,Fiber ring,0
RO-06,Jul 2028 – Sep 2028,MAD-U-0024,U,Rooftop,Madaba,Madaba,Madaba,31.70833,35.78884,30,3,HUB-MAD-02,HUB-MAD-02-R04,Fiber ring,0
RO-06,Jul 2028 – Sep 2028,MAD-U-0033,U,Rooftop,Madaba,Madaba,Madaba,31.71104,35.78648,30,3,HUB-MAD-02,HUB-MAD-02-R04,Fiber ring,0
RO-06,Jul 2028 – Sep 2028,MAD-U-0034,U,Rooftop,Madaba,Madaba,Madaba,31.71104,35.79026,30,3,HUB-MAD-02,HUB-MAD-02-R04,Fiber ring,0
RO-06,Jul 2028 – Sep 2028,MAD-U-0035,U,Rooftop,Madaba,Madaba,Madaba,31.71186,35.79593,30,3,HUB-MAD-02,HUB-MAD-02-R04,Fiber ring,0
RO-06,Jul 2028 – Sep 2028,MAD-U-0043,U,Rooftop,Madaba,Madaba,Madaba,31.71538,35.78884,30,3,HUB-MAD-02,HUB-MAD-02-R04,Fiber ring,0
RO-06,Jul 2028 – Sep 2028,MAD-U-0044,U,Rooftop,Madaba,Madaba,Madaba,31.71457,35.79357,30,3,HUB-MAD-02,HUB-MAD-02-R04,Fiber ring,0
RO-06,Jul 2028 – Sep 2028,MAD-U-0013,U,Rooftop,Madaba,Madaba,Madaba,31.70399,35.78270,30,3,HUB-MAD-02,HUB-MAD-02-R05,Fiber ring,0
RO-06,Jul 2028 – Sep 2028,MAD-U-0022,U,Monopole / greenfield,Madaba,Madaba,Madaba,31.70833,35.77939,30,3,HUB-MAD-02,HUB-MAD-02-R05,Fiber ring,0
RO-06,Jul 2028 – Sep 2028,MAD-U-0023,U,Rooftop,Madaba,Madaba,Madaba,31.70752,35.78412,30,3,HUB-MAD-02,HUB-MAD-02-R05,Fiber ring,0
RO-06,Jul 2028 – Sep 2028,MAD-U-0030,U,Monopole / greenfield,Madaba,Madaba,Madaba,31.71104,35.77230,30,3,HUB-MAD-02,HUB-MAD-02-R05,Fiber ring,0
RO-06,Jul 2028 – Sep 2028,MAD-U-0031,U,Rooftop,Madaba,Madaba,Madaba,31.71145,35.77750,30,3,HUB-MAD-02,HUB-MAD-02-R05,Fiber ring,0
RO-06,Jul 2028 – Sep 2028,MAD-U-0032,U,Rooftop,Madaba,Madaba,Madaba,31.71104,35.78081,30,3,HUB-MAD-02,HUB-MAD-02-R05,Fiber ring,0
RO-06,Jul 2028 – Sep 2028,MAD-U-0042,U,Rooftop,Madaba,Madaba,Madaba,31.71457,35.78412,30,3,HUB-MAD-02,HUB-MAD-02-R05,Fiber ring,0
RO-06,Jul 2028 – Sep 2028,MAD-SU-0118,SU,Monopole / greenfield,Madaba,Madaba outskirts,Madaba,31.70399,35.75833,32,3,HUB-MAD-02,HUB-MAD-02-R06,Fiber ring,0
RO-06,Jul 2028 – Sep 2028,MAD-SU-0119,SU,Monopole / greenfield,Madaba,Madaba outskirts,Madaba,31.70282,35.76653,32,3,HUB-MAD-02,HUB-MAD-02-R06,Fiber ring,0
RO-06,Jul 2028 – Sep 2028,MAD-SU-0121,SU,Monopole / greenfield,Madaba,Madaba outskirts,Madaba,31.70909,35.76311,32,3,HUB-MAD-02,HUB-MAD-02-R06,Fiber ring,0
RO-06,Jul 2028 – Sep 2028,MAD-U-0012,U,Monopole / greenfield,Madaba,Madaba,Madaba,31.70399,35.77608,30,3,HUB-MAD-02,HUB-MAD-02-R06,Fiber ring,0
RO-06,Jul 2028 – Sep 2028,MAD-U-0021,U,Monopole / greenfield,Madaba,Madaba,Madaba,31.70752,35.77372,30,3,HUB-MAD-02,HUB-MAD-02-R06,Fiber ring,0
RO-06,Jul 2028 – Sep 2028,MAD-SU-0108,SU,Monopole / greenfield,Madaba,Madaba outskirts,Amman,31.68872,35.81090,32,3,HUB-MAD-03,HUB-MAD-03-R01,Fiber ring,0
RO-06,Jul 2028 – Sep 2028,MAD-SU-0112,SU,Monopole / greenfield,Madaba,Madaba outskirts,Amman,31.69381,35.80748,32,3,HUB-MAD-03,HUB-MAD-03-R01,Fiber ring,0
RO-06,Jul 2028 – Sep 2028,MAD-U-0010,U,Monopole / greenfield,Madaba,Madaba,Amman,31.70047,35.80302,30,3,HUB-MAD-03,HUB-MAD-03-R01,Fiber ring,0
RO-06,Jul 2028 – Sep 2028,MAD-U-0011,U,Monopole / greenfield,Madaba,Madaba,Amman,31.70047,35.80775,30,3,HUB-MAD-03,HUB-MAD-03-R01,Fiber ring,0
RO-06,Jul 2028 – Sep 2028,MAD-U-0017,U,Monopole / greenfield,Madaba,Madaba,Amman,31.70399,35.80066,30,3,HUB-MAD-03,HUB-MAD-03-R01,Fiber ring,0
RO-06,Jul 2028 – Sep 2028,MAD-U-0018,U,Monopole / greenfield,Madaba,Madaba,Amman,31.70481,35.80538,30,3,HUB-MAD-03,HUB-MAD-03-R01,Fiber ring,0
RO-06,Jul 2028 – Sep 2028,MAD-U-0019,U,Monopole / greenfield,Madaba,Madaba,Amman,31.70399,35.81011,30,3,HUB-MAD-03,HUB-MAD-03-R01,Fiber ring,0
RO-06,Jul 2028 – Sep 2028,MAD-U-0029,U,Monopole / greenfield,Madaba,Madaba,Amman,31.70752,35.81247,30,3,HUB-MAD-03,HUB-MAD-03-R01,Fiber ring,1
RO-06,Jul 2028 – Sep 2028,MAD-SU-0113,SU,Monopole / greenfield,Madaba,Madaba outskirts,Amman,31.69264,35.81431,32,3,HUB-MAD-03,HUB-MAD-03-R02,Fiber ring,0
RO-06,Jul 2028 – Sep 2028,MAD-SU-0114,SU,Monopole / greenfield,Madaba,Madaba outskirts,Amman,31.69381,35.82250,32,3,HUB-MAD-03,HUB-MAD-03-R02,Fiber ring,0
RO-06,Jul 2028 – Sep 2028,MAD-SU-0117,SU,Monopole / greenfield,Madaba,Madaba outskirts,Amman,31.69890,35.82455,32,3,HUB-MAD-03,HUB-MAD-03-R02,Fiber ring,0
RO-06,Jul 2028 – Sep 2028,MAD-SU-0120,SU,Monopole / greenfield,Madaba,Madaba outskirts,Amman,31.70399,35.82114,32,3,HUB-MAD-03,HUB-MAD-03-R02,Fiber ring,0
RO-06,Jul 2028 – Sep 2028,MAD-SU-0122,SU,Monopole / greenfield,Madaba,Madaba outskirts,Amman,31.70909,35.82592,32,3,HUB-MAD-03,HUB-MAD-03-R02,Fiber ring,0
RO-06,Jul 2028 – Sep 2028,MAD-SU-0123,SU,Monopole / greenfield,Madaba,Madaba outskirts,Amman,31.70909,35.83138,32,3,HUB-MAD-03,HUB-MAD-03-R02,Fiber ring,0
RO-06,Jul 2028 – Sep 2028,MAD-U-0020,U,Monopole / greenfield,Madaba,Madaba,Amman,31.70399,35.81484,30,3,HUB-MAD-03,HUB-MAD-03-R02,Fiber ring,0
RO-06,Jul 2028 – Sep 2028,MAD-SU-0126,SU,Monopole / greenfield,Madaba,Madaba outskirts,Amman,31.71418,35.81977,32,3,HUB-MAD-03,HUB-MAD-03-R03,Fiber ring,0
RO-06,Jul 2028 – Sep 2028,MAD-SU-0127,SU,Monopole / greenfield,Madaba,Madaba outskirts,Amman,31.71418,35.82796,32,3,HUB-MAD-03,HUB-MAD-03-R03,Fiber ring,0
RO-06,Jul 2028 – Sep 2028,MAD-SU-0129,SU,Monopole / greenfield,Madaba,Madaba outskirts,Amman,31.71809,35.82455,32,3,HUB-MAD-03,HUB-MAD-03-R03,Fiber ring,0
RO-06,Jul 2028 – Sep 2028,MAD-SU-0130,SU,Monopole / greenfield,Madaba,Madaba outskirts,Amman,31.72044,35.83138,32,3,HUB-MAD-03,HUB-MAD-03-R03,Fiber ring,0
RO-06,Jul 2028 – Sep 2028,MAD-U-0039,U,Monopole / greenfield,Madaba,Madaba,Amman,31.71104,35.81484,30,3,HUB-MAD-03,HUB-MAD-03-R03,Fiber ring,0
RO-06,Jul 2028 – Sep 2028,MAD-U-0049,U,Monopole / greenfield,Madaba,Madaba,Amman,31.71457,35.81720,30,3,HUB-MAD-03,HUB-MAD-03-R03,Fiber ring,0
RO-06,Jul 2028 – Sep 2028,MAD-U-0060,U,Monopole / greenfield,Madaba,Madaba,Amman,31.71809,35.81956,30,3,HUB-MAD-03,HUB-MAD-03-R03,Fiber ring,0
RO-06,Jul 2028 – Sep 2028,MAD-SU-0133,SU,Monopole / greenfield,Madaba,Madaba outskirts,Madaba,31.72436,35.82114,32,3,HUB-MAD-03,HUB-MAD-03-R04,Fiber ring,0
RO-06,Jul 2028 – Sep 2028,MAD-U-0038,U,Monopole / greenfield,Madaba,Madaba,Amman,31.71104,35.81011,30,3,HUB-MAD-03,HUB-MAD-03-R04,Fiber ring,0
RO-06,Jul 2028 – Sep 2028,MAD-U-0048,U,Monopole / greenfield,Madaba,Madaba,Amman,31.71457,35.81247,30,3,HUB-MAD-03,HUB-MAD-03-R04,Fiber ring,0
RO-06,Jul 2028 – Sep 2028,MAD-U-0058,U,Monopole / greenfield,Madaba,Madaba,Madaba,31.71809,35.81011,30,3,HUB-MAD-03,HUB-MAD-03-R04,Fiber ring,0
RO-06,Jul 2028 – Sep 2028,MAD-U-0059,U,Monopole / greenfield,Madaba,Madaba,Amman,31.71809,35.81484,30,3,HUB-MAD-03,HUB-MAD-03-R04,Fiber ring,0
RO-06,Jul 2028 – Sep 2028,MAD-U-0069,U,Monopole / greenfield,Madaba,Madaba,Madaba,31.72121,35.81295,30,3,HUB-MAD-03,HUB-MAD-03-R04,Fiber ring,0
RO-06,Jul 2028 – Sep 2028,MAD-U-0070,U,Monopole / greenfield,Madaba,Madaba,Madaba,31.72162,35.81720,30,3,HUB-MAD-03,HUB-MAD-03-R04,Fiber ring,0
RO-06,Jul 2028 – Sep 2028,MAD-U-0036,U,Rooftop,Madaba,Madaba,Madaba,31.71104,35.80066,30,3,HUB-MAD-03,HUB-MAD-03-R05,Fiber ring,0
RO-06,Jul 2028 – Sep 2028,MAD-U-0037,U,Rooftop,Madaba,Madaba,Amman,31.71104,35.80444,30,3,HUB-MAD-03,HUB-MAD-03-R05,Fiber ring,0
RO-06,Jul 2028 – Sep 2028,MAD-U-0045,U,Rooftop,Madaba,Madaba,Madaba,31.71457,35.79735,30,3,HUB-MAD-03,HUB-MAD-03-R05,Fiber ring,0
RO-06,Jul 2028 – Sep 2028,MAD-U-0046,U,Rooftop,Madaba,Madaba,Madaba,31.71457,35.80302,30,3,HUB-MAD-03,HUB-MAD-03-R05,Fiber ring,0
RO-06,Jul 2028 – Sep 2028,MAD-U-0047,U,Monopole / greenfield,Madaba,Madaba,Amman,31.71457,35.80775,30,3,HUB-MAD-03,HUB-MAD-03-R05,Fiber ring,0
RO-06,Jul 2028 – Sep 2028,MAD-U-0056,U,Rooftop,Madaba,Madaba,Madaba,31.71891,35.80066,30,3,HUB-MAD-03,HUB-MAD-03-R05,Fiber ring,0
RO-06,Jul 2028 – Sep 2028,MAD-U-0057,U,Rooftop,Madaba,Madaba,Madaba,31.71809,35.80538,30,3,HUB-MAD-03,HUB-MAD-03-R05,Fiber ring,0
RO-06,Jul 2028 – Sep 2028,MAD-U-0026,U,Rooftop,Madaba,Madaba,Madaba,31.70752,35.79830,30,3,HUB-MAD-03,HUB-MAD-03-R06,Fiber ring,0
RO-06,Jul 2028 – Sep 2028,MAD-U-0027,U,Rooftop,Madaba,Madaba,Amman,31.70752,35.80302,30,3,HUB-MAD-03,HUB-MAD-03-R06,Fiber ring,0
RO-06,Jul 2028 – Sep 2028,MAD-U-0028,U,Monopole / greenfield,Madaba,Madaba,Amman,31.70752,35.80680,30,3,HUB-MAD-03,HUB-MAD-03-R06,Fiber ring,0
RO-06,Jul 2028 – Sep 2028,MAD-SU-0124,SU,Monopole / greenfield,Madaba,Madaba outskirts,Madaba,31.71418,35.75833,32,3,HUB-MAD-04,HUB-MAD-04-R01,Fiber ring,0
RO-06,Jul 2028 – Sep 2028,MAD-SU-0125,SU,Monopole / greenfield,Madaba,Madaba outskirts,Madaba,31.71300,35.76653,32,3,HUB-MAD-04,HUB-MAD-04-R01,Fiber ring,0
RO-06,Jul 2028 – Sep 2028,MAD-SU-0128,SU,Monopole / greenfield,Madaba,Madaba outskirts,Madaba,31.72044,35.76311,32,3,HUB-MAD-04,HUB-MAD-04-R01,Fiber ring,0
RO-06,Jul 2028 – Sep 2028,MAD-SU-0131,SU,Monopole / greenfield,Madaba,Madaba outskirts,Madaba,31.72318,35.75970,32,3,HUB-MAD-04,HUB-MAD-04-R01,Fiber ring,0
RO-06,Jul 2028 – Sep 2028,MAD-SU-0132,SU,Monopole / greenfield,Madaba,Madaba outskirts,Madaba,31.72318,35.76653,32,3,HUB-MAD-04,HUB-MAD-04-R01,Fiber ring,0
RO-06,Jul 2028 – Sep 2028,MAD-U-0050,U,Monopole / greenfield,Madaba,Madaba,Madaba,31.71728,35.77230,30,3,HUB-MAD-04,HUB-MAD-04-R01,Fiber ring,0
RO-06,Jul 2028 – Sep 2028,MAD-U-0061,U,Monopole / greenfield,Madaba,Madaba,Madaba,31.72162,35.77467,30,3,HUB-MAD-04,HUB-MAD-04-R01,Fiber ring,0
RO-06,Jul 2028 – Sep 2028,MAD-U-0072,U,Monopole / greenfield,Madaba,Madaba,Madaba,31.72514,35.77703,30,3,HUB-MAD-04,HUB-MAD-04-R01,Fiber ring,1
RO-06,Jul 2028 – Sep 2028,MAD-U-0040,U,Rooftop,Madaba,Madaba,Madaba,31.71416,35.77514,30,3,HUB-MAD-04,HUB-MAD-04-R02,Fiber ring,0
RO-06,Jul 2028 – Sep 2028,MAD-U-0041,U,Rooftop,Madaba,Madaba,Madaba,31.71457,35.77845,30,3,HUB-MAD-04,HUB-MAD-04-R02,Fiber ring,0
RO-06,Jul 2028 – Sep 2028,MAD-U-0051,U,Rooftop,Madaba,Madaba,Madaba,31.71809,35.77703,30,3,HUB-MAD-04,HUB-MAD-04-R02,Fiber ring,0
RO-06,Jul 2028 – Sep 2028,MAD-U-0052,U,Rooftop,Madaba,Madaba,Madaba,31.71891,35.78175,30,3,HUB-MAD-04,HUB-MAD-04-R02,Fiber ring,0
RO-06,Jul 2028 – Sep 2028,MAD-U-0053,U,Rooftop,Madaba,Madaba,Madaba,31.71809,35.78743,30,3,HUB-MAD-04,HUB-MAD-04-R02,Fiber ring,0
RO-06,Jul 2028 – Sep 2028,MAD-U-0054,U,Rooftop,Madaba,Madaba,Madaba,31.71809,35.79026,30,3,HUB-MAD-04,HUB-MAD-04-R02,Fiber ring,0
RO-06,Jul 2028 – Sep 2028,MAD-U-0062,U,Rooftop,Madaba,Madaba,Madaba,31.72162,35.78034,30,3,HUB-MAD-04,HUB-MAD-04-R02,Fiber ring,0
RO-06,Jul 2028 – Sep 2028,MAD-U-0055,U,Rooftop,Madaba,Madaba,Madaba,31.71809,35.79499,30,3,HUB-MAD-04,HUB-MAD-04-R03,Fiber ring,0
RO-06,Jul 2028 – Sep 2028,MAD-U-0063,U,Rooftop,Madaba,Madaba,Madaba,31.72243,35.78412,30,3,HUB-MAD-04,HUB-MAD-04-R03,Fiber ring,0
RO-06,Jul 2028 – Sep 2028,MAD-U-0064,U,Rooftop,Madaba,Madaba,Madaba,31.72162,35.78790,30,3,HUB-MAD-04,HUB-MAD-04-R03,Fiber ring,0
RO-06,Jul 2028 – Sep 2028,MAD-U-0065,U,Rooftop,Madaba,Madaba,Madaba,31.72162,35.79357,30,3,HUB-MAD-04,HUB-MAD-04-R03,Fiber ring,0
RO-06,Jul 2028 – Sep 2028,MAD-U-0073,U,Monopole / greenfield,Madaba,Madaba,Madaba,31.72514,35.78270,30,3,HUB-MAD-04,HUB-MAD-04-R03,Fiber ring,0
RO-06,Jul 2028 – Sep 2028,MAD-U-0074,U,Rooftop,Madaba,Madaba,Madaba,31.72473,35.78601,30,3,HUB-MAD-04,HUB-MAD-04-R03,Fiber ring,0
RO-06,Jul 2028 – Sep 2028,MAD-U-0075,U,Rooftop,Madaba,Madaba,Madaba,31.72433,35.79121,30,3,HUB-MAD-04,HUB-MAD-04-R03,Fiber ring,0
RO-06,Jul 2028 – Sep 2028,MAD-U-0083,U,Rooftop,Madaba,Madaba,Madaba,31.72867,35.78412,30,3,HUB-MAD-04,HUB-MAD-04-R04,Fiber ring,0
RO-06,Jul 2028 – Sep 2028,MAD-U-0084,U,Rooftop,Madaba,Madaba,Madaba,31.72867,35.78790,30,3,HUB-MAD-04,HUB-MAD-04-R04,Fiber ring,0
RO-06,Jul 2028 – Sep 2028,MAD-U-0091,U,Monopole / greenfield,Madaba,Madaba,Madaba,31.73219,35.78175,30,3,HUB-MAD-04,HUB-MAD-04-R04,Fiber ring,0
RO-06,Jul 2028 – Sep 2028,MAD-U-0092,U,Rooftop,Madaba,Madaba,Madaba,31.73219,35.78648,30,3,HUB-MAD-04,HUB-MAD-04-R04,Fiber ring,0
RO-06,Jul 2028 – Sep 2028,MAD-U-0093,U,Rooftop,Madaba,Madaba,Madaba,31.73219,35.79026,30,3,HUB-MAD-04,HUB-MAD-04-R04,Fiber ring,0
RO-06,Jul 2028 – Sep 2028,MAD-U-0098,U,Monopole / greenfield,Madaba,Madaba,Madaba,31.73571,35.78412,30,3,HUB-MAD-04,HUB-MAD-04-R04,Fiber ring,0
RO-06,Jul 2028 – Sep 2028,MAD-U-0099,U,Monopole / greenfield,Madaba,Madaba,Madaba,31.73531,35.78837,30,3,HUB-MAD-04,HUB-MAD-04-R04,Fiber ring,0
RO-06,Jul 2028 – Sep 2028,MAD-SU-0143,SU,Monopole / greenfield,Madaba,Madaba outskirts,Madaba,31.73963,35.76994,32,3,HUB-MAD-04,HUB-MAD-04-R05,Fiber ring,0
RO-06,Jul 2028 – Sep 2028,MAD-SU-0144,SU,Monopole / greenfield,Madaba,Madaba outskirts,Madaba,31.73963,35.77677,32,3,HUB-MAD-04,HUB-MAD-04-R05,Fiber ring,0
RO-06,Jul 2028 – Sep 2028,MAD-SU-0145,SU,Monopole / greenfield,Madaba,Madaba outskirts,Madaba,31.73963,35.78359,32,3,HUB-MAD-04,HUB-MAD-04-R05,Fiber ring,0
RO-06,Jul 2028 – Sep 2028,MAD-SU-0151,SU,Monopole / greenfield,Madaba,Madaba outskirts,Madaba,31.74472,35.78018,32,3,HUB-MAD-04,HUB-MAD-04-R05,Fiber ring,0
RO-06,Jul 2028 – Sep 2028,MAD-SU-0152,SU,Monopole / greenfield,Madaba,Madaba outskirts,Madaba,31.74355,35.78701,32,3,HUB-MAD-04,HUB-MAD-04-R05,Fiber ring,0
RO-06,Jul 2028 – Sep 2028,MAD-U-0082,U,Monopole / greenfield,Madaba,Madaba,Madaba,31.72867,35.77939,30,3,HUB-MAD-04,HUB-MAD-04-R05,Fiber ring,0
RO-06,Jul 2028 – Sep 2028,MAD-U-0090,U,Monopole / greenfield,Madaba,Madaba,Madaba,31.73219,35.77703,30,3,HUB-MAD-04,HUB-MAD-04-R05,Fiber ring,0
RO-06,Jul 2028 – Sep 2028,MAD-SU-0134,SU,Monopole / greenfield,Madaba,Madaba outskirts,Madaba,31.73062,35.76311,32,3,HUB-MAD-04,HUB-MAD-04-R06,Fiber ring,0
RO-06,Jul 2028 – Sep 2028,MAD-SU-0135,SU,Monopole / greenfield,Madaba,Madaba outskirts,Madaba,31.72945,35.76994,32,3,HUB-MAD-04,HUB-MAD-04-R06,Fiber ring,0
RO-06,Jul 2028 – Sep 2028,MAD-SU-0138,SU,Monopole / greenfield,Madaba,Madaba outskirts,Madaba,31.73336,35.76653,32,3,HUB-MAD-04,HUB-MAD-04-R06,Fiber ring,0
RO-06,Jul 2028 – Sep 2028,MAD-SU-0139,SU,Monopole / greenfield,Madaba,Madaba outskirts,Madaba,31.73454,35.77199,32,3,HUB-MAD-04,HUB-MAD-04-R06,Fiber ring,0
RO-06,Jul 2028 – Sep 2028,MAD-U-0071,U,Monopole / greenfield,Madaba,Madaba,Madaba,31.72596,35.77230,30,3,HUB-MAD-04,HUB-MAD-04-R06,Fiber ring,0
RO-06,Jul 2028 – Sep 2028,MAD-U-0081,U,Monopole / greenfield,Madaba,Madaba,Madaba,31.72867,35.77467,30,3,HUB-MAD-04,HUB-MAD-04-R06,Fiber ring,0
RO-06,Jul 2028 – Sep 2028,MAF-SU-0121,SU,Monopole / greenfield,Mafraq,Mafraq outskirts,Mafraq,32.30981,36.20683,32,3,HUB-MAF-02,HUB-MAF-02-R01,Fiber ring,0
RO-06,Jul 2028 – Sep 2028,MAF-SU-0122,SU,Monopole / greenfield,Mafraq,Mafraq outskirts,Mafraq,32.31607,36.18976,32,3,HUB-MAF-02,HUB-MAF-02-R01,Fiber ring,0
RO-06,Jul 2028 – Sep 2028,MAF-SU-0123,SU,Monopole / greenfield,Mafraq,Mafraq outskirts,Mafraq,32.31490,36.19522,32,3,HUB-MAF-02,HUB-MAF-02-R01,Fiber ring,0
RO-06,Jul 2028 – Sep 2028,MAF-SU-0124,SU,Monopole / greenfield,Mafraq,Mafraq outskirts,Mafraq,32.31490,36.20341,32,3,HUB-MAF-02,HUB-MAF-02-R01,Fiber ring,0
RO-06,Jul 2028 – Sep 2028,MAF-SU-0131,SU,Monopole / greenfield,Mafraq,Mafraq outskirts,Mafraq,32.31999,36.19317,32,3,HUB-MAF-02,HUB-MAF-02-R01,Fiber ring,0
RO-06,Jul 2028 – Sep 2028,MAF-SU-0132,SU,Monopole / greenfield,Mafraq,Mafraq outskirts,Mafraq,32.31999,36.20000,32,3,HUB-MAF-02,HUB-MAF-02-R01,Fiber ring,0
RO-06,Jul 2028 – Sep 2028,MAF-SU-0133,SU,Monopole / greenfield,Mafraq,Mafraq outskirts,Mafraq,32.31999,36.20683,32,3,HUB-MAF-02,HUB-MAF-02-R01,Fiber ring,0
RO-06,Jul 2028 – Sep 2028,MAF-U-0003,U,Monopole / greenfield,Mafraq,Mafraq,Mafraq,32.32430,36.20709,30,3,HUB-MAF-02,HUB-MAF-02-R01,Fiber ring,1
RO-06,Jul 2028 – Sep 2028,MAF-SU-0125,SU,Monopole / greenfield,Mafraq,Mafraq outskirts,Mafraq,32.31490,36.21024,32,3,HUB-MAF-02,HUB-MAF-02-R02,Fiber ring,0
RO-06,Jul 2028 – Sep 2028,MAF-SU-0126,SU,Monopole / greenfield,Mafraq,Mafraq outskirts,Mafraq,32.31490,36.21707,32,3,HUB-MAF-02,HUB-MAF-02-R02,Fiber ring,0
RO-06,Jul 2028 – Sep 2028,MAF-SU-0127,SU,Monopole / greenfield,Mafraq,Mafraq outskirts,Mafraq,32.31490,36.22389,32,3,HUB-MAF-02,HUB-MAF-02-R02,Fiber ring,0
RO-06,Jul 2028 – Sep 2028,MAF-SU-0134,SU,Monopole / greenfield,Mafraq,Mafraq outskirts,Mafraq,32.31999,36.21365,32,3,HUB-MAF-02,HUB-MAF-02-R02,Fiber ring,0
RO-06,Jul 2028 – Sep 2028,MAF-SU-0135,SU,Monopole / greenfield,Mafraq,Mafraq outskirts,Mafraq,32.31999,36.22048,32,3,HUB-MAF-02,HUB-MAF-02-R02,Fiber ring,0
RO-06,Jul 2028 – Sep 2028,MAF-U-0004,U,Monopole / greenfield,Mafraq,Mafraq,Mafraq,32.32430,36.21181,30,3,HUB-MAF-02,HUB-MAF-02-R02,Fiber ring,0
RO-06,Jul 2028 – Sep 2028,MAF-U-0005,U,Monopole / greenfield,Mafraq,Mafraq,Mafraq,32.32430,36.21654,30,3,HUB-MAF-02,HUB-MAF-02-R02,Fiber ring,0
RO-06,Jul 2028 – Sep 2028,MAF-U-0006,U,Monopole / greenfield,Mafraq,Mafraq,Mafraq,32.32430,36.22127,30,3,HUB-MAF-02,HUB-MAF-02-R03,Fiber ring,0
RO-06,Jul 2028 – Sep 2028,MAF-U-0011,U,Rooftop,Mafraq,Mafraq,Mafraq,32.32782,36.20945,30,3,HUB-MAF-02,HUB-MAF-02-R03,Fiber ring,0
RO-06,Jul 2028 – Sep 2028,MAF-U-0012,U,Rooftop,Mafraq,Mafraq,Mafraq,32.32782,36.21418,30,3,HUB-MAF-02,HUB-MAF-02-R03,Fiber ring,0
RO-06,Jul 2028 – Sep 2028,MAF-U-0013,U,Monopole / greenfield,Mafraq,Mafraq,Mafraq,32.32782,36.21890,30,3,HUB-MAF-02,HUB-MAF-02-R03,Fiber ring,0
RO-06,Jul 2028 – Sep 2028,MAF-U-0022,U,Monopole / greenfield,Mafraq,Mafraq,Mafraq,32.33135,36.21181,30,3,HUB-MAF-02,HUB-MAF-02-R03,Fiber ring,0
RO-06,Jul 2028 – Sep 2028,MAF-U-0023,U,Monopole / greenfield,Mafraq,Mafraq,Mafraq,32.33135,36.21654,30,3,HUB-MAF-02,HUB-MAF-02-R03,Fiber ring,0
RO-06,Jul 2028 – Sep 2028,MAF-U-0034,U,Monopole / greenfield,Mafraq,Mafraq,Mafraq,32.33487,36.21418,30,3,HUB-MAF-02,HUB-MAF-02-R03,Fiber ring,0
RO-06,Jul 2028 – Sep 2028,MAF-U-0010,U,Rooftop,Mafraq,Mafraq,Mafraq,32.32782,36.20473,30,3,HUB-MAF-02,HUB-MAF-02-R04,Fiber ring,0
RO-06,Jul 2028 – Sep 2028,MAF-U-0021,U,Monopole / greenfield,Mafraq,Mafraq,Mafraq,32.33135,36.20709,30,3,HUB-MAF-02,HUB-MAF-02-R04,Fiber ring,0
RO-06,Jul 2028 – Sep 2028,MAF-U-0032,U,Rooftop,Mafraq,Mafraq,Mafraq,32.33487,36.20473,30,3,HUB-MAF-02,HUB-MAF-02-R04,Fiber ring,0
RO-06,Jul 2028 – Sep 2028,MAF-U-0033,U,Rooftop,Mafraq,Mafraq,Mafraq,32.33487,36.20945,30,3,HUB-MAF-02,HUB-MAF-02-R04,Fiber ring,0
RO-06,Jul 2028 – Sep 2028,MAF-U-0043,U,Rooftop,Mafraq,Mafraq,Mafraq,32.33839,36.20236,30,3,HUB-MAF-02,HUB-MAF-02-R04,Fiber ring,0
RO-06,Jul 2028 – Sep 2028,MAF-U-0044,U,Rooftop,Mafraq,Mafraq,Mafraq,32.33839,36.20709,30,3,HUB-MAF-02,HUB-MAF-02-R04,Fiber ring,0
RO-06,Jul 2028 – Sep 2028,MAF-U-0045,U,Rooftop,Mafraq,Mafraq,Mafraq,32.33839,36.21181,30,3,HUB-MAF-02,HUB-MAF-02-R04,Fiber ring,0
RO-06,Jul 2028 – Sep 2028,MAF-U-0001,U,Monopole / greenfield,Mafraq,Mafraq,Mafraq,32.32430,36.19764,30,3,HUB-MAF-02,HUB-MAF-02-R05,Fiber ring,0
RO-06,Jul 2028 – Sep 2028,MAF-U-0002,U,Monopole / greenfield,Mafraq,Mafraq,Mafraq,32.32430,36.20236,30,3,HUB-MAF-02,HUB-MAF-02-R05,Fiber ring,0
RO-06,Jul 2028 – Sep 2028,MAF-U-0008,U,Monopole / greenfield,Mafraq,Mafraq,Mafraq,32.32782,36.19527,30,3,HUB-MAF-02,HUB-MAF-02-R05,Fiber ring,0
RO-06,Jul 2028 – Sep 2028,MAF-U-0009,U,Monopole / greenfield,Mafraq,Mafraq,Mafraq,32.32782,36.20000,30,3,HUB-MAF-02,HUB-MAF-02-R05,Fiber ring,0
RO-06,Jul 2028 – Sep 2028,MAF-U-0019,U,Monopole / greenfield,Mafraq,Mafraq,Mafraq,32.33135,36.19764,30,3,HUB-MAF-02,HUB-MAF-02-R05,Fiber ring,0
RO-06,Jul 2028 – Sep 2028,MAF-U-0020,U,Rooftop,Mafraq,Mafraq,Mafraq,32.33135,36.20236,30,3,HUB-MAF-02,HUB-MAF-02-R05,Fiber ring,0
RO-06,Jul 2028 – Sep 2028,MAF-U-0031,U,Rooftop,Mafraq,Mafraq,Mafraq,32.33487,36.20000,30,3,HUB-MAF-02,HUB-MAF-02-R05,Fiber ring,0
RO-06,Jul 2028 – Sep 2028,MAF-U-0056,U,Rooftop,Mafraq,Mafraq,Mafraq,32.34192,36.20473,30,3,HUB-MAF-05,HUB-MAF-05-R01,Fiber ring,0
RO-06,Jul 2028 – Sep 2028,MAF-U-0057,U,Rooftop,Mafraq,Mafraq,Mafraq,32.34192,36.20945,30,3,HUB-MAF-05,HUB-MAF-05-R01,Fiber ring,0
RO-06,Jul 2028 – Sep 2028,MAF-U-0067,U,Rooftop,Mafraq,Mafraq,Mafraq,32.34544,36.20142,30,3,HUB-MAF-05,HUB-MAF-05-R01,Fiber ring,0
RO-06,Jul 2028 – Sep 2028,MAF-U-0068,U,Rooftop,Mafraq,Mafraq,Mafraq,32.34544,36.20709,30,3,HUB-MAF-05,HUB-MAF-05-R01,Fiber ring,0
RO-06,Jul 2028 – Sep 2028,MAF-U-0080,U,Rooftop,Mafraq,Mafraq,Mafraq,32.34897,36.20473,30,3,HUB-MAF-05,HUB-MAF-05-R01,Fiber ring,0
RO-06,Jul 2028 – Sep 2028,MAF-U-0081,U,Rooftop,Mafraq,Mafraq,Mafraq,32.34897,36.20945,30,3,HUB-MAF-05,HUB-MAF-05-R01,Fiber ring,0
RO-06,Jul 2028 – Sep 2028,MAF-U-0082,U,Rooftop,Mafraq,Mafraq,Mafraq,32.34897,36.21418,30,3,HUB-MAF-05,HUB-MAF-05-R01,Fiber ring,0
RO-06,Jul 2028 – Sep 2028,MAF-U-0094,U,Monopole / greenfield,Mafraq,Mafraq,Mafraq,32.35249,36.21654,30,3,HUB-MAF-05,HUB-MAF-05-R01,Fiber ring,1
RO-06,Jul 2028 – Sep 2028,MAF-U-0058,U,Rooftop,Mafraq,Mafraq,Mafraq,32.34192,36.21418,30,3,HUB-MAF-05,HUB-MAF-05-R02,Fiber ring,0
RO-06,Jul 2028 – Sep 2028,MAF-U-0059,U,Monopole / greenfield,Mafraq,Mafraq,Mafraq,32.34192,36.21890,30,3,HUB-MAF-05,HUB-MAF-05-R02,Fiber ring,0
RO-06,Jul 2028 – Sep 2028,MAF-U-0069,U,Rooftop,Mafraq,Mafraq,Mafraq,32.34544,36.21181,30,3,HUB-MAF-05,HUB-MAF-05-R02,Fiber ring,0
RO-06,Jul 2028 – Sep 2028,MAF-U-0070,U,Rooftop,Mafraq,Mafraq,Mafraq,32.34544,36.21560,30,3,HUB-MAF-05,HUB-MAF-05-R02,Fiber ring,0
RO-06,Jul 2028 – Sep 2028,MAF-U-0071,U,Monopole / greenfield,Mafraq,Mafraq,Mafraq,32.34544,36.22127,30,3,HUB-MAF-05,HUB-MAF-05-R02,Fiber ring,0
RO-06,Jul 2028 – Sep 2028,MAF-U-0083,U,Rooftop,Mafraq,Mafraq,Mafraq,32.34897,36.21796,30,3,HUB-MAF-05,HUB-MAF-05-R02,Fiber ring,0
RO-06,Jul 2028 – Sep 2028,MAF-U-0084,U,Monopole / greenfield,Mafraq,Mafraq,Mafraq,32.34897,36.22363,30,3,HUB-MAF-05,HUB-MAF-05-R02,Fiber ring,0
RO-06,Jul 2028 – Sep 2028,MAF-SU-0161,SU,Monopole / greenfield,Mafraq,Mafraq outskirts,Mafraq,32.35562,36.23754,32,3,HUB-MAF-05,HUB-MAF-05-R03,Fiber ring,0
RO-06,Jul 2028 – Sep 2028,MAF-U-0085,U,Monopole / greenfield,Mafraq,Mafraq,Mafraq,32.34897,36.22836,30,3,HUB-MAF-05,HUB-MAF-05-R03,Fiber ring,0
RO-06,Jul 2028 – Sep 2028,MAF-U-0095,U,Monopole / greenfield,Mafraq,Mafraq,Mafraq,32.35249,36.22127,30,3,HUB-MAF-05,HUB-MAF-05-R03,Fiber ring,0
RO-06,Jul 2028 – Sep 2028,MAF-U-0096,U,Monopole / greenfield,Mafraq,Mafraq,Mafraq,32.35249,36.22599,30,3,HUB-MAF-05,HUB-MAF-05-R03,Fiber ring,0
RO-06,Jul 2028 – Sep 2028,MAF-U-0097,U,Monopole / greenfield,Mafraq,Mafraq,Mafraq,32.35249,36.23072,30,3,HUB-MAF-05,HUB-MAF-05-R03,Fiber ring,0
RO-06,Jul 2028 – Sep 2028,MAF-U-0106,U,Monopole / greenfield,Mafraq,Mafraq,Mafraq,32.35602,36.22363,30,3,HUB-MAF-05,HUB-MAF-05-R03,Fiber ring,0
RO-06,Jul 2028 – Sep 2028,MAF-U-0107,U,Monopole / greenfield,Mafraq,Mafraq,Mafraq,32.35602,36.22836,30,3,HUB-MAF-05,HUB-MAF-05-R03,Fiber ring,0
RO-06,Jul 2028 – Sep 2028,MAF-SU-0169,SU,Monopole / greenfield,Mafraq,Mafraq outskirts,Mafraq,32.36581,36.22389,32,3,HUB-MAF-05,HUB-MAF-05-R04,Fiber ring,0
RO-06,Jul 2028 – Sep 2028,MAF-SU-0175,SU,Monopole / greenfield,Mafraq,Mafraq outskirts,Mafraq,32.37090,36.22048,32,3,HUB-MAF-05,HUB-MAF-05-R04,Fiber ring,0
RO-06,Jul 2028 – Sep 2028,MAF-U-0105,U,Monopole / greenfield,Mafraq,Mafraq,Mafraq,32.35602,36.21890,30,3,HUB-MAF-05,HUB-MAF-05-R04,Fiber ring,0
RO-06,Jul 2028 – Sep 2028,MAF-U-0113,U,Monopole / greenfield,Mafraq,Mafraq,Mafraq,32.35954,36.21654,30,3,HUB-MAF-05,HUB-MAF-05-R04,Fiber ring,0
RO-06,Jul 2028 – Sep 2028,MAF-U-0114,U,Monopole / greenfield,Mafraq,Mafraq,Mafraq,32.35954,36.22127,30,3,HUB-MAF-05,HUB-MAF-05-R04,Fiber ring,0
RO-06,Jul 2028 – Sep 2028,MAF-U-0115,U,Monopole / greenfield,Mafraq,Mafraq,Mafraq,32.35954,36.22599,30,3,HUB-MAF-05,HUB-MAF-05-R04,Fiber ring,0
RO-06,Jul 2028 – Sep 2028,MAF-U-0120,U,Monopole / greenfield,Mafraq,Mafraq,Mafraq,32.36307,36.21890,30,3,HUB-MAF-05,HUB-MAF-05-R04,Fiber ring,0
RO-06,Jul 2028 – Sep 2028,MAF-SU-0174,SU,Monopole / greenfield,Mafraq,Mafraq outskirts,Mafraq,32.37090,36.21365,32,3,HUB-MAF-05,HUB-MAF-05-R05,Fiber ring,0
RO-06,Jul 2028 – Sep 2028,MAF-U-0103,U,Monopole / greenfield,Mafraq,Mafraq,Mafraq,32.35602,36.20945,30,3,HUB-MAF-05,HUB-MAF-05-R05,Fiber ring,0
RO-06,Jul 2028 – Sep 2028,MAF-U-0104,U,Monopole / greenfield,Mafraq,Mafraq,Mafraq,32.35602,36.21323,30,3,HUB-MAF-05,HUB-MAF-05-R05,Fiber ring,0
RO-06,Jul 2028 – Sep 2028,MAF-U-0111,U,Monopole / greenfield,Mafraq,Mafraq,Mafraq,32.35873,36.20709,30,3,HUB-MAF-05,HUB-MAF-05-R05,Fiber ring,0
RO-06,Jul 2028 – Sep 2028,MAF-U-0112,U,Monopole / greenfield,Mafraq,Mafraq,Mafraq,32.35954,36.21181,30,3,HUB-MAF-05,HUB-MAF-05-R05,Fiber ring,0
RO-06,Jul 2028 – Sep 2028,MAF-U-0118,U,Monopole / greenfield,Mafraq,Mafraq,Mafraq,32.36307,36.20945,30,3,HUB-MAF-05,HUB-MAF-05-R05,Fiber ring,0
RO-06,Jul 2028 – Sep 2028,MAF-U-0119,U,Monopole / greenfield,Mafraq,Mafraq,Mafraq,32.36307,36.21418,30,3,HUB-MAF-05,HUB-MAF-05-R05,Fiber ring,0
RO-06,Jul 2028 – Sep 2028,MAF-U-0092,U,Monopole / greenfield,Mafraq,Mafraq,Mafraq,32.35249,36.20709,30,3,HUB-MAF-05,HUB-MAF-05-R06,Fiber ring,0
RO-06,Jul 2028 – Sep 2028,MAF-U-0093,U,Monopole / greenfield,Mafraq,Mafraq,Mafraq,32.35249,36.21181,30,3,HUB-MAF-05,HUB-MAF-05-R06,Fiber ring,0
RO-06,Jul 2028 – Sep 2028,MAF-U-0102,U,Monopole / greenfield,Mafraq,Mafraq,Mafraq,32.35602,36.20473,30,3,HUB-MAF-05,HUB-MAF-05-R06,Fiber ring,0
RO-06,Jul 2028 – Sep 2028,TAF-SU-0046,SU,Monopole / greenfield,Tafilah,Tafilah outskirts,Tafilah,30.81819,35.59041,32,3,HUB-TAF-02,HUB-TAF-02-R01,Fiber ring,0
RO-06,Jul 2028 – Sep 2028,TAF-SU-0049,SU,Monopole / greenfield,Tafilah,Tafilah outskirts,Tafilah,30.82328,35.58699,32,3,HUB-TAF-02,HUB-TAF-02-R01,Fiber ring,0
RO-06,Jul 2028 – Sep 2028,TAF-SU-0050,SU,Monopole / greenfield,Tafilah,Tafilah outskirts,Tafilah,30.82210,35.59245,32,3,HUB-TAF-02,HUB-TAF-02-R01,Fiber ring,0
RO-06,Jul 2028 – Sep 2028,TAF-SU-0052,SU,Monopole / greenfield,Tafilah,Tafilah outskirts,Tafilah,30.82778,35.58153,32,3,HUB-TAF-02,HUB-TAF-02-R01,Fiber ring,0
RO-06,Jul 2028 – Sep 2028,TAF-SU-0053,SU,Rooftop,Tafilah,Tafilah outskirts,Tafilah,30.82719,35.58904,32,3,HUB-TAF-02,HUB-TAF-02-R01,Fiber ring,0
RO-06,Jul 2028 – Sep 2028,TAF-U-0003,U,Rooftop,Tafilah,Tafilah,Tafilah,30.82560,35.59508,30,3,HUB-TAF-02,HUB-TAF-02-R01,Fiber ring,0
RO-06,Jul 2028 – Sep 2028,TAF-U-0004,U,Rooftop,Tafilah,Tafilah,Tafilah,30.82641,35.60075,30,3,HUB-TAF-02,HUB-TAF-02-R01,Fiber ring,0
RO-06,Jul 2028 – Sep 2028,TAF-U-0010,U,Rooftop,Tafilah,Tafilah,Tafilah,30.82953,35.60264,30,3,HUB-TAF-02,HUB-TAF-02-R01,Fiber ring,1
RO-06,Jul 2028 – Sep 2028,TAF-SU-0044,SU,Monopole / greenfield,Tafilah,Tafilah outskirts,Tafilah,30.81251,35.59314,32,3,HUB-TAF-02,HUB-TAF-02-R02,Fiber ring,0
RO-06,Jul 2028 – Sep 2028,TAF-SU-0045,SU,Monopole / greenfield,Tafilah,Tafilah outskirts,Tafilah,30.81309,35.60065,32,3,HUB-TAF-02,HUB-TAF-02-R02,Fiber ring,0
RO-06,Jul 2028 – Sep 2028,TAF-SU-0047,SU,Monopole / greenfield,Tafilah,Tafilah outskirts,Tafilah,30.81760,35.59655,32,3,HUB-TAF-02,HUB-TAF-02-R02,Fiber ring,0
RO-06,Jul 2028 – Sep 2028,TAF-SU-0048,SU,Monopole / greenfield,Tafilah,Tafilah outskirts,Tafilah,30.81877,35.60338,32,3,HUB-TAF-02,HUB-TAF-02-R02,Fiber ring,0
RO-06,Jul 2028 – Sep 2028,TAF-U-0001,U,Monopole / greenfield,Tafilah,Tafilah,Tafilah,30.82288,35.60311,30,3,HUB-TAF-02,HUB-TAF-02-R02,Fiber ring,0
RO-06,Jul 2028 – Sep 2028,TAF-U-0002,U,Monopole / greenfield,Tafilah,Tafilah,Tafilah,30.82288,35.60595,30,3,HUB-TAF-02,HUB-TAF-02-R02,Fiber ring,0
RO-06,Jul 2028 – Sep 2028,TAF-U-0005,U,Rooftop,Tafilah,Tafilah,Tafilah,30.82560,35.60453,30,3,HUB-TAF-02,HUB-TAF-02-R02,Fiber ring,0
RO-06,Jul 2028 – Sep 2028,TAF-SU-0051,SU,Monopole / greenfield,Tafilah,Tafilah outskirts,Tafilah,30.82210,35.62659,32,3,HUB-TAF-02,HUB-TAF-02-R03,Fiber ring,0
RO-06,Jul 2028 – Sep 2028,TAF-SU-0054,SU,Rooftop,Tafilah,Tafilah outskirts,Tafilah,30.82837,35.62181,32,3,HUB-TAF-02,HUB-TAF-02-R03,Fiber ring,0
RO-06,Jul 2028 – Sep 2028,TAF-U-0006,U,Monopole / greenfield,Tafilah,Tafilah,Tafilah,30.82682,35.60973,30,3,HUB-TAF-02,HUB-TAF-02-R03,Fiber ring,0
RO-06,Jul 2028 – Sep 2028,TAF-U-0007,U,Monopole / greenfield,Tafilah,Tafilah,Tafilah,30.82560,35.61398,30,3,HUB-TAF-02,HUB-TAF-02-R03,Fiber ring,0
RO-06,Jul 2028 – Sep 2028,TAF-U-0011,U,Rooftop,Tafilah,Tafilah,Tafilah,30.82993,35.60784,30,3,HUB-TAF-02,HUB-TAF-02-R03,Fiber ring,0
RO-06,Jul 2028 – Sep 2028,TAF-U-0012,U,Monopole / greenfield,Tafilah,Tafilah,Tafilah,30.82912,35.61162,30,3,HUB-TAF-02,HUB-TAF-02-R03,Fiber ring,0
RO-06,Jul 2028 – Sep 2028,TAF-U-0013,U,Monopole / greenfield,Tafilah,Tafilah,Tafilah,30.82912,35.61635,30,3,HUB-TAF-02,HUB-TAF-02-R03,Fiber ring,0
RO-06,Jul 2028 – Sep 2028,TAF-U-0016,U,Rooftop,Tafilah,Tafilah,Tafilah,30.83346,35.60548,30,3,HUB-TAF-02,HUB-TAF-02-R04,Fiber ring,0
RO-06,Jul 2028 – Sep 2028,TAF-U-0017,U,Rooftop,Tafilah,Tafilah,Tafilah,30.83264,35.60926,30,3,HUB-TAF-02,HUB-TAF-02-R04,Fiber ring,0
RO-06,Jul 2028 – Sep 2028,TAF-U-0018,U,Rooftop,Tafilah,Tafilah,Tafilah,30.83264,35.61398,30,3,HUB-TAF-02,HUB-TAF-02-R04,Fiber ring,0
RO-06,Jul 2028 – Sep 2028,TAF-U-0019,U,Rooftop,Tafilah,Tafilah,Tafilah,30.83264,35.61871,30,3,HUB-TAF-02,HUB-TAF-02-R04,Fiber ring,0
RO-06,Jul 2028 – Sep 2028,TAF-U-0022,U,Rooftop,Tafilah,Tafilah,Tafilah,30.83617,35.60689,30,3,HUB-TAF-02,HUB-TAF-02-R04,Fiber ring,0
RO-06,Jul 2028 – Sep 2028,TAF-U-0023,U,Rooftop,Tafilah,Tafilah,Tafilah,30.83617,35.61162,30,3,HUB-TAF-02,HUB-TAF-02-R04,Fiber ring,0
RO-06,Jul 2028 – Sep 2028,TAF-U-0027,U,Rooftop,Tafilah,Tafilah,Tafilah,30.83969,35.60453,30,3,HUB-TAF-02,HUB-TAF-02-R04,Fiber ring,0
RO-06,Jul 2028 – Sep 2028,TAF-U-0015,U,Rooftop,Tafilah,Tafilah,Tafilah,30.83346,35.60075,30,3,HUB-TAF-02,HUB-TAF-02-R05,Fiber ring,0
RO-06,Jul 2028 – Sep 2028,TAF-U-0020,U,Monopole / greenfield,Tafilah,Tafilah,Tafilah,30.83698,35.59839,30,3,HUB-TAF-02,HUB-TAF-02-R05,Fiber ring,0
RO-06,Jul 2028 – Sep 2028,TAF-U-0021,U,Rooftop,Tafilah,Tafilah,Tafilah,30.83698,35.60311,30,3,HUB-TAF-02,HUB-TAF-02-R05,Fiber ring,0
RO-06,Jul 2028 – Sep 2028,TAF-U-0025,U,Monopole / greenfield,Tafilah,Tafilah,Tafilah,30.84051,35.59602,30,3,HUB-TAF-02,HUB-TAF-02-R05,Fiber ring,0
RO-06,Jul 2028 – Sep 2028,TAF-U-0026,U,Monopole / greenfield,Tafilah,Tafilah,Tafilah,30.83969,35.59981,30,3,HUB-TAF-02,HUB-TAF-02-R05,Fiber ring,0
RO-06,Jul 2028 – Sep 2028,TAF-U-0031,U,Monopole / greenfield,Tafilah,Tafilah,Tafilah,30.84403,35.59366,30,3,HUB-TAF-02,HUB-TAF-02-R05,Fiber ring,0
RO-06,Jul 2028 – Sep 2028,TAF-U-0032,U,Monopole / greenfield,Tafilah,Tafilah,Tafilah,30.84322,35.59744,30,3,HUB-TAF-02,HUB-TAF-02-R05,Fiber ring,0
RO-06,Jul 2028 – Sep 2028,TAF-SU-0055,SU,Monopole / greenfield,Tafilah,Tafilah outskirts,Tafilah,30.83346,35.57744,32,3,HUB-TAF-02,HUB-TAF-02-R06,Fiber ring,0
RO-06,Jul 2028 – Sep 2028,TAF-SU-0056,SU,Monopole / greenfield,Tafilah,Tafilah outskirts,Tafilah,30.83346,35.58426,32,3,HUB-TAF-02,HUB-TAF-02-R06,Fiber ring,0
RO-06,Jul 2028 – Sep 2028,TAF-SU-0058,SU,Monopole / greenfield,Tafilah,Tafilah outskirts,Tafilah,30.83855,35.58085,32,3,HUB-TAF-02,HUB-TAF-02-R06,Fiber ring,0
RO-06,Jul 2028 – Sep 2028,TAF-U-0008,U,Rooftop,Tafilah,Tafilah,Tafilah,30.82953,35.59224,30,3,HUB-TAF-02,HUB-TAF-02-R06,Fiber ring,0
RO-06,Jul 2028 – Sep 2028,TAF-U-0009,U,Rooftop,Tafilah,Tafilah,Tafilah,30.82993,35.59839,30,3,HUB-TAF-02,HUB-TAF-02-R06,Fiber ring,0
RO-06,Jul 2028 – Sep 2028,TAF-U-0014,U,Monopole / greenfield,Tafilah,Tafilah,Tafilah,30.83264,35.59508,30,3,HUB-TAF-02,HUB-TAF-02-R06,Fiber ring,0
RO-07,Oct 2028 – Dec 2028,RUR-R-0001,R,Lattice tower,Rural,Karak-Tafilah plateau,Tafilah,30.70414,35.58846,45,3,,,Fiber (backbone add/drop spur),0
RO-07,Oct 2028 – Dec 2028,RUR-R-0002,R,Lattice tower,Rural,Karak-Tafilah plateau,Tafilah,30.70169,35.63289,45,3,,,Microwave E-band 10G,0
RO-07,Oct 2028 – Dec 2028,RUR-R-0003,R,Lattice tower,Rural,Karak-Tafilah plateau,Tafilah,30.70658,35.67448,45,3,,,Microwave 6-18 GHz XPIC 2x1G-4x1G,0
RO-07,Oct 2028 – Dec 2028,RUR-R-0004,R,Lattice tower,Rural,Karak-Tafilah plateau,Tafilah,30.70902,35.72741,45,3,,,Microwave E-band 10G,0
RO-07,Oct 2028 – Dec 2028,RUR-R-0005,R,Lattice tower,Rural,Karak-Tafilah plateau,Tafilah,30.74426,35.60642,45,3,,,Fiber (backbone add/drop spur),0
RO-07,Oct 2028 – Dec 2028,RUR-R-0006,R,Lattice tower,Rural,Karak-Tafilah plateau,Tafilah,30.74182,35.65368,45,3,,,Microwave E-band 10G,0
RO-07,Oct 2028 – Dec 2028,RUR-R-0007,R,Lattice tower,Rural,Karak-Tafilah plateau,Tafilah,30.73938,35.70094,45,3,,,Microwave E-band 10G,0
RO-07,Oct 2028 – Dec 2028,RUR-R-0008,R,Lattice tower,Rural,Karak-Tafilah plateau,Tafilah,30.74182,35.74536,45,3,,,Fiber (backbone add/drop spur),0
RO-07,Oct 2028 – Dec 2028,RUR-R-0009,R,Lattice tower,Rural,Karak-Tafilah plateau,Tafilah,30.77707,35.59130,45,3,,,Fiber (backbone add/drop spur),0
RO-07,Oct 2028 – Dec 2028,RUR-R-0010,R,Lattice tower,Rural,Karak-Tafilah plateau,Tafilah,30.77707,35.63856,45,3,,,Microwave E-band 10G,0
RO-07,Oct 2028 – Dec 2028,RUR-R-0011,R,Lattice tower,Rural,Karak-Tafilah plateau,Tafilah,30.77951,35.68015,45,3,,,Fiber (backbone add/drop spur),0
RO-07,Oct 2028 – Dec 2028,RUR-R-0012,R,Lattice tower,Rural,Karak-Tafilah plateau,Tafilah,30.77463,35.72457,45,3,,,Fiber (backbone add/drop spur),0
RO-07,Oct 2028 – Dec 2028,RUR-R-0013,R,Lattice tower,Rural,Karak-Tafilah plateau,Tafilah,30.77463,35.77183,45,3,,,Microwave E-band 10G,0
RO-07,Oct 2028 – Dec 2028,RUR-R-0014,R,Lattice tower,Rural,Karak-Tafilah plateau,Tafilah,30.80987,35.65652,45,3,,,Fiber (backbone add/drop spur),0
RO-07,Oct 2028 – Dec 2028,RUR-R-0015,R,Lattice tower,Rural,Karak-Tafilah plateau,Tafilah,30.80987,35.70661,45,3,,,Microwave E-band 10G,0
RO-07,Oct 2028 – Dec 2028,RUR-R-0016,R,Lattice tower,Rural,Karak-Tafilah plateau,Tafilah,30.81231,35.74536,45,3,,,Microwave E-band 10G,0
RO-07,Oct 2028 – Dec 2028,RUR-R-0017,R,Lattice tower,Rural,Karak-Tafilah plateau,Tafilah,30.81231,35.79546,45,3,,,Microwave 6-18 GHz XPIC 2x1G-4x1G,0
RO-07,Oct 2028 – Dec 2028,RUR-R-0018,R,Lattice tower,Rural,Karak-Tafilah plateau,Tafilah,30.84267,35.68015,45,3,,,Microwave E-band 10G,0
RO-07,Oct 2028 – Dec 2028,RUR-R-0019,R,Lattice tower,Rural,Karak-Tafilah plateau,Tafilah,30.84267,35.72741,45,3,,,Microwave 6-18 GHz XPIC 2x1G-4x1G,0
RO-07,Oct 2028 – Dec 2028,RUR-R-0020,R,Lattice tower,Rural,Karak-Tafilah plateau,Tafilah,30.84756,35.77467,45,3,,,Microwave 6-18 GHz XPIC 2x1G-4x1G,0
RO-07,Oct 2028 – Dec 2028,RUR-R-0021,R,Lattice tower,Rural,Karak-Tafilah plateau,Tafilah,30.85244,35.82192,45,3,,,Microwave 6-18 GHz XPIC 2x1G-4x1G,0
RO-07,Oct 2028 – Dec 2028,RUR-R-0022,R,Lattice tower,Rural,Karak-Tafilah plateau,Tafilah,30.88036,35.65368,45,3,,,Microwave E-band 10G,0
RO-07,Oct 2028 – Dec 2028,RUR-R-0023,R,Lattice tower,Rural,Karak-Tafilah plateau,Tafilah,30.88036,35.70094,45,3,,,Microwave 6-18 GHz XPIC 2x1G-4x1G,0
RO-07,Oct 2028 – Dec 2028,RUR-R-0024,R,Lattice tower,Rural,Karak-Tafilah plateau,Tafilah,30.88524,35.74820,45,3,,,Microwave 6-18 GHz XPIC 2x1G-4x1G,0
RO-07,Oct 2028 – Dec 2028,RUR-R-0025,R,Lattice tower,Rural,Karak-Tafilah plateau,Tafilah,30.88280,35.79262,45,3,,,Microwave 6-18 GHz XPIC 2x1G-4x1G,0
RO-07,Oct 2028 – Dec 2028,RUR-R-0026,R,Lattice tower,Rural,Karak-Tafilah plateau,Tafilah,30.88280,35.83988,45,3,,,Microwave 6-18 GHz XPIC 2x1G-4x1G,0
RO-07,Oct 2028 – Dec 2028,RUR-R-0027,R,Lattice tower,Rural,Karak-Tafilah plateau,Tafilah,30.91804,35.59130,45,3,,,Microwave E-band 10G,0
RO-07,Oct 2028 – Dec 2028,RUR-R-0028,R,Lattice tower,Rural,Karak-Tafilah plateau,Tafilah,30.91804,35.62722,45,3,,,Fiber (backbone add/drop spur),0
RO-07,Oct 2028 – Dec 2028,RUR-R-0029,R,Lattice tower,Rural,Karak-Tafilah plateau,Tafilah,30.91804,35.67448,45,3,,,Microwave E-band 10G,0
RO-07,Oct 2028 – Dec 2028,RUR-R-0030,R,Lattice tower,Rural,Karak-Tafilah plateau,Tafilah,30.91560,35.72457,45,3,,,Microwave 6-18 GHz XPIC 2x1G-4x1G,0
RO-07,Oct 2028 – Dec 2028,RUR-R-0031,R,Lattice tower,Rural,Karak-Tafilah plateau,Tafilah,30.91560,35.77183,45,3,,,Microwave 6-18 GHz XPIC 2x1G-4x1G,0
RO-07,Oct 2028 – Dec 2028,RUR-R-0032,R,Lattice tower,Rural,Karak-Tafilah plateau,Tafilah,30.91560,35.82476,45,3,,,Microwave 6-18 GHz XPIC 2x1G-4x1G,0
RO-07,Oct 2028 – Dec 2028,RUR-R-0034,R,Lattice tower,Rural,Karak-Tafilah plateau,Tafilah,30.95329,35.60359,45,3,,,Microwave E-band 10G,0
RO-07,Oct 2028 – Dec 2028,RUR-R-0035,R,Lattice tower,Rural,Karak-Tafilah plateau,Tafilah,30.95329,35.66219,45,3,,,Fiber (backbone add/drop spur),0
RO-07,Oct 2028 – Dec 2028,RUR-R-0036,R,Lattice tower,Rural,Karak-Tafilah plateau,Tafilah,30.95085,35.70094,45,3,,,Microwave E-band 10G,0
RO-07,Oct 2028 – Dec 2028,RUR-R-0066,R,Lattice tower,Rural,Karak-Tafilah plateau,Karak,31.12951,35.67448,45,3,,,Microwave E-band 10G,0
RO-07,Oct 2028 – Dec 2028,RUR-R-0072,R,Lattice tower,Rural,Karak-Tafilah plateau,Karak,31.15987,35.60926,45,3,,,Microwave 6-18 GHz XPIC 2x1G-4x1G,0
RO-07,Oct 2028 – Dec 2028,RUR-R-0073,R,Lattice tower,Rural,Karak-Tafilah plateau,Karak,31.16476,35.80397,45,3,,,Microwave E-band 10G,0
RO-07,Oct 2028 – Dec 2028,RUR-R-0074,R,Lattice tower,Rural,Karak-Tafilah plateau,Karak,31.15987,35.84555,45,3,,,Microwave E-band 10G,0
RO-07,Oct 2028 – Dec 2028,RUR-R-0075,R,Lattice tower,Rural,Karak-Tafilah plateau,Karak,31.16476,35.89849,45,3,,,Microwave 6-18 GHz XPIC 2x1G-4x1G,0
RO-07,Oct 2028 – Dec 2028,RUR-R-0076,R,Lattice tower,Rural,Karak-Tafilah plateau,Karak,31.20000,35.63289,45,3,,,Microwave E-band 10G,0
RO-07,Oct 2028 – Dec 2028,RUR-R-0077,R,Lattice tower,Rural,Karak-Tafilah plateau,Karak,31.20000,35.76899,45,3,,,Fiber (backbone add/drop spur),0
RO-07,Oct 2028 – Dec 2028,RUR-R-0078,R,Lattice tower,Rural,Karak-Tafilah plateau,Karak,31.20000,35.81625,45,3,,,Fiber (backbone add/drop spur),0
RO-07,Oct 2028 – Dec 2028,RUR-R-0079,R,Lattice tower,Rural,Karak-Tafilah plateau,Karak,31.20000,35.87486,45,3,,,Microwave E-band 10G,0
RO-07,Oct 2028 – Dec 2028,RUR-R-0080,R,Lattice tower,Rural,Karak-Tafilah plateau,Karak,31.20000,35.92211,45,3,,,Microwave E-band 10G,0
RO-07,Oct 2028 – Dec 2028,RUR-R-0081,R,Lattice tower,Rural,Karak-Tafilah plateau,Karak,31.23524,35.66219,45,3,,,Microwave E-band 10G,0
RO-07,Oct 2028 – Dec 2028,RUR-R-0082,R,Lattice tower,Rural,Karak-Tafilah plateau,Karak,31.23036,35.70378,45,3,,,Fiber (backbone add/drop spur),0
RO-07,Oct 2028 – Dec 2028,RUR-R-0083,R,Lattice tower,Rural,Karak-Tafilah plateau,Karak,31.23769,35.75387,45,3,,,Microwave E-band 10G,0
RO-07,Oct 2028 – Dec 2028,RUR-R-0084,R,Lattice tower,Rural,Karak-Tafilah plateau,Karak,31.23524,35.79262,45,3,,,Microwave E-band 10G,0
RO-07,Oct 2028 – Dec 2028,RUR-R-0085,R,Lattice tower,Rural,Karak-Tafilah plateau,Karak,31.24013,35.84555,45,3,,,Microwave E-band 10G,0
RO-07,Oct 2028 – Dec 2028,RUR-R-0086,R,Lattice tower,Rural,Karak-Tafilah plateau,Karak,31.23524,35.88714,45,3,,,Fiber (backbone add/drop spur),0
RO-07,Oct 2028 – Dec 2028,RUR-R-0087,R,Lattice tower,Rural,Karak-Tafilah plateau,Karak,31.27293,35.63572,45,3,,,Microwave 6-18 GHz XPIC 2x1G-4x1G,0
RO-07,Oct 2028 – Dec 2028,RUR-R-0088,R,Lattice tower,Rural,Karak-Tafilah plateau,Karak,31.26561,35.68015,45,3,,,Microwave E-band 10G,0
RO-07,Oct 2028 – Dec 2028,RUR-R-0089,R,Lattice tower,Rural,Karak-Tafilah plateau,Karak,31.27049,35.73024,45,3,,,Fiber (backbone add/drop spur),0
RO-07,Oct 2028 – Dec 2028,RUR-R-0090,R,Lattice tower,Rural,Karak-Tafilah plateau,Karak,31.26805,35.77183,45,3,,,Microwave E-band 10G,0
RO-07,Oct 2028 – Dec 2028,RUR-R-0091,R,Lattice tower,Rural,Karak-Tafilah plateau,Karak,31.27049,35.82192,45,3,,,Microwave 6-18 GHz XPIC 2x1G-4x1G,0
RO-07,Oct 2028 – Dec 2028,RUR-R-0092,R,Lattice tower,Rural,Karak-Tafilah plateau,Karak,31.27049,35.86351,45,3,,,Microwave E-band 10G,0
RO-07,Oct 2028 – Dec 2028,RUR-R-0093,R,Lattice tower,Rural,Karak-Tafilah plateau,Karak,31.27049,35.92211,45,3,,,Microwave E-band 10G,0
RO-07,Oct 2028 – Dec 2028,RUR-R-0094,R,Lattice tower,Rural,Karak-Tafilah plateau,Karak,31.30573,35.66219,45,3,,,Microwave 6-18 GHz XPIC 2x1G-4x1G,0
RO-07,Oct 2028 – Dec 2028,RUR-R-0095,R,Lattice tower,Rural,Karak-Tafilah plateau,Karak,31.30818,35.70378,45,3,,,Microwave E-band 10G,0
RO-07,Oct 2028 – Dec 2028,RUR-R-0096,R,Lattice tower,Rural,Karak-Tafilah plateau,Karak,31.30573,35.74536,45,3,,,Fiber (backbone add/drop spur),0
RO-07,Oct 2028 – Dec 2028,RUR-R-0097,R,Lattice tower,Rural,Karak-Tafilah plateau,Karak,31.30573,35.79262,45,3,,,Microwave E-band 10G,0
RO-07,Oct 2028 – Dec 2028,RUR-R-0100,R,Lattice tower,Rural,Karak-Tafilah plateau,Karak,31.34098,35.63856,45,3,,,Microwave 6-18 GHz XPIC 2x1G-4x1G,0
RO-07,Oct 2028 – Dec 2028,RUR-R-0101,R,Lattice tower,Rural,Karak-Tafilah plateau,Karak,31.34586,35.68015,45,3,,,Microwave 6-18 GHz XPIC 2x1G-4x1G,0
RO-07,Oct 2028 – Dec 2028,RUR-R-0102,R,Lattice tower,Rural,Karak-Tafilah plateau,Karak,31.34098,35.72173,45,3,,,Microwave E-band 10G,0
RO-07,Oct 2028 – Dec 2028,RUR-R-0103,R,Lattice tower,Rural,Karak-Tafilah plateau,Karak,31.34098,35.77467,45,3,,,Microwave E-band 10G,0
RO-07,Oct 2028 – Dec 2028,RUR-R-0104,R,Lattice tower,Rural,Karak-Tafilah plateau,Karak,31.33854,35.81909,45,3,,,Microwave 6-18 GHz XPIC 2x1G-4x1G,0
RO-07,Oct 2028 – Dec 2028,RUR-R-0107,R,Lattice tower,Rural,Karak-Tafilah plateau,Karak,31.37134,35.65652,45,3,,,Microwave 6-18 GHz XPIC 2x1G-4x1G,0
RO-07,Oct 2028 – Dec 2028,RUR-R-0108,R,Lattice tower,Rural,Karak-Tafilah plateau,Karak,31.37622,35.70945,45,3,,,Microwave E-band 10G,0
RO-07,Oct 2028 – Dec 2028,RUR-R-0109,R,Lattice tower,Rural,Karak-Tafilah plateau,Karak,31.38111,35.75104,45,3,,,Fiber (backbone add/drop spur),0
RO-07,Oct 2028 – Dec 2028,RUR-R-0110,R,Lattice tower,Rural,Karak-Tafilah plateau,Karak,31.37622,35.79262,45,3,,,Microwave E-band 10G,0
RO-07,Oct 2028 – Dec 2028,RUR-R-0114,R,Lattice tower,Rural,Karak-Tafilah plateau,Karak,31.40902,35.67731,45,3,,,Microwave 6-18 GHz XPIC 2x1G-4x1G,0
RO-07,Oct 2028 – Dec 2028,RUR-R-0115,R,Lattice tower,Rural,Karak-Tafilah plateau,Karak,31.40658,35.72741,45,3,,,Microwave E-band 10G,0
RO-07,Oct 2028 – Dec 2028,RUR-R-0116,R,Lattice tower,Rural,Karak-Tafilah plateau,Karak,31.40902,35.77467,45,3,,,Fiber (backbone add/drop spur),0
RO-07,Oct 2028 – Dec 2028,RUR-R-0117,R,Lattice tower,Rural,Karak-Tafilah plateau,Karak,31.41147,35.81909,45,3,,,Microwave E-band 10G,0
RO-07,Oct 2028 – Dec 2028,RUR-R-0120,R,Lattice tower,Rural,Karak-Tafilah plateau,Madaba,31.45159,35.65652,45,3,,,Microwave 6-18 GHz XPIC 2x1G-4x1G,0
RO-07,Oct 2028 – Dec 2028,RUR-R-0121,R,Lattice tower,Rural,Karak-Tafilah plateau,Madaba,31.44915,35.70094,45,3,,,Microwave E-band 10G,0
RO-07,Oct 2028 – Dec 2028,RUR-R-0122,R,Lattice tower,Rural,Karak-Tafilah plateau,Madaba,31.44183,35.75104,45,3,,,Fiber (backbone add/drop spur),0
RO-07,Oct 2028 – Dec 2028,RUR-R-0127,R,Lattice tower,Rural,North-west highlands,Madaba,31.48196,35.68582,45,3,,,Microwave 6-18 GHz XPIC 2x1G-4x1G,0
RO-07,Oct 2028 – Dec 2028,RUR-R-0128,R,Lattice tower,Rural,North-west highlands,Madaba,31.48196,35.72173,45,3,,,Microwave E-band 10G,0
RO-07,Oct 2028 – Dec 2028,RUR-R-0129,R,Lattice tower,Rural,North-west highlands,Madaba,31.47951,35.77183,45,3,,,Fiber (backbone add/drop spur),0
RO-07,Oct 2028 – Dec 2028,RUR-R-0130,R,Lattice tower,Rural,North-west highlands,Madaba,31.48196,35.82760,45,3,,,Microwave E-band 10G,0
RO-07,Oct 2028 – Dec 2028,RUR-R-0134,R,Lattice tower,Rural,North-west highlands,Madaba,31.52208,35.65652,45,3,,,Microwave 6-18 GHz XPIC 2x1G-4x1G,0
RO-07,Oct 2028 – Dec 2028,RUR-R-0135,R,Lattice tower,Rural,North-west highlands,Madaba,31.51964,35.70094,45,3,,,Microwave 6-18 GHz XPIC 2x1G-4x1G,0
RO-07,Oct 2028 – Dec 2028,RUR-R-0136,R,Lattice tower,Rural,North-west highlands,Madaba,31.51476,35.74820,45,3,,,Microwave E-band 10G,0
RO-07,Oct 2028 – Dec 2028,RUR-R-0137,R,Lattice tower,Rural,North-west highlands,Madaba,31.51476,35.80113,45,3,,,Fiber (backbone add/drop spur),0
RO-07,Oct 2028 – Dec 2028,RUR-R-0138,R,Lattice tower,Rural,North-west highlands,Madaba,31.51964,35.84272,45,3,,,Microwave E-band 10G,0
RO-07,Oct 2028 – Dec 2028,RUR-R-0142,R,Lattice tower,Rural,North-west highlands,Madaba,31.54756,35.68015,45,3,,,Microwave 6-18 GHz XPIC 2x1G-4x1G,0
RO-07,Oct 2028 – Dec 2028,RUR-R-0143,R,Lattice tower,Rural,North-west highlands,Madaba,31.55733,35.72741,45,3,,,Microwave E-band 10G,0
RO-07,Oct 2028 – Dec 2028,RUR-R-0144,R,Lattice tower,Rural,North-west highlands,Madaba,31.54756,35.77467,45,3,,,Fiber (backbone add/drop spur),0
RO-07,Oct 2028 – Dec 2028,RUR-R-0145,R,Lattice tower,Rural,North-west highlands,Madaba,31.54756,35.82192,45,3,,,Microwave E-band 10G,0
RO-07,Oct 2028 – Dec 2028,RUR-R-0150,R,Lattice tower,Rural,North-west highlands,Madaba,31.58525,35.65935,45,3,,,Microwave 6-18 GHz XPIC 2x1G-4x1G,0
RO-07,Oct 2028 – Dec 2028,RUR-R-0151,R,Lattice tower,Rural,North-west highlands,Madaba,31.58769,35.70945,45,3,,,Microwave 6-18 GHz XPIC 2x1G-4x1G,0
RO-07,Oct 2028 – Dec 2028,RUR-R-0152,R,Lattice tower,Rural,North-west highlands,Madaba,31.58769,35.75671,45,3,,,Microwave E-band 10G,0
RO-07,Oct 2028 – Dec 2028,RUR-R-0153,R,Lattice tower,Rural,North-west highlands,Madaba,31.58769,35.80397,45,3,,,Fiber (backbone add/drop spur),0
RO-07,Oct 2028 – Dec 2028,RUR-R-0154,R,Lattice tower,Rural,North-west highlands,Madaba,31.58525,35.84272,45,3,,,Microwave E-band 10G,0
RO-07,Oct 2028 – Dec 2028,RUR-R-0159,R,Lattice tower,Rural,North-west highlands,Madaba,31.62537,35.63572,45,3,,,Microwave E-band 10G,0
RO-07,Oct 2028 – Dec 2028,RUR-R-0160,R,Lattice tower,Rural,North-west highlands,Madaba,31.62537,35.67731,45,3,,,Microwave 6-18 GHz XPIC 2x1G-4x1G,0
RO-07,Oct 2028 – Dec 2028,RUR-R-0161,R,Lattice tower,Rural,North-west highlands,Madaba,31.61805,35.72741,45,3,,,Microwave E-band 10G,0
RO-07,Oct 2028 – Dec 2028,RUR-R-0162,R,Lattice tower,Rural,North-west highlands,Madaba,31.61805,35.77467,45,3,,,Fiber (backbone add/drop spur),0
RO-07,Oct 2028 – Dec 2028,RUR-R-0163,R,Lattice tower,Rural,North-west highlands,Madaba,31.62293,35.81625,45,3,,,Microwave E-band 10G,0
RO-07,Oct 2028 – Dec 2028,RUR-R-0169,R,Lattice tower,Rural,North-west highlands,Madaba,31.65818,35.66219,45,3,,,Microwave 6-18 GHz XPIC 2x1G-4x1G,0
RO-07,Oct 2028 – Dec 2028,RUR-R-0170,R,Lattice tower,Rural,North-west highlands,Madaba,31.66062,35.70094,45,3,,,Microwave 6-18 GHz XPIC 2x1G-4x1G,0
RO-07,Oct 2028 – Dec 2028,RUR-R-0171,R,Lattice tower,Rural,North-west highlands,Madaba,31.65818,35.74536,45,3,,,Microwave E-band 10G,0
RO-07,Oct 2028 – Dec 2028,RUR-R-0179,R,Lattice tower,Rural,North-west highlands,Madaba,31.69098,35.63289,45,3,,,Microwave E-band 10G,0
RO-07,Oct 2028 – Dec 2028,RUR-R-0180,R,Lattice tower,Rural,North-west highlands,Madaba,31.69098,35.68298,45,3,,,Microwave 6-18 GHz XPIC 2x1G-4x1G,0
RO-07,Oct 2028 – Dec 2028,RUR-R-0181,R,Lattice tower,Rural,North-west highlands,Madaba,31.69342,35.72741,45,3,,,Microwave E-band 10G,0
RO-07,Oct 2028 – Dec 2028,RUR-R-0186,R,Lattice tower,Rural,North-west highlands,Madaba,31.72867,35.66219,45,3,,,Microwave E-band 10G,0
RO-07,Oct 2028 – Dec 2028,RUR-R-0187,R,Lattice tower,Rural,North-west highlands,Madaba,31.73111,35.70378,45,3,,,Microwave E-band 10G,0
RO-07,Oct 2028 – Dec 2028,RUR-R-0192,R,Lattice tower,Rural,North-west highlands,Madaba,31.76391,35.63856,45,3,,,Microwave E-band 10G,0
RO-07,Oct 2028 – Dec 2028,RUR-R-0193,R,Lattice tower,Rural,North-west highlands,Madaba,31.76147,35.68298,45,3,,,Microwave 6-18 GHz XPIC 2x1G-4x1G,0
RO-07,Oct 2028 – Dec 2028,RUR-R-0194,R,Lattice tower,Rural,North-west highlands,Madaba,31.76635,35.72741,45,3,,,Microwave E-band 10G,0
RO-07,Oct 2028 – Dec 2028,RUR-R-0195,R,Lattice tower,Rural,North-west highlands,Amman,31.76635,35.86635,45,3,,,Microwave E-band 10G,0
RO-07,Oct 2028 – Dec 2028,RUR-R-0197,R,Lattice tower,Rural,North-west highlands,Amman,31.76147,35.96087,45,3,,,Fiber (backbone add/drop spur),0
RO-07,Oct 2028 – Dec 2028,RUR-R-0198,R,Lattice tower,Rural,North-west highlands,Amman,31.76879,36.05822,45,3,,,Microwave E-band 10G,0
RO-07,Oct 2028 – Dec 2028,RUR-R-0199,R,Lattice tower,Rural,North-west highlands,Amman,31.76635,36.10548,45,3,,,Microwave E-band 10G,0
RO-07,Oct 2028 – Dec 2028,RUR-R-0200,R,Lattice tower,Rural,North-west highlands,Amman,31.76635,36.14991,45,3,,,Microwave E-band 10G,0
RO-07,Oct 2028 – Dec 2028,RUR-R-0201,R,Lattice tower,Rural,North-west highlands,Balqa,31.80160,35.61209,45,3,,,Fiber (backbone add/drop spur),0
RO-07,Oct 2028 – Dec 2028,RUR-R-0202,R,Lattice tower,Rural,North-west highlands,Balqa,31.79671,35.65935,45,3,,,Microwave E-band 10G,0
RO-07,Oct 2028 – Dec 2028,RUR-R-0203,R,Lattice tower,Rural,North-west highlands,Madaba,31.79915,35.70945,45,3,,,Microwave E-band 10G,0
RO-07,Oct 2028 – Dec 2028,RUR-R-0204,R,Lattice tower,Rural,North-west highlands,Madaba,31.79915,35.75671,45,3,,,Microwave E-band 10G,0
RO-07,Oct 2028 – Dec 2028,RUR-R-0205,R,Lattice tower,Rural,North-west highlands,Madaba,31.79671,35.80113,45,3,,,Microwave E-band 10G,0
RO-07,Oct 2028 – Dec 2028,RUR-R-0206,R,Lattice tower,Rural,North-west highlands,Amman,31.80404,35.84555,45,3,,,Fiber (backbone add/drop spur),0
RO-07,Oct 2028 – Dec 2028,RUR-R-0207,R,Lattice tower,Rural,North-west highlands,Amman,31.80160,35.89281,45,3,,,Microwave E-band 10G,0
RO-07,Oct 2028 – Dec 2028,RUR-R-0208,R,Lattice tower,Rural,North-west highlands,Amman,31.79915,35.94291,45,3,,,Fiber (backbone add/drop spur),0
RO-07,Oct 2028 – Dec 2028,RUR-R-0209,R,Lattice tower,Rural,North-west highlands,Amman,31.79915,35.98733,45,3,,,Microwave E-band 10G,0
RO-07,Oct 2028 – Dec 2028,RUR-R-0210,R,Lattice tower,Rural,North-west highlands,Amman,31.79915,36.02892,45,3,,,Microwave E-band 10G,0
RO-07,Oct 2028 – Dec 2028,RUR-R-0211,R,Lattice tower,Rural,North-west highlands,Amman,31.79915,36.08752,45,3,,,Fiber (backbone add/drop spur),0
RO-07,Oct 2028 – Dec 2028,RUR-R-0212,R,Lattice tower,Rural,North-west highlands,Amman,31.79915,36.12344,45,3,,,Fiber (backbone add/drop spur),0
RO-07,Oct 2028 – Dec 2028,RUR-R-0213,R,Lattice tower,Rural,North-west highlands,Balqa,31.83440,35.59130,45,3,,,Microwave E-band 10G,0
RO-07,Oct 2028 – Dec 2028,RUR-R-0214,R,Lattice tower,Rural,North-west highlands,Balqa,31.83440,35.63856,45,3,,,Fiber (backbone add/drop spur),0
RO-07,Oct 2028 – Dec 2028,RUR-R-0215,R,Lattice tower,Rural,North-west highlands,Balqa,31.83440,35.68582,45,3,,,Fiber (backbone add/drop spur),0
RO-07,Oct 2028 – Dec 2028,RUR-R-0216,R,Lattice tower,Rural,North-west highlands,Amman,31.83196,35.73024,45,3,,,Fiber (backbone add/drop spur),0
RO-07,Oct 2028 – Dec 2028,RUR-R-0217,R,Lattice tower,Rural,North-west highlands,Amman,31.83440,35.78034,45,3,,,Microwave E-band 10G,0
RO-07,Oct 2028 – Dec 2028,RUR-R-0218,R,Lattice tower,Rural,North-west highlands,Amman,31.83196,35.82192,45,3,,,Microwave E-band 10G,0
RO-07,Oct 2028 – Dec 2028,RUR-R-0219,R,Lattice tower,Rural,North-west highlands,Amman,31.83440,36.05822,45,3,,,Fiber (backbone add/drop spur),0
RO-07,Oct 2028 – Dec 2028,RUR-R-0220,R,Lattice tower,Rural,North-west highlands,Amman,31.83684,36.10548,45,3,,,Microwave E-band 10G,0
RO-07,Oct 2028 – Dec 2028,RUR-R-0221,R,Lattice tower,Rural,North-west highlands,Amman,31.83440,36.14707,45,3,,,Microwave E-band 10G,0
RO-07,Oct 2028 – Dec 2028,RUR-R-0222,R,Lattice tower,Rural,North-west highlands,Balqa,31.87453,35.65652,45,3,,,Microwave E-band 10G,0
RO-07,Oct 2028 – Dec 2028,RUR-R-0223,R,Lattice tower,Rural,North-west highlands,Balqa,31.86476,35.70378,45,3,,,Microwave E-band 10G,0
RO-07,Oct 2028 – Dec 2028,RUR-R-0224,R,Lattice tower,Rural,North-west highlands,Amman,31.86720,35.74820,45,3,,,Microwave E-band 10G,0
RO-07,Oct 2028 – Dec 2028,RUR-R-0225,R,Lattice tower,Rural,North-west highlands,Amman,31.86964,36.08185,45,3,,,Microwave E-band 10G,0
RO-07,Oct 2028 – Dec 2028,RUR-R-0226,R,Lattice tower,Rural,North-west highlands,Amman,31.87209,36.12628,45,3,,,Microwave 6-18 GHz XPIC 2x1G-4x1G,0
RO-07,Oct 2028 – Dec 2028,RUR-R-0227,R,Lattice tower,Rural,North-west highlands,Amman,31.87453,36.17637,45,3,,,Microwave 6-18 GHz XPIC 2x1G-4x1G,0
RO-07,Oct 2028 – Dec 2028,RUR-R-0228,R,Lattice tower,Rural,North-west highlands,Amman,31.90977,35.68015,45,3,,,Microwave E-band 10G,0
RO-07,Oct 2028 – Dec 2028,RUR-R-0229,R,Lattice tower,Rural,North-west highlands,Amman,31.90489,35.73308,45,3,,,Microwave E-band 10G,0
RO-07,Oct 2028 – Dec 2028,RUR-R-0230,R,Lattice tower,Rural,North-west highlands,Amman,31.90245,36.10265,45,3,,,Microwave E-band 10G,0
RO-07,Oct 2028 – Dec 2028,RUR-R-0231,R,Lattice tower,Rural,North-west highlands,Amman,31.90489,36.14707,45,3,,,Microwave 6-18 GHz XPIC 2x1G-4x1G,0
RO-07,Oct 2028 – Dec 2028,RUR-R-0232,R,Lattice tower,Rural,North-west highlands,Amman,31.90245,36.20000,45,3,,,Microwave 6-18 GHz XPIC 2x1G-4x1G,0
RO-07,Oct 2028 – Dec 2028,RUR-R-0233,R,Lattice tower,Rural,North-west highlands,Balqa,31.94013,35.60926,45,3,,,Fiber (backbone add/drop spur),0
RO-07,Oct 2028 – Dec 2028,RUR-R-0234,R,Lattice tower,Rural,North-west highlands,Balqa,31.94502,35.65652,45,3,,,Microwave E-band 10G,0
RO-07,Oct 2028 – Dec 2028,RUR-R-0235,R,Lattice tower,Rural,North-west highlands,Amman,31.94013,35.70661,45,3,,,Microwave E-band 10G,0
RO-07,Oct 2028 – Dec 2028,RUR-R-0236,R,Lattice tower,Rural,North-west highlands,Amman,31.93525,36.12911,45,3,,,Microwave 6-18 GHz XPIC 2x1G-4x1G,0
RO-07,Oct 2028 – Dec 2028,RUR-R-0237,R,Lattice tower,Rural,North-west highlands,Amman,31.94013,36.17921,45,3,,,Microwave 6-18 GHz XPIC 2x1G-4x1G,0
RO-07,Oct 2028 – Dec 2028,RUR-R-0238,R,Lattice tower,Rural,North-west highlands,Amman,31.94013,36.22079,45,3,,,Microwave 6-18 GHz XPIC 2x1G-4x1G,0
RO-07,Oct 2028 – Dec 2028,RUR-R-0239,R,Lattice tower,Rural,North-west highlands,Balqa,31.97538,35.59130,45,3,,,Fiber (backbone add/drop spur),0
RO-07,Oct 2028 – Dec 2028,RUR-R-0240,R,Lattice tower,Rural,North-west highlands,Balqa,31.97538,35.62722,45,3,,,Microwave E-band 10G,0
RO-07,Oct 2028 – Dec 2028,RUR-R-0241,R,Lattice tower,Rural,North-west highlands,Balqa,31.98026,35.68015,45,3,,,Microwave E-band 10G,0
RO-07,Oct 2028 – Dec 2028,RUR-R-0242,R,Lattice tower,Rural,North-west highlands,Amman,31.97049,36.10548,45,3,,,Microwave E-band 10G,0
RO-07,Oct 2028 – Dec 2028,RUR-R-0243,R,Lattice tower,Rural,North-west highlands,Amman,31.98026,36.15274,45,3,,,Microwave E-band 10G,0
RO-07,Oct 2028 – Dec 2028,RUR-R-0244,R,Lattice tower,Rural,North-west highlands,Amman,31.97538,36.19716,45,3,,,Microwave E-band 10G,0
RO-07,Oct 2028 – Dec 2028,RUR-R-0245,R,Lattice tower,Rural,North-west highlands,Amman,31.97294,36.24442,45,3,,,Microwave E-band 10G,0
RO-07,Oct 2028 – Dec 2028,RUR-R-0246,R,Lattice tower,Rural,North-west highlands,Balqa,32.01062,35.61209,45,3,,,Fiber (backbone add/drop spur),0
RO-07,Oct 2028 – Dec 2028,RUR-R-0247,R,Lattice tower,Rural,North-west highlands,Balqa,32.01306,35.65935,45,3,,,Microwave E-band 10G,0
RO-07,Oct 2028 – Dec 2028,RUR-R-0248,R,Lattice tower,Rural,North-west highlands,Amman,32.00818,36.17921,45,3,,,Microwave E-band 10G,0
RO-07,Oct 2028 – Dec 2028,RUR-R-0249,R,Lattice tower,Rural,North-west highlands,Amman,32.01550,36.22363,45,3,,,Fiber (backbone add/drop spur),0
RO-07,Oct 2028 – Dec 2028,RUR-R-0250,R,Lattice tower,Rural,North-west highlands,Amman,32.01062,36.26522,45,3,,,Fiber (backbone add/drop spur),0
RO-07,Oct 2028 – Dec 2028,RUR-R-0251,R,Lattice tower,Rural,North-west highlands,Balqa,32.04587,35.59130,45,3,,,Fiber (backbone add/drop spur),0
RO-07,Oct 2028 – Dec 2028,RUR-R-0252,R,Lattice tower,Rural,North-west highlands,Balqa,32.04098,35.63289,45,3,,,Microwave E-band 10G,0
RO-07,Oct 2028 – Dec 2028,RUR-R-0253,R,Lattice tower,Rural,North-west highlands,Zarqa,32.04342,36.19716,45,3,,,Fiber (backbone add/drop spur),0
RO-07,Oct 2028 – Dec 2028,RUR-R-0254,R,Lattice tower,Rural,North-west highlands,Amman,32.04587,36.24159,45,3,,,Microwave E-band 10G,0
RO-07,Oct 2028 – Dec 2028,RUR-R-0255,R,Lattice tower,Rural,North-west highlands,Amman,32.04587,36.30019,45,3,,,Microwave E-band 10G,0
RO-07,Oct 2028 – Dec 2028,RUR-R-0256,R,Lattice tower,Rural,North-west highlands,Balqa,32.08111,35.61493,45,3,,,Fiber (backbone add/drop spur),0
RO-07,Oct 2028 – Dec 2028,RUR-R-0257,R,Lattice tower,Rural,North-west highlands,Balqa,32.08599,35.65652,45,3,,,Microwave E-band 10G,0
RO-07,Oct 2028 – Dec 2028,RUR-R-0258,R,Lattice tower,Rural,North-west highlands,Zarqa,32.07623,36.22363,45,3,,,Microwave E-band 10G,0
RO-07,Oct 2028 – Dec 2028,RUR-R-0259,R,Lattice tower,Rural,North-west highlands,Zarqa,32.08355,36.26805,45,3,,,Microwave 6-18 GHz XPIC 2x1G-4x1G,0
RO-07,Oct 2028 – Dec 2028,RUR-R-0260,R,Lattice tower,Rural,North-west highlands,Balqa,32.11635,35.59130,45,3,,,Microwave E-band 10G,0
RO-07,Oct 2028 – Dec 2028,RUR-R-0261,R,Lattice tower,Rural,North-west highlands,Balqa,32.11635,35.63856,45,3,,,Microwave E-band 10G,0
RO-07,Oct 2028 – Dec 2028,RUR-R-0262,R,Lattice tower,Rural,North-west highlands,Balqa,32.11635,35.68582,45,3,,,Fiber (backbone add/drop spur),0
RO-07,Oct 2028 – Dec 2028,RUR-R-0263,R,Lattice tower,Rural,North-west highlands,Balqa,32.11147,35.72741,45,3,,,Microwave E-band 10G,0
RO-07,Oct 2028 – Dec 2028,RUR-R-0264,R,Lattice tower,Rural,North-west highlands,Balqa,32.11635,35.76899,45,3,,,Microwave E-band 10G,0
RO-07,Oct 2028 – Dec 2028,RUR-R-0265,R,Lattice tower,Rural,North-west highlands,Balqa,32.11391,35.81909,45,3,,,Microwave E-band 10G,0
RO-07,Oct 2028 – Dec 2028,RUR-R-0266,R,Lattice tower,Rural,North-west highlands,Zarqa,32.12124,35.96370,45,3,,,Microwave E-band 10G,0
RO-07,Oct 2028 – Dec 2028,RUR-R-0267,R,Lattice tower,Rural,North-west highlands,Zarqa,32.11635,36.00529,45,3,,,Microwave E-band 10G,0
RO-07,Oct 2028 – Dec 2028,RUR-R-0268,R,Lattice tower,Rural,North-west highlands,Zarqa,32.11880,36.20000,45,3,,,Microwave E-band 10G,0
RO-07,Oct 2028 – Dec 2028,RUR-R-0269,R,Lattice tower,Rural,North-west highlands,Zarqa,32.11147,36.24726,45,3,,,Microwave 6-18 GHz XPIC 2x1G-4x1G,0
RO-07,Oct 2028 – Dec 2028,RUR-R-0270,R,Lattice tower,Rural,North-west highlands,Zarqa,32.11880,36.29735,45,3,,,Microwave 6-18 GHz XPIC 2x1G-4x1G,0
RO-07,Oct 2028 – Dec 2028,RUR-R-0271,R,Lattice tower,Rural,North-west highlands,Balqa,32.15160,35.66219,45,3,,,Fiber (backbone add/drop spur),0
RO-07,Oct 2028 – Dec 2028,RUR-R-0272,R,Lattice tower,Rural,North-west highlands,Balqa,32.14672,35.70378,45,3,,,Microwave E-band 10G,0
RO-07,Oct 2028 – Dec 2028,RUR-R-0273,R,Lattice tower,Rural,North-west highlands,Balqa,32.14672,35.75104,45,3,,,Microwave 6-18 GHz XPIC 2x1G-4x1G,0
RO-07,Oct 2028 – Dec 2028,RUR-R-0274,R,Lattice tower,Rural,North-west highlands,Balqa,32.14672,35.79830,45,3,,,Microwave 6-18 GHz XPIC 2x1G-4x1G,0
RO-07,Oct 2028 – Dec 2028,RUR-R-0275,R,Lattice tower,Rural,North-west highlands,Jerash,32.14916,35.84272,45,3,,,Microwave E-band 10G,0
RO-07,Oct 2028 – Dec 2028,RUR-R-0276,R,Lattice tower,Rural,North-west highlands,Jerash,32.15404,35.88998,45,3,,,Fiber (backbone add/drop spur),0
RO-07,Oct 2028 – Dec 2028,RUR-R-0277,R,Lattice tower,Rural,North-west highlands,Zarqa,32.14916,35.93724,45,3,,,Microwave E-band 10G,0
RO-07,Oct 2028 – Dec 2028,RUR-R-0278,R,Lattice tower,Rural,North-west highlands,Zarqa,32.14672,35.98733,45,3,,,Microwave 6-18 GHz XPIC 2x1G-4x1G,0
RO-07,Oct 2028 – Dec 2028,RUR-R-0281,R,Lattice tower,Rural,North-west highlands,Zarqa,32.14672,36.17637,45,3,,,Microwave E-band 10G,0
RO-07,Oct 2028 – Dec 2028,RUR-R-0282,R,Lattice tower,Rural,North-west highlands,Zarqa,32.15160,36.22363,45,3,,,Microwave 6-18 GHz XPIC 2x1G-4x1G,0
RO-07,Oct 2028 – Dec 2028,RUR-R-0285,R,Lattice tower,Rural,North-west highlands,Ajloun,32.18684,35.67448,45,3,,,Microwave E-band 10G,0
RO-07,Oct 2028 – Dec 2028,RUR-R-0286,R,Lattice tower,Rural,North-west highlands,Jerash,32.19173,35.72741,45,3,,,Microwave 6-18 GHz XPIC 2x1G-4x1G,0
RO-07,Oct 2028 – Dec 2028,RUR-R-0287,R,Lattice tower,Rural,North-west highlands,Jerash,32.18196,35.77467,45,3,,,Microwave 6-18 GHz XPIC 2x1G-4x1G,0
RO-07,Oct 2028 – Dec 2028,RUR-R-0288,R,Lattice tower,Rural,North-west highlands,Jerash,32.18684,35.81625,45,3,,,Microwave E-band 10G,0
RO-07,Oct 2028 – Dec 2028,RUR-R-0289,R,Lattice tower,Rural,North-west highlands,Jerash,32.18440,35.87202,45,3,,,Fiber (backbone add/drop spur),0
RO-07,Oct 2028 – Dec 2028,RUR-R-0290,R,Lattice tower,Rural,North-west highlands,Jerash,32.18684,35.91077,45,3,,,Microwave E-band 10G,0
RO-07,Oct 2028 – Dec 2028,RUR-R-0291,R,Lattice tower,Rural,North-west highlands,Zarqa,32.18196,35.96370,45,3,,,Microwave 6-18 GHz XPIC 2x1G-4x1G,0
RO-07,Oct 2028 – Dec 2028,RUR-R-0300,R,Lattice tower,Rural,North-west highlands,Ajloun,32.22453,35.65935,45,3,,,Microwave E-band 10G,0
RO-07,Oct 2028 – Dec 2028,RUR-R-0301,R,Lattice tower,Rural,North-west highlands,Ajloun,32.22453,35.70378,45,3,,,Microwave 6-18 GHz XPIC 2x1G-4x1G,0
RO-07,Oct 2028 – Dec 2028,RUR-R-0302,R,Lattice tower,Rural,North-west highlands,Ajloun,32.22209,35.75671,45,3,,,Microwave 6-18 GHz XPIC 2x1G-4x1G,0
RO-07,Oct 2028 – Dec 2028,RUR-R-0303,R,Lattice tower,Rural,North-west highlands,Jerash,32.22697,35.79830,45,3,,,Microwave 6-18 GHz XPIC 2x1G-4x1G,0
RO-07,Oct 2028 – Dec 2028,RUR-R-0304,R,Lattice tower,Rural,North-west highlands,Jerash,32.21965,35.84272,45,3,,,Microwave E-band 10G,0
RO-07,Oct 2028 – Dec 2028,RUR-R-0305,R,Lattice tower,Rural,North-west highlands,Jerash,32.22453,35.88998,45,3,,,Fiber (backbone add/drop spur),0
RO-07,Oct 2028 – Dec 2028,RUR-R-0306,R,Lattice tower,Rural,North-west highlands,Jerash,32.22697,35.94007,45,3,,,Microwave E-band 10G,0
RO-07,Oct 2028 – Dec 2028,RUR-R-0317,R,Lattice tower,Rural,North-west highlands,Ajloun,32.25977,35.63572,45,3,,,Microwave E-band 10G,0
RO-07,Oct 2028 – Dec 2028,RUR-R-0318,R,Lattice tower,Rural,North-west highlands,Ajloun,32.25733,35.68582,45,3,,,Microwave 6-18 GHz XPIC 2x1G-4x1G,0
RO-07,Oct 2028 – Dec 2028,RUR-R-0319,R,Lattice tower,Rural,North-west highlands,Ajloun,32.25977,35.73024,45,3,,,Microwave E-band 10G,0
RO-07,Oct 2028 – Dec 2028,RUR-R-0320,R,Lattice tower,Rural,North-west highlands,Ajloun,32.25489,35.77750,45,3,,,Microwave 6-18 GHz XPIC 2x1G-4x1G,0
RO-07,Oct 2028 – Dec 2028,RUR-R-0321,R,Lattice tower,Rural,North-west highlands,Jerash,32.25733,35.81625,45,3,,,Microwave E-band 10G,0
RO-07,Oct 2028 – Dec 2028,RUR-R-0322,R,Lattice tower,Rural,North-west highlands,Mafraq,32.26222,35.96370,45,3,,,Microwave E-band 10G,0
RO-07,Oct 2028 – Dec 2028,RUR-R-0326,R,Lattice tower,Rural,North-west highlands,Mafraq,32.26222,36.15274,45,3,,,Microwave E-band 10G,0
RO-07,Oct 2028 – Dec 2028,RUR-R-0332,R,Lattice tower,Rural,North-west highlands,Ajloun,32.29258,35.61493,45,3,,,Fiber (backbone add/drop spur),0
RO-07,Oct 2028 – Dec 2028,RUR-R-0333,R,Lattice tower,Rural,North-west highlands,Ajloun,32.29746,35.65652,45,3,,,Microwave E-band 10G,0
RO-07,Oct 2028 – Dec 2028,RUR-R-0334,R,Lattice tower,Rural,North-west highlands,Ajloun,32.28769,35.70378,45,3,,,Microwave E-band 10G,0
RO-07,Oct 2028 – Dec 2028,RUR-R-0335,R,Lattice tower,Rural,North-west highlands,Ajloun,32.29258,35.80397,45,3,,,Microwave E-band 10G,0
RO-07,Oct 2028 – Dec 2028,RUR-R-0336,R,Lattice tower,Rural,North-west highlands,Mafraq,32.29258,35.99300,45,3,,,Microwave 6-18 GHz XPIC 2x1G-4x1G,0
RO-07,Oct 2028 – Dec 2028,RUR-R-0337,R,Lattice tower,Rural,North-west highlands,Mafraq,32.28769,36.03459,45,3,,,Microwave 6-18 GHz XPIC 2x1G-4x1G,0
RO-07,Oct 2028 – Dec 2028,RUR-R-0338,R,Lattice tower,Rural,North-west highlands,Mafraq,32.29746,36.08185,45,3,,,Microwave 6-18 GHz XPIC 2x1G-4x1G,0
RO-07,Oct 2028 – Dec 2028,RUR-R-0339,R,Lattice tower,Rural,North-west highlands,Mafraq,32.29502,36.12911,45,3,,,Microwave E-band 10G,0
RO-07,Oct 2028 – Dec 2028,RUR-R-0340,R,Lattice tower,Rural,North-west highlands,Mafraq,32.29258,36.17353,45,3,,,Fiber (backbone add/drop spur),0
RO-07,Oct 2028 – Dec 2028,RUR-R-0341,R,Lattice tower,Rural,North-west highlands,Mafraq,32.29258,36.27089,45,3,,,Microwave E-band 10G,0
RO-07,Oct 2028 – Dec 2028,RUR-R-0342,R,Lattice tower,Rural,North-west highlands,Mafraq,32.29258,36.31815,45,3,,,Microwave E-band 10G,0
RO-07,Oct 2028 – Dec 2028,RUR-R-0343,R,Lattice tower,Rural,North-west highlands,Mafraq,32.29258,36.37108,45,3,,,Microwave E-band 10G,0
RO-07,Oct 2028 – Dec 2028,RUR-R-0345,R,Lattice tower,Rural,North-west highlands,Ajloun,32.32782,35.63856,45,3,,,Microwave E-band 10G,0
RO-07,Oct 2028 – Dec 2028,RUR-R-0346,R,Lattice tower,Rural,North-west highlands,Ajloun,32.33026,35.67731,45,3,,,Microwave E-band 10G,0
RO-07,Oct 2028 – Dec 2028,RUR-R-0347,R,Lattice tower,Rural,North-west highlands,Ajloun,32.32782,35.81625,45,3,,,Fiber (backbone add/drop spur),0
RO-07,Oct 2028 – Dec 2028,RUR-R-0348,R,Lattice tower,Rural,North-west highlands,Jerash,32.33026,35.86918,45,3,,,Microwave E-band 10G,0
RO-07,Oct 2028 – Dec 2028,RUR-R-0349,R,Lattice tower,Rural,North-west highlands,Jerash,32.32782,35.92211,45,3,,,Microwave E-band 10G,0
RO-07,Oct 2028 – Dec 2028,RUR-R-0350,R,Lattice tower,Rural,North-west highlands,Jerash,32.32538,35.96087,45,3,,,Microwave E-band 10G,0
RO-07,Oct 2028 – Dec 2028,RUR-R-0351,R,Lattice tower,Rural,North-west highlands,Mafraq,32.33270,36.01096,45,3,,,Microwave 6-18 GHz XPIC 2x1G-4x1G,0
RO-07,Oct 2028 – Dec 2028,RUR-R-0352,R,Lattice tower,Rural,North-west highlands,Mafraq,32.32538,36.06106,45,3,,,Microwave 6-18 GHz XPIC 2x1G-4x1G,0
RO-07,Oct 2028 – Dec 2028,RUR-R-0353,R,Lattice tower,Rural,North-west highlands,Mafraq,32.32294,36.10548,45,3,,,Microwave E-band 10G,0
RO-07,Oct 2028 – Dec 2028,RUR-R-0354,R,Lattice tower,Rural,North-west highlands,Mafraq,32.32782,36.28885,45,3,,,Fiber (backbone add/drop spur),0
RO-07,Oct 2028 – Dec 2028,RUR-R-0355,R,Lattice tower,Rural,North-west highlands,Mafraq,32.33026,36.34461,45,3,,,Fiber (backbone add/drop spur),0
RO-07,Oct 2028 – Dec 2028,RUR-R-0356,R,Lattice tower,Rural,North-west highlands,Mafraq,32.32782,36.39471,45,3,,,Fiber (backbone add/drop spur),0
RO-07,Oct 2028 – Dec 2028,RUR-R-0358,R,Lattice tower,Rural,North-west highlands,Ajloun,32.36307,35.66219,45,3,,,Microwave E-band 10G,0
RO-07,Oct 2028 – Dec 2028,RUR-R-0360,R,Lattice tower,Rural,North-west highlands,Ajloun,32.36307,35.79830,45,3,,,Microwave E-band 10G,0
RO-07,Oct 2028 – Dec 2028,RUR-R-0361,R,Lattice tower,Rural,North-west highlands,Ajloun,32.36062,35.84272,45,3,,,Microwave E-band 10G,0
RO-07,Oct 2028 – Dec 2028,RUR-R-0363,R,Lattice tower,Rural,North-west highlands,Jerash,32.36062,35.94291,45,3,,,Microwave E-band 10G,0
RO-07,Oct 2028 – Dec 2028,RUR-R-0365,R,Lattice tower,Rural,North-west highlands,Mafraq,32.35818,36.03459,45,3,,,Microwave 6-18 GHz XPIC 2x1G-4x1G,0
RO-07,Oct 2028 – Dec 2028,RUR-R-0366,R,Lattice tower,Rural,North-west highlands,Mafraq,32.36307,36.07618,45,3,,,Microwave 6-18 GHz XPIC 2x1G-4x1G,0
RO-07,Oct 2028 – Dec 2028,RUR-R-0367,R,Lattice tower,Rural,North-west highlands,Mafraq,32.35818,36.12911,45,3,,,Microwave E-band 10G,0
RO-07,Oct 2028 – Dec 2028,RUR-R-0368,R,Lattice tower,Rural,North-west highlands,Mafraq,32.36307,36.27089,45,3,,,Microwave E-band 10G,0
RO-07,Oct 2028 – Dec 2028,RUR-R-0369,R,Lattice tower,Rural,North-west highlands,Mafraq,32.36795,36.31815,45,3,,,Microwave E-band 10G,0
RO-07,Oct 2028 – Dec 2028,RUR-R-0370,R,Lattice tower,Rural,North-west highlands,Mafraq,32.36307,36.36541,45,3,,,Microwave E-band 10G,0
RO-07,Oct 2028 – Dec 2028,RUR-R-0376,R,Lattice tower,Rural,North-west highlands,Ajloun,32.39831,35.82476,45,3,,,Microwave E-band 10G,0
RO-07,Oct 2028 – Dec 2028,RUR-R-0380,R,Lattice tower,Rural,North-west highlands,Mafraq,32.39587,36.01380,45,3,,,Microwave 6-18 GHz XPIC 2x1G-4x1G,0
RO-07,Oct 2028 – Dec 2028,RUR-R-0381,R,Lattice tower,Rural,North-west highlands,Mafraq,32.39587,36.06106,45,3,,,Microwave E-band 10G,0
RO-07,Oct 2028 – Dec 2028,RUR-R-0382,R,Lattice tower,Rural,North-west highlands,Mafraq,32.39831,36.09981,45,3,,,Microwave E-band 10G,0
RO-07,Oct 2028 – Dec 2028,RUR-R-0383,R,Lattice tower,Rural,North-west highlands,Mafraq,32.39587,36.15274,45,3,,,Fiber (backbone add/drop spur),0
RO-07,Oct 2028 – Dec 2028,RUR-R-0384,R,Lattice tower,Rural,North-west highlands,Mafraq,32.39831,36.20284,45,3,,,Fiber (backbone add/drop spur),0
RO-07,Oct 2028 – Dec 2028,RUR-R-0385,R,Lattice tower,Rural,North-west highlands,Mafraq,32.39831,36.24726,45,3,,,Microwave E-band 10G,0
RO-07,Oct 2028 – Dec 2028,RUR-R-0386,R,Lattice tower,Rural,North-west highlands,Mafraq,32.39831,36.29452,45,3,,,Microwave 6-18 GHz XPIC 2x1G-4x1G,0
RO-07,Oct 2028 – Dec 2028,RUR-R-0387,R,Lattice tower,Rural,North-west highlands,Mafraq,32.40319,36.34178,45,3,,,Microwave 6-18 GHz XPIC 2x1G-4x1G,0
RO-07,Oct 2028 – Dec 2028,RUR-R-0388,R,Lattice tower,Rural,North-west highlands,Irbid,32.43355,35.61493,45,3,,,Fiber (backbone add/drop spur),0
RO-07,Oct 2028 – Dec 2028,RUR-R-0390,R,Lattice tower,Rural,North-west highlands,Irbid,32.43600,35.70661,45,3,,,Microwave 6-18 GHz XPIC 2x1G-4x1G,0
RO-07,Oct 2028 – Dec 2028,RUR-R-0393,R,Lattice tower,Rural,North-west highlands,Irbid,32.43600,35.84272,45,3,,,Microwave E-band 10G,0
RO-07,Oct 2028 – Dec 2028,RUR-R-0394,R,Lattice tower,Rural,North-west highlands,Irbid,32.43600,35.89565,45,3,,,Fiber (backbone add/drop spur),0
RO-07,Oct 2028 – Dec 2028,RUR-R-0399,R,Lattice tower,Rural,North-west highlands,Mafraq,32.43355,36.13195,45,3,,,Microwave E-band 10G,0
RO-07,Oct 2028 – Dec 2028,RUR-R-0400,R,Lattice tower,Rural,North-west highlands,Mafraq,32.43355,36.17070,45,3,,,Microwave E-band 10G,0
RO-07,Oct 2028 – Dec 2028,RUR-R-0401,R,Lattice tower,Rural,North-west highlands,Mafraq,32.42867,36.22363,45,3,,,Fiber (backbone add/drop spur),0
RO-07,Oct 2028 – Dec 2028,RUR-R-0402,R,Lattice tower,Rural,North-west highlands,Mafraq,32.43355,36.27089,45,3,,,Microwave E-band 10G,0
RO-07,Oct 2028 – Dec 2028,RUR-R-0403,R,Lattice tower,Rural,North-west highlands,Mafraq,32.42867,36.31815,45,3,,,Microwave 6-18 GHz XPIC 2x1G-4x1G,0
RO-07,Oct 2028 – Dec 2028,RUR-R-0404,R,Lattice tower,Rural,North-west highlands,Irbid,32.46880,35.63856,45,3,,,Microwave E-band 10G,0
RO-07,Oct 2028 – Dec 2028,RUR-R-0405,R,Lattice tower,Rural,North-west highlands,Irbid,32.46880,35.68582,45,3,,,Microwave 6-18 GHz XPIC 2x1G-4x1G,0
RO-07,Oct 2028 – Dec 2028,RUR-R-0406,R,Lattice tower,Rural,North-west highlands,Irbid,32.46880,35.72173,45,3,,,Microwave E-band 10G,0
RO-07,Oct 2028 – Dec 2028,RUR-R-0407,R,Lattice tower,Rural,North-west highlands,Irbid,32.46636,35.77750,45,3,,,Fiber (backbone add/drop spur),0
RO-07,Oct 2028 – Dec 2028,RUR-R-0408,R,Lattice tower,Rural,North-west highlands,Irbid,32.46391,35.91644,45,3,,,Microwave E-band 10G,0
RO-07,Oct 2028 – Dec 2028,RUR-R-0409,R,Lattice tower,Rural,North-west highlands,Irbid,32.46391,35.96370,45,3,,,Microwave E-band 10G,0
RO-07,Oct 2028 – Dec 2028,RUR-R-0410,R,Lattice tower,Rural,North-west highlands,Irbid,32.46636,36.00813,45,3,,,Microwave E-band 10G,0
RO-07,Oct 2028 – Dec 2028,RUR-R-0411,R,Lattice tower,Rural,North-west highlands,Irbid,32.46880,36.06389,45,3,,,Fiber (backbone add/drop spur),0
RO-07,Oct 2028 – Dec 2028,RUR-R-0412,R,Lattice tower,Rural,North-west highlands,Mafraq,32.46636,36.10548,45,3,,,Microwave E-band 10G,0
RO-07,Oct 2028 – Dec 2028,RUR-R-0413,R,Lattice tower,Rural,North-west highlands,Mafraq,32.46880,36.14707,45,3,,,Microwave E-band 10G,0
RO-07,Oct 2028 – Dec 2028,RUR-R-0414,R,Lattice tower,Rural,North-west highlands,Mafraq,32.46391,36.20000,45,3,,,Fiber (backbone add/drop spur),0
RO-07,Oct 2028 – Dec 2028,RUR-R-0415,R,Lattice tower,Rural,North-west highlands,Mafraq,32.46880,36.24726,45,3,,,Microwave E-band 10G,0
RO-07,Oct 2028 – Dec 2028,RUR-R-0416,R,Lattice tower,Rural,North-west highlands,Irbid,32.50160,35.61209,45,3,,,Fiber (backbone add/drop spur),0
RO-07,Oct 2028 – Dec 2028,RUR-R-0417,R,Lattice tower,Rural,North-west highlands,Irbid,32.50648,35.65935,45,3,,,Microwave E-band 10G,0
RO-07,Oct 2028 – Dec 2028,RUR-R-0418,R,Lattice tower,Rural,North-west highlands,Irbid,32.49916,35.70378,45,3,,,Microwave 6-18 GHz XPIC 2x1G-4x1G,0
RO-07,Oct 2028 – Dec 2028,RUR-R-0419,R,Lattice tower,Rural,North-west highlands,Irbid,32.50404,35.75671,45,3,,,Microwave E-band 10G,0
RO-07,Oct 2028 – Dec 2028,RUR-R-0420,R,Lattice tower,Rural,North-west highlands,Irbid,32.49916,35.98733,45,3,,,Microwave E-band 10G,0
RO-07,Oct 2028 – Dec 2028,RUR-R-0421,R,Lattice tower,Rural,North-west highlands,Irbid,32.50404,36.03176,45,3,,,Fiber (backbone add/drop spur),0
RO-07,Oct 2028 – Dec 2028,RUR-R-0422,R,Lattice tower,Rural,North-west highlands,Mafraq,32.50404,36.13195,45,3,,,Microwave 6-18 GHz XPIC 2x1G-4x1G,0
RO-07,Oct 2028 – Dec 2028,RUR-R-0423,R,Lattice tower,Rural,North-west highlands,Irbid,32.54173,35.63572,45,3,,,Microwave E-band 10G,0
RO-07,Oct 2028 – Dec 2028,RUR-R-0424,R,Lattice tower,Rural,North-west highlands,Irbid,32.53440,35.68015,45,3,,,Microwave 6-18 GHz XPIC 2x1G-4x1G,0
RO-07,Oct 2028 – Dec 2028,RUR-R-0425,R,Lattice tower,Rural,North-west highlands,Irbid,32.53685,35.73024,45,3,,,Microwave E-band 10G,0
RO-07,Oct 2028 – Dec 2028,RUR-R-0426,R,Lattice tower,Rural,North-west highlands,Irbid,32.57453,35.66219,45,3,,,Microwave E-band 10G,0
RO-07,Oct 2028 – Dec 2028,RUR-R-0427,R,Lattice tower,Rural,North-west highlands,Irbid,32.57209,35.70661,45,3,,,Microwave E-band 10G,0
RO-07,Oct 2028 – Dec 2028,RUR-R-0428,R,Lattice tower,Rural,North-west highlands,Irbid,32.57209,35.75387,45,3,,,Fiber (backbone add/drop spur),0
RO-07,Oct 2028 – Dec 2028,RUR-R-0429,R,Lattice tower,Rural,North-west highlands,Irbid,32.60978,35.68582,45,3,,,Fiber (backbone add/drop spur),0
RO-07,Oct 2028 – Dec 2028,RUR-R-0430,R,Lattice tower,Rural,North-west highlands,Irbid,32.60733,35.73024,45,3,,,Fiber (backbone add/drop spur),0
RO-07,Oct 2028 – Dec 2028,RUR-R-0431,R,Lattice tower,Rural,North-west highlands,Irbid,32.60733,35.77750,45,3,,,Microwave E-band 10G,0
RO-07,Oct 2028 – Dec 2028,RUR-R-0432,R,Lattice tower,Rural,North-west highlands,Irbid,32.60978,35.91077,45,3,,,Microwave E-band 10G,0
RO-07,Oct 2028 – Dec 2028,RUR-R-0433,R,Lattice tower,Rural,North-west highlands,Irbid,32.60489,35.96370,45,3,,,Microwave E-band 10G,0
RO-07,Oct 2028 – Dec 2028,RUR-R-0434,R,Lattice tower,Rural,North-west highlands,Irbid,32.64746,35.65652,45,3,,,Microwave E-band 10G,0
RO-07,Oct 2028 – Dec 2028,RUR-R-0435,R,Lattice tower,Rural,North-west highlands,Irbid,32.64990,35.70378,45,3,,,Microwave E-band 10G,0
RO-07,Oct 2028 – Dec 2028,RUR-R-0436,R,Lattice tower,Rural,North-west highlands,Irbid,32.64502,35.74536,45,3,,,Microwave E-band 10G,0
RO-07,Oct 2028 – Dec 2028,RUR-R-0437,R,Lattice tower,Rural,North-west highlands,Irbid,32.64746,35.80113,45,3,,,Microwave 6-18 GHz XPIC 2x1G-4x1G,0
RO-07,Oct 2028 – Dec 2028,RUR-R-0438,R,Lattice tower,Rural,North-west highlands,Irbid,32.64502,35.83988,45,3,,,Microwave E-band 10G,0
RO-07,Oct 2028 – Dec 2028,RUR-R-0439,R,Lattice tower,Rural,North-west highlands,Irbid,32.64502,35.88714,45,3,,,Microwave E-band 10G,0
RO-07,Oct 2028 – Dec 2028,RUR-R-0440,R,Lattice tower,Rural,North-west highlands,Irbid,32.64258,35.94291,45,3,,,Microwave 6-18 GHz XPIC 2x1G-4x1G,0
RO-07,Oct 2028 – Dec 2028,RUR-R-0441,R,Lattice tower,Rural,North-west highlands,Irbid,32.67538,35.72741,45,3,,,Microwave 6-18 GHz XPIC 2x1G-4x1G,0
RO-07,Oct 2028 – Dec 2028,RUR-R-0442,R,Lattice tower,Rural,North-west highlands,Irbid,32.68026,35.78034,45,3,,,Microwave 6-18 GHz XPIC 2x1G-4x1G,0
RO-07,Oct 2028 – Dec 2028,RUR-R-0443,R,Lattice tower,Rural,North-west highlands,Irbid,32.67538,35.82192,45,3,,,Microwave 6-18 GHz XPIC 2x1G-4x1G,0
RO-07,Oct 2028 – Dec 2028,RUR-R-0444,R,Lattice tower,Rural,North-west highlands,Irbid,32.67782,35.86635,45,3,,,Microwave 6-18 GHz XPIC 2x1G-4x1G,0
RO-07,Oct 2028 – Dec 2028,AMM-SU-3025,SU,Rooftop,Amman-Zarqa Metro,Amman outskirts,Balqa,32.03372,35.82455,32,3,HUB-AMM-71,HUB-AMM-71-R01,Fiber ring,0
RO-07,Oct 2028 – Dec 2028,AMM-SU-3049,SU,Monopole / greenfield,Amman-Zarqa Metro,Amman outskirts,Balqa,32.03882,35.81431,32,3,HUB-AMM-71,HUB-AMM-71-R01,Fiber ring,0
RO-07,Oct 2028 – Dec 2028,AMM-SU-3050,SU,Rooftop,Amman-Zarqa Metro,Amman outskirts,Balqa,32.03882,35.82114,32,3,HUB-AMM-71,HUB-AMM-71-R01,Fiber ring,0
RO-07,Oct 2028 – Dec 2028,AMM-SU-3078,SU,Monopole / greenfield,Amman-Zarqa Metro,Amman outskirts,Balqa,32.04391,35.83138,32,3,HUB-AMM-71,HUB-AMM-71-R01,Fiber ring,1
RO-07,Oct 2028 – Dec 2028,AMM-U-1666,U,Rooftop,Amman-Zarqa Metro,Amman,Balqa,32.03095,35.83138,30,3,HUB-AMM-71,HUB-AMM-71-R01,Fiber ring,0
RO-07,Oct 2028 – Dec 2028,AMM-U-1707,U,Rooftop,Amman-Zarqa Metro,Amman,Balqa,32.03448,35.82901,30,3,HUB-AMM-71,HUB-AMM-71-R01,Fiber ring,0
RO-07,Oct 2028 – Dec 2028,AMM-U-1708,U,Rooftop,Amman-Zarqa Metro,Amman,Balqa,32.03448,35.83374,30,3,HUB-AMM-71,HUB-AMM-71-R01,Fiber ring,0
RO-07,Oct 2028 – Dec 2028,AMM-U-1748,U,Rooftop,Amman-Zarqa Metro,Amman,Balqa,32.03800,35.83138,30,3,HUB-AMM-71,HUB-AMM-71-R01,Fiber ring,0
RO-07,Oct 2028 – Dec 2028,AMM-SU-3112,SU,Monopole / greenfield,Amman-Zarqa Metro,Amman outskirts,Balqa,32.04900,35.84162,32,3,HUB-AMM-71,HUB-AMM-71-R02,Fiber ring,0
RO-07,Oct 2028 – Dec 2028,AMM-U-1709,U,Rooftop,Amman-Zarqa Metro,Amman,Balqa,32.03489,35.83799,30,3,HUB-AMM-71,HUB-AMM-71-R02,Fiber ring,0
RO-07,Oct 2028 – Dec 2028,AMM-U-1749,U,Rooftop,Amman-Zarqa Metro,Amman,Balqa,32.03800,35.83610,30,3,HUB-AMM-71,HUB-AMM-71-R02,Fiber ring,0
RO-07,Oct 2028 – Dec 2028,AMM-U-1750,U,Rooftop,Amman-Zarqa Metro,Amman,Balqa,32.03882,35.84177,30,3,HUB-AMM-71,HUB-AMM-71-R02,Fiber ring,0
RO-07,Oct 2028 – Dec 2028,AMM-U-1786,U,Rooftop,Amman-Zarqa Metro,Amman,Balqa,32.04153,35.83374,30,3,HUB-AMM-71,HUB-AMM-71-R02,Fiber ring,0
RO-07,Oct 2028 – Dec 2028,AMM-U-1787,U,Rooftop,Amman-Zarqa Metro,Amman,Balqa,32.04234,35.83941,30,3,HUB-AMM-71,HUB-AMM-71-R02,Fiber ring,0
RO-07,Oct 2028 – Dec 2028,AMM-U-1788,U,Rooftop,Amman-Zarqa Metro,Amman,Balqa,32.04153,35.84319,30,3,HUB-AMM-71,HUB-AMM-71-R02,Fiber ring,0
RO-07,Oct 2028 – Dec 2028,AMM-SU-3110,SU,Rooftop,Amman-Zarqa Metro,Amman outskirts,Balqa,32.05017,35.82933,32,3,HUB-AMM-71,HUB-AMM-71-R03,Fiber ring,0
RO-07,Oct 2028 – Dec 2028,AMM-SU-3111,SU,Rooftop,Amman-Zarqa Metro,Amman outskirts,Balqa,32.05017,35.83342,32,3,HUB-AMM-71,HUB-AMM-71-R03,Fiber ring,0
RO-07,Oct 2028 – Dec 2028,AMM-SU-3149,SU,Rooftop,Amman-Zarqa Metro,Amman outskirts,Balqa,32.05409,35.83138,32,3,HUB-AMM-71,HUB-AMM-71-R03,Fiber ring,0
RO-07,Oct 2028 – Dec 2028,AMM-SU-3150,SU,Rooftop,Amman-Zarqa Metro,Amman outskirts,Balqa,32.05526,35.83820,32,3,HUB-AMM-71,HUB-AMM-71-R03,Fiber ring,0
RO-07,Oct 2028 – Dec 2028,AMM-SU-3151,SU,Monopole / greenfield,Amman-Zarqa Metro,Amman outskirts,Balqa,32.05409,35.84503,32,3,HUB-AMM-71,HUB-AMM-71-R03,Fiber ring,0
RO-07,Oct 2028 – Dec 2028,AMM-SU-3188,SU,Rooftop,Amman-Zarqa Metro,Amman outskirts,Balqa,32.05918,35.82796,32,3,HUB-AMM-71,HUB-AMM-71-R03,Fiber ring,0
RO-07,Oct 2028 – Dec 2028,AMM-SU-3189,SU,Rooftop,Amman-Zarqa Metro,Amman outskirts,Balqa,32.06035,35.83616,32,3,HUB-AMM-71,HUB-AMM-71-R03,Fiber ring,0
RO-07,Oct 2028 – Dec 2028,AMM-SU-3075,SU,Monopole / greenfield,Amman-Zarqa Metro,Amman outskirts,Balqa,32.04391,35.81090,32,3,HUB-AMM-71,HUB-AMM-71-R04,Fiber ring,0
RO-07,Oct 2028 – Dec 2028,AMM-SU-3076,SU,Monopole / greenfield,Amman-Zarqa Metro,Amman outskirts,Balqa,32.04391,35.81772,32,3,HUB-AMM-71,HUB-AMM-71-R04,Fiber ring,0
RO-07,Oct 2028 – Dec 2028,AMM-SU-3077,SU,Monopole / greenfield,Amman-Zarqa Metro,Amman outskirts,Balqa,32.04391,35.82455,32,3,HUB-AMM-71,HUB-AMM-71-R04,Fiber ring,0
RO-07,Oct 2028 – Dec 2028,AMM-SU-3108,SU,Monopole / greenfield,Amman-Zarqa Metro,Amman outskirts,Balqa,32.04900,35.81431,32,3,HUB-AMM-71,HUB-AMM-71-R04,Fiber ring,0
RO-07,Oct 2028 – Dec 2028,AMM-SU-3109,SU,Monopole / greenfield,Amman-Zarqa Metro,Amman outskirts,Balqa,32.05017,35.82114,32,3,HUB-AMM-71,HUB-AMM-71-R04,Fiber ring,0
RO-07,Oct 2028 – Dec 2028,AMM-SU-3147,SU,Monopole / greenfield,Amman-Zarqa Metro,Amman outskirts,Balqa,32.05468,35.81841,32,3,HUB-AMM-71,HUB-AMM-71-R04,Fiber ring,0
RO-07,Oct 2028 – Dec 2028,AMM-SU-3148,SU,Rooftop,Amman-Zarqa Metro,Amman outskirts,Balqa,32.05526,35.82592,32,3,HUB-AMM-71,HUB-AMM-71-R04,Fiber ring,0
RO-07,Oct 2028 – Dec 2028,JER-SU-0098,SU,Monopole / greenfield,Jerash,Jerash outskirts,Jerash,32.29062,35.86551,32,3,HUB-JER-01,HUB-JER-01-R01,Fiber ring,0
RO-07,Oct 2028 – Dec 2028,JER-SU-0099,SU,Monopole / greenfield,Jerash,Jerash outskirts,Jerash,32.29062,35.87233,32,3,HUB-JER-01,HUB-JER-01-R01,Fiber ring,0
RO-07,Oct 2028 – Dec 2028,JER-U-0044,U,Monopole / greenfield,Jerash,Jerash,Jerash,32.28553,35.87769,30,3,HUB-JER-01,HUB-JER-01-R01,Fiber ring,0
RO-07,Oct 2028 – Dec 2028,JER-U-0045,U,Rooftop,Jerash,Jerash,Jerash,32.28634,35.88336,30,3,HUB-JER-01,HUB-JER-01-R01,Fiber ring,0
RO-07,Oct 2028 – Dec 2028,JER-U-0052,U,Monopole / greenfield,Jerash,Jerash,Jerash,32.28905,35.88194,30,3,HUB-JER-01,HUB-JER-01-R01,Fiber ring,0
RO-07,Oct 2028 – Dec 2028,JER-U-0053,U,Monopole / greenfield,Jerash,Jerash,Jerash,32.28905,35.88478,30,3,HUB-JER-01,HUB-JER-01-R01,Fiber ring,0
RO-07,Oct 2028 – Dec 2028,JER-U-0054,U,Monopole / greenfield,Jerash,Jerash,Jerash,32.28905,35.88951,30,3,HUB-JER-01,HUB-JER-01-R01,Fiber ring,0
RO-07,Oct 2028 – Dec 2028,JER-U-0061,U,Monopole / greenfield,Jerash,Jerash,Jerash,32.29258,35.89187,30,3,HUB-JER-01,HUB-JER-01-R01,Fiber ring,1
RO-07,Oct 2028 – Dec 2028,JER-U-0038,U,Monopole / greenfield,Jerash,Jerash,Jerash,32.28282,35.89045,30,3,HUB-JER-01,HUB-JER-01-R02,Fiber ring,0
RO-07,Oct 2028 – Dec 2028,JER-U-0039,U,Rooftop,Jerash,Jerash,Jerash,32.28200,35.89612,30,3,HUB-JER-01,HUB-JER-01-R02,Fiber ring,0
RO-07,Oct 2028 – Dec 2028,JER-U-0046,U,Monopole / greenfield,Jerash,Jerash,Jerash,32.28553,35.88809,30,3,HUB-JER-01,HUB-JER-01-R02,Fiber ring,0
RO-07,Oct 2028 – Dec 2028,JER-U-0047,U,Rooftop,Jerash,Jerash,Jerash,32.28553,35.89187,30,3,HUB-JER-01,HUB-JER-01-R02,Fiber ring,0
RO-07,Oct 2028 – Dec 2028,JER-U-0048,U,Rooftop,Jerash,Jerash,Jerash,32.28553,35.89849,30,3,HUB-JER-01,HUB-JER-01-R02,Fiber ring,0
RO-07,Oct 2028 – Dec 2028,JER-U-0055,U,Monopole / greenfield,Jerash,Jerash,Jerash,32.28905,35.89423,30,3,HUB-JER-01,HUB-JER-01-R02,Fiber ring,0
RO-07,Oct 2028 – Dec 2028,JER-U-0056,U,Rooftop,Jerash,Jerash,Jerash,32.28865,35.89943,30,3,HUB-JER-01,HUB-JER-01-R02,Fiber ring,0
RO-07,Oct 2028 – Dec 2028,JER-SU-0111,SU,Monopole / greenfield,Jerash,Jerash outskirts,Jerash,32.30021,35.90715,32,3,HUB-JER-01,HUB-JER-01-R03,Fiber ring,0
RO-07,Oct 2028 – Dec 2028,JER-SU-0112,SU,Monopole / greenfield,Jerash,Jerash outskirts,Jerash,32.29963,35.91193,32,3,HUB-JER-01,HUB-JER-01-R03,Fiber ring,0
RO-07,Oct 2028 – Dec 2028,JER-U-0057,U,Rooftop,Jerash,Jerash,Jerash,32.28987,35.90463,30,3,HUB-JER-01,HUB-JER-01-R03,Fiber ring,0
RO-07,Oct 2028 – Dec 2028,JER-U-0062,U,Monopole / greenfield,Jerash,Jerash,Jerash,32.29258,35.89849,30,3,HUB-JER-01,HUB-JER-01-R03,Fiber ring,0
RO-07,Oct 2028 – Dec 2028,JER-U-0063,U,Monopole / greenfield,Jerash,Jerash,Jerash,32.29258,35.90321,30,3,HUB-JER-01,HUB-JER-01-R03,Fiber ring,0
RO-07,Oct 2028 – Dec 2028,JER-U-0064,U,Monopole / greenfield,Jerash,Jerash,Jerash,32.29298,35.90746,30,3,HUB-JER-01,HUB-JER-01-R03,Fiber ring,0
RO-07,Oct 2028 – Dec 2028,JER-U-0067,U,Monopole / greenfield,Jerash,Jerash,Jerash,32.29691,35.89990,30,3,HUB-JER-01,HUB-JER-01-R03,Fiber ring,0
RO-07,Oct 2028 – Dec 2028,JER-SU-0109,SU,Monopole / greenfield,Jerash,Jerash outskirts,Jerash,32.29963,35.89145,32,3,HUB-JER-01,HUB-JER-01-R04,Fiber ring,0
RO-07,Oct 2028 – Dec 2028,JER-SU-0110,SU,Monopole / greenfield,Jerash,Jerash outskirts,Jerash,32.29963,35.90101,32,3,HUB-JER-01,HUB-JER-01-R04,Fiber ring,0
RO-07,Oct 2028 – Dec 2028,JER-SU-0114,SU,Monopole / greenfield,Jerash,Jerash outskirts,Jerash,32.30530,35.88872,32,3,HUB-JER-01,HUB-JER-01-R04,Fiber ring,0
RO-07,Oct 2028 – Dec 2028,JER-SU-0115,SU,Monopole / greenfield,Jerash,Jerash outskirts,Jerash,32.30589,35.89623,32,3,HUB-JER-01,HUB-JER-01-R04,Fiber ring,0
RO-07,Oct 2028 – Dec 2028,JER-SU-0116,SU,Monopole / greenfield,Jerash,Jerash outskirts,Jerash,32.30472,35.90442,32,3,HUB-JER-01,HUB-JER-01-R04,Fiber ring,0
RO-07,Oct 2028 – Dec 2028,JER-SU-0117,SU,Monopole / greenfield,Jerash,Jerash outskirts,Jerash,32.30472,35.90851,32,3,HUB-JER-01,HUB-JER-01-R04,Fiber ring,0
RO-07,Oct 2028 – Dec 2028,JER-U-0066,U,Monopole / greenfield,Jerash,Jerash,Jerash,32.29610,35.89612,30,3,HUB-JER-01,HUB-JER-01-R04,Fiber ring,0
RO-07,Oct 2028 – Dec 2028,JER-SU-0102,SU,Monopole / greenfield,Jerash,Jerash outskirts,Jerash,32.29512,35.86824,32,3,HUB-JER-01,HUB-JER-01-R05,Fiber ring,0
RO-07,Oct 2028 – Dec 2028,JER-SU-0103,SU,Monopole / greenfield,Jerash,Jerash outskirts,Jerash,32.29453,35.87438,32,3,HUB-JER-01,HUB-JER-01-R05,Fiber ring,0
RO-07,Oct 2028 – Dec 2028,JER-SU-0106,SU,Monopole / greenfield,Jerash,Jerash outskirts,Jerash,32.29845,35.87233,32,3,HUB-JER-01,HUB-JER-01-R05,Fiber ring,0
RO-07,Oct 2028 – Dec 2028,JER-SU-0107,SU,Monopole / greenfield,Jerash,Jerash outskirts,Jerash,32.29963,35.87780,32,3,HUB-JER-01,HUB-JER-01-R05,Fiber ring,0
RO-07,Oct 2028 – Dec 2028,JER-SU-0108,SU,Monopole / greenfield,Jerash,Jerash outskirts,Jerash,32.29963,35.88462,32,3,HUB-JER-01,HUB-JER-01-R05,Fiber ring,0
RO-07,Oct 2028 – Dec 2028,JER-SU-0113,SU,Monopole / greenfield,Jerash,Jerash outskirts,Jerash,32.30354,35.88257,32,3,HUB-JER-01,HUB-JER-01-R05,Fiber ring,0
RO-07,Oct 2028 – Dec 2028,JER-U-0065,U,Monopole / greenfield,Jerash,Jerash,Jerash,32.29691,35.89045,30,3,HUB-JER-01,HUB-JER-01-R05,Fiber ring,0
RO-07,Oct 2028 – Dec 2028,JER-U-0059,U,Monopole / greenfield,Jerash,Jerash,Jerash,32.29258,35.88242,30,3,HUB-JER-01,HUB-JER-01-R06,Fiber ring,0
RO-07,Oct 2028 – Dec 2028,JER-U-0060,U,Monopole / greenfield,Jerash,Jerash,Jerash,32.29258,35.88714,30,3,HUB-JER-01,HUB-JER-01-R06,Fiber ring,0
RO-07,Oct 2028 – Dec 2028,JER-SU-0076,SU,Monopole / greenfield,Jerash,Jerash outskirts,Jerash,32.25890,35.90101,32,3,HUB-JER-02,HUB-JER-02-R01,Fiber ring,0
RO-07,Oct 2028 – Dec 2028,JER-U-0004,U,Monopole / greenfield,Jerash,Jerash,Jerash,32.26357,35.90227,30,3,HUB-JER-02,HUB-JER-02-R01,Fiber ring,0
RO-07,Oct 2028 – Dec 2028,JER-U-0009,U,Rooftop,Jerash,Jerash,Jerash,32.26872,35.89990,30,3,HUB-JER-02,HUB-JER-02-R01,Fiber ring,0
RO-07,Oct 2028 – Dec 2028,JER-U-0010,U,Monopole / greenfield,Jerash,Jerash,Jerash,32.26791,35.90557,30,3,HUB-JER-02,HUB-JER-02-R01,Fiber ring,0
RO-07,Oct 2028 – Dec 2028,JER-U-0015,U,Rooftop,Jerash,Jerash,Jerash,32.27143,35.89849,30,3,HUB-JER-02,HUB-JER-02-R01,Fiber ring,0
RO-07,Oct 2028 – Dec 2028,JER-U-0016,U,Rooftop,Jerash,Jerash,Jerash,32.27102,35.90227,30,3,HUB-JER-02,HUB-JER-02-R01,Fiber ring,0
RO-07,Oct 2028 – Dec 2028,JER-U-0017,U,Rooftop,Jerash,Jerash,Jerash,32.27143,35.90794,30,3,HUB-JER-02,HUB-JER-02-R01,Fiber ring,0
RO-07,Oct 2028 – Dec 2028,JER-U-0026,U,Rooftop,Jerash,Jerash,Jerash,32.27414,35.90935,30,3,HUB-JER-02,HUB-JER-02-R01,Fiber ring,1
RO-07,Oct 2028 – Dec 2028,JER-SU-0071,SU,Monopole / greenfield,Jerash,Jerash outskirts,Jerash,32.25381,35.90442,32,3,HUB-JER-02,HUB-JER-02-R02,Fiber ring,0
RO-07,Oct 2028 – Dec 2028,JER-SU-0077,SU,Monopole / greenfield,Jerash,Jerash outskirts,Jerash,32.25890,35.90783,32,3,HUB-JER-02,HUB-JER-02-R02,Fiber ring,0
RO-07,Oct 2028 – Dec 2028,JER-SU-0078,SU,Monopole / greenfield,Jerash,Jerash outskirts,Jerash,32.25772,35.91329,32,3,HUB-JER-02,HUB-JER-02-R02,Fiber ring,0
RO-07,Oct 2028 – Dec 2028,JER-SU-0082,SU,Monopole / greenfield,Jerash,Jerash outskirts,Jerash,32.26516,35.90988,32,3,HUB-JER-02,HUB-JER-02-R02,Fiber ring,0
RO-07,Oct 2028 – Dec 2028,JER-SU-0083,SU,Monopole / greenfield,Jerash,Jerash outskirts,Jerash,32.26281,35.91671,32,3,HUB-JER-02,HUB-JER-02-R02,Fiber ring,0
RO-07,Oct 2028 – Dec 2028,JER-SU-0086,SU,Monopole / greenfield,Jerash,Jerash outskirts,Jerash,32.26908,35.92148,32,3,HUB-JER-02,HUB-JER-02-R02,Fiber ring,0
RO-07,Oct 2028 – Dec 2028,JER-U-0018,U,Monopole / greenfield,Jerash,Jerash,Jerash,32.27184,35.91125,30,3,HUB-JER-02,HUB-JER-02-R02,Fiber ring,0
RO-07,Oct 2028 – Dec 2028,JER-SU-0088,SU,Monopole / greenfield,Jerash,Jerash outskirts,Jerash,32.27535,35.91671,32,3,HUB-JER-02,HUB-JER-02-R03,Fiber ring,0
RO-07,Oct 2028 – Dec 2028,JER-SU-0089,SU,Monopole / greenfield,Jerash,Jerash outskirts,Jerash,32.27417,35.92490,32,3,HUB-JER-02,HUB-JER-02-R03,Fiber ring,0
RO-07,Oct 2028 – Dec 2028,JER-SU-0092,SU,Monopole / greenfield,Jerash,Jerash outskirts,Jerash,32.27926,35.92148,32,3,HUB-JER-02,HUB-JER-02-R03,Fiber ring,0
RO-07,Oct 2028 – Dec 2028,JER-SU-0093,SU,Monopole / greenfield,Jerash,Jerash outskirts,Jerash,32.27926,35.92831,32,3,HUB-JER-02,HUB-JER-02-R03,Fiber ring,0
RO-07,Oct 2028 – Dec 2028,JER-SU-0097,SU,Monopole / greenfield,Jerash,Jerash outskirts,Jerash,32.28435,35.92490,32,3,HUB-JER-02,HUB-JER-02-R03,Fiber ring,0
RO-07,Oct 2028 – Dec 2028,JER-SU-0101,SU,Monopole / greenfield,Jerash,Jerash outskirts,Jerash,32.28944,35.92148,32,3,HUB-JER-02,HUB-JER-02-R03,Fiber ring,0
RO-07,Oct 2028 – Dec 2028,JER-SU-0105,SU,Monopole / greenfield,Jerash,Jerash outskirts,Jerash,32.29512,35.92422,32,3,HUB-JER-02,HUB-JER-02-R03,Fiber ring,0
RO-07,Oct 2028 – Dec 2028,JER-SU-0096,SU,Monopole / greenfield,Jerash,Jerash outskirts,Jerash,32.28435,35.91534,32,3,HUB-JER-02,HUB-JER-02-R04,Fiber ring,0
RO-07,Oct 2028 – Dec 2028,JER-SU-0100,SU,Rooftop,Jerash,Jerash outskirts,Jerash,32.28944,35.91193,32,3,HUB-JER-02,HUB-JER-02-R04,Fiber ring,0
RO-07,Oct 2028 – Dec 2028,JER-SU-0104,SU,Monopole / greenfield,Jerash,Jerash outskirts,Jerash,32.29453,35.91534,32,3,HUB-JER-02,HUB-JER-02-R04,Fiber ring,0
RO-07,Oct 2028 – Dec 2028,JER-U-0034,U,Monopole / greenfield,Jerash,Jerash,Jerash,32.27848,35.91077,30,3,HUB-JER-02,HUB-JER-02-R04,Fiber ring,0
RO-07,Oct 2028 – Dec 2028,JER-U-0042,U,Rooftop,Jerash,Jerash,Jerash,32.28282,35.90935,30,3,HUB-JER-02,HUB-JER-02-R04,Fiber ring,0
RO-07,Oct 2028 – Dec 2028,JER-U-0043,U,Monopole / greenfield,Jerash,Jerash,Jerash,32.28282,35.91408,30,3,HUB-JER-02,HUB-JER-02-R04,Fiber ring,0
RO-07,Oct 2028 – Dec 2028,JER-U-0051,U,Rooftop,Jerash,Jerash,Jerash,32.28553,35.91077,30,3,HUB-JER-02,HUB-JER-02-R04,Fiber ring,0
RO-07,Oct 2028 – Dec 2028,JER-U-0032,U,Rooftop,Jerash,Jerash,Jerash,32.27929,35.90227,30,3,HUB-JER-02,HUB-JER-02-R05,Fiber ring,0
RO-07,Oct 2028 – Dec 2028,JER-U-0033,U,Rooftop,Jerash,Jerash,Jerash,32.27929,35.90699,30,3,HUB-JER-02,HUB-JER-02-R05,Fiber ring,0
RO-07,Oct 2028 – Dec 2028,JER-U-0040,U,Rooftop,Jerash,Jerash,Jerash,32.28282,35.89990,30,3,HUB-JER-02,HUB-JER-02-R05,Fiber ring,0
RO-07,Oct 2028 – Dec 2028,JER-U-0041,U,Rooftop,Jerash,Jerash,Jerash,32.28200,35.90557,30,3,HUB-JER-02,HUB-JER-02-R05,Fiber ring,0
RO-07,Oct 2028 – Dec 2028,JER-U-0049,U,Rooftop,Jerash,Jerash,Jerash,32.28471,35.90227,30,3,HUB-JER-02,HUB-JER-02-R05,Fiber ring,0
RO-07,Oct 2028 – Dec 2028,JER-U-0050,U,Rooftop,Jerash,Jerash,Jerash,32.28553,35.90794,30,3,HUB-JER-02,HUB-JER-02-R05,Fiber ring,0
RO-07,Oct 2028 – Dec 2028,JER-U-0058,U,Rooftop,Jerash,Jerash,Jerash,32.28987,35.90935,30,3,HUB-JER-02,HUB-JER-02-R05,Fiber ring,0
RO-07,Oct 2028 – Dec 2028,JER-U-0023,U,Rooftop,Jerash,Jerash,Jerash,32.27536,35.89565,30,3,HUB-JER-02,HUB-JER-02-R06,Fiber ring,0
RO-07,Oct 2028 – Dec 2028,JER-U-0024,U,Rooftop,Jerash,Jerash,Jerash,32.27577,35.89990,30,3,HUB-JER-02,HUB-JER-02-R06,Fiber ring,0
RO-07,Oct 2028 – Dec 2028,JER-U-0025,U,Rooftop,Jerash,Jerash,Jerash,32.27495,35.90557,30,3,HUB-JER-02,HUB-JER-02-R06,Fiber ring,0
RO-07,Oct 2028 – Dec 2028,JER-U-0031,U,Rooftop,Jerash,Jerash,Jerash,32.27848,35.89849,30,3,HUB-JER-02,HUB-JER-02-R06,Fiber ring,0
RO-07,Oct 2028 – Dec 2028,JER-SU-0072,SU,Monopole / greenfield,Jerash,Jerash outskirts,Jerash,32.25890,35.87370,32,3,HUB-JER-03,HUB-JER-03-R01,Fiber ring,0
RO-07,Oct 2028 – Dec 2028,JER-SU-0079,SU,Rooftop,Jerash,Jerash outskirts,Jerash,32.26399,35.86756,32,3,HUB-JER-03,HUB-JER-03-R01,Fiber ring,0
RO-07,Oct 2028 – Dec 2028,JER-SU-0080,SU,Monopole / greenfield,Jerash,Jerash outskirts,Jerash,32.26399,35.87711,32,3,HUB-JER-03,HUB-JER-03-R01,Fiber ring,0
RO-07,Oct 2028 – Dec 2028,JER-SU-0084,SU,Monopole / greenfield,Jerash,Jerash outskirts,Jerash,32.26908,35.86414,32,3,HUB-JER-03,HUB-JER-03-R01,Fiber ring,0
RO-07,Oct 2028 – Dec 2028,JER-SU-0085,SU,Monopole / greenfield,Jerash,Jerash outskirts,Jerash,32.26908,35.87370,32,3,HUB-JER-03,HUB-JER-03-R01,Fiber ring,0
RO-07,Oct 2028 – Dec 2028,JER-U-0005,U,Monopole / greenfield,Jerash,Jerash,Jerash,32.26791,35.88100,30,3,HUB-JER-03,HUB-JER-03-R01,Fiber ring,0
RO-07,Oct 2028 – Dec 2028,JER-U-0011,U,Monopole / greenfield,Jerash,Jerash,Jerash,32.27143,35.87769,30,3,HUB-JER-03,HUB-JER-03-R01,Fiber ring,0
RO-07,Oct 2028 – Dec 2028,JER-U-0012,U,Rooftop,Jerash,Jerash,Jerash,32.27224,35.88336,30,3,HUB-JER-03,HUB-JER-03-R01,Fiber ring,1
RO-07,Oct 2028 – Dec 2028,JER-SU-0068,SU,Monopole / greenfield,Jerash,Jerash outskirts,Jerash,32.25498,35.88257,32,3,HUB-JER-03,HUB-JER-03-R02,Fiber ring,0
RO-07,Oct 2028 – Dec 2028,JER-SU-0069,SU,Monopole / greenfield,Jerash,Jerash outskirts,Jerash,32.25381,35.88804,32,3,HUB-JER-03,HUB-JER-03-R02,Fiber ring,0
RO-07,Oct 2028 – Dec 2028,JER-SU-0073,SU,Monopole / greenfield,Jerash,Jerash outskirts,Jerash,32.25831,35.87984,32,3,HUB-JER-03,HUB-JER-03-R02,Fiber ring,0
RO-07,Oct 2028 – Dec 2028,JER-SU-0074,SU,Monopole / greenfield,Jerash,Jerash outskirts,Jerash,32.26007,35.88599,32,3,HUB-JER-03,HUB-JER-03-R02,Fiber ring,0
RO-07,Oct 2028 – Dec 2028,JER-SU-0081,SU,Monopole / greenfield,Jerash,Jerash outskirts,Jerash,32.26516,35.88257,32,3,HUB-JER-03,HUB-JER-03-R02,Fiber ring,0
RO-07,Oct 2028 – Dec 2028,JER-U-0001,U,Monopole / greenfield,Jerash,Jerash,Jerash,32.26438,35.88714,30,3,HUB-JER-03,HUB-JER-03-R02,Fiber ring,0
RO-07,Oct 2028 – Dec 2028,JER-U-0006,U,Monopole / greenfield,Jerash,Jerash,Jerash,32.26872,35.88572,30,3,HUB-JER-03,HUB-JER-03-R02,Fiber ring,0
RO-07,Oct 2028 – Dec 2028,JER-SU-0070,SU,Monopole / greenfield,Jerash,Jerash outskirts,Jerash,32.25322,35.89691,32,3,HUB-JER-03,HUB-JER-03-R03,Fiber ring,0
RO-07,Oct 2028 – Dec 2028,JER-SU-0075,SU,Monopole / greenfield,Jerash,Jerash outskirts,Jerash,32.25890,35.89418,32,3,HUB-JER-03,HUB-JER-03-R03,Fiber ring,0
RO-07,Oct 2028 – Dec 2028,JER-U-0002,U,Monopole / greenfield,Jerash,Jerash,Jerash,32.26519,35.89281,30,3,HUB-JER-03,HUB-JER-03-R03,Fiber ring,0
RO-07,Oct 2028 – Dec 2028,JER-U-0003,U,Monopole / greenfield,Jerash,Jerash,Jerash,32.26519,35.89754,30,3,HUB-JER-03,HUB-JER-03-R03,Fiber ring,0
RO-07,Oct 2028 – Dec 2028,JER-U-0007,U,Monopole / greenfield,Jerash,Jerash,Jerash,32.26791,35.89140,30,3,HUB-JER-03,HUB-JER-03-R03,Fiber ring,0
RO-07,Oct 2028 – Dec 2028,JER-U-0008,U,Monopole / greenfield,Jerash,Jerash,Jerash,32.26791,35.89423,30,3,HUB-JER-03,HUB-JER-03-R03,Fiber ring,0
RO-07,Oct 2028 – Dec 2028,JER-U-0014,U,Monopole / greenfield,Jerash,Jerash,Jerash,32.27102,35.89234,30,3,HUB-JER-03,HUB-JER-03-R03,Fiber ring,0
RO-07,Oct 2028 – Dec 2028,JER-U-0013,U,Rooftop,Jerash,Jerash,Jerash,32.27184,35.88762,30,3,HUB-JER-03,HUB-JER-03-R04,Fiber ring,0
RO-07,Oct 2028 – Dec 2028,JER-U-0021,U,Rooftop,Jerash,Jerash,Jerash,32.27577,35.88572,30,3,HUB-JER-03,HUB-JER-03-R04,Fiber ring,0
RO-07,Oct 2028 – Dec 2028,JER-U-0022,U,Rooftop,Jerash,Jerash,Jerash,32.27495,35.88951,30,3,HUB-JER-03,HUB-JER-03-R04,Fiber ring,0
RO-07,Oct 2028 – Dec 2028,JER-U-0028,U,Rooftop,Jerash,Jerash,Jerash,32.27929,35.88336,30,3,HUB-JER-03,HUB-JER-03-R04,Fiber ring,0
RO-07,Oct 2028 – Dec 2028,JER-U-0029,U,Rooftop,Jerash,Jerash,Jerash,32.27889,35.88762,30,3,HUB-JER-03,HUB-JER-03-R04,Fiber ring,0
RO-07,Oct 2028 – Dec 2028,JER-U-0030,U,Rooftop,Jerash,Jerash,Jerash,32.27929,35.89281,30,3,HUB-JER-03,HUB-JER-03-R04,Fiber ring,0
RO-07,Oct 2028 – Dec 2028,JER-U-0037,U,Rooftop,Jerash,Jerash,Jerash,32.28200,35.88478,30,3,HUB-JER-03,HUB-JER-03-R04,Fiber ring,0
RO-07,Oct 2028 – Dec 2028,JER-SU-0091,SU,Monopole / greenfield,Jerash,Jerash outskirts,Jerash,32.27926,35.87097,32,3,HUB-JER-03,HUB-JER-03-R05,Fiber ring,0
RO-07,Oct 2028 – Dec 2028,JER-SU-0094,SU,Monopole / greenfield,Jerash,Jerash outskirts,Jerash,32.28553,35.86210,32,3,HUB-JER-03,HUB-JER-03-R05,Fiber ring,0
RO-07,Oct 2028 – Dec 2028,JER-SU-0095,SU,Monopole / greenfield,Jerash,Jerash outskirts,Jerash,32.28553,35.86892,32,3,HUB-JER-03,HUB-JER-03-R05,Fiber ring,0
RO-07,Oct 2028 – Dec 2028,JER-U-0020,U,Monopole / greenfield,Jerash,Jerash,Jerash,32.27495,35.88005,30,3,HUB-JER-03,HUB-JER-03-R05,Fiber ring,0
RO-07,Oct 2028 – Dec 2028,JER-U-0027,U,Monopole / greenfield,Jerash,Jerash,Jerash,32.27807,35.87816,30,3,HUB-JER-03,HUB-JER-03-R05,Fiber ring,0
RO-07,Oct 2028 – Dec 2028,JER-U-0035,U,Monopole / greenfield,Jerash,Jerash,Jerash,32.28241,35.87580,30,3,HUB-JER-03,HUB-JER-03-R05,Fiber ring,0
RO-07,Oct 2028 – Dec 2028,JER-U-0036,U,Rooftop,Jerash,Jerash,Jerash,32.28200,35.88194,30,3,HUB-JER-03,HUB-JER-03-R05,Fiber ring,0
RO-07,Oct 2028 – Dec 2028,JER-SU-0087,SU,Monopole / greenfield,Jerash,Jerash outskirts,Jerash,32.27417,35.87029,32,3,HUB-JER-03,HUB-JER-03-R06,Fiber ring,0
RO-07,Oct 2028 – Dec 2028,JER-SU-0090,SU,Monopole / greenfield,Jerash,Jerash outskirts,Jerash,32.28044,35.86551,32,3,HUB-JER-03,HUB-JER-03-R06,Fiber ring,0
RO-07,Oct 2028 – Dec 2028,JER-U-0019,U,Monopole / greenfield,Jerash,Jerash,Jerash,32.27577,35.87627,30,3,HUB-JER-03,HUB-JER-03-R06,Fiber ring,0
RO-07,Oct 2028 – Dec 2028,KAR-SU-0082,SU,Monopole / greenfield,Karak,Karak outskirts,Karak,31.17964,35.67983,32,3,HUB-KAR-02,HUB-KAR-02-R01,Fiber ring,0
RO-07,Oct 2028 – Dec 2028,KAR-SU-0085,SU,Monopole / greenfield,Karak,Karak outskirts,Karak,31.18355,35.67778,32,3,HUB-KAR-02,HUB-KAR-02-R01,Fiber ring,0
RO-07,Oct 2028 – Dec 2028,KAR-SU-0086,SU,Monopole / greenfield,Karak,Karak outskirts,Karak,31.18473,35.68324,32,3,HUB-KAR-02,HUB-KAR-02-R01,Fiber ring,0
RO-07,Oct 2028 – Dec 2028,KAR-SU-0088,SU,Monopole / greenfield,Karak,Karak outskirts,Karak,31.18864,35.67437,32,3,HUB-KAR-02,HUB-KAR-02-R01,Fiber ring,0
RO-07,Oct 2028 – Dec 2028,KAR-U-0026,U,Monopole / greenfield,Karak,Karak,Karak,31.17885,35.68865,30,3,HUB-KAR-02,HUB-KAR-02-R01,Fiber ring,0
RO-07,Oct 2028 – Dec 2028,KAR-U-0034,U,Monopole / greenfield,Karak,Karak,Karak,31.18238,35.68629,30,3,HUB-KAR-02,HUB-KAR-02-R01,Fiber ring,0
RO-07,Oct 2028 – Dec 2028,KAR-U-0042,U,Monopole / greenfield,Karak,Karak,Karak,31.18590,35.68865,30,3,HUB-KAR-02,HUB-KAR-02-R01,Fiber ring,0
RO-07,Oct 2028 – Dec 2028,KAR-U-0050,U,Monopole / greenfield,Karak,Karak,Karak,31.18943,35.69102,30,3,HUB-KAR-02,HUB-KAR-02-R01,Fiber ring,1
RO-07,Oct 2028 – Dec 2028,KAR-U-0027,U,Monopole / greenfield,Karak,Karak,Karak,31.17967,35.69432,30,3,HUB-KAR-02,HUB-KAR-02-R02,Fiber ring,0
RO-07,Oct 2028 – Dec 2028,KAR-U-0035,U,Monopole / greenfield,Karak,Karak,Karak,31.18238,35.69102,30,3,HUB-KAR-02,HUB-KAR-02-R02,Fiber ring,0
RO-07,Oct 2028 – Dec 2028,KAR-U-0036,U,Monopole / greenfield,Karak,Karak,Karak,31.18238,35.69763,30,3,HUB-KAR-02,HUB-KAR-02-R02,Fiber ring,0
RO-07,Oct 2028 – Dec 2028,KAR-U-0037,U,Rooftop,Karak,Karak,Karak,31.18238,35.70236,30,3,HUB-KAR-02,HUB-KAR-02-R02,Fiber ring,0
RO-07,Oct 2028 – Dec 2028,KAR-U-0038,U,Rooftop,Karak,Karak,Karak,31.18238,35.70519,30,3,HUB-KAR-02,HUB-KAR-02-R02,Fiber ring,0
RO-07,Oct 2028 – Dec 2028,KAR-U-0043,U,Monopole / greenfield,Karak,Karak,Karak,31.18590,35.69338,30,3,HUB-KAR-02,HUB-KAR-02-R02,Fiber ring,0
RO-07,Oct 2028 – Dec 2028,KAR-U-0044,U,Rooftop,Karak,Karak,Karak,31.18590,35.70000,30,3,HUB-KAR-02,HUB-KAR-02-R02,Fiber ring,0
RO-07,Oct 2028 – Dec 2028,KAR-U-0045,U,Rooftop,Karak,Karak,Karak,31.18509,35.70378,30,3,HUB-KAR-02,HUB-KAR-02-R03,Fiber ring,0
RO-07,Oct 2028 – Dec 2028,KAR-U-0051,U,Monopole / greenfield,Karak,Karak,Karak,31.18943,35.69763,30,3,HUB-KAR-02,HUB-KAR-02-R03,Fiber ring,0
RO-07,Oct 2028 – Dec 2028,KAR-U-0052,U,Rooftop,Karak,Karak,Karak,31.18861,35.70141,30,3,HUB-KAR-02,HUB-KAR-02-R03,Fiber ring,0
RO-07,Oct 2028 – Dec 2028,KAR-U-0053,U,Rooftop,Karak,Karak,Karak,31.18861,35.70614,30,3,HUB-KAR-02,HUB-KAR-02-R03,Fiber ring,0
RO-07,Oct 2028 – Dec 2028,KAR-U-0057,U,Monopole / greenfield,Karak,Karak,Karak,31.19254,35.69858,30,3,HUB-KAR-02,HUB-KAR-02-R03,Fiber ring,0
RO-07,Oct 2028 – Dec 2028,KAR-U-0058,U,Monopole / greenfield,Karak,Karak,Karak,31.19377,35.70378,30,3,HUB-KAR-02,HUB-KAR-02-R03,Fiber ring,0
RO-07,Oct 2028 – Dec 2028,KAR-U-0059,U,Monopole / greenfield,Karak,Karak,Karak,31.19377,35.70850,30,3,HUB-KAR-02,HUB-KAR-02-R03,Fiber ring,0
RO-07,Oct 2028 – Dec 2028,KAR-SU-0099,SU,Monopole / greenfield,Karak,Karak outskirts,Karak,31.20000,35.69621,32,3,HUB-KAR-02,HUB-KAR-02-R04,Fiber ring,0
RO-07,Oct 2028 – Dec 2028,KAR-SU-0100,SU,Monopole / greenfield,Karak,Karak outskirts,Karak,31.19882,35.70850,32,3,HUB-KAR-02,HUB-KAR-02-R04,Fiber ring,0
RO-07,Oct 2028 – Dec 2028,KAR-SU-0104,SU,Monopole / greenfield,Karak,Karak outskirts,Karak,31.20627,35.69144,32,3,HUB-KAR-02,HUB-KAR-02-R04,Fiber ring,0
RO-07,Oct 2028 – Dec 2028,KAR-SU-0105,SU,Monopole / greenfield,Karak,Karak outskirts,Karak,31.20509,35.70645,32,3,HUB-KAR-02,HUB-KAR-02-R04,Fiber ring,0
RO-07,Oct 2028 – Dec 2028,KAR-SU-0106,SU,Monopole / greenfield,Karak,Karak outskirts,Karak,31.20509,35.71328,32,3,HUB-KAR-02,HUB-KAR-02-R04,Fiber ring,0
RO-07,Oct 2028 – Dec 2028,KAR-U-0056,U,Monopole / greenfield,Karak,Karak,Karak,31.19295,35.69338,30,3,HUB-KAR-02,HUB-KAR-02-R04,Fiber ring,0
RO-07,Oct 2028 – Dec 2028,KAR-U-0061,U,Monopole / greenfield,Karak,Karak,Karak,31.19648,35.70708,30,3,HUB-KAR-02,HUB-KAR-02-R04,Fiber ring,0
RO-07,Oct 2028 – Dec 2028,KAR-SU-0089,SU,Monopole / greenfield,Karak,Karak outskirts,Karak,31.18982,35.67983,32,3,HUB-KAR-02,HUB-KAR-02-R05,Fiber ring,0
RO-07,Oct 2028 – Dec 2028,KAR-SU-0090,SU,Monopole / greenfield,Karak,Karak outskirts,Karak,31.18982,35.68666,32,3,HUB-KAR-02,HUB-KAR-02-R05,Fiber ring,0
RO-07,Oct 2028 – Dec 2028,KAR-SU-0093,SU,Monopole / greenfield,Karak,Karak outskirts,Karak,31.19373,35.67778,32,3,HUB-KAR-02,HUB-KAR-02-R05,Fiber ring,0
RO-07,Oct 2028 – Dec 2028,KAR-SU-0094,SU,Monopole / greenfield,Karak,Karak outskirts,Karak,31.19373,35.68461,32,3,HUB-KAR-02,HUB-KAR-02-R05,Fiber ring,0
RO-07,Oct 2028 – Dec 2028,KAR-SU-0097,SU,Monopole / greenfield,Karak,Karak outskirts,Karak,31.19882,35.68120,32,3,HUB-KAR-02,HUB-KAR-02-R05,Fiber ring,0
RO-07,Oct 2028 – Dec 2028,KAR-SU-0098,SU,Monopole / greenfield,Karak,Karak outskirts,Karak,31.20118,35.68802,32,3,HUB-KAR-02,HUB-KAR-02-R05,Fiber ring,0
RO-07,Oct 2028 – Dec 2028,MA-SU-0123,SU,Monopole / greenfield,Ma'an,Ma'an outskirts,Ma'an,30.21237,35.70850,32,3,HUB-MA-01,HUB-MA-01-R01,Fiber ring,0
RO-07,Oct 2028 – Dec 2028,MA-SU-0124,SU,Monopole / greenfield,Ma'an,Ma'an outskirts,Ma'an,30.21237,35.71533,32,3,HUB-MA-01,HUB-MA-01-R01,Fiber ring,0
RO-07,Oct 2028 – Dec 2028,MA-U-0060,U,Rooftop,Ma'an,Ma'an,Ma'an,30.20340,35.72504,30,3,HUB-MA-01,HUB-MA-01-R01,Fiber ring,0
RO-07,Oct 2028 – Dec 2028,MA-U-0068,U,Rooftop,Ma'an,Ma'an,Ma'an,30.20529,35.72268,30,3,HUB-MA-01,HUB-MA-01-R01,Fiber ring,0
RO-07,Oct 2028 – Dec 2028,MA-U-0075,U,Monopole / greenfield,Ma'an,Ma'an,Ma'an,30.21045,35.72032,30,3,HUB-MA-01,HUB-MA-01-R01,Fiber ring,0
RO-07,Oct 2028 – Dec 2028,MA-U-0076,U,Monopole / greenfield,Ma'an,Ma'an,Ma'an,30.20963,35.72504,30,3,HUB-MA-01,HUB-MA-01-R01,Fiber ring,0
RO-07,Oct 2028 – Dec 2028,MA-U-0082,U,Monopole / greenfield,Ma'an,Ma'an,Ma'an,30.21316,35.72741,30,3,HUB-MA-01,HUB-MA-01-R01,Fiber ring,0
RO-07,Oct 2028 – Dec 2028,MA-U-0083,U,Monopole / greenfield,Ma'an,Ma'an,Ma'an,30.21356,35.73260,30,3,HUB-MA-01,HUB-MA-01-R01,Fiber ring,1
RO-07,Oct 2028 – Dec 2028,MA-U-0052,U,Rooftop,Ma'an,Ma'an,Ma'an,30.19906,35.73213,30,3,HUB-MA-01,HUB-MA-01-R02,Fiber ring,0
RO-07,Oct 2028 – Dec 2028,MA-U-0061,U,Rooftop,Ma'an,Ma'an,Ma'an,30.20258,35.72977,30,3,HUB-MA-01,HUB-MA-01-R02,Fiber ring,0
RO-07,Oct 2028 – Dec 2028,MA-U-0062,U,Rooftop,Ma'an,Ma'an,Ma'an,30.20258,35.73449,30,3,HUB-MA-01,HUB-MA-01-R02,Fiber ring,0
RO-07,Oct 2028 – Dec 2028,MA-U-0069,U,Rooftop,Ma'an,Ma'an,Ma'an,30.20611,35.72741,30,3,HUB-MA-01,HUB-MA-01-R02,Fiber ring,0
RO-07,Oct 2028 – Dec 2028,MA-U-0070,U,Rooftop,Ma'an,Ma'an,Ma'an,30.20611,35.73213,30,3,HUB-MA-01,HUB-MA-01-R02,Fiber ring,0
RO-07,Oct 2028 – Dec 2028,MA-U-0077,U,Rooftop,Ma'an,Ma'an,Ma'an,30.20882,35.72977,30,3,HUB-MA-01,HUB-MA-01-R02,Fiber ring,0
RO-07,Oct 2028 – Dec 2028,MA-U-0078,U,Rooftop,Ma'an,Ma'an,Ma'an,30.20882,35.73449,30,3,HUB-MA-01,HUB-MA-01-R02,Fiber ring,0
RO-07,Oct 2028 – Dec 2028,MA-U-0063,U,Rooftop,Ma'an,Ma'an,Ma'an,30.20258,35.73922,30,3,HUB-MA-01,HUB-MA-01-R03,Fiber ring,0
RO-07,Oct 2028 – Dec 2028,MA-U-0071,U,Monopole / greenfield,Ma'an,Ma'an,Ma'an,30.20529,35.73686,30,3,HUB-MA-01,HUB-MA-01-R03,Fiber ring,0
RO-07,Oct 2028 – Dec 2028,MA-U-0072,U,Monopole / greenfield,Ma'an,Ma'an,Ma'an,30.20529,35.74158,30,3,HUB-MA-01,HUB-MA-01-R03,Fiber ring,0
RO-07,Oct 2028 – Dec 2028,MA-U-0079,U,Monopole / greenfield,Ma'an,Ma'an,Ma'an,30.20963,35.73922,30,3,HUB-MA-01,HUB-MA-01-R03,Fiber ring,0
RO-07,Oct 2028 – Dec 2028,MA-U-0080,U,Monopole / greenfield,Ma'an,Ma'an,Ma'an,30.21045,35.74395,30,3,HUB-MA-01,HUB-MA-01-R03,Fiber ring,0
RO-07,Oct 2028 – Dec 2028,MA-U-0085,U,Monopole / greenfield,Ma'an,Ma'an,Ma'an,30.21397,35.74158,30,3,HUB-MA-01,HUB-MA-01-R03,Fiber ring,0
RO-07,Oct 2028 – Dec 2028,MA-U-0086,U,Monopole / greenfield,Ma'an,Ma'an,Ma'an,30.21316,35.74631,30,3,HUB-MA-01,HUB-MA-01-R03,Fiber ring,0
RO-07,Oct 2028 – Dec 2028,MA-SU-0129,SU,Monopole / greenfield,Ma'an,Ma'an outskirts,Ma'an,30.21746,35.73239,32,3,HUB-MA-01,HUB-MA-01-R04,Fiber ring,0
RO-07,Oct 2028 – Dec 2028,MA-SU-0130,SU,Monopole / greenfield,Ma'an,Ma'an outskirts,Ma'an,30.21746,35.73922,32,3,HUB-MA-01,HUB-MA-01-R04,Fiber ring,0
RO-07,Oct 2028 – Dec 2028,MA-SU-0131,SU,Monopole / greenfield,Ma'an,Ma'an outskirts,Ma'an,30.21864,35.74605,32,3,HUB-MA-01,HUB-MA-01-R04,Fiber ring,0
RO-07,Oct 2028 – Dec 2028,MA-SU-0135,SU,Monopole / greenfield,Ma'an,Ma'an outskirts,Ma'an,30.22256,35.73581,32,3,HUB-MA-01,HUB-MA-01-R04,Fiber ring,0
RO-07,Oct 2028 – Dec 2028,MA-SU-0136,SU,Monopole / greenfield,Ma'an,Ma'an outskirts,Ma'an,30.22256,35.74263,32,3,HUB-MA-01,HUB-MA-01-R04,Fiber ring,0
RO-07,Oct 2028 – Dec 2028,MA-SU-0137,SU,Monopole / greenfield,Ma'an,Ma'an outskirts,Ma'an,30.22256,35.74810,32,3,HUB-MA-01,HUB-MA-01-R04,Fiber ring,0
RO-07,Oct 2028 – Dec 2028,MA-U-0084,U,Monopole / greenfield,Ma'an,Ma'an,Ma'an,30.21397,35.73686,30,3,HUB-MA-01,HUB-MA-01-R04,Fiber ring,0
RO-07,Oct 2028 – Dec 2028,MA-SU-0126,SU,Monopole / greenfield,Ma'an,Ma'an outskirts,Ma'an,30.21746,35.71192,32,3,HUB-MA-01,HUB-MA-01-R05,Fiber ring,0
RO-07,Oct 2028 – Dec 2028,MA-SU-0127,SU,Monopole / greenfield,Ma'an,Ma'an outskirts,Ma'an,30.21746,35.71874,32,3,HUB-MA-01,HUB-MA-01-R05,Fiber ring,0
RO-07,Oct 2028 – Dec 2028,MA-SU-0128,SU,Monopole / greenfield,Ma'an,Ma'an outskirts,Ma'an,30.21746,35.72557,32,3,HUB-MA-01,HUB-MA-01-R05,Fiber ring,0
RO-07,Oct 2028 – Dec 2028,MA-SU-0132,SU,Monopole / greenfield,Ma'an,Ma'an outskirts,Ma'an,30.22256,35.71533,32,3,HUB-MA-01,HUB-MA-01-R05,Fiber ring,0
RO-07,Oct 2028 – Dec 2028,MA-SU-0133,SU,Monopole / greenfield,Ma'an,Ma'an outskirts,Ma'an,30.22256,35.72215,32,3,HUB-MA-01,HUB-MA-01-R05,Fiber ring,0
RO-07,Oct 2028 – Dec 2028,MA-SU-0134,SU,Monopole / greenfield,Ma'an,Ma'an outskirts,Ma'an,30.22256,35.72898,32,3,HUB-MA-01,HUB-MA-01-R05,Fiber ring,0
RO-07,Oct 2028 – Dec 2028,MA-SU-0099,SU,Monopole / greenfield,Ma'an,Ma'an outskirts,Ma'an,30.17674,35.70509,32,3,HUB-MA-03,HUB-MA-03-R01,Fiber ring,0
RO-07,Oct 2028 – Dec 2028,MA-SU-0103,SU,Monopole / greenfield,Ma'an,Ma'an outskirts,Ma'an,30.18065,35.70168,32,3,HUB-MA-03,HUB-MA-03-R01,Fiber ring,0
RO-07,Oct 2028 – Dec 2028,MA-SU-0104,SU,Monopole / greenfield,Ma'an,Ma'an outskirts,Ma'an,30.18183,35.70850,32,3,HUB-MA-03,HUB-MA-03-R01,Fiber ring,0
RO-07,Oct 2028 – Dec 2028,MA-SU-0105,SU,Monopole / greenfield,Ma'an,Ma'an outskirts,Ma'an,30.18065,35.71533,32,3,HUB-MA-03,HUB-MA-03-R01,Fiber ring,0
RO-07,Oct 2028 – Dec 2028,MA-SU-0107,SU,Monopole / greenfield,Ma'an,Ma'an outskirts,Ma'an,30.18692,35.70509,32,3,HUB-MA-03,HUB-MA-03-R01,Fiber ring,0
RO-07,Oct 2028 – Dec 2028,MA-SU-0108,SU,Monopole / greenfield,Ma'an,Ma'an outskirts,Ma'an,30.18692,35.71192,32,3,HUB-MA-03,HUB-MA-03-R01,Fiber ring,0
RO-07,Oct 2028 – Dec 2028,MA-U-0022,U,Rooftop,Ma'an,Ma'an,Ma'an,30.18849,35.71559,30,3,HUB-MA-03,HUB-MA-03-R01,Fiber ring,0
RO-07,Oct 2028 – Dec 2028,MA-U-0032,U,Rooftop,Ma'an,Ma'an,Ma'an,30.19201,35.71795,30,3,HUB-MA-03,HUB-MA-03-R01,Fiber ring,1
RO-07,Oct 2028 – Dec 2028,MA-U-0006,U,Monopole / greenfield,Ma'an,Ma'an,Ma'an,30.18144,35.71937,30,3,HUB-MA-03,HUB-MA-03-R02,Fiber ring,0
RO-07,Oct 2028 – Dec 2028,MA-U-0013,U,Monopole / greenfield,Ma'an,Ma'an,Ma'an,30.18496,35.71795,30,3,HUB-MA-03,HUB-MA-03-R02,Fiber ring,0
RO-07,Oct 2028 – Dec 2028,MA-U-0014,U,Monopole / greenfield,Ma'an,Ma'an,Ma'an,30.18455,35.72221,30,3,HUB-MA-03,HUB-MA-03-R02,Fiber ring,0
RO-07,Oct 2028 – Dec 2028,MA-U-0023,U,Rooftop,Ma'an,Ma'an,Ma'an,30.18849,35.72032,30,3,HUB-MA-03,HUB-MA-03-R02,Fiber ring,0
RO-07,Oct 2028 – Dec 2028,MA-U-0024,U,Rooftop,Ma'an,Ma'an,Ma'an,30.18849,35.72504,30,3,HUB-MA-03,HUB-MA-03-R02,Fiber ring,0
RO-07,Oct 2028 – Dec 2028,MA-U-0033,U,Rooftop,Ma'an,Ma'an,Ma'an,30.19201,35.72268,30,3,HUB-MA-03,HUB-MA-03-R02,Fiber ring,0
RO-07,Oct 2028 – Dec 2028,MA-U-0034,U,Rooftop,Ma'an,Ma'an,Ma'an,30.19201,35.72741,30,3,HUB-MA-03,HUB-MA-03-R02,Fiber ring,0
RO-07,Oct 2028 – Dec 2028,MA-U-0035,U,Rooftop,Ma'an,Ma'an,Ma'an,30.19201,35.73213,30,3,HUB-MA-03,HUB-MA-03-R03,Fiber ring,0
RO-07,Oct 2028 – Dec 2028,MA-U-0040,U,Monopole / greenfield,Ma'an,Ma'an,Ma'an,30.19553,35.72032,30,3,HUB-MA-03,HUB-MA-03-R03,Fiber ring,0
RO-07,Oct 2028 – Dec 2028,MA-U-0041,U,Rooftop,Ma'an,Ma'an,Ma'an,30.19553,35.72504,30,3,HUB-MA-03,HUB-MA-03-R03,Fiber ring,0
RO-07,Oct 2028 – Dec 2028,MA-U-0042,U,Rooftop,Ma'an,Ma'an,Ma'an,30.19553,35.72977,30,3,HUB-MA-03,HUB-MA-03-R03,Fiber ring,0
RO-07,Oct 2028 – Dec 2028,MA-U-0050,U,Rooftop,Ma'an,Ma'an,Ma'an,30.19906,35.72268,30,3,HUB-MA-03,HUB-MA-03-R03,Fiber ring,0
RO-07,Oct 2028 – Dec 2028,MA-U-0051,U,Rooftop,Ma'an,Ma'an,Ma'an,30.19906,35.72741,30,3,HUB-MA-03,HUB-MA-03-R03,Fiber ring,0
RO-07,Oct 2028 – Dec 2028,MA-U-0059,U,Rooftop,Ma'an,Ma'an,Ma'an,30.20258,35.72032,30,3,HUB-MA-03,HUB-MA-03-R03,Fiber ring,0
RO-07,Oct 2028 – Dec 2028,MA-SU-0120,SU,Monopole / greenfield,Ma'an,Ma'an outskirts,Ma'an,30.20846,35.70509,32,3,HUB-MA-03,HUB-MA-03-R04,Fiber ring,0
RO-07,Oct 2028 – Dec 2028,MA-SU-0121,SU,Monopole / greenfield,Ma'an,Ma'an outskirts,Ma'an,30.20728,35.71192,32,3,HUB-MA-03,HUB-MA-03-R04,Fiber ring,0
RO-07,Oct 2028 – Dec 2028,MA-U-0039,U,Monopole / greenfield,Ma'an,Ma'an,Ma'an,30.19553,35.71559,30,3,HUB-MA-03,HUB-MA-03-R04,Fiber ring,0
RO-07,Oct 2028 – Dec 2028,MA-U-0048,U,Monopole / greenfield,Ma'an,Ma'an,Ma'an,30.19906,35.71323,30,3,HUB-MA-03,HUB-MA-03-R04,Fiber ring,0
RO-07,Oct 2028 – Dec 2028,MA-U-0049,U,Monopole / greenfield,Ma'an,Ma'an,Ma'an,30.19906,35.71795,30,3,HUB-MA-03,HUB-MA-03-R04,Fiber ring,0
RO-07,Oct 2028 – Dec 2028,MA-U-0058,U,Monopole / greenfield,Ma'an,Ma'an,Ma'an,30.20258,35.71559,30,3,HUB-MA-03,HUB-MA-03-R04,Fiber ring,0
RO-07,Oct 2028 – Dec 2028,MA-U-0067,U,Monopole / greenfield,Ma'an,Ma'an,Ma'an,30.20529,35.71795,30,3,HUB-MA-03,HUB-MA-03-R04,Fiber ring,0
RO-07,Oct 2028 – Dec 2028,MA-SU-0111,SU,Monopole / greenfield,Ma'an,Ma'an outskirts,Ma'an,30.19201,35.70168,32,3,HUB-MA-03,HUB-MA-03-R05,Fiber ring,0
RO-07,Oct 2028 – Dec 2028,MA-SU-0112,SU,Monopole / greenfield,Ma'an,Ma'an outskirts,Ma'an,30.19201,35.70850,32,3,HUB-MA-03,HUB-MA-03-R05,Fiber ring,0
RO-07,Oct 2028 – Dec 2028,MA-SU-0115,SU,Monopole / greenfield,Ma'an,Ma'an outskirts,Ma'an,30.19828,35.69826,32,3,HUB-MA-03,HUB-MA-03-R05,Fiber ring,0
RO-07,Oct 2028 – Dec 2028,MA-SU-0116,SU,Monopole / greenfield,Ma'an,Ma'an outskirts,Ma'an,30.19828,35.70509,32,3,HUB-MA-03,HUB-MA-03-R05,Fiber ring,0
RO-07,Oct 2028 – Dec 2028,MA-SU-0118,SU,Monopole / greenfield,Ma'an,Ma'an outskirts,Ma'an,30.20102,35.70850,32,3,HUB-MA-03,HUB-MA-03-R05,Fiber ring,0
RO-07,Oct 2028 – Dec 2028,MA-U-0031,U,Monopole / greenfield,Ma'an,Ma'an,Ma'an,30.19201,35.71323,30,3,HUB-MA-03,HUB-MA-03-R05,Fiber ring,0
RO-07,Oct 2028 – Dec 2028,MA-SU-0087,SU,Monopole / greenfield,Ma'an,Ma'an outskirts,Ma'an,30.16656,35.71874,32,3,HUB-MA-04,HUB-MA-04-R01,Fiber ring,0
RO-07,Oct 2028 – Dec 2028,MA-SU-0088,SU,Monopole / greenfield,Ma'an,Ma'an outskirts,Ma'an,30.16656,35.72557,32,3,HUB-MA-04,HUB-MA-04-R01,Fiber ring,0
RO-07,Oct 2028 – Dec 2028,MA-SU-0093,SU,Monopole / greenfield,Ma'an,Ma'an outskirts,Ma'an,30.17165,35.71533,32,3,HUB-MA-04,HUB-MA-04-R01,Fiber ring,0
RO-07,Oct 2028 – Dec 2028,MA-SU-0094,SU,Monopole / greenfield,Ma'an,Ma'an outskirts,Ma'an,30.17165,35.72215,32,3,HUB-MA-04,HUB-MA-04-R01,Fiber ring,0
RO-07,Oct 2028 – Dec 2028,MA-SU-0095,SU,Monopole / greenfield,Ma'an,Ma'an outskirts,Ma'an,30.17165,35.72762,32,3,HUB-MA-04,HUB-MA-04-R01,Fiber ring,0
RO-07,Oct 2028 – Dec 2028,MA-SU-0100,SU,Monopole / greenfield,Ma'an,Ma'an outskirts,Ma'an,30.17674,35.71874,32,3,HUB-MA-04,HUB-MA-04-R01,Fiber ring,0
RO-07,Oct 2028 – Dec 2028,MA-U-0002,U,Monopole / greenfield,Ma'an,Ma'an,Ma'an,30.17751,35.72788,30,3,HUB-MA-04,HUB-MA-04-R01,Fiber ring,0
RO-07,Oct 2028 – Dec 2028,MA-U-0004,U,Monopole / greenfield,Ma'an,Ma'an,Ma'an,30.17791,35.73591,30,3,HUB-MA-04,HUB-MA-04-R01,Fiber ring,1
RO-07,Oct 2028 – Dec 2028,MA-SU-0089,SU,Monopole / greenfield,Ma'an,Ma'an outskirts,Ma'an,30.16656,35.73103,32,3,HUB-MA-04,HUB-MA-04-R02,Fiber ring,0
RO-07,Oct 2028 – Dec 2028,MA-SU-0090,SU,Monopole / greenfield,Ma'an,Ma'an outskirts,Ma'an,30.16656,35.73786,32,3,HUB-MA-04,HUB-MA-04-R02,Fiber ring,0
RO-07,Oct 2028 – Dec 2028,MA-SU-0091,SU,Monopole / greenfield,Ma'an,Ma'an outskirts,Ma'an,30.16656,35.74605,32,3,HUB-MA-04,HUB-MA-04-R02,Fiber ring,0
RO-07,Oct 2028 – Dec 2028,MA-SU-0092,SU,Monopole / greenfield,Ma'an,Ma'an outskirts,Ma'an,30.16656,35.75151,32,3,HUB-MA-04,HUB-MA-04-R02,Fiber ring,0
RO-07,Oct 2028 – Dec 2028,MA-SU-0096,SU,Monopole / greenfield,Ma'an,Ma'an outskirts,Ma'an,30.17165,35.74263,32,3,HUB-MA-04,HUB-MA-04-R02,Fiber ring,0
RO-07,Oct 2028 – Dec 2028,MA-SU-0097,SU,Monopole / greenfield,Ma'an,Ma'an outskirts,Ma'an,30.17047,35.74946,32,3,HUB-MA-04,HUB-MA-04-R02,Fiber ring,0
RO-07,Oct 2028 – Dec 2028,MA-U-0001,U,Monopole / greenfield,Ma'an,Ma'an,Ma'an,30.17439,35.73355,30,3,HUB-MA-04,HUB-MA-04-R02,Fiber ring,0
RO-07,Oct 2028 – Dec 2028,MA-SU-0098,SU,Monopole / greenfield,Ma'an,Ma'an outskirts,Ma'an,30.17165,35.75629,32,3,HUB-MA-04,HUB-MA-04-R03,Fiber ring,0
RO-07,Oct 2028 – Dec 2028,MA-SU-0101,SU,Monopole / greenfield,Ma'an,Ma'an outskirts,Ma'an,30.17674,35.75287,32,3,HUB-MA-04,HUB-MA-04-R03,Fiber ring,0
RO-07,Oct 2028 – Dec 2028,MA-U-0005,U,Monopole / greenfield,Ma'an,Ma'an,Ma'an,30.17791,35.74631,30,3,HUB-MA-04,HUB-MA-04-R03,Fiber ring,0
RO-07,Oct 2028 – Dec 2028,MA-U-0010,U,Monopole / greenfield,Ma'an,Ma'an,Ma'an,30.18144,35.73922,30,3,HUB-MA-04,HUB-MA-04-R03,Fiber ring,0
RO-07,Oct 2028 – Dec 2028,MA-U-0011,U,Monopole / greenfield,Ma'an,Ma'an,Ma'an,30.18144,35.74395,30,3,HUB-MA-04,HUB-MA-04-R03,Fiber ring,0
RO-07,Oct 2028 – Dec 2028,MA-U-0012,U,Monopole / greenfield,Ma'an,Ma'an,Ma'an,30.18144,35.74867,30,3,HUB-MA-04,HUB-MA-04-R03,Fiber ring,0
RO-07,Oct 2028 – Dec 2028,MA-U-0018,U,Monopole / greenfield,Ma'an,Ma'an,Ma'an,30.18537,35.74111,30,3,HUB-MA-04,HUB-MA-04-R03,Fiber ring,0
RO-07,Oct 2028 – Dec 2028,MA-U-0009,U,Monopole / greenfield,Ma'an,Ma'an,Ma'an,30.18144,35.73449,30,3,HUB-MA-04,HUB-MA-04-R04,Fiber ring,0
RO-07,Oct 2028 – Dec 2028,MA-U-0015,U,Monopole / greenfield,Ma'an,Ma'an,Ma'an,30.18496,35.72741,30,3,HUB-MA-04,HUB-MA-04-R04,Fiber ring,0
RO-07,Oct 2028 – Dec 2028,MA-U-0016,U,Monopole / greenfield,Ma'an,Ma'an,Ma'an,30.18496,35.73213,30,3,HUB-MA-04,HUB-MA-04-R04,Fiber ring,0
RO-07,Oct 2028 – Dec 2028,MA-U-0017,U,Monopole / greenfield,Ma'an,Ma'an,Ma'an,30.18496,35.73686,30,3,HUB-MA-04,HUB-MA-04-R04,Fiber ring,0
RO-07,Oct 2028 – Dec 2028,MA-U-0025,U,Monopole / greenfield,Ma'an,Ma'an,Ma'an,30.18849,35.72977,30,3,HUB-MA-04,HUB-MA-04-R04,Fiber ring,0
RO-07,Oct 2028 – Dec 2028,MA-U-0026,U,Monopole / greenfield,Ma'an,Ma'an,Ma'an,30.18849,35.73449,30,3,HUB-MA-04,HUB-MA-04-R04,Fiber ring,0
RO-07,Oct 2028 – Dec 2028,MA-U-0027,U,Monopole / greenfield,Ma'an,Ma'an,Ma'an,30.18849,35.73922,30,3,HUB-MA-04,HUB-MA-04-R04,Fiber ring,0
RO-07,Oct 2028 – Dec 2028,MA-U-0003,U,Monopole / greenfield,Ma'an,Ma'an,Ma'an,30.17791,35.73213,30,3,HUB-MA-04,HUB-MA-04-R05,Fiber ring,0
RO-07,Oct 2028 – Dec 2028,MA-U-0007,U,Monopole / greenfield,Ma'an,Ma'an,Ma'an,30.18144,35.72504,30,3,HUB-MA-04,HUB-MA-04-R05,Fiber ring,0
RO-07,Oct 2028 – Dec 2028,MA-U-0008,U,Monopole / greenfield,Ma'an,Ma'an,Ma'an,30.18144,35.72977,30,3,HUB-MA-04,HUB-MA-04-R05,Fiber ring,0
RO-07,Oct 2028 – Dec 2028,MAF-SU-0129,SU,Monopole / greenfield,Mafraq,Mafraq outskirts,Mafraq,32.31999,36.17816,32,3,HUB-MAF-03,HUB-MAF-03-R01,Fiber ring,0
RO-07,Oct 2028 – Dec 2028,MAF-SU-0138,SU,Monopole / greenfield,Mafraq,Mafraq outskirts,Mafraq,32.32508,36.17474,32,3,HUB-MAF-03,HUB-MAF-03-R01,Fiber ring,0
RO-07,Oct 2028 – Dec 2028,MAF-SU-0142,SU,Monopole / greenfield,Mafraq,Mafraq outskirts,Mafraq,32.33017,36.17269,32,3,HUB-MAF-03,HUB-MAF-03-R01,Fiber ring,0
RO-07,Oct 2028 – Dec 2028,MAF-SU-0143,SU,Monopole / greenfield,Mafraq,Mafraq outskirts,Mafraq,32.32899,36.17952,32,3,HUB-MAF-03,HUB-MAF-03-R01,Fiber ring,0
RO-07,Oct 2028 – Dec 2028,MAF-SU-0145,SU,Monopole / greenfield,Mafraq,Mafraq outskirts,Mafraq,32.33526,36.16928,32,3,HUB-MAF-03,HUB-MAF-03-R01,Fiber ring,0
RO-07,Oct 2028 – Dec 2028,MAF-SU-0146,SU,Monopole / greenfield,Mafraq,Mafraq outskirts,Mafraq,32.33526,36.17611,32,3,HUB-MAF-03,HUB-MAF-03-R01,Fiber ring,0
RO-07,Oct 2028 – Dec 2028,MAF-U-0027,U,Monopole / greenfield,Mafraq,Mafraq,Mafraq,32.33568,36.18110,30,3,HUB-MAF-03,HUB-MAF-03-R01,Fiber ring,0
RO-07,Oct 2028 – Dec 2028,MAF-U-0039,U,Monopole / greenfield,Mafraq,Mafraq,Mafraq,32.33758,36.18346,30,3,HUB-MAF-03,HUB-MAF-03-R01,Fiber ring,1
RO-07,Oct 2028 – Dec 2028,MAF-SU-0130,SU,Monopole / greenfield,Mafraq,Mafraq outskirts,Mafraq,32.31940,36.18566,32,3,HUB-MAF-03,HUB-MAF-03-R02,Fiber ring,0
RO-07,Oct 2028 – Dec 2028,MAF-SU-0139,SU,Monopole / greenfield,Mafraq,Mafraq outskirts,Mafraq,32.32390,36.18293,32,3,HUB-MAF-03,HUB-MAF-03-R02,Fiber ring,0
RO-07,Oct 2028 – Dec 2028,MAF-U-0007,U,Monopole / greenfield,Mafraq,Mafraq,Mafraq,32.32782,36.19055,30,3,HUB-MAF-03,HUB-MAF-03-R02,Fiber ring,0
RO-07,Oct 2028 – Dec 2028,MAF-U-0016,U,Monopole / greenfield,Mafraq,Mafraq,Mafraq,32.33094,36.18299,30,3,HUB-MAF-03,HUB-MAF-03-R02,Fiber ring,0
RO-07,Oct 2028 – Dec 2028,MAF-U-0017,U,Monopole / greenfield,Mafraq,Mafraq,Mafraq,32.33053,36.18819,30,3,HUB-MAF-03,HUB-MAF-03-R02,Fiber ring,0
RO-07,Oct 2028 – Dec 2028,MAF-U-0018,U,Monopole / greenfield,Mafraq,Mafraq,Mafraq,32.33053,36.19291,30,3,HUB-MAF-03,HUB-MAF-03-R02,Fiber ring,0
RO-07,Oct 2028 – Dec 2028,MAF-U-0028,U,Monopole / greenfield,Mafraq,Mafraq,Mafraq,32.33487,36.18582,30,3,HUB-MAF-03,HUB-MAF-03-R02,Fiber ring,0
RO-07,Oct 2028 – Dec 2028,MAF-U-0029,U,Monopole / greenfield,Mafraq,Mafraq,Mafraq,32.33487,36.19055,30,3,HUB-MAF-03,HUB-MAF-03-R03,Fiber ring,0
RO-07,Oct 2028 – Dec 2028,MAF-U-0030,U,Monopole / greenfield,Mafraq,Mafraq,Mafraq,32.33487,36.19527,30,3,HUB-MAF-03,HUB-MAF-03-R03,Fiber ring,0
RO-07,Oct 2028 – Dec 2028,MAF-U-0040,U,Monopole / greenfield,Mafraq,Mafraq,Mafraq,32.33758,36.18819,30,3,HUB-MAF-03,HUB-MAF-03-R03,Fiber ring,0
RO-07,Oct 2028 – Dec 2028,MAF-U-0041,U,Monopole / greenfield,Mafraq,Mafraq,Mafraq,32.33839,36.19291,30,3,HUB-MAF-03,HUB-MAF-03-R03,Fiber ring,0
RO-07,Oct 2028 – Dec 2028,MAF-U-0042,U,Rooftop,Mafraq,Mafraq,Mafraq,32.33839,36.19764,30,3,HUB-MAF-03,HUB-MAF-03-R03,Fiber ring,0
RO-07,Oct 2028 – Dec 2028,MAF-U-0054,U,Rooftop,Mafraq,Mafraq,Mafraq,32.34192,36.19527,30,3,HUB-MAF-03,HUB-MAF-03-R03,Fiber ring,0
RO-07,Oct 2028 – Dec 2028,MAF-U-0055,U,Rooftop,Mafraq,Mafraq,Mafraq,32.34192,36.20000,30,3,HUB-MAF-03,HUB-MAF-03-R03,Fiber ring,0
RO-07,Oct 2028 – Dec 2028,MAF-U-0052,U,Monopole / greenfield,Mafraq,Mafraq,Mafraq,32.34192,36.18582,30,3,HUB-MAF-03,HUB-MAF-03-R04,Fiber ring,0
RO-07,Oct 2028 – Dec 2028,MAF-U-0053,U,Monopole / greenfield,Mafraq,Mafraq,Mafraq,32.34192,36.19055,30,3,HUB-MAF-03,HUB-MAF-03-R04,Fiber ring,0
RO-07,Oct 2028 – Dec 2028,MAF-U-0063,U,Monopole / greenfield,Mafraq,Mafraq,Mafraq,32.34504,36.18299,30,3,HUB-MAF-03,HUB-MAF-03-R04,Fiber ring,0
RO-07,Oct 2028 – Dec 2028,MAF-U-0064,U,Monopole / greenfield,Mafraq,Mafraq,Mafraq,32.34544,36.18819,30,3,HUB-MAF-03,HUB-MAF-03-R04,Fiber ring,0
RO-07,Oct 2028 – Dec 2028,MAF-U-0065,U,Rooftop,Mafraq,Mafraq,Mafraq,32.34544,36.19291,30,3,HUB-MAF-03,HUB-MAF-03-R04,Fiber ring,0
RO-07,Oct 2028 – Dec 2028,MAF-U-0066,U,Rooftop,Mafraq,Mafraq,Mafraq,32.34544,36.19764,30,3,HUB-MAF-03,HUB-MAF-03-R04,Fiber ring,0
RO-07,Oct 2028 – Dec 2028,MAF-U-0076,U,Monopole / greenfield,Mafraq,Mafraq,Mafraq,32.34897,36.18582,30,3,HUB-MAF-03,HUB-MAF-03-R04,Fiber ring,0
RO-07,Oct 2028 – Dec 2028,MAF-SU-0149,SU,Monopole / greenfield,Mafraq,Mafraq outskirts,Mafraq,32.34035,36.16450,32,3,HUB-MAF-03,HUB-MAF-03-R05,Fiber ring,0
RO-07,Oct 2028 – Dec 2028,MAF-SU-0150,SU,Monopole / greenfield,Mafraq,Mafraq outskirts,Mafraq,32.34035,36.17269,32,3,HUB-MAF-03,HUB-MAF-03-R05,Fiber ring,0
RO-07,Oct 2028 – Dec 2028,MAF-SU-0153,SU,Monopole / greenfield,Mafraq,Mafraq outskirts,Mafraq,32.34544,36.16792,32,3,HUB-MAF-03,HUB-MAF-03-R05,Fiber ring,0
RO-07,Oct 2028 – Dec 2028,MAF-SU-0154,SU,Monopole / greenfield,Mafraq,Mafraq outskirts,Mafraq,32.34544,36.17611,32,3,HUB-MAF-03,HUB-MAF-03-R05,Fiber ring,0
RO-07,Oct 2028 – Dec 2028,MAF-SU-0156,SU,Monopole / greenfield,Mafraq,Mafraq outskirts,Mafraq,32.35053,36.17133,32,3,HUB-MAF-03,HUB-MAF-03-R05,Fiber ring,0
RO-07,Oct 2028 – Dec 2028,MAF-U-0051,U,Monopole / greenfield,Mafraq,Mafraq,Mafraq,32.34192,36.18015,30,3,HUB-MAF-03,HUB-MAF-03-R05,Fiber ring,0
RO-07,Oct 2028 – Dec 2028,MAF-U-0075,U,Monopole / greenfield,Mafraq,Mafraq,Mafraq,32.34897,36.18110,30,3,HUB-MAF-03,HUB-MAF-03-R05,Fiber ring,0
RO-07,Oct 2028 – Dec 2028,MAF-SU-0136,SU,Monopole / greenfield,Mafraq,Mafraq outskirts,Mafraq,32.32116,36.22731,32,3,HUB-MAF-04,HUB-MAF-04-R01,Fiber ring,0
RO-07,Oct 2028 – Dec 2028,MAF-SU-0140,SU,Monopole / greenfield,Mafraq,Mafraq outskirts,Mafraq,32.32508,36.23072,32,3,HUB-MAF-04,HUB-MAF-04-R01,Fiber ring,0
RO-07,Oct 2028 – Dec 2028,MAF-U-0014,U,Monopole / greenfield,Mafraq,Mafraq,Mafraq,32.32782,36.22363,30,3,HUB-MAF-04,HUB-MAF-04-R01,Fiber ring,0
RO-07,Oct 2028 – Dec 2028,MAF-U-0015,U,Monopole / greenfield,Mafraq,Mafraq,Mafraq,32.32782,36.22836,30,3,HUB-MAF-04,HUB-MAF-04-R01,Fiber ring,0
RO-07,Oct 2028 – Dec 2028,MAF-U-0024,U,Monopole / greenfield,Mafraq,Mafraq,Mafraq,32.33135,36.22127,30,3,HUB-MAF-04,HUB-MAF-04-R01,Fiber ring,0
RO-07,Oct 2028 – Dec 2028,MAF-U-0025,U,Monopole / greenfield,Mafraq,Mafraq,Mafraq,32.33094,36.22552,30,3,HUB-MAF-04,HUB-MAF-04-R01,Fiber ring,0
RO-07,Oct 2028 – Dec 2028,MAF-U-0026,U,Monopole / greenfield,Mafraq,Mafraq,Mafraq,32.33135,36.23072,30,3,HUB-MAF-04,HUB-MAF-04-R01,Fiber ring,0
RO-07,Oct 2028 – Dec 2028,MAF-U-0038,U,Monopole / greenfield,Mafraq,Mafraq,Mafraq,32.33487,36.23308,30,3,HUB-MAF-04,HUB-MAF-04-R01,Fiber ring,1
RO-07,Oct 2028 – Dec 2028,MAF-SU-0128,SU,Monopole / greenfield,Mafraq,Mafraq outskirts,Mafraq,32.31490,36.23072,32,3,HUB-MAF-04,HUB-MAF-04-R02,Fiber ring,0
RO-07,Oct 2028 – Dec 2028,MAF-SU-0137,SU,Monopole / greenfield,Mafraq,Mafraq outskirts,Mafraq,32.31999,36.23413,32,3,HUB-MAF-04,HUB-MAF-04-R02,Fiber ring,0
RO-07,Oct 2028 – Dec 2028,MAF-SU-0141,SU,Monopole / greenfield,Mafraq,Mafraq outskirts,Mafraq,32.32508,36.23754,32,3,HUB-MAF-04,HUB-MAF-04-R02,Fiber ring,0
RO-07,Oct 2028 – Dec 2028,MAF-SU-0144,SU,Monopole / greenfield,Mafraq,Mafraq outskirts,Mafraq,32.33017,36.24096,32,3,HUB-MAF-04,HUB-MAF-04-R02,Fiber ring,0
RO-07,Oct 2028 – Dec 2028,MAF-SU-0147,SU,Monopole / greenfield,Mafraq,Mafraq outskirts,Mafraq,32.33526,36.23754,32,3,HUB-MAF-04,HUB-MAF-04-R02,Fiber ring,0
RO-07,Oct 2028 – Dec 2028,MAF-SU-0148,SU,Monopole / greenfield,Mafraq,Mafraq outskirts,Mafraq,32.33526,36.24437,32,3,HUB-MAF-04,HUB-MAF-04-R02,Fiber ring,0
RO-07,Oct 2028 – Dec 2028,MAF-SU-0152,SU,Monopole / greenfield,Mafraq,Mafraq outskirts,Mafraq,32.34035,36.24778,32,3,HUB-MAF-04,HUB-MAF-04-R02,Fiber ring,0
RO-07,Oct 2028 – Dec 2028,MAF-SU-0151,SU,Monopole / greenfield,Mafraq,Mafraq outskirts,Mafraq,32.34035,36.24096,32,3,HUB-MAF-04,HUB-MAF-04-R03,Fiber ring,0
RO-07,Oct 2028 – Dec 2028,MAF-SU-0155,SU,Monopole / greenfield,Mafraq,Mafraq outskirts,Mafraq,32.34544,36.24437,32,3,HUB-MAF-04,HUB-MAF-04-R03,Fiber ring,0
RO-07,Oct 2028 – Dec 2028,MAF-SU-0157,SU,Monopole / greenfield,Mafraq,Mafraq outskirts,Mafraq,32.35053,36.24096,32,3,HUB-MAF-04,HUB-MAF-04-R03,Fiber ring,0
RO-07,Oct 2028 – Dec 2028,MAF-SU-0158,SU,Monopole / greenfield,Mafraq,Mafraq outskirts,Mafraq,32.35053,36.24778,32,3,HUB-MAF-04,HUB-MAF-04-R03,Fiber ring,0
RO-07,Oct 2028 – Dec 2028,MAF-SU-0162,SU,Monopole / greenfield,Mafraq,Mafraq outskirts,Mafraq,32.35562,36.24437,32,3,HUB-MAF-04,HUB-MAF-04-R03,Fiber ring,0
RO-07,Oct 2028 – Dec 2028,MAF-U-0050,U,Monopole / greenfield,Mafraq,Mafraq,Mafraq,32.33839,36.23544,30,3,HUB-MAF-04,HUB-MAF-04-R03,Fiber ring,0
RO-07,Oct 2028 – Dec 2028,MAF-U-0074,U,Monopole / greenfield,Mafraq,Mafraq,Mafraq,32.34544,36.23544,30,3,HUB-MAF-04,HUB-MAF-04-R03,Fiber ring,0
RO-07,Oct 2028 – Dec 2028,MAF-U-0049,U,Monopole / greenfield,Mafraq,Mafraq,Mafraq,32.33839,36.23072,30,3,HUB-MAF-04,HUB-MAF-04-R04,Fiber ring,0
RO-07,Oct 2028 – Dec 2028,MAF-U-0060,U,Monopole / greenfield,Mafraq,Mafraq,Mafraq,32.34192,36.22363,30,3,HUB-MAF-04,HUB-MAF-04-R04,Fiber ring,0
RO-07,Oct 2028 – Dec 2028,MAF-U-0061,U,Monopole / greenfield,Mafraq,Mafraq,Mafraq,32.34192,36.22836,30,3,HUB-MAF-04,HUB-MAF-04-R04,Fiber ring,0
RO-07,Oct 2028 – Dec 2028,MAF-U-0062,U,Monopole / greenfield,Mafraq,Mafraq,Mafraq,32.34192,36.23308,30,3,HUB-MAF-04,HUB-MAF-04-R04,Fiber ring,0
RO-07,Oct 2028 – Dec 2028,MAF-U-0072,U,Monopole / greenfield,Mafraq,Mafraq,Mafraq,32.34544,36.22599,30,3,HUB-MAF-04,HUB-MAF-04-R04,Fiber ring,0
RO-07,Oct 2028 – Dec 2028,MAF-U-0073,U,Monopole / greenfield,Mafraq,Mafraq,Mafraq,32.34544,36.23072,30,3,HUB-MAF-04,HUB-MAF-04-R04,Fiber ring,0
RO-07,Oct 2028 – Dec 2028,MAF-U-0086,U,Monopole / greenfield,Mafraq,Mafraq,Mafraq,32.34897,36.23308,30,3,HUB-MAF-04,HUB-MAF-04-R04,Fiber ring,0
RO-07,Oct 2028 – Dec 2028,MAF-U-0035,U,Monopole / greenfield,Mafraq,Mafraq,Mafraq,32.33487,36.21890,30,3,HUB-MAF-04,HUB-MAF-04-R05,Fiber ring,0
RO-07,Oct 2028 – Dec 2028,MAF-U-0036,U,Monopole / greenfield,Mafraq,Mafraq,Mafraq,32.33487,36.22363,30,3,HUB-MAF-04,HUB-MAF-04-R05,Fiber ring,0
RO-07,Oct 2028 – Dec 2028,MAF-U-0037,U,Monopole / greenfield,Mafraq,Mafraq,Mafraq,32.33487,36.22836,30,3,HUB-MAF-04,HUB-MAF-04-R05,Fiber ring,0
RO-07,Oct 2028 – Dec 2028,MAF-U-0046,U,Monopole / greenfield,Mafraq,Mafraq,Mafraq,32.33839,36.21654,30,3,HUB-MAF-04,HUB-MAF-04-R05,Fiber ring,0
RO-07,Oct 2028 – Dec 2028,MAF-U-0047,U,Monopole / greenfield,Mafraq,Mafraq,Mafraq,32.33839,36.22127,30,3,HUB-MAF-04,HUB-MAF-04-R05,Fiber ring,0
RO-07,Oct 2028 – Dec 2028,MAF-U-0048,U,Monopole / greenfield,Mafraq,Mafraq,Mafraq,32.33839,36.22599,30,3,HUB-MAF-04,HUB-MAF-04-R05,Fiber ring,0
RO-07,Oct 2028 – Dec 2028,SAL-U-0048,U,Rooftop,Salt,Salt,Balqa,32.04234,35.73071,30,3,HUB-SAL-01,HUB-SAL-01-R01,Fiber ring,0
RO-07,Oct 2028 – Dec 2028,SAL-U-0049,U,Rooftop,Salt,Salt,Balqa,32.04234,35.73449,30,3,HUB-SAL-01,HUB-SAL-01-R01,Fiber ring,0
RO-07,Oct 2028 – Dec 2028,SAL-U-0059,U,Rooftop,Salt,Salt,Balqa,32.04587,35.73119,30,3,HUB-SAL-01,HUB-SAL-01-R01,Fiber ring,0
RO-07,Oct 2028 – Dec 2028,SAL-U-0060,U,Rooftop,Salt,Salt,Balqa,32.04627,35.73733,30,3,HUB-SAL-01,HUB-SAL-01-R01,Fiber ring,0
RO-07,Oct 2028 – Dec 2028,SAL-U-0068,U,Rooftop,Salt,Salt,Balqa,32.04939,35.72977,30,3,HUB-SAL-01,HUB-SAL-01-R01,Fiber ring,0
RO-07,Oct 2028 – Dec 2028,SAL-U-0069,U,Rooftop,Salt,Salt,Balqa,32.04980,35.73402,30,3,HUB-SAL-01,HUB-SAL-01-R01,Fiber ring,0
RO-07,Oct 2028 – Dec 2028,SAL-U-0070,U,Rooftop,Salt,Salt,Balqa,32.04980,35.73875,30,3,HUB-SAL-01,HUB-SAL-01-R01,Fiber ring,0
RO-07,Oct 2028 – Dec 2028,SAL-U-0078,U,Monopole / greenfield,Salt,Salt,Balqa,32.05210,35.74158,30,3,HUB-SAL-01,HUB-SAL-01-R01,Fiber ring,1
RO-07,Oct 2028 – Dec 2028,SAL-U-0050,U,Rooftop,Salt,Salt,Balqa,32.04234,35.73828,30,3,HUB-SAL-01,HUB-SAL-01-R02,Fiber ring,0
RO-07,Oct 2028 – Dec 2028,SAL-U-0051,U,Rooftop,Salt,Salt,Balqa,32.04275,35.74442,30,3,HUB-SAL-01,HUB-SAL-01-R02,Fiber ring,0
RO-07,Oct 2028 – Dec 2028,SAL-U-0052,U,Monopole / greenfield,Salt,Salt,Balqa,32.04234,35.74773,30,3,HUB-SAL-01,HUB-SAL-01-R02,Fiber ring,0
RO-07,Oct 2028 – Dec 2028,SAL-U-0053,U,Monopole / greenfield,Salt,Salt,Balqa,32.04193,35.75293,30,3,HUB-SAL-01,HUB-SAL-01-R02,Fiber ring,0
RO-07,Oct 2028 – Dec 2028,SAL-U-0061,U,Rooftop,Salt,Salt,Balqa,32.04627,35.74111,30,3,HUB-SAL-01,HUB-SAL-01-R02,Fiber ring,0
RO-07,Oct 2028 – Dec 2028,SAL-U-0062,U,Monopole / greenfield,Salt,Salt,Balqa,32.04587,35.74631,30,3,HUB-SAL-01,HUB-SAL-01-R02,Fiber ring,0
RO-07,Oct 2028 – Dec 2028,SAL-U-0071,U,Monopole / greenfield,Salt,Salt,Balqa,32.04939,35.74489,30,3,HUB-SAL-01,HUB-SAL-01-R02,Fiber ring,0
RO-07,Oct 2028 – Dec 2028,SAL-SU-0114,SU,Monopole / greenfield,Salt,Salt outskirts,Balqa,32.04508,35.75492,32,3,HUB-SAL-01,HUB-SAL-01-R03,Fiber ring,0
RO-07,Oct 2028 – Dec 2028,SAL-SU-0115,SU,Monopole / greenfield,Salt,Salt outskirts,Balqa,32.04508,35.76175,32,3,HUB-SAL-01,HUB-SAL-01-R03,Fiber ring,0
RO-07,Oct 2028 – Dec 2028,SAL-SU-0118,SU,Monopole / greenfield,Salt,Salt outskirts,Balqa,32.04900,35.75287,32,3,HUB-SAL-01,HUB-SAL-01-R03,Fiber ring,0
RO-07,Oct 2028 – Dec 2028,SAL-SU-0119,SU,Monopole / greenfield,Salt,Salt outskirts,Balqa,32.04959,35.75902,32,3,HUB-SAL-01,HUB-SAL-01-R03,Fiber ring,0
RO-07,Oct 2028 – Dec 2028,SAL-U-0063,U,Monopole / greenfield,Salt,Salt,Balqa,32.04668,35.75104,30,3,HUB-SAL-01,HUB-SAL-01-R03,Fiber ring,0
RO-07,Oct 2028 – Dec 2028,SAL-U-0072,U,Monopole / greenfield,Salt,Salt,Balqa,32.04939,35.74867,30,3,HUB-SAL-01,HUB-SAL-01-R03,Fiber ring,0
RO-07,Oct 2028 – Dec 2028,SAL-U-0079,U,Monopole / greenfield,Salt,Salt,Balqa,32.05291,35.74725,30,3,HUB-SAL-01,HUB-SAL-01-R03,Fiber ring,0
RO-07,Oct 2028 – Dec 2028,SAL-SU-0123,SU,Monopole / greenfield,Salt,Salt outskirts,Balqa,32.05526,35.74810,32,3,HUB-SAL-01,HUB-SAL-01-R04,Fiber ring,0
RO-07,Oct 2028 – Dec 2028,SAL-SU-0124,SU,Monopole / greenfield,Salt,Salt outskirts,Balqa,32.05526,35.75492,32,3,HUB-SAL-01,HUB-SAL-01-R04,Fiber ring,0
RO-07,Oct 2028 – Dec 2028,SAL-SU-0130,SU,Monopole / greenfield,Salt,Salt outskirts,Balqa,32.06035,35.73922,32,3,HUB-SAL-01,HUB-SAL-01-R04,Fiber ring,0
RO-07,Oct 2028 – Dec 2028,SAL-SU-0131,SU,Monopole / greenfield,Salt,Salt outskirts,Balqa,32.06153,35.74605,32,3,HUB-SAL-01,HUB-SAL-01-R04,Fiber ring,0
RO-07,Oct 2028 – Dec 2028,SAL-SU-0132,SU,Monopole / greenfield,Salt,Salt outskirts,Balqa,32.05977,35.75219,32,3,HUB-SAL-01,HUB-SAL-01-R04,Fiber ring,0
RO-07,Oct 2028 – Dec 2028,SAL-SU-0136,SU,Monopole / greenfield,Salt,Salt outskirts,Balqa,32.06662,35.73581,32,3,HUB-SAL-01,HUB-SAL-01-R04,Fiber ring,0
RO-07,Oct 2028 – Dec 2028,SAL-SU-0137,SU,Monopole / greenfield,Salt,Salt outskirts,Balqa,32.06486,35.74332,32,3,HUB-SAL-01,HUB-SAL-01-R04,Fiber ring,0
RO-07,Oct 2028 – Dec 2028,SAL-SU-0129,SU,Rooftop,Salt,Salt outskirts,Balqa,32.06153,35.73239,32,3,HUB-SAL-01,HUB-SAL-01-R05,Fiber ring,0
RO-07,Oct 2028 – Dec 2028,SAL-SU-0135,SU,Rooftop,Salt,Salt outskirts,Balqa,32.06427,35.72898,32,3,HUB-SAL-01,HUB-SAL-01-R05,Fiber ring,0
RO-07,Oct 2028 – Dec 2028,SAL-U-0076,U,Rooftop,Salt,Salt,Balqa,32.05373,35.73213,30,3,HUB-SAL-01,HUB-SAL-01-R05,Fiber ring,0
RO-07,Oct 2028 – Dec 2028,SAL-U-0077,U,Rooftop,Salt,Salt,Balqa,32.05291,35.73591,30,3,HUB-SAL-01,HUB-SAL-01-R05,Fiber ring,0
RO-07,Oct 2028 – Dec 2028,SAL-U-0081,U,Rooftop,Salt,Salt,Balqa,32.05644,35.72882,30,3,HUB-SAL-01,HUB-SAL-01-R05,Fiber ring,0
RO-07,Oct 2028 – Dec 2028,SAL-U-0082,U,Rooftop,Salt,Salt,Balqa,32.05644,35.73355,30,3,HUB-SAL-01,HUB-SAL-01-R05,Fiber ring,0
RO-07,Oct 2028 – Dec 2028,SAL-SU-0092,SU,Monopole / greenfield,Salt,Salt outskirts,Balqa,32.01963,35.73103,32,3,HUB-SAL-02,HUB-SAL-02-R01,Fiber ring,0
RO-07,Oct 2028 – Dec 2028,SAL-U-0003,U,Monopole / greenfield,Salt,Salt,Balqa,32.02391,35.73213,30,3,HUB-SAL-02,HUB-SAL-02-R01,Fiber ring,0
RO-07,Oct 2028 – Dec 2028,SAL-U-0004,U,Monopole / greenfield,Salt,Salt,Balqa,32.02553,35.73686,30,3,HUB-SAL-02,HUB-SAL-02-R01,Fiber ring,0
RO-07,Oct 2028 – Dec 2028,SAL-U-0008,U,Monopole / greenfield,Salt,Salt,Balqa,32.02824,35.73071,30,3,HUB-SAL-02,HUB-SAL-02-R01,Fiber ring,0
RO-07,Oct 2028 – Dec 2028,SAL-U-0009,U,Monopole / greenfield,Salt,Salt,Balqa,32.02906,35.73449,30,3,HUB-SAL-02,HUB-SAL-02-R01,Fiber ring,0
RO-07,Oct 2028 – Dec 2028,SAL-U-0010,U,Monopole / greenfield,Salt,Salt,Balqa,32.02906,35.73922,30,3,HUB-SAL-02,HUB-SAL-02-R01,Fiber ring,0
RO-07,Oct 2028 – Dec 2028,SAL-U-0018,U,Rooftop,Salt,Salt,Balqa,32.03136,35.73733,30,3,HUB-SAL-02,HUB-SAL-02-R01,Fiber ring,0
RO-07,Oct 2028 – Dec 2028,SAL-U-0020,U,Monopole / greenfield,Salt,Salt,Balqa,32.03177,35.74536,30,3,HUB-SAL-02,HUB-SAL-02-R01,Fiber ring,1
RO-07,Oct 2028 – Dec 2028,SAL-SU-0086,SU,Monopole / greenfield,Salt,Salt outskirts,Balqa,32.01454,35.73717,32,3,HUB-SAL-02,HUB-SAL-02-R02,Fiber ring,0
RO-07,Oct 2028 – Dec 2028,SAL-SU-0087,SU,Monopole / greenfield,Salt,Salt outskirts,Balqa,32.01454,35.74127,32,3,HUB-SAL-02,HUB-SAL-02-R02,Fiber ring,0
RO-07,Oct 2028 – Dec 2028,SAL-SU-0093,SU,Monopole / greenfield,Salt,Salt outskirts,Balqa,32.01963,35.74059,32,3,HUB-SAL-02,HUB-SAL-02-R02,Fiber ring,0
RO-07,Oct 2028 – Dec 2028,SAL-SU-0094,SU,Monopole / greenfield,Salt,Salt outskirts,Balqa,32.02022,35.74536,32,3,HUB-SAL-02,HUB-SAL-02-R02,Fiber ring,0
RO-07,Oct 2028 – Dec 2028,SAL-SU-0095,SU,Monopole / greenfield,Salt,Salt outskirts,Balqa,32.02022,35.75219,32,3,HUB-SAL-02,HUB-SAL-02-R02,Fiber ring,0
RO-07,Oct 2028 – Dec 2028,SAL-SU-0099,SU,Monopole / greenfield,Salt,Salt outskirts,Balqa,32.02531,35.74332,32,3,HUB-SAL-02,HUB-SAL-02-R02,Fiber ring,0
RO-07,Oct 2028 – Dec 2028,SAL-U-0011,U,Monopole / greenfield,Salt,Salt,Balqa,32.02743,35.74395,30,3,HUB-SAL-02,HUB-SAL-02-R02,Fiber ring,0
RO-07,Oct 2028 – Dec 2028,SAL-SU-0100,SU,Monopole / greenfield,Salt,Salt outskirts,Balqa,32.02589,35.74946,32,3,HUB-SAL-02,HUB-SAL-02-R03,Fiber ring,0
RO-07,Oct 2028 – Dec 2028,SAL-SU-0101,SU,Monopole / greenfield,Salt,Salt outskirts,Balqa,32.02589,35.75629,32,3,HUB-SAL-02,HUB-SAL-02-R03,Fiber ring,0
RO-07,Oct 2028 – Dec 2028,SAL-SU-0104,SU,Monopole / greenfield,Salt,Salt outskirts,Balqa,32.03040,35.75902,32,3,HUB-SAL-02,HUB-SAL-02-R03,Fiber ring,0
RO-07,Oct 2028 – Dec 2028,SAL-SU-0107,SU,Monopole / greenfield,Salt,Salt outskirts,Balqa,32.03490,35.76448,32,3,HUB-SAL-02,HUB-SAL-02-R03,Fiber ring,0
RO-07,Oct 2028 – Dec 2028,SAL-SU-0111,SU,Monopole / greenfield,Salt,Salt outskirts,Balqa,32.03999,35.76516,32,3,HUB-SAL-02,HUB-SAL-02-R03,Fiber ring,0
RO-07,Oct 2028 – Dec 2028,SAL-U-0021,U,Monopole / greenfield,Salt,Salt,Balqa,32.03177,35.75198,30,3,HUB-SAL-02,HUB-SAL-02-R03,Fiber ring,0
RO-07,Oct 2028 – Dec 2028,SAL-U-0032,U,Monopole / greenfield,Salt,Salt,Balqa,32.03611,35.75340,30,3,HUB-SAL-02,HUB-SAL-02-R03,Fiber ring,0
RO-07,Oct 2028 – Dec 2028,SAL-SU-0110,SU,Monopole / greenfield,Salt,Salt outskirts,Balqa,32.03999,35.75833,32,3,HUB-SAL-02,HUB-SAL-02-R04,Fiber ring,0
RO-07,Oct 2028 – Dec 2028,SAL-U-0030,U,Rooftop,Salt,Salt,Balqa,32.03529,35.74300,30,3,HUB-SAL-02,HUB-SAL-02-R04,Fiber ring,0
RO-07,Oct 2028 – Dec 2028,SAL-U-0031,U,Monopole / greenfield,Salt,Salt,Balqa,32.03529,35.74773,30,3,HUB-SAL-02,HUB-SAL-02-R04,Fiber ring,0
RO-07,Oct 2028 – Dec 2028,SAL-U-0039,U,Rooftop,Salt,Salt,Balqa,32.03963,35.73686,30,3,HUB-SAL-02,HUB-SAL-02-R04,Fiber ring,0
RO-07,Oct 2028 – Dec 2028,SAL-U-0040,U,Rooftop,Salt,Salt,Balqa,32.03882,35.74253,30,3,HUB-SAL-02,HUB-SAL-02-R04,Fiber ring,0
RO-07,Oct 2028 – Dec 2028,SAL-U-0041,U,Monopole / greenfield,Salt,Salt,Balqa,32.03882,35.74536,30,3,HUB-SAL-02,HUB-SAL-02-R04,Fiber ring,0
RO-07,Oct 2028 – Dec 2028,SAL-U-0042,U,Monopole / greenfield,Salt,Salt,Balqa,32.03922,35.75151,30,3,HUB-SAL-02,HUB-SAL-02-R04,Fiber ring,0
RO-07,Oct 2028 – Dec 2028,SAL-U-0017,U,Rooftop,Salt,Salt,Balqa,32.03258,35.73213,30,3,HUB-SAL-02,HUB-SAL-02-R05,Fiber ring,0
RO-07,Oct 2028 – Dec 2028,SAL-U-0019,U,Monopole / greenfield,Salt,Salt,Balqa,32.03258,35.74158,30,3,HUB-SAL-02,HUB-SAL-02-R05,Fiber ring,0
RO-07,Oct 2028 – Dec 2028,SAL-U-0027,U,Rooftop,Salt,Salt,Balqa,32.03529,35.72882,30,3,HUB-SAL-02,HUB-SAL-02-R05,Fiber ring,0
RO-07,Oct 2028 – Dec 2028,SAL-U-0028,U,Rooftop,Salt,Salt,Balqa,32.03611,35.73449,30,3,HUB-SAL-02,HUB-SAL-02-R05,Fiber ring,0
RO-07,Oct 2028 – Dec 2028,SAL-U-0029,U,Rooftop,Salt,Salt,Balqa,32.03529,35.74017,30,3,HUB-SAL-02,HUB-SAL-02-R05,Fiber ring,0
RO-07,Oct 2028 – Dec 2028,SAL-U-0038,U,Rooftop,Salt,Salt,Balqa,32.03963,35.73213,30,3,HUB-SAL-02,HUB-SAL-02-R05,Fiber ring,0
RO-07,Oct 2028 – Dec 2028,SAL-SU-0112,SU,Monopole / greenfield,Salt,Salt outskirts,Balqa,32.04508,35.69621,32,3,HUB-SAL-03,HUB-SAL-03-R01,Fiber ring,0
RO-07,Oct 2028 – Dec 2028,SAL-SU-0113,SU,Monopole / greenfield,Salt,Salt outskirts,Balqa,32.04508,35.70304,32,3,HUB-SAL-03,HUB-SAL-03-R01,Fiber ring,0
RO-07,Oct 2028 – Dec 2028,SAL-U-0043,U,Rooftop,Salt,Salt,Balqa,32.04316,35.70614,30,3,HUB-SAL-03,HUB-SAL-03-R01,Fiber ring,0
RO-07,Oct 2028 – Dec 2028,SAL-U-0044,U,Rooftop,Salt,Salt,Balqa,32.04234,35.70992,30,3,HUB-SAL-03,HUB-SAL-03-R01,Fiber ring,0
RO-07,Oct 2028 – Dec 2028,SAL-U-0054,U,Rooftop,Salt,Salt,Balqa,32.04505,35.70850,30,3,HUB-SAL-03,HUB-SAL-03-R01,Fiber ring,0
RO-07,Oct 2028 – Dec 2028,SAL-U-0055,U,Rooftop,Salt,Salt,Balqa,32.04587,35.71228,30,3,HUB-SAL-03,HUB-SAL-03-R01,Fiber ring,0
RO-07,Oct 2028 – Dec 2028,SAL-U-0065,U,Rooftop,Salt,Salt,Balqa,32.04939,35.71465,30,3,HUB-SAL-03,HUB-SAL-03-R01,Fiber ring,1
RO-07,Oct 2028 – Dec 2028,SAL-U-0045,U,Rooftop,Salt,Salt,Balqa,32.04234,35.71465,30,3,HUB-SAL-03,HUB-SAL-03-R02,Fiber ring,0
RO-07,Oct 2028 – Dec 2028,SAL-U-0046,U,Rooftop,Salt,Salt,Balqa,32.04316,35.72032,33,3,HUB-SAL-03,HUB-SAL-03-R02,Fiber ring,0
RO-07,Oct 2028 – Dec 2028,SAL-U-0047,U,Rooftop,Salt,Salt,Balqa,32.04234,35.72410,33,3,HUB-SAL-03,HUB-SAL-03-R02,Fiber ring,0
RO-07,Oct 2028 – Dec 2028,SAL-U-0056,U,Rooftop,Salt,Salt,Balqa,32.04587,35.71795,30,3,HUB-SAL-03,HUB-SAL-03-R02,Fiber ring,0
RO-07,Oct 2028 – Dec 2028,SAL-U-0057,U,Rooftop,Salt,Salt,Balqa,32.04505,35.72268,30,3,HUB-SAL-03,HUB-SAL-03-R02,Fiber ring,0
RO-07,Oct 2028 – Dec 2028,SAL-U-0058,U,Rooftop,Salt,Salt,Balqa,32.04627,35.72788,30,3,HUB-SAL-03,HUB-SAL-03-R02,Fiber ring,0
RO-07,Oct 2028 – Dec 2028,SAL-SU-0128,SU,Rooftop,Salt,Salt outskirts,Balqa,32.06153,35.72557,32,3,HUB-SAL-03,HUB-SAL-03-R03,Fiber ring,0
RO-07,Oct 2028 – Dec 2028,SAL-U-0066,U,Rooftop,Salt,Salt,Balqa,32.04939,35.71937,30,3,HUB-SAL-03,HUB-SAL-03-R03,Fiber ring,0
RO-07,Oct 2028 – Dec 2028,SAL-U-0067,U,Rooftop,Salt,Salt,Balqa,32.04939,35.72599,30,3,HUB-SAL-03,HUB-SAL-03-R03,Fiber ring,0
RO-07,Oct 2028 – Dec 2028,SAL-U-0074,U,Rooftop,Salt,Salt,Balqa,32.05291,35.72363,30,3,HUB-SAL-03,HUB-SAL-03-R03,Fiber ring,0
RO-07,Oct 2028 – Dec 2028,SAL-U-0075,U,Rooftop,Salt,Salt,Balqa,32.05291,35.72788,30,3,HUB-SAL-03,HUB-SAL-03-R03,Fiber ring,0
RO-07,Oct 2028 – Dec 2028,SAL-U-0080,U,Rooftop,Salt,Salt,Balqa,32.05644,35.72599,30,3,HUB-SAL-03,HUB-SAL-03-R03,Fiber ring,0
RO-07,Oct 2028 – Dec 2028,SAL-SU-0122,SU,Monopole / greenfield,Salt,Salt outskirts,Balqa,32.05526,35.71533,32,3,HUB-SAL-03,HUB-SAL-03-R04,Fiber ring,0
RO-07,Oct 2028 – Dec 2028,SAL-SU-0126,SU,Monopole / greenfield,Salt,Salt outskirts,Balqa,32.06035,35.71192,32,3,HUB-SAL-03,HUB-SAL-03-R04,Fiber ring,0
RO-07,Oct 2028 – Dec 2028,SAL-SU-0127,SU,Rooftop,Salt,Salt outskirts,Balqa,32.06035,35.71942,32,3,HUB-SAL-03,HUB-SAL-03-R04,Fiber ring,0
RO-07,Oct 2028 – Dec 2028,SAL-SU-0133,SU,Monopole / greenfield,Salt,Salt outskirts,Balqa,32.06545,35.71396,32,3,HUB-SAL-03,HUB-SAL-03-R04,Fiber ring,0
RO-07,Oct 2028 – Dec 2028,SAL-SU-0134,SU,Rooftop,Salt,Salt outskirts,Balqa,32.06545,35.72352,32,3,HUB-SAL-03,HUB-SAL-03-R04,Fiber ring,0
RO-07,Oct 2028 – Dec 2028,SAL-U-0073,U,Rooftop,Salt,Salt,Balqa,32.05291,35.71701,30,3,HUB-SAL-03,HUB-SAL-03-R04,Fiber ring,0
RO-07,Oct 2028 – Dec 2028,SAL-SU-0116,SU,Monopole / greenfield,Salt,Salt outskirts,Balqa,32.05017,35.69963,32,3,HUB-SAL-03,HUB-SAL-03-R05,Fiber ring,0
RO-07,Oct 2028 – Dec 2028,SAL-SU-0117,SU,Monopole / greenfield,Salt,Salt outskirts,Balqa,32.05017,35.70372,32,3,HUB-SAL-03,HUB-SAL-03-R05,Fiber ring,0
RO-07,Oct 2028 – Dec 2028,SAL-SU-0120,SU,Monopole / greenfield,Salt,Salt outskirts,Balqa,32.05526,35.70031,32,3,HUB-SAL-03,HUB-SAL-03-R05,Fiber ring,0
RO-07,Oct 2028 – Dec 2028,SAL-SU-0121,SU,Monopole / greenfield,Salt,Salt outskirts,Balqa,32.05526,35.70714,32,3,HUB-SAL-03,HUB-SAL-03-R05,Fiber ring,0
RO-07,Oct 2028 – Dec 2028,SAL-SU-0125,SU,Monopole / greenfield,Salt,Salt outskirts,Balqa,32.06094,35.70441,32,3,HUB-SAL-03,HUB-SAL-03-R05,Fiber ring,0
RO-07,Oct 2028 – Dec 2028,SAL-U-0064,U,Monopole / greenfield,Salt,Salt,Balqa,32.05020,35.71087,30,3,HUB-SAL-03,HUB-SAL-03-R05,Fiber ring,0
RO-08,Jan 2029 – Mar 2029,HWY-HW-0073,HW,Lattice tower,Highway,Karak-Qatraneh,Karak,31.23002,35.95469,45,2,,,Fiber (backbone add/drop spur),0
RO-08,Jan 2029 – Mar 2029,HWY-HW-0074,HW,Lattice tower,Highway,Tafilah-Jurf,Tafilah,30.71583,35.81659,45,2,,,Fiber (backbone add/drop spur),0
RO-08,Jan 2029 – Mar 2029,HWY-HW-0075,HW,Lattice tower,Highway,Amman-Azraq (R40),Amman,31.78833,36.18328,45,2,,,Fiber (backbone add/drop spur),0
RO-08,Jan 2029 – Mar 2029,HWY-HW-0076,HW,Lattice tower,Highway,Amman-Azraq (R40),Amman,31.77568,36.25446,45,2,,,Fiber (backbone add/drop spur),0
RO-08,Jan 2029 – Mar 2029,HWY-HW-0077,HW,Lattice tower,Highway,Amman-Azraq (R40),Amman,31.75986,36.32564,45,2,,,Fiber (backbone add/drop spur),0
RO-08,Jan 2029 – Mar 2029,HWY-HW-0078,HW,Lattice tower,Highway,Amman-Azraq (R40),Amman,31.74404,36.39682,45,2,,,Fiber (backbone add/drop spur),0
RO-08,Jan 2029 – Mar 2029,HWY-HW-0079,HW,Lattice tower,Highway,Amman-Azraq (R40),Amman,31.73303,36.46748,45,2,,,Fiber (backbone add/drop spur),0
RO-08,Jan 2029 – Mar 2029,HWY-HW-0080,HW,Lattice tower,Highway,Amman-Azraq (R40),Amman,31.76316,36.53399,45,2,,,Fiber (backbone add/drop spur),0
RO-08,Jan 2029 – Mar 2029,HWY-HW-0081,HW,Lattice tower,Highway,Amman-Azraq (R40),Zarqa,31.78854,36.59867,45,2,,,Fiber (backbone add/drop spur),0
RO-08,Jan 2029 – Mar 2029,HWY-HW-0082,HW,Lattice tower,Highway,Amman-Azraq (R40),Zarqa,31.81393,36.66702,45,2,,,Fiber (backbone add/drop spur),0
RO-08,Jan 2029 – Mar 2029,HWY-HW-0083,HW,Lattice tower,Highway,Amman-Azraq (R40),Zarqa,31.84247,36.73169,45,2,,,Fiber (backbone add/drop spur),0
RO-08,Jan 2029 – Mar 2029,RUR-R-0033,R,Lattice tower,Rural,Karak-Tafilah plateau,Karak,30.91560,35.87202,45,3,,,Microwave 6-18 GHz XPIC 2x1G-4x1G,0
RO-08,Jan 2029 – Mar 2029,RUR-R-0037,R,Lattice tower,Rural,Karak-Tafilah plateau,Karak,30.95329,35.74820,45,3,,,Microwave 6-18 GHz XPIC 2x1G-4x1G,0
RO-08,Jan 2029 – Mar 2029,RUR-R-0038,R,Lattice tower,Rural,Karak-Tafilah plateau,Karak,30.95329,35.80397,45,3,,,Microwave 6-18 GHz XPIC 2x1G-4x1G,0
RO-08,Jan 2029 – Mar 2029,RUR-R-0039,R,Lattice tower,Rural,Karak-Tafilah plateau,Karak,30.94841,35.84555,45,3,,,Microwave 6-18 GHz XPIC 2x1G-4x1G,0
RO-08,Jan 2029 – Mar 2029,RUR-R-0040,R,Lattice tower,Rural,Karak-Tafilah plateau,Karak,30.95329,35.88714,45,3,,,Microwave 6-18 GHz XPIC 2x1G-4x1G,0
RO-08,Jan 2029 – Mar 2029,RUR-R-0041,R,Lattice tower,Rural,Karak-Tafilah plateau,Karak,30.98365,35.58563,45,3,,,Microwave 6-18 GHz XPIC 2x1G-4x1G,0
RO-08,Jan 2029 – Mar 2029,RUR-R-0042,R,Lattice tower,Rural,Karak-Tafilah plateau,Karak,30.98365,35.63289,45,3,,,Microwave E-band 10G,0
RO-08,Jan 2029 – Mar 2029,RUR-R-0043,R,Lattice tower,Rural,Karak-Tafilah plateau,Karak,30.98853,35.68582,45,3,,,Microwave E-band 10G,0
RO-08,Jan 2029 – Mar 2029,RUR-R-0044,R,Lattice tower,Rural,Karak-Tafilah plateau,Karak,30.99342,35.72741,45,3,,,Microwave 6-18 GHz XPIC 2x1G-4x1G,0
RO-08,Jan 2029 – Mar 2029,RUR-R-0045,R,Lattice tower,Rural,Karak-Tafilah plateau,Karak,30.98853,35.76899,45,3,,,Microwave 6-18 GHz XPIC 2x1G-4x1G,0
RO-08,Jan 2029 – Mar 2029,RUR-R-0046,R,Lattice tower,Rural,Karak-Tafilah plateau,Karak,30.98853,35.82760,45,3,,,Microwave 6-18 GHz XPIC 2x1G-4x1G,0
RO-08,Jan 2029 – Mar 2029,RUR-R-0047,R,Lattice tower,Rural,Karak-Tafilah plateau,Karak,30.98853,35.86351,45,3,,,Microwave 6-18 GHz XPIC 2x1G-4x1G,0
RO-08,Jan 2029 – Mar 2029,RUR-R-0048,R,Lattice tower,Rural,Karak-Tafilah plateau,Karak,31.02866,35.60926,45,3,,,Microwave E-band 10G,0
RO-08,Jan 2029 – Mar 2029,RUR-R-0049,R,Lattice tower,Rural,Karak-Tafilah plateau,Karak,31.02866,35.65652,45,3,,,Fiber (backbone add/drop spur),0
RO-08,Jan 2029 – Mar 2029,RUR-R-0050,R,Lattice tower,Rural,Karak-Tafilah plateau,Karak,31.02622,35.70094,45,3,,,Microwave E-band 10G,0
RO-08,Jan 2029 – Mar 2029,RUR-R-0051,R,Lattice tower,Rural,Karak-Tafilah plateau,Karak,31.02378,35.74536,45,3,,,Microwave E-band 10G,0
RO-08,Jan 2029 – Mar 2029,RUR-R-0052,R,Lattice tower,Rural,Karak-Tafilah plateau,Karak,31.02378,35.79262,45,3,,,Microwave 6-18 GHz XPIC 2x1G-4x1G,0
RO-08,Jan 2029 – Mar 2029,RUR-R-0053,R,Lattice tower,Rural,Karak-Tafilah plateau,Karak,31.02378,35.83988,45,3,,,Microwave 6-18 GHz XPIC 2x1G-4x1G,0
RO-08,Jan 2029 – Mar 2029,RUR-R-0054,R,Lattice tower,Rural,Karak-Tafilah plateau,Karak,31.02378,35.89849,45,3,,,Microwave 6-18 GHz XPIC 2x1G-4x1G,0
RO-08,Jan 2029 – Mar 2029,RUR-R-0055,R,Lattice tower,Rural,Karak-Tafilah plateau,Karak,31.05658,35.63572,45,3,,,Microwave E-band 10G,0
RO-08,Jan 2029 – Mar 2029,RUR-R-0056,R,Lattice tower,Rural,Karak-Tafilah plateau,Karak,31.05902,35.78034,45,3,,,Microwave 6-18 GHz XPIC 2x1G-4x1G,0
RO-08,Jan 2029 – Mar 2029,RUR-R-0057,R,Lattice tower,Rural,Karak-Tafilah plateau,Karak,31.05902,35.81625,45,3,,,Microwave 6-18 GHz XPIC 2x1G-4x1G,0
RO-08,Jan 2029 – Mar 2029,RUR-R-0058,R,Lattice tower,Rural,Karak-Tafilah plateau,Karak,31.05902,35.86351,45,3,,,Microwave 6-18 GHz XPIC 2x1G-4x1G,0
RO-08,Jan 2029 – Mar 2029,RUR-R-0059,R,Lattice tower,Rural,Karak-Tafilah plateau,Karak,31.08938,35.60926,45,3,,,Microwave 6-18 GHz XPIC 2x1G-4x1G,0
RO-08,Jan 2029 – Mar 2029,RUR-R-0060,R,Lattice tower,Rural,Karak-Tafilah plateau,Karak,31.09427,35.65652,45,3,,,Microwave E-band 10G,0
RO-08,Jan 2029 – Mar 2029,RUR-R-0061,R,Lattice tower,Rural,Karak-Tafilah plateau,Karak,31.08938,35.75104,45,3,,,Microwave E-band 10G,0
RO-08,Jan 2029 – Mar 2029,RUR-R-0062,R,Lattice tower,Rural,Karak-Tafilah plateau,Karak,31.09427,35.80397,45,3,,,Microwave 6-18 GHz XPIC 2x1G-4x1G,0
RO-08,Jan 2029 – Mar 2029,RUR-R-0063,R,Lattice tower,Rural,Karak-Tafilah plateau,Karak,31.09915,35.84555,45,3,,,Microwave 6-18 GHz XPIC 2x1G-4x1G,0
RO-08,Jan 2029 – Mar 2029,RUR-R-0064,R,Lattice tower,Rural,Karak-Tafilah plateau,Karak,31.09182,35.88998,45,3,,,Microwave 6-18 GHz XPIC 2x1G-4x1G,0
RO-08,Jan 2029 – Mar 2029,RUR-R-0065,R,Lattice tower,Rural,Karak-Tafilah plateau,Karak,31.12463,35.63289,45,3,,,Microwave E-band 10G,0
RO-08,Jan 2029 – Mar 2029,RUR-R-0067,R,Lattice tower,Rural,Karak-Tafilah plateau,Karak,31.12707,35.72457,45,3,,,Microwave E-band 10G,0
RO-08,Jan 2029 – Mar 2029,RUR-R-0068,R,Lattice tower,Rural,Karak-Tafilah plateau,Karak,31.12463,35.77467,45,3,,,Microwave 6-18 GHz XPIC 2x1G-4x1G,0
RO-08,Jan 2029 – Mar 2029,RUR-R-0069,R,Lattice tower,Rural,Karak-Tafilah plateau,Karak,31.12707,35.82476,45,3,,,Microwave 6-18 GHz XPIC 2x1G-4x1G,0
RO-08,Jan 2029 – Mar 2029,RUR-R-0070,R,Lattice tower,Rural,Karak-Tafilah plateau,Karak,31.12463,35.86918,45,3,,,Microwave 6-18 GHz XPIC 2x1G-4x1G,0
RO-08,Jan 2029 – Mar 2029,RUR-R-0071,R,Lattice tower,Rural,Karak-Tafilah plateau,Karak,31.12463,35.91644,45,3,,,Microwave 6-18 GHz XPIC 2x1G-4x1G,0
RO-08,Jan 2029 – Mar 2029,RUR-R-0118,R,Lattice tower,Rural,Karak-Tafilah plateau,Amman,31.40902,35.87202,45,3,,,Microwave 6-18 GHz XPIC 2x1G-4x1G,0
RO-08,Jan 2029 – Mar 2029,RUR-R-0119,R,Lattice tower,Rural,Karak-Tafilah plateau,Amman,31.40658,35.91644,45,3,,,Microwave 6-18 GHz XPIC 2x1G-4x1G,0
RO-08,Jan 2029 – Mar 2029,RUR-R-0123,R,Lattice tower,Rural,Karak-Tafilah plateau,Madaba,31.44183,35.79830,45,3,,,Microwave E-band 10G,0
RO-08,Jan 2029 – Mar 2029,RUR-R-0124,R,Lattice tower,Rural,Karak-Tafilah plateau,Amman,31.44671,35.85123,45,3,,,Microwave 6-18 GHz XPIC 2x1G-4x1G,0
RO-08,Jan 2029 – Mar 2029,RUR-R-0125,R,Lattice tower,Rural,Karak-Tafilah plateau,Amman,31.44183,35.89281,45,3,,,Microwave 6-18 GHz XPIC 2x1G-4x1G,0
RO-08,Jan 2029 – Mar 2029,RUR-R-0126,R,Lattice tower,Rural,Karak-Tafilah plateau,Amman,31.44671,35.93440,45,3,,,Microwave 6-18 GHz XPIC 2x1G-4x1G,0
RO-08,Jan 2029 – Mar 2029,RUR-R-0131,R,Lattice tower,Rural,North-west highlands,Amman,31.48684,35.86918,45,3,,,Microwave 6-18 GHz XPIC 2x1G-4x1G,0
RO-08,Jan 2029 – Mar 2029,RUR-R-0132,R,Lattice tower,Rural,North-west highlands,Amman,31.48440,35.91928,45,3,,,Microwave 6-18 GHz XPIC 2x1G-4x1G,0
RO-08,Jan 2029 – Mar 2029,RUR-R-0133,R,Lattice tower,Rural,North-west highlands,Amman,31.48196,35.96937,45,3,,,Microwave E-band 10G,0
RO-08,Jan 2029 – Mar 2029,RUR-R-0139,R,Lattice tower,Rural,North-west highlands,Amman,31.51720,35.88714,45,3,,,Microwave 6-18 GHz XPIC 2x1G-4x1G,0
RO-08,Jan 2029 – Mar 2029,RUR-R-0140,R,Lattice tower,Rural,North-west highlands,Amman,31.51720,35.93440,45,3,,,Microwave E-band 10G,0
RO-08,Jan 2029 – Mar 2029,RUR-R-0141,R,Lattice tower,Rural,North-west highlands,Amman,31.51232,35.98733,45,3,,,Fiber (backbone add/drop spur),0
RO-08,Jan 2029 – Mar 2029,RUR-R-0146,R,Lattice tower,Rural,North-west highlands,Amman,31.55244,35.86918,45,3,,,Microwave 6-18 GHz XPIC 2x1G-4x1G,0
RO-08,Jan 2029 – Mar 2029,RUR-R-0147,R,Lattice tower,Rural,North-west highlands,Amman,31.54756,35.91644,45,3,,,Microwave 6-18 GHz XPIC 2x1G-4x1G,0
RO-08,Jan 2029 – Mar 2029,RUR-R-0148,R,Lattice tower,Rural,North-west highlands,Amman,31.55244,35.95803,45,3,,,Microwave E-band 10G,0
RO-08,Jan 2029 – Mar 2029,RUR-R-0149,R,Lattice tower,Rural,North-west highlands,Amman,31.55244,36.01663,45,3,,,Fiber (backbone add/drop spur),0
RO-08,Jan 2029 – Mar 2029,RUR-R-0155,R,Lattice tower,Rural,North-west highlands,Amman,31.58525,35.89281,45,3,,,Microwave 6-18 GHz XPIC 2x1G-4x1G,0
RO-08,Jan 2029 – Mar 2029,RUR-R-0156,R,Lattice tower,Rural,North-west highlands,Amman,31.59013,35.93724,45,3,,,Microwave E-band 10G,0
RO-08,Jan 2029 – Mar 2029,RUR-R-0157,R,Lattice tower,Rural,North-west highlands,Amman,31.58769,35.99300,45,3,,,Fiber (backbone add/drop spur),0
RO-08,Jan 2029 – Mar 2029,RUR-R-0158,R,Lattice tower,Rural,North-west highlands,Amman,31.59013,36.03743,45,3,,,Microwave E-band 10G,0
RO-08,Jan 2029 – Mar 2029,RUR-R-0164,R,Lattice tower,Rural,North-west highlands,Amman,31.62293,35.86918,45,3,,,Microwave 6-18 GHz XPIC 2x1G-4x1G,0
RO-08,Jan 2029 – Mar 2029,RUR-R-0165,R,Lattice tower,Rural,North-west highlands,Amman,31.61805,35.91644,45,3,,,Microwave E-band 10G,0
RO-08,Jan 2029 – Mar 2029,RUR-R-0166,R,Lattice tower,Rural,North-west highlands,Amman,31.62293,35.96654,45,3,,,Fiber (backbone add/drop spur),0
RO-08,Jan 2029 – Mar 2029,RUR-R-0167,R,Lattice tower,Rural,North-west highlands,Amman,31.62049,36.01380,45,3,,,Microwave E-band 10G,0
RO-08,Jan 2029 – Mar 2029,RUR-R-0168,R,Lattice tower,Rural,North-west highlands,Amman,31.61805,36.05822,45,3,,,Microwave 6-18 GHz XPIC 2x1G-4x1G,0
RO-08,Jan 2029 – Mar 2029,RUR-R-0172,R,Lattice tower,Rural,North-west highlands,Amman,31.65818,35.80397,45,3,,,Fiber (backbone add/drop spur),0
RO-08,Jan 2029 – Mar 2029,RUR-R-0173,R,Lattice tower,Rural,North-west highlands,Amman,31.65818,35.84555,45,3,,,Microwave E-band 10G,0
RO-08,Jan 2029 – Mar 2029,RUR-R-0174,R,Lattice tower,Rural,North-west highlands,Amman,31.65329,35.89281,45,3,,,Microwave 6-18 GHz XPIC 2x1G-4x1G,0
RO-08,Jan 2029 – Mar 2029,RUR-R-0175,R,Lattice tower,Rural,North-west highlands,Amman,31.65574,35.94291,45,3,,,Microwave E-band 10G,0
RO-08,Jan 2029 – Mar 2029,RUR-R-0176,R,Lattice tower,Rural,North-west highlands,Amman,31.65818,35.98733,45,3,,,Fiber (backbone add/drop spur),0
RO-08,Jan 2029 – Mar 2029,RUR-R-0177,R,Lattice tower,Rural,North-west highlands,Amman,31.66306,36.03459,45,3,,,Microwave E-band 10G,0
RO-08,Jan 2029 – Mar 2029,RUR-R-0178,R,Lattice tower,Rural,North-west highlands,Amman,31.65818,36.08752,45,3,,,Microwave 6-18 GHz XPIC 2x1G-4x1G,0
RO-08,Jan 2029 – Mar 2029,RUR-R-0182,R,Lattice tower,Rural,North-west highlands,Amman,31.69831,35.86918,45,3,,,Microwave E-band 10G,0
RO-08,Jan 2029 – Mar 2029,RUR-R-0183,R,Lattice tower,Rural,North-west highlands,Amman,31.69342,35.91644,45,3,,,Microwave E-band 10G,0
RO-08,Jan 2029 – Mar 2029,RUR-R-0184,R,Lattice tower,Rural,North-west highlands,Amman,31.69342,36.05822,45,3,,,Microwave E-band 10G,0
RO-08,Jan 2029 – Mar 2029,RUR-R-0185,R,Lattice tower,Rural,North-west highlands,Amman,31.69342,36.11115,45,3,,,Microwave 6-18 GHz XPIC 2x1G-4x1G,0
RO-08,Jan 2029 – Mar 2029,RUR-R-0188,R,Lattice tower,Rural,North-west highlands,Amman,31.72867,35.89281,45,3,,,Microwave E-band 10G,0
RO-08,Jan 2029 – Mar 2029,RUR-R-0189,R,Lattice tower,Rural,North-west highlands,Amman,31.73111,35.93724,45,3,,,Fiber (backbone add/drop spur),0
RO-08,Jan 2029 – Mar 2029,RUR-R-0190,R,Lattice tower,Rural,North-west highlands,Amman,31.73111,36.08469,45,3,,,Microwave 6-18 GHz XPIC 2x1G-4x1G,0
RO-08,Jan 2029 – Mar 2029,RUR-R-0191,R,Lattice tower,Rural,North-west highlands,Amman,31.72867,36.12344,45,3,,,Microwave 6-18 GHz XPIC 2x1G-4x1G,0
RO-08,Jan 2029 – Mar 2029,RUR-R-0196,R,Lattice tower,Rural,North-west highlands,Amman,31.75903,35.91644,45,3,,,Microwave E-band 10G,0
RO-08,Jan 2029 – Mar 2029,RUR-R-0279,R,Lattice tower,Rural,North-west highlands,Mafraq,32.15648,36.03459,45,3,,,Microwave E-band 10G,0
RO-08,Jan 2029 – Mar 2029,RUR-R-0280,R,Lattice tower,Rural,North-west highlands,Mafraq,32.15404,36.12628,45,3,,,Fiber (backbone add/drop spur),0
RO-08,Jan 2029 – Mar 2029,RUR-R-0283,R,Lattice tower,Rural,North-west highlands,Mafraq,32.15160,36.27656,45,3,,,Microwave 6-18 GHz XPIC 2x1G-4x1G,0
RO-08,Jan 2029 – Mar 2029,RUR-R-0284,R,Lattice tower,Rural,North-west highlands,Mafraq,32.15160,36.32382,45,3,,,Microwave 6-18 GHz XPIC 2x1G-4x1G,0
RO-08,Jan 2029 – Mar 2029,RUR-R-0292,R,Lattice tower,Rural,North-west highlands,Mafraq,32.19173,36.01096,45,3,,,Microwave 6-18 GHz XPIC 2x1G-4x1G,0
RO-08,Jan 2029 – Mar 2029,RUR-R-0293,R,Lattice tower,Rural,North-west highlands,Mafraq,32.18929,36.05822,45,3,,,Microwave 6-18 GHz XPIC 2x1G-4x1G,0
RO-08,Jan 2029 – Mar 2029,RUR-R-0294,R,Lattice tower,Rural,North-west highlands,Mafraq,32.18684,36.11115,45,3,,,Microwave E-band 10G,0
RO-08,Jan 2029 – Mar 2029,RUR-R-0295,R,Lattice tower,Rural,North-west highlands,Mafraq,32.18929,36.15274,45,3,,,Fiber (backbone add/drop spur),0
RO-08,Jan 2029 – Mar 2029,RUR-R-0296,R,Lattice tower,Rural,North-west highlands,Mafraq,32.18684,36.20000,45,3,,,Microwave E-band 10G,0
RO-08,Jan 2029 – Mar 2029,RUR-R-0297,R,Lattice tower,Rural,North-west highlands,Mafraq,32.18684,36.25293,45,3,,,Microwave 6-18 GHz XPIC 2x1G-4x1G,0
RO-08,Jan 2029 – Mar 2029,RUR-R-0298,R,Lattice tower,Rural,North-west highlands,Mafraq,32.18684,36.29735,45,3,,,Microwave 6-18 GHz XPIC 2x1G-4x1G,0
RO-08,Jan 2029 – Mar 2029,RUR-R-0299,R,Lattice tower,Rural,North-west highlands,Mafraq,32.18684,36.34461,45,3,,,Microwave 6-18 GHz XPIC 2x1G-4x1G,0
RO-08,Jan 2029 – Mar 2029,RUR-R-0307,R,Lattice tower,Rural,North-west highlands,Mafraq,32.22697,35.98733,45,3,,,Microwave 6-18 GHz XPIC 2x1G-4x1G,0
RO-08,Jan 2029 – Mar 2029,RUR-R-0308,R,Lattice tower,Rural,North-west highlands,Mafraq,32.22209,36.04026,45,3,,,Microwave 6-18 GHz XPIC 2x1G-4x1G,0
RO-08,Jan 2029 – Mar 2029,RUR-R-0309,R,Lattice tower,Rural,North-west highlands,Mafraq,32.22209,36.07618,45,3,,,Microwave 6-18 GHz XPIC 2x1G-4x1G,0
RO-08,Jan 2029 – Mar 2029,RUR-R-0310,R,Lattice tower,Rural,North-west highlands,Mafraq,32.22697,36.12911,45,3,,,Microwave E-band 10G,0
RO-08,Jan 2029 – Mar 2029,RUR-R-0311,R,Lattice tower,Rural,North-west highlands,Mafraq,32.21965,36.17921,45,3,,,Fiber (backbone add/drop spur),0
RO-08,Jan 2029 – Mar 2029,RUR-R-0312,R,Lattice tower,Rural,North-west highlands,Mafraq,32.22209,36.22930,45,3,,,Microwave E-band 10G,0
RO-08,Jan 2029 – Mar 2029,RUR-R-0313,R,Lattice tower,Rural,North-west highlands,Mafraq,32.22209,36.26522,45,3,,,Microwave 6-18 GHz XPIC 2x1G-4x1G,0
RO-08,Jan 2029 – Mar 2029,RUR-R-0314,R,Lattice tower,Rural,North-west highlands,Mafraq,32.22209,36.32382,45,3,,,Microwave 6-18 GHz XPIC 2x1G-4x1G,0
RO-08,Jan 2029 – Mar 2029,RUR-R-0315,R,Lattice tower,Rural,North-west highlands,Mafraq,32.22209,36.37108,45,3,,,Microwave 6-18 GHz XPIC 2x1G-4x1G,0
RO-08,Jan 2029 – Mar 2029,RUR-R-0316,R,Lattice tower,Rural,North-west highlands,Irbid,32.25977,35.58846,45,2,,,Microwave E-band 10G,0
RO-08,Jan 2029 – Mar 2029,RUR-R-0323,R,Lattice tower,Rural,North-west highlands,Mafraq,32.25977,36.01380,45,3,,,Microwave 6-18 GHz XPIC 2x1G-4x1G,0
RO-08,Jan 2029 – Mar 2029,RUR-R-0324,R,Lattice tower,Rural,North-west highlands,Mafraq,32.25977,36.05822,45,3,,,Microwave 6-18 GHz XPIC 2x1G-4x1G,0
RO-08,Jan 2029 – Mar 2029,RUR-R-0325,R,Lattice tower,Rural,North-west highlands,Mafraq,32.25977,36.10265,45,3,,,Microwave 6-18 GHz XPIC 2x1G-4x1G,0
RO-08,Jan 2029 – Mar 2029,RUR-R-0327,R,Lattice tower,Rural,North-west highlands,Mafraq,32.25489,36.19716,45,3,,,Microwave E-band 10G,0
RO-08,Jan 2029 – Mar 2029,RUR-R-0328,R,Lattice tower,Rural,North-west highlands,Mafraq,32.25733,36.24726,45,3,,,Microwave 6-18 GHz XPIC 2x1G-4x1G,0
RO-08,Jan 2029 – Mar 2029,RUR-R-0329,R,Lattice tower,Rural,North-west highlands,Mafraq,32.25733,36.29452,45,3,,,Microwave 6-18 GHz XPIC 2x1G-4x1G,0
RO-08,Jan 2029 – Mar 2029,RUR-R-0330,R,Lattice tower,Rural,North-west highlands,Mafraq,32.25733,36.34745,45,3,,,Microwave 6-18 GHz XPIC 2x1G-4x1G,0
RO-08,Jan 2029 – Mar 2029,RUR-R-0331,R,Lattice tower,Rural,North-west highlands,Mafraq,32.26222,36.38904,45,3,,,Microwave 6-18 GHz XPIC 2x1G-4x1G,0
RO-08,Jan 2029 – Mar 2029,RUR-R-0344,R,Lattice tower,Rural,North-west highlands,Irbid,32.32782,35.59130,45,3,,,Fiber (backbone add/drop spur),0
RO-08,Jan 2029 – Mar 2029,RUR-R-0357,R,Lattice tower,Rural,North-west highlands,Irbid,32.36551,35.61209,45,3,,,Fiber (backbone add/drop spur),0
RO-08,Jan 2029 – Mar 2029,RUR-R-0359,R,Lattice tower,Rural,North-west highlands,Irbid,32.35818,35.70378,45,3,,,Microwave E-band 10G,0
RO-08,Jan 2029 – Mar 2029,RUR-R-0362,R,Lattice tower,Rural,North-west highlands,Irbid,32.36551,35.88998,45,3,,,Fiber (backbone add/drop spur),0
RO-08,Jan 2029 – Mar 2029,RUR-R-0364,R,Lattice tower,Rural,North-west highlands,Irbid,32.35818,35.98733,45,3,,,Microwave 6-18 GHz XPIC 2x1G-4x1G,0
RO-08,Jan 2029 – Mar 2029,RUR-R-0371,R,Lattice tower,Rural,North-west highlands,Irbid,32.39831,35.59130,45,3,,,Fiber (backbone add/drop spur),0
RO-08,Jan 2029 – Mar 2029,RUR-R-0372,R,Lattice tower,Rural,North-west highlands,Irbid,32.39831,35.63289,45,3,,,Microwave E-band 10G,0
RO-08,Jan 2029 – Mar 2029,RUR-R-0373,R,Lattice tower,Rural,North-west highlands,Irbid,32.39587,35.68298,45,3,,,Microwave 6-18 GHz XPIC 2x1G-4x1G,0
RO-08,Jan 2029 – Mar 2029,RUR-R-0374,R,Lattice tower,Rural,North-west highlands,Irbid,32.40319,35.72741,45,3,,,Microwave E-band 10G,0
RO-08,Jan 2029 – Mar 2029,RUR-R-0375,R,Lattice tower,Rural,North-west highlands,Irbid,32.39587,35.77750,45,3,,,Fiber (backbone add/drop spur),0
RO-08,Jan 2029 – Mar 2029,RUR-R-0377,R,Lattice tower,Rural,North-west highlands,Irbid,32.39587,35.86918,45,3,,,Fiber (backbone add/drop spur),0
RO-08,Jan 2029 – Mar 2029,RUR-R-0378,R,Lattice tower,Rural,North-west highlands,Irbid,32.39587,35.91361,45,3,,,Microwave E-band 10G,0
RO-08,Jan 2029 – Mar 2029,RUR-R-0379,R,Lattice tower,Rural,North-west highlands,Irbid,32.39587,35.96087,45,3,,,Microwave 6-18 GHz XPIC 2x1G-4x1G,0
RO-08,Jan 2029 – Mar 2029,RUR-R-0389,R,Lattice tower,Rural,North-west highlands,Irbid,32.43355,35.66219,45,3,,,Microwave E-band 10G,0
RO-08,Jan 2029 – Mar 2029,RUR-R-0391,R,Lattice tower,Rural,North-west highlands,Irbid,32.43355,35.74536,45,3,,,Microwave E-band 10G,0
RO-08,Jan 2029 – Mar 2029,RUR-R-0392,R,Lattice tower,Rural,North-west highlands,Irbid,32.42867,35.79830,45,3,,,Fiber (backbone add/drop spur),0
RO-08,Jan 2029 – Mar 2029,RUR-R-0395,R,Lattice tower,Rural,North-west highlands,Irbid,32.43111,35.93724,45,3,,,Microwave E-band 10G,0
RO-08,Jan 2029 – Mar 2029,RUR-R-0396,R,Lattice tower,Rural,North-west highlands,Irbid,32.42867,35.98733,45,3,,,Microwave 6-18 GHz XPIC 2x1G-4x1G,0
RO-08,Jan 2029 – Mar 2029,RUR-R-0397,R,Lattice tower,Rural,North-west highlands,Irbid,32.42867,36.03459,45,3,,,Microwave E-band 10G,0
RO-08,Jan 2029 – Mar 2029,RUR-R-0398,R,Lattice tower,Rural,North-west highlands,Irbid,32.43111,36.07902,45,3,,,Fiber (backbone add/drop spur),0
RO-08,Jan 2029 – Mar 2029,AJL-U-0026,U,Rooftop,Ajloun,Ajloun,Ajloun,32.33568,35.75576,30,3,HUB-AJL-01,HUB-AJL-01-R01,Fiber ring,0
RO-08,Jan 2029 – Mar 2029,AJL-U-0032,U,Rooftop,Ajloun,Ajloun,Ajloun,32.33839,35.75434,30,3,HUB-AJL-01,HUB-AJL-01-R01,Fiber ring,0
RO-08,Jan 2029 – Mar 2029,AJL-U-0035,U,Monopole / greenfield,Ajloun,Ajloun,Ajloun,32.34192,35.75009,30,3,HUB-AJL-01,HUB-AJL-01-R01,Fiber ring,0
RO-08,Jan 2029 – Mar 2029,AJL-U-0036,U,Monopole / greenfield,Ajloun,Ajloun,Ajloun,32.34273,35.75576,30,3,HUB-AJL-01,HUB-AJL-01-R01,Fiber ring,0
RO-08,Jan 2029 – Mar 2029,AJL-U-0038,U,Monopole / greenfield,Ajloun,Ajloun,Ajloun,32.34544,35.74962,30,3,HUB-AJL-01,HUB-AJL-01-R01,Fiber ring,0
RO-08,Jan 2029 – Mar 2029,AJL-U-0039,U,Monopole / greenfield,Ajloun,Ajloun,Ajloun,32.34544,35.75293,30,3,HUB-AJL-01,HUB-AJL-01-R01,Fiber ring,0
RO-08,Jan 2029 – Mar 2029,AJL-U-0040,U,Monopole / greenfield,Ajloun,Ajloun,Ajloun,32.34626,35.75812,30,3,HUB-AJL-01,HUB-AJL-01-R01,Fiber ring,1
RO-08,Jan 2029 – Mar 2029,AJL-SU-0064,SU,Monopole / greenfield,Ajloun,Ajloun outskirts,Ajloun,32.33644,35.77335,32,3,HUB-AJL-01,HUB-AJL-01-R02,Fiber ring,0
RO-08,Jan 2029 – Mar 2029,AJL-U-0027,U,Rooftop,Ajloun,Ajloun,Ajloun,32.33568,35.76049,30,3,HUB-AJL-01,HUB-AJL-01-R02,Fiber ring,0
RO-08,Jan 2029 – Mar 2029,AJL-U-0028,U,Rooftop,Ajloun,Ajloun,Ajloun,32.33568,35.76521,30,3,HUB-AJL-01,HUB-AJL-01-R02,Fiber ring,0
RO-08,Jan 2029 – Mar 2029,AJL-U-0033,U,Rooftop,Ajloun,Ajloun,Ajloun,32.33839,35.75907,30,3,HUB-AJL-01,HUB-AJL-01-R02,Fiber ring,0
RO-08,Jan 2029 – Mar 2029,AJL-U-0034,U,Monopole / greenfield,Ajloun,Ajloun,Ajloun,32.33839,35.76285,30,3,HUB-AJL-01,HUB-AJL-01-R02,Fiber ring,0
RO-08,Jan 2029 – Mar 2029,AJL-U-0037,U,Monopole / greenfield,Ajloun,Ajloun,Ajloun,32.34192,35.76143,30,3,HUB-AJL-01,HUB-AJL-01-R02,Fiber ring,0
RO-08,Jan 2029 – Mar 2029,AJL-SU-0067,SU,Monopole / greenfield,Ajloun,Ajloun outskirts,Ajloun,32.34035,35.77813,32,3,HUB-AJL-01,HUB-AJL-01-R03,Fiber ring,0
RO-08,Jan 2029 – Mar 2029,AJL-SU-0070,SU,Monopole / greenfield,Ajloun,Ajloun outskirts,Ajloun,32.34427,35.76653,32,3,HUB-AJL-01,HUB-AJL-01-R03,Fiber ring,0
RO-08,Jan 2029 – Mar 2029,AJL-SU-0071,SU,Monopole / greenfield,Ajloun,Ajloun outskirts,Ajloun,32.34544,35.77472,32,3,HUB-AJL-01,HUB-AJL-01-R03,Fiber ring,0
RO-08,Jan 2029 – Mar 2029,AJL-SU-0076,SU,Monopole / greenfield,Ajloun,Ajloun outskirts,Ajloun,32.35053,35.76311,32,3,HUB-AJL-01,HUB-AJL-01-R03,Fiber ring,0
RO-08,Jan 2029 – Mar 2029,AJL-SU-0077,SU,Monopole / greenfield,Ajloun,Ajloun outskirts,Ajloun,32.35171,35.76994,32,3,HUB-AJL-01,HUB-AJL-01-R03,Fiber ring,0
RO-08,Jan 2029 – Mar 2029,AJL-SU-0081,SU,Monopole / greenfield,Ajloun,Ajloun outskirts,Ajloun,32.35445,35.75970,32,3,HUB-AJL-01,HUB-AJL-01-R03,Fiber ring,0
RO-08,Jan 2029 – Mar 2029,AJL-SU-0073,SU,Monopole / greenfield,Ajloun,Ajloun outskirts,Ajloun,32.35053,35.74400,32,3,HUB-AJL-01,HUB-AJL-01-R04,Fiber ring,0
RO-08,Jan 2029 – Mar 2029,AJL-SU-0074,SU,Monopole / greenfield,Ajloun,Ajloun outskirts,Ajloun,32.35112,35.74878,32,3,HUB-AJL-01,HUB-AJL-01-R04,Fiber ring,0
RO-08,Jan 2029 – Mar 2029,AJL-SU-0075,SU,Monopole / greenfield,Ajloun,Ajloun outskirts,Ajloun,32.34936,35.75629,32,3,HUB-AJL-01,HUB-AJL-01-R04,Fiber ring,0
RO-08,Jan 2029 – Mar 2029,AJL-SU-0078,SU,Monopole / greenfield,Ajloun,Ajloun outskirts,Ajloun,32.35445,35.73922,32,3,HUB-AJL-01,HUB-AJL-01-R04,Fiber ring,0
RO-08,Jan 2029 – Mar 2029,AJL-SU-0079,SU,Monopole / greenfield,Ajloun,Ajloun outskirts,Ajloun,32.35445,35.74605,32,3,HUB-AJL-01,HUB-AJL-01-R04,Fiber ring,0
RO-08,Jan 2029 – Mar 2029,AJL-SU-0080,SU,Monopole / greenfield,Ajloun,Ajloun outskirts,Ajloun,32.35445,35.75287,32,3,HUB-AJL-01,HUB-AJL-01-R04,Fiber ring,0
RO-08,Jan 2029 – Mar 2029,AJL-SU-0041,SU,Monopole / greenfield,Ajloun,Ajloun outskirts,Ajloun,32.30981,35.74400,32,3,HUB-AJL-02,HUB-AJL-02-R01,Fiber ring,0
RO-08,Jan 2029 – Mar 2029,AJL-SU-0042,SU,Rooftop,Ajloun,Ajloun outskirts,Ajloun,32.30863,35.74946,32,3,HUB-AJL-02,HUB-AJL-02-R01,Fiber ring,0
RO-08,Jan 2029 – Mar 2029,AJL-SU-0043,SU,Rooftop,Ajloun,Ajloun outskirts,Ajloun,32.30922,35.75697,32,3,HUB-AJL-02,HUB-AJL-02-R01,Fiber ring,0
RO-08,Jan 2029 – Mar 2029,AJL-SU-0044,SU,Rooftop,Ajloun,Ajloun outskirts,Ajloun,32.30981,35.76448,32,3,HUB-AJL-02,HUB-AJL-02-R01,Fiber ring,0
RO-08,Jan 2029 – Mar 2029,AJL-SU-0046,SU,Monopole / greenfield,Ajloun,Ajloun outskirts,Ajloun,32.31372,35.73922,32,3,HUB-AJL-02,HUB-AJL-02-R01,Fiber ring,0
RO-08,Jan 2029 – Mar 2029,AJL-SU-0047,SU,Monopole / greenfield,Ajloun,Ajloun outskirts,Ajloun,32.31607,35.74605,32,3,HUB-AJL-02,HUB-AJL-02-R01,Fiber ring,0
RO-08,Jan 2029 – Mar 2029,AJL-SU-0048,SU,Monopole / greenfield,Ajloun,Ajloun outskirts,Ajloun,32.31607,35.75287,32,3,HUB-AJL-02,HUB-AJL-02-R01,Fiber ring,0
RO-08,Jan 2029 – Mar 2029,AJL-U-0003,U,Monopole / greenfield,Ajloun,Ajloun,Ajloun,32.32036,35.75623,30,3,HUB-AJL-02,HUB-AJL-02-R01,Fiber ring,1
RO-08,Jan 2029 – Mar 2029,AJL-SU-0049,SU,Monopole / greenfield,Ajloun,Ajloun outskirts,Ajloun,32.31549,35.76038,32,3,HUB-AJL-02,HUB-AJL-02-R02,Fiber ring,0
RO-08,Jan 2029 – Mar 2029,AJL-SU-0050,SU,Monopole / greenfield,Ajloun,Ajloun outskirts,Ajloun,32.31490,35.76789,32,3,HUB-AJL-02,HUB-AJL-02-R02,Fiber ring,0
RO-08,Jan 2029 – Mar 2029,AJL-SU-0053,SU,Monopole / greenfield,Ajloun,Ajloun outskirts,Ajloun,32.32058,35.76380,32,3,HUB-AJL-02,HUB-AJL-02-R02,Fiber ring,0
RO-08,Jan 2029 – Mar 2029,AJL-SU-0054,SU,Monopole / greenfield,Ajloun,Ajloun outskirts,Ajloun,32.32058,35.77062,32,3,HUB-AJL-02,HUB-AJL-02-R02,Fiber ring,0
RO-08,Jan 2029 – Mar 2029,AJL-SU-0055,SU,Monopole / greenfield,Ajloun,Ajloun outskirts,Ajloun,32.31999,35.77813,32,3,HUB-AJL-02,HUB-AJL-02-R02,Fiber ring,0
RO-08,Jan 2029 – Mar 2029,AJL-SU-0059,SU,Monopole / greenfield,Ajloun,Ajloun outskirts,Ajloun,32.32508,35.77472,32,3,HUB-AJL-02,HUB-AJL-02-R02,Fiber ring,0
RO-08,Jan 2029 – Mar 2029,AJL-SU-0061,SU,Monopole / greenfield,Ajloun,Ajloun outskirts,Ajloun,32.32899,35.77677,32,3,HUB-AJL-02,HUB-AJL-02-R02,Fiber ring,0
RO-08,Jan 2029 – Mar 2029,AJL-U-0007,U,Monopole / greenfield,Ajloun,Ajloun,Ajloun,32.32430,35.75907,30,3,HUB-AJL-02,HUB-AJL-02-R03,Fiber ring,0
RO-08,Jan 2029 – Mar 2029,AJL-U-0008,U,Monopole / greenfield,Ajloun,Ajloun,Ajloun,32.32430,35.76380,30,3,HUB-AJL-02,HUB-AJL-02-R03,Fiber ring,0
RO-08,Jan 2029 – Mar 2029,AJL-U-0013,U,Monopole / greenfield,Ajloun,Ajloun,Ajloun,32.32701,35.76049,30,3,HUB-AJL-02,HUB-AJL-02-R03,Fiber ring,0
RO-08,Jan 2029 – Mar 2029,AJL-U-0014,U,Monopole / greenfield,Ajloun,Ajloun,Ajloun,32.32782,35.76616,30,3,HUB-AJL-02,HUB-AJL-02-R03,Fiber ring,0
RO-08,Jan 2029 – Mar 2029,AJL-U-0019,U,Rooftop,Ajloun,Ajloun,Ajloun,32.33053,35.75812,30,3,HUB-AJL-02,HUB-AJL-02-R03,Fiber ring,0
RO-08,Jan 2029 – Mar 2029,AJL-U-0020,U,Rooftop,Ajloun,Ajloun,Ajloun,32.33053,35.76285,30,3,HUB-AJL-02,HUB-AJL-02-R03,Fiber ring,0
RO-08,Jan 2029 – Mar 2029,AJL-U-0021,U,Monopole / greenfield,Ajloun,Ajloun,Ajloun,32.33053,35.76758,30,3,HUB-AJL-02,HUB-AJL-02-R03,Fiber ring,0
RO-08,Jan 2029 – Mar 2029,AJL-U-0001,U,Monopole / greenfield,Ajloun,Ajloun,Ajloun,32.32036,35.74678,30,3,HUB-AJL-02,HUB-AJL-02-R04,Fiber ring,0
RO-08,Jan 2029 – Mar 2029,AJL-U-0002,U,Monopole / greenfield,Ajloun,Ajloun,Ajloun,32.32077,35.75198,30,3,HUB-AJL-02,HUB-AJL-02-R04,Fiber ring,0
RO-08,Jan 2029 – Mar 2029,AJL-U-0005,U,Monopole / greenfield,Ajloun,Ajloun,Ajloun,32.32430,35.74962,30,3,HUB-AJL-02,HUB-AJL-02-R04,Fiber ring,0
RO-08,Jan 2029 – Mar 2029,AJL-U-0006,U,Monopole / greenfield,Ajloun,Ajloun,Ajloun,32.32348,35.75340,30,3,HUB-AJL-02,HUB-AJL-02-R04,Fiber ring,0
RO-08,Jan 2029 – Mar 2029,AJL-U-0011,U,Rooftop,Ajloun,Ajloun,Ajloun,32.32782,35.75198,30,3,HUB-AJL-02,HUB-AJL-02-R04,Fiber ring,0
RO-08,Jan 2029 – Mar 2029,AJL-U-0012,U,Rooftop,Ajloun,Ajloun,Ajloun,32.32863,35.75576,30,3,HUB-AJL-02,HUB-AJL-02-R04,Fiber ring,0
RO-08,Jan 2029 – Mar 2029,AJL-U-0018,U,Rooftop,Ajloun,Ajloun,Ajloun,32.33094,35.75387,30,3,HUB-AJL-02,HUB-AJL-02-R04,Fiber ring,0
RO-08,Jan 2029 – Mar 2029,AJL-SU-0045,SU,Monopole / greenfield,Ajloun,Ajloun outskirts,Ajloun,32.31549,35.73171,32,3,HUB-AJL-03,HUB-AJL-03-R01,Fiber ring,0
RO-08,Jan 2029 – Mar 2029,AJL-SU-0051,SU,Monopole / greenfield,Ajloun,Ajloun outskirts,Ajloun,32.32116,35.72898,32,3,HUB-AJL-03,HUB-AJL-03-R01,Fiber ring,0
RO-08,Jan 2029 – Mar 2029,AJL-SU-0052,SU,Monopole / greenfield,Ajloun,Ajloun outskirts,Ajloun,32.31999,35.74127,32,3,HUB-AJL-03,HUB-AJL-03-R01,Fiber ring,0
RO-08,Jan 2029 – Mar 2029,AJL-SU-0056,SU,Monopole / greenfield,Ajloun,Ajloun outskirts,Ajloun,32.32508,35.72693,32,3,HUB-AJL-03,HUB-AJL-03-R01,Fiber ring,0
RO-08,Jan 2029 – Mar 2029,AJL-SU-0057,SU,Monopole / greenfield,Ajloun,Ajloun outskirts,Ajloun,32.32508,35.73103,32,3,HUB-AJL-03,HUB-AJL-03-R01,Fiber ring,0
RO-08,Jan 2029 – Mar 2029,AJL-SU-0058,SU,Monopole / greenfield,Ajloun,Ajloun outskirts,Ajloun,32.32626,35.73922,32,3,HUB-AJL-03,HUB-AJL-03-R01,Fiber ring,0
RO-08,Jan 2029 – Mar 2029,AJL-SU-0060,SU,Monopole / greenfield,Ajloun,Ajloun outskirts,Ajloun,32.32958,35.72966,32,3,HUB-AJL-03,HUB-AJL-03-R01,Fiber ring,0
RO-08,Jan 2029 – Mar 2029,AJL-U-0015,U,Monopole / greenfield,Ajloun,Ajloun,Ajloun,32.33216,35.73922,30,3,HUB-AJL-03,HUB-AJL-03-R01,Fiber ring,1
RO-08,Jan 2029 – Mar 2029,AJL-U-0004,U,Monopole / greenfield,Ajloun,Ajloun,Ajloun,32.32430,35.74489,30,3,HUB-AJL-03,HUB-AJL-03-R02,Fiber ring,0
RO-08,Jan 2029 – Mar 2029,AJL-U-0009,U,Monopole / greenfield,Ajloun,Ajloun,Ajloun,32.32782,35.74064,30,3,HUB-AJL-03,HUB-AJL-03-R02,Fiber ring,0
RO-08,Jan 2029 – Mar 2029,AJL-U-0010,U,Rooftop,Ajloun,Ajloun,Ajloun,32.32863,35.74631,30,3,HUB-AJL-03,HUB-AJL-03-R02,Fiber ring,0
RO-08,Jan 2029 – Mar 2029,AJL-U-0016,U,Rooftop,Ajloun,Ajloun,Ajloun,32.33216,35.74395,30,3,HUB-AJL-03,HUB-AJL-03-R02,Fiber ring,0
RO-08,Jan 2029 – Mar 2029,AJL-U-0017,U,Rooftop,Ajloun,Ajloun,Ajloun,32.33135,35.74773,30,3,HUB-AJL-03,HUB-AJL-03-R02,Fiber ring,0
RO-08,Jan 2029 – Mar 2029,AJL-U-0024,U,Monopole / greenfield,Ajloun,Ajloun,Ajloun,32.33568,35.74631,30,3,HUB-AJL-03,HUB-AJL-03-R02,Fiber ring,0
RO-08,Jan 2029 – Mar 2029,AJL-U-0025,U,Rooftop,Ajloun,Ajloun,Ajloun,32.33487,35.75009,30,3,HUB-AJL-03,HUB-AJL-03-R02,Fiber ring,0
RO-08,Jan 2029 – Mar 2029,AJL-SU-0066,SU,Monopole / greenfield,Ajloun,Ajloun outskirts,Ajloun,32.34153,35.73581,32,3,HUB-AJL-03,HUB-AJL-03-R03,Fiber ring,0
RO-08,Jan 2029 – Mar 2029,AJL-SU-0069,SU,Monopole / greenfield,Ajloun,Ajloun outskirts,Ajloun,32.34544,35.74059,32,3,HUB-AJL-03,HUB-AJL-03-R03,Fiber ring,0
RO-08,Jan 2029 – Mar 2029,AJL-SU-0072,SU,Monopole / greenfield,Ajloun,Ajloun outskirts,Ajloun,32.35171,35.73581,32,3,HUB-AJL-03,HUB-AJL-03-R03,Fiber ring,0
RO-08,Jan 2029 – Mar 2029,AJL-U-0023,U,Monopole / greenfield,Ajloun,Ajloun,Ajloun,32.33446,35.74206,30,3,HUB-AJL-03,HUB-AJL-03-R03,Fiber ring,0
RO-08,Jan 2029 – Mar 2029,AJL-U-0029,U,Monopole / greenfield,Ajloun,Ajloun,Ajloun,32.33921,35.73922,30,3,HUB-AJL-03,HUB-AJL-03-R03,Fiber ring,0
RO-08,Jan 2029 – Mar 2029,AJL-U-0030,U,Monopole / greenfield,Ajloun,Ajloun,Ajloun,32.33839,35.74489,30,3,HUB-AJL-03,HUB-AJL-03-R03,Fiber ring,0
RO-08,Jan 2029 – Mar 2029,AJL-U-0031,U,Monopole / greenfield,Ajloun,Ajloun,Ajloun,32.33839,35.74773,30,3,HUB-AJL-03,HUB-AJL-03-R03,Fiber ring,0
RO-08,Jan 2029 – Mar 2029,AJL-SU-0062,SU,Monopole / greenfield,Ajloun,Ajloun outskirts,Ajloun,32.33526,35.72557,32,3,HUB-AJL-03,HUB-AJL-03-R04,Fiber ring,0
RO-08,Jan 2029 – Mar 2029,AJL-SU-0063,SU,Monopole / greenfield,Ajloun,Ajloun outskirts,Ajloun,32.33526,35.73103,32,3,HUB-AJL-03,HUB-AJL-03-R04,Fiber ring,0
RO-08,Jan 2029 – Mar 2029,AJL-SU-0065,SU,Monopole / greenfield,Ajloun,Ajloun outskirts,Ajloun,32.33976,35.72830,32,3,HUB-AJL-03,HUB-AJL-03-R04,Fiber ring,0
RO-08,Jan 2029 – Mar 2029,AJL-SU-0068,SU,Monopole / greenfield,Ajloun,Ajloun outskirts,Ajloun,32.34544,35.73376,32,3,HUB-AJL-03,HUB-AJL-03-R04,Fiber ring,0
RO-08,Jan 2029 – Mar 2029,AJL-U-0022,U,Monopole / greenfield,Ajloun,Ajloun,Ajloun,32.33406,35.73686,30,3,HUB-AJL-03,HUB-AJL-03-R04,Fiber ring,0
RO-08,Jan 2029 – Mar 2029,AMM-SU-2417,SU,Monopole / greenfield,Amman-Zarqa Metro,Amman outskirts,Amman,31.87258,35.85800,32,3,HUB-AMM-20,HUB-AMM-20-R01,Fiber ring,0
RO-08,Jan 2029 – Mar 2029,AMM-SU-2418,SU,Monopole / greenfield,Amman-Zarqa Metro,Amman outskirts,Amman,31.87317,35.86551,32,3,HUB-AMM-20,HUB-AMM-20-R01,Fiber ring,0
RO-08,Jan 2029 – Mar 2029,AMM-SU-2450,SU,Monopole / greenfield,Amman-Zarqa Metro,Amman outskirts,Amman,31.87591,35.86210,32,3,HUB-AMM-20,HUB-AMM-20-R01,Fiber ring,0
RO-08,Jan 2029 – Mar 2029,AMM-SU-2451,SU,Monopole / greenfield,Amman-Zarqa Metro,Amman outskirts,Amman,31.87826,35.86892,32,3,HUB-AMM-20,HUB-AMM-20-R01,Fiber ring,0
RO-08,Jan 2029 – Mar 2029,AMM-SU-2483,SU,Rooftop,Amman-Zarqa Metro,Amman outskirts,Amman,31.88217,35.85868,32,3,HUB-AMM-20,HUB-AMM-20-R01,Fiber ring,0
RO-08,Jan 2029 – Mar 2029,AMM-SU-2484,SU,Rooftop,Amman-Zarqa Metro,Amman outskirts,Amman,31.88100,35.86551,32,3,HUB-AMM-20,HUB-AMM-20-R01,Fiber ring,0
RO-08,Jan 2029 – Mar 2029,AMM-SU-2485,SU,Rooftop,Amman-Zarqa Metro,Amman outskirts,Amman,31.88276,35.87165,32,3,HUB-AMM-20,HUB-AMM-20-R01,Fiber ring,0
RO-08,Jan 2029 – Mar 2029,AMM-SU-2519,SU,Monopole / greenfield,Amman-Zarqa Metro,Amman outskirts,Amman,31.88609,35.87575,32,3,HUB-AMM-20,HUB-AMM-20-R01,Fiber ring,1
RO-08,Jan 2029 – Mar 2029,AMM-SU-2419,SU,Monopole / greenfield,Amman-Zarqa Metro,Amman outskirts,Amman,31.87199,35.87233,32,3,HUB-AMM-20,HUB-AMM-20-R02,Fiber ring,0
RO-08,Jan 2029 – Mar 2029,AMM-SU-2420,SU,Monopole / greenfield,Amman-Zarqa Metro,Amman outskirts,Amman,31.87258,35.87984,32,3,HUB-AMM-20,HUB-AMM-20-R02,Fiber ring,0
RO-08,Jan 2029 – Mar 2029,AMM-SU-2421,SU,Rooftop,Amman-Zarqa Metro,Amman outskirts,Amman,31.87317,35.88599,32,3,HUB-AMM-20,HUB-AMM-20-R02,Fiber ring,0
RO-08,Jan 2029 – Mar 2029,AMM-SU-2422,SU,Monopole / greenfield,Amman-Zarqa Metro,Amman outskirts,Amman,31.87199,35.89418,32,3,HUB-AMM-20,HUB-AMM-20-R02,Fiber ring,0
RO-08,Jan 2029 – Mar 2029,AMM-SU-2452,SU,Monopole / greenfield,Amman-Zarqa Metro,Amman outskirts,Amman,31.87708,35.87438,32,3,HUB-AMM-20,HUB-AMM-20-R02,Fiber ring,0
RO-08,Jan 2029 – Mar 2029,AMM-SU-2453,SU,Rooftop,Amman-Zarqa Metro,Amman outskirts,Amman,31.87591,35.88257,32,3,HUB-AMM-20,HUB-AMM-20-R02,Fiber ring,0
RO-08,Jan 2029 – Mar 2029,AMM-SU-2486,SU,Monopole / greenfield,Amman-Zarqa Metro,Amman outskirts,Amman,31.88159,35.87984,32,3,HUB-AMM-20,HUB-AMM-20-R02,Fiber ring,0
RO-08,Jan 2029 – Mar 2029,AMM-SU-2454,SU,Monopole / greenfield,Amman-Zarqa Metro,Amman outskirts,Amman,31.87826,35.88940,32,3,HUB-AMM-20,HUB-AMM-20-R03,Fiber ring,0
RO-08,Jan 2029 – Mar 2029,AMM-SU-2455,SU,Monopole / greenfield,Amman-Zarqa Metro,Amman outskirts,Amman,31.87708,35.89486,32,3,HUB-AMM-20,HUB-AMM-20-R03,Fiber ring,0
RO-08,Jan 2029 – Mar 2029,AMM-SU-2487,SU,Monopole / greenfield,Amman-Zarqa Metro,Amman outskirts,Amman,31.88217,35.88599,32,3,HUB-AMM-20,HUB-AMM-20-R03,Fiber ring,0
RO-08,Jan 2029 – Mar 2029,AMM-SU-2488,SU,Rooftop,Amman-Zarqa Metro,Amman outskirts,Amman,31.88217,35.89145,32,3,HUB-AMM-20,HUB-AMM-20-R03,Fiber ring,0
RO-08,Jan 2029 – Mar 2029,AMM-SU-2520,SU,Rooftop,Amman-Zarqa Metro,Amman outskirts,Amman,31.88844,35.88257,32,3,HUB-AMM-20,HUB-AMM-20-R03,Fiber ring,0
RO-08,Jan 2029 – Mar 2029,AMM-SU-2521,SU,Rooftop,Amman-Zarqa Metro,Amman outskirts,Amman,31.88785,35.89008,32,3,HUB-AMM-20,HUB-AMM-20-R03,Fiber ring,0
RO-08,Jan 2029 – Mar 2029,AMM-SU-2522,SU,Rooftop,Amman-Zarqa Metro,Amman outskirts,Amman,31.88844,35.89623,32,3,HUB-AMM-20,HUB-AMM-20-R03,Fiber ring,0
RO-08,Jan 2029 – Mar 2029,AMM-SU-2551,SU,Rooftop,Amman-Zarqa Metro,Amman outskirts,Amman,31.89236,35.87233,32,3,HUB-AMM-20,HUB-AMM-20-R04,Fiber ring,0
RO-08,Jan 2029 – Mar 2029,AMM-SU-2552,SU,Rooftop,Amman-Zarqa Metro,Amman outskirts,Amman,31.89177,35.87984,32,3,HUB-AMM-20,HUB-AMM-20-R04,Fiber ring,0
RO-08,Jan 2029 – Mar 2029,AMM-SU-2553,SU,Rooftop,Amman-Zarqa Metro,Amman outskirts,Amman,31.89353,35.88599,32,3,HUB-AMM-20,HUB-AMM-20-R04,Fiber ring,0
RO-08,Jan 2029 – Mar 2029,AMM-SU-2578,SU,Rooftop,Amman-Zarqa Metro,Amman outskirts,Amman,31.89804,35.87507,32,3,HUB-AMM-20,HUB-AMM-20-R04,Fiber ring,0
RO-08,Jan 2029 – Mar 2029,AMM-SU-2579,SU,Rooftop,Amman-Zarqa Metro,Amman outskirts,Amman,31.89804,35.88326,32,3,HUB-AMM-20,HUB-AMM-20-R04,Fiber ring,0
RO-08,Jan 2029 – Mar 2029,AMM-U-0430,U,Rooftop,Amman-Zarqa Metro,Amman,Amman,31.89431,35.89423,30,3,HUB-AMM-20,HUB-AMM-20-R04,Fiber ring,0
RO-08,Jan 2029 – Mar 2029,AMM-U-0443,U,Rooftop,Amman-Zarqa Metro,Amman,Amman,31.89743,35.88762,30,3,HUB-AMM-20,HUB-AMM-20-R04,Fiber ring,0
RO-08,Jan 2029 – Mar 2029,AMM-SU-2517,SU,Rooftop,Amman-Zarqa Metro,Amman outskirts,Amman,31.88727,35.86210,32,3,HUB-AMM-20,HUB-AMM-20-R05,Fiber ring,0
RO-08,Jan 2029 – Mar 2029,AMM-SU-2518,SU,Rooftop,Amman-Zarqa Metro,Amman outskirts,Amman,31.88727,35.86892,32,3,HUB-AMM-20,HUB-AMM-20-R05,Fiber ring,0
RO-08,Jan 2029 – Mar 2029,AMM-SU-2549,SU,Rooftop,Amman-Zarqa Metro,Amman outskirts,Amman,31.89236,35.85868,32,3,HUB-AMM-20,HUB-AMM-20-R05,Fiber ring,0
RO-08,Jan 2029 – Mar 2029,AMM-SU-2550,SU,Rooftop,Amman-Zarqa Metro,Amman outskirts,Amman,31.89236,35.86414,32,3,HUB-AMM-20,HUB-AMM-20-R05,Fiber ring,0
RO-08,Jan 2029 – Mar 2029,AMM-SU-2932,SU,Monopole / greenfield,Amman-Zarqa Metro,Amman outskirts,Zarqa,32.01454,35.98838,32,3,HUB-AMM-21,HUB-AMM-21-R01,Fiber ring,0
RO-08,Jan 2029 – Mar 2029,AMM-SU-2933,SU,Monopole / greenfield,Amman-Zarqa Metro,Amman outskirts,Zarqa,32.01395,35.99453,32,3,HUB-AMM-21,HUB-AMM-21-R01,Fiber ring,0
RO-08,Jan 2029 – Mar 2029,AMM-SU-2934,SU,Rooftop,Amman-Zarqa Metro,Amman outskirts,Zarqa,32.01336,36.00204,32,3,HUB-AMM-21,HUB-AMM-21-R01,Fiber ring,0
RO-08,Jan 2029 – Mar 2029,AMM-SU-2956,SU,Monopole / greenfield,Amman-Zarqa Metro,Amman outskirts,Zarqa,32.02022,35.99248,32,3,HUB-AMM-21,HUB-AMM-21-R01,Fiber ring,0
RO-08,Jan 2029 – Mar 2029,AMM-SU-2957,SU,Monopole / greenfield,Amman-Zarqa Metro,Amman outskirts,Zarqa,32.02080,35.99862,32,3,HUB-AMM-21,HUB-AMM-21-R01,Fiber ring,0
RO-08,Jan 2029 – Mar 2029,AMM-SU-2982,SU,Monopole / greenfield,Amman-Zarqa Metro,Amman outskirts,Zarqa,32.02472,35.98975,32,3,HUB-AMM-21,HUB-AMM-21-R01,Fiber ring,0
RO-08,Jan 2029 – Mar 2029,AMM-SU-2983,SU,Monopole / greenfield,Amman-Zarqa Metro,Amman outskirts,Zarqa,32.02354,35.99521,32,3,HUB-AMM-21,HUB-AMM-21-R01,Fiber ring,0
RO-08,Jan 2029 – Mar 2029,AMM-SU-3011,SU,Monopole / greenfield,Amman-Zarqa Metro,Amman outskirts,Zarqa,32.02863,35.99862,32,3,HUB-AMM-21,HUB-AMM-21-R01,Fiber ring,1
RO-08,Jan 2029 – Mar 2029,AMM-SU-2935,SU,Rooftop,Amman-Zarqa Metro,Amman outskirts,Zarqa,32.01395,36.00954,32,3,HUB-AMM-21,HUB-AMM-21-R02,Fiber ring,0
RO-08,Jan 2029 – Mar 2029,AMM-SU-2958,SU,Rooftop,Amman-Zarqa Metro,Amman outskirts,Zarqa,32.02022,36.00477,32,3,HUB-AMM-21,HUB-AMM-21-R02,Fiber ring,0
RO-08,Jan 2029 – Mar 2029,AMM-SU-2984,SU,Rooftop,Amman-Zarqa Metro,Amman outskirts,Zarqa,32.02354,36.00204,32,3,HUB-AMM-21,HUB-AMM-21-R02,Fiber ring,0
RO-08,Jan 2029 – Mar 2029,AMM-SU-2985,SU,Rooftop,Amman-Zarqa Metro,Amman outskirts,Zarqa,32.02354,36.00886,32,3,HUB-AMM-21,HUB-AMM-21-R02,Fiber ring,0
RO-08,Jan 2029 – Mar 2029,AMM-U-1480,U,Rooftop,Amman-Zarqa Metro,Russeifa,Zarqa,32.01374,36.01285,30,3,HUB-AMM-21,HUB-AMM-21-R02,Fiber ring,0
RO-08,Jan 2029 – Mar 2029,AMM-U-1523,U,Rooftop,Amman-Zarqa Metro,Russeifa,Zarqa,32.01686,36.01569,30,3,HUB-AMM-21,HUB-AMM-21-R02,Fiber ring,0
RO-08,Jan 2029 – Mar 2029,AMM-U-1566,U,Rooftop,Amman-Zarqa Metro,Russeifa,Zarqa,32.02119,36.01238,30,3,HUB-AMM-21,HUB-AMM-21-R02,Fiber ring,0
RO-08,Jan 2029 – Mar 2029,AMM-SU-3012,SU,Monopole / greenfield,Amman-Zarqa Metro,Amman outskirts,Zarqa,32.03099,36.00545,32,3,HUB-AMM-21,HUB-AMM-21-R03,Fiber ring,0
RO-08,Jan 2029 – Mar 2029,AMM-SU-3013,SU,Rooftop,Amman-Zarqa Metro,Amman outskirts,Zarqa,32.02981,36.01364,32,3,HUB-AMM-21,HUB-AMM-21-R03,Fiber ring,0
RO-08,Jan 2029 – Mar 2029,AMM-SU-3037,SU,Rooftop,Amman-Zarqa Metro,Amman outskirts,Zarqa,32.03490,36.01023,32,3,HUB-AMM-21,HUB-AMM-21-R03,Fiber ring,0
RO-08,Jan 2029 – Mar 2029,AMM-SU-3038,SU,Rooftop,Amman-Zarqa Metro,Amman outskirts,Zarqa,32.03490,36.01432,32,3,HUB-AMM-21,HUB-AMM-21-R03,Fiber ring,0
RO-08,Jan 2029 – Mar 2029,AMM-SU-3064,SU,Rooftop,Amman-Zarqa Metro,Amman outskirts,Zarqa,32.03882,36.01228,32,3,HUB-AMM-21,HUB-AMM-21-R03,Fiber ring,0
RO-08,Jan 2029 – Mar 2029,AMM-U-1567,U,Rooftop,Amman-Zarqa Metro,Russeifa,Zarqa,32.02119,36.01711,30,3,HUB-AMM-21,HUB-AMM-21-R03,Fiber ring,0
RO-08,Jan 2029 – Mar 2029,AMM-U-1607,U,Rooftop,Amman-Zarqa Metro,Russeifa,Zarqa,32.02553,36.01569,30,3,HUB-AMM-21,HUB-AMM-21-R03,Fiber ring,0
RO-08,Jan 2029 – Mar 2029,AMM-SU-3035,SU,Monopole / greenfield,Amman-Zarqa Metro,Amman outskirts,Zarqa,32.03608,35.99521,32,3,HUB-AMM-21,HUB-AMM-21-R04,Fiber ring,0
RO-08,Jan 2029 – Mar 2029,AMM-SU-3036,SU,Monopole / greenfield,Amman-Zarqa Metro,Amman outskirts,Zarqa,32.03549,36.00135,32,3,HUB-AMM-21,HUB-AMM-21-R04,Fiber ring,0
RO-08,Jan 2029 – Mar 2029,AMM-SU-3062,SU,Monopole / greenfield,Amman-Zarqa Metro,Amman outskirts,Zarqa,32.03999,35.99999,32,3,HUB-AMM-21,HUB-AMM-21-R04,Fiber ring,0
RO-08,Jan 2029 – Mar 2029,AMM-SU-3063,SU,Monopole / greenfield,Amman-Zarqa Metro,Amman outskirts,Zarqa,32.03999,36.00408,32,3,HUB-AMM-21,HUB-AMM-21-R04,Fiber ring,0
RO-08,Jan 2029 – Mar 2029,AMM-SU-3090,SU,Monopole / greenfield,Amman-Zarqa Metro,Amman outskirts,Zarqa,32.04626,35.98838,32,3,HUB-AMM-21,HUB-AMM-21-R04,Fiber ring,0
RO-08,Jan 2029 – Mar 2029,AMM-SU-3091,SU,Monopole / greenfield,Amman-Zarqa Metro,Amman outskirts,Zarqa,32.04508,35.99384,32,3,HUB-AMM-21,HUB-AMM-21-R04,Fiber ring,0
RO-08,Jan 2029 – Mar 2029,AMM-SU-3092,SU,Monopole / greenfield,Amman-Zarqa Metro,Amman outskirts,Zarqa,32.04449,36.00272,32,3,HUB-AMM-21,HUB-AMM-21-R04,Fiber ring,0
RO-08,Jan 2029 – Mar 2029,AMM-SU-3009,SU,Monopole / greenfield,Amman-Zarqa Metro,Amman outskirts,Zarqa,32.02981,35.98497,32,3,HUB-AMM-21,HUB-AMM-21-R05,Fiber ring,0
RO-08,Jan 2029 – Mar 2029,AMM-SU-3010,SU,Monopole / greenfield,Amman-Zarqa Metro,Amman outskirts,Zarqa,32.02981,35.99043,32,3,HUB-AMM-21,HUB-AMM-21-R05,Fiber ring,0
RO-08,Jan 2029 – Mar 2029,AMM-SU-3033,SU,Monopole / greenfield,Amman-Zarqa Metro,Amman outskirts,Zarqa,32.03608,35.98156,32,3,HUB-AMM-21,HUB-AMM-21-R05,Fiber ring,0
RO-08,Jan 2029 – Mar 2029,AMM-SU-3034,SU,Monopole / greenfield,Amman-Zarqa Metro,Amman outskirts,Zarqa,32.03549,35.98907,32,3,HUB-AMM-21,HUB-AMM-21-R05,Fiber ring,0
RO-08,Jan 2029 – Mar 2029,AMM-SU-3060,SU,Monopole / greenfield,Amman-Zarqa Metro,Amman outskirts,Zarqa,32.04117,35.98497,32,3,HUB-AMM-21,HUB-AMM-21-R05,Fiber ring,0
RO-08,Jan 2029 – Mar 2029,AMM-SU-3061,SU,Monopole / greenfield,Amman-Zarqa Metro,Amman outskirts,Zarqa,32.04058,35.99111,32,3,HUB-AMM-21,HUB-AMM-21-R05,Fiber ring,0
RO-08,Jan 2029 – Mar 2029,AMM-SU-2411,SU,Rooftop,Amman-Zarqa Metro,Amman outskirts,Amman,31.87199,35.81772,32,3,HUB-AMM-37,HUB-AMM-37-R01,Fiber ring,0
RO-08,Jan 2029 – Mar 2029,AMM-SU-2443,SU,Monopole / greenfield,Amman-Zarqa Metro,Amman outskirts,Amman,31.87591,35.81431,32,3,HUB-AMM-37,HUB-AMM-37-R01,Fiber ring,0
RO-08,Jan 2029 – Mar 2029,AMM-SU-2444,SU,Rooftop,Amman-Zarqa Metro,Amman outskirts,Amman,31.87650,35.82045,32,3,HUB-AMM-37,HUB-AMM-37-R01,Fiber ring,0
RO-08,Jan 2029 – Mar 2029,AMM-SU-2445,SU,Rooftop,Amman-Zarqa Metro,Amman outskirts,Amman,31.87708,35.82933,32,3,HUB-AMM-37,HUB-AMM-37-R01,Fiber ring,0
RO-08,Jan 2029 – Mar 2029,AMM-SU-2476,SU,Monopole / greenfield,Amman-Zarqa Metro,Amman outskirts,Amman,31.88100,35.81090,32,3,HUB-AMM-37,HUB-AMM-37-R01,Fiber ring,0
RO-08,Jan 2029 – Mar 2029,AMM-SU-2477,SU,Monopole / greenfield,Amman-Zarqa Metro,Amman outskirts,Amman,31.88100,35.81772,32,3,HUB-AMM-37,HUB-AMM-37-R01,Fiber ring,0
RO-08,Jan 2029 – Mar 2029,AMM-SU-2478,SU,Rooftop,Amman-Zarqa Metro,Amman outskirts,Amman,31.88217,35.82592,32,3,HUB-AMM-37,HUB-AMM-37-R01,Fiber ring,0
RO-08,Jan 2029 – Mar 2029,AMM-SU-2480,SU,Monopole / greenfield,Amman-Zarqa Metro,Amman outskirts,Amman,31.88335,35.83820,32,3,HUB-AMM-37,HUB-AMM-37-R01,Fiber ring,1
RO-08,Jan 2029 – Mar 2029,AMM-SU-2351,SU,Monopole / greenfield,Amman-Zarqa Metro,Amman outskirts,Amman,31.86240,35.83889,32,3,HUB-AMM-37,HUB-AMM-37-R02,Fiber ring,0
RO-08,Jan 2029 – Mar 2029,AMM-SU-2380,SU,Monopole / greenfield,Amman-Zarqa Metro,Amman outskirts,Amman,31.86690,35.82933,32,3,HUB-AMM-37,HUB-AMM-37-R02,Fiber ring,0
RO-08,Jan 2029 – Mar 2029,AMM-SU-2381,SU,Monopole / greenfield,Amman-Zarqa Metro,Amman outskirts,Amman,31.86690,35.83616,32,3,HUB-AMM-37,HUB-AMM-37-R02,Fiber ring,0
RO-08,Jan 2029 – Mar 2029,AMM-SU-2412,SU,Rooftop,Amman-Zarqa Metro,Amman outskirts,Amman,31.87199,35.82319,32,3,HUB-AMM-37,HUB-AMM-37-R02,Fiber ring,0
RO-08,Jan 2029 – Mar 2029,AMM-SU-2413,SU,Monopole / greenfield,Amman-Zarqa Metro,Amman outskirts,Amman,31.87199,35.83274,32,3,HUB-AMM-37,HUB-AMM-37-R02,Fiber ring,0
RO-08,Jan 2029 – Mar 2029,AMM-SU-2414,SU,Monopole / greenfield,Amman-Zarqa Metro,Amman outskirts,Amman,31.87199,35.83957,32,3,HUB-AMM-37,HUB-AMM-37-R02,Fiber ring,0
RO-08,Jan 2029 – Mar 2029,AMM-SU-2446,SU,Rooftop,Amman-Zarqa Metro,Amman outskirts,Amman,31.87708,35.83616,32,3,HUB-AMM-37,HUB-AMM-37-R02,Fiber ring,0
RO-08,Jan 2029 – Mar 2029,AMM-SU-2352,SU,Monopole / greenfield,Amman-Zarqa Metro,Amman outskirts,Amman,31.86122,35.84435,32,3,HUB-AMM-37,HUB-AMM-37-R03,Fiber ring,0
RO-08,Jan 2029 – Mar 2029,AMM-SU-2353,SU,Monopole / greenfield,Amman-Zarqa Metro,Amman outskirts,Amman,31.86181,35.85049,32,3,HUB-AMM-37,HUB-AMM-37-R03,Fiber ring,0
RO-08,Jan 2029 – Mar 2029,AMM-SU-2382,SU,Monopole / greenfield,Amman-Zarqa Metro,Amman outskirts,Amman,31.86808,35.84162,32,3,HUB-AMM-37,HUB-AMM-37-R03,Fiber ring,0
RO-08,Jan 2029 – Mar 2029,AMM-SU-2383,SU,Monopole / greenfield,Amman-Zarqa Metro,Amman outskirts,Amman,31.86690,35.84844,32,3,HUB-AMM-37,HUB-AMM-37-R03,Fiber ring,0
RO-08,Jan 2029 – Mar 2029,AMM-SU-2384,SU,Monopole / greenfield,Amman-Zarqa Metro,Amman outskirts,Amman,31.86690,35.85527,32,3,HUB-AMM-37,HUB-AMM-37-R03,Fiber ring,0
RO-08,Jan 2029 – Mar 2029,AMM-SU-2415,SU,Monopole / greenfield,Amman-Zarqa Metro,Amman outskirts,Amman,31.87317,35.84503,32,3,HUB-AMM-37,HUB-AMM-37-R03,Fiber ring,0
RO-08,Jan 2029 – Mar 2029,AMM-SU-2447,SU,Monopole / greenfield,Amman-Zarqa Metro,Amman outskirts,Amman,31.87826,35.84162,32,3,HUB-AMM-37,HUB-AMM-37-R03,Fiber ring,0
RO-08,Jan 2029 – Mar 2029,AMM-SU-2416,SU,Monopole / greenfield,Amman-Zarqa Metro,Amman outskirts,Amman,31.87199,35.85322,32,3,HUB-AMM-37,HUB-AMM-37-R04,Fiber ring,0
RO-08,Jan 2029 – Mar 2029,AMM-SU-2448,SU,Monopole / greenfield,Amman-Zarqa Metro,Amman outskirts,Amman,31.87826,35.84844,32,3,HUB-AMM-37,HUB-AMM-37-R04,Fiber ring,0
RO-08,Jan 2029 – Mar 2029,AMM-SU-2449,SU,Monopole / greenfield,Amman-Zarqa Metro,Amman outskirts,Amman,31.87591,35.85527,32,3,HUB-AMM-37,HUB-AMM-37-R04,Fiber ring,0
RO-08,Jan 2029 – Mar 2029,AMM-SU-2481,SU,Rooftop,Amman-Zarqa Metro,Amman outskirts,Amman,31.88217,35.84639,32,3,HUB-AMM-37,HUB-AMM-37-R04,Fiber ring,0
RO-08,Jan 2029 – Mar 2029,AMM-SU-2482,SU,Rooftop,Amman-Zarqa Metro,Amman outskirts,Amman,31.88159,35.85117,32,3,HUB-AMM-37,HUB-AMM-37-R04,Fiber ring,0
RO-08,Jan 2029 – Mar 2029,AMM-SU-2515,SU,Rooftop,Amman-Zarqa Metro,Amman outskirts,Amman,31.88668,35.84913,32,3,HUB-AMM-37,HUB-AMM-37-R04,Fiber ring,0
RO-08,Jan 2029 – Mar 2029,AMM-SU-2516,SU,Rooftop,Amman-Zarqa Metro,Amman outskirts,Amman,31.88727,35.85527,32,3,HUB-AMM-37,HUB-AMM-37-R04,Fiber ring,0
RO-08,Jan 2029 – Mar 2029,AMM-SU-2514,SU,Rooftop,Amman-Zarqa Metro,Amman outskirts,Amman,31.88785,35.84093,32,3,HUB-AMM-37,HUB-AMM-37-R05,Fiber ring,0
RO-08,Jan 2029 – Mar 2029,AMM-SU-2546,SU,Rooftop,Amman-Zarqa Metro,Amman outskirts,Amman,31.89236,35.83684,32,3,HUB-AMM-37,HUB-AMM-37-R05,Fiber ring,0
RO-08,Jan 2029 – Mar 2029,AMM-SU-2547,SU,Rooftop,Amman-Zarqa Metro,Amman outskirts,Amman,31.89236,35.84366,32,3,HUB-AMM-37,HUB-AMM-37-R05,Fiber ring,0
RO-08,Jan 2029 – Mar 2029,AMM-SU-2548,SU,Rooftop,Amman-Zarqa Metro,Amman outskirts,Amman,31.89177,35.85254,32,3,HUB-AMM-37,HUB-AMM-37-R05,Fiber ring,0
RO-08,Jan 2029 – Mar 2029,AMM-SU-2572,SU,Rooftop,Amman-Zarqa Metro,Amman outskirts,Amman,31.89745,35.83616,32,3,HUB-AMM-37,HUB-AMM-37-R05,Fiber ring,0
RO-08,Jan 2029 – Mar 2029,AMM-SU-2573,SU,Rooftop,Amman-Zarqa Metro,Amman outskirts,Amman,31.89745,35.84298,32,3,HUB-AMM-37,HUB-AMM-37-R05,Fiber ring,0
RO-08,Jan 2029 – Mar 2029,AMM-SU-2574,SU,Rooftop,Amman-Zarqa Metro,Amman outskirts,Amman,31.89804,35.84776,32,3,HUB-AMM-37,HUB-AMM-37-R05,Fiber ring,0
RO-08,Jan 2029 – Mar 2029,AMM-SU-2513,SU,Rooftop,Amman-Zarqa Metro,Amman outskirts,Amman,31.88727,35.83616,32,3,HUB-AMM-37,HUB-AMM-37-R06,Fiber ring,0
RO-08,Jan 2029 – Mar 2029,AMM-SU-2544,SU,Monopole / greenfield,Amman-Zarqa Metro,Amman outskirts,Amman,31.89236,35.82592,32,3,HUB-AMM-37,HUB-AMM-37-R06,Fiber ring,0
RO-08,Jan 2029 – Mar 2029,AMM-SU-2545,SU,Rooftop,Amman-Zarqa Metro,Amman outskirts,Amman,31.89236,35.83274,32,3,HUB-AMM-37,HUB-AMM-37-R06,Fiber ring,0
RO-08,Jan 2029 – Mar 2029,AMM-SU-2570,SU,Monopole / greenfield,Amman-Zarqa Metro,Amman outskirts,Amman,31.89862,35.82114,32,3,HUB-AMM-37,HUB-AMM-37-R06,Fiber ring,0
RO-08,Jan 2029 – Mar 2029,AMM-SU-2571,SU,Monopole / greenfield,Amman-Zarqa Metro,Amman outskirts,Amman,31.89745,35.82933,32,3,HUB-AMM-37,HUB-AMM-37-R06,Fiber ring,0
RO-08,Jan 2029 – Mar 2029,AMM-SU-2597,SU,Monopole / greenfield,Amman-Zarqa Metro,Amman outskirts,Amman,31.90254,35.82592,32,3,HUB-AMM-37,HUB-AMM-37-R06,Fiber ring,0
RO-08,Jan 2029 – Mar 2029,AMM-SU-2598,SU,Rooftop,Amman-Zarqa Metro,Amman outskirts,Amman,31.90313,35.83206,32,3,HUB-AMM-37,HUB-AMM-37-R06,Fiber ring,0
RO-08,Jan 2029 – Mar 2029,AMM-SU-2479,SU,Rooftop,Amman-Zarqa Metro,Amman outskirts,Amman,31.88335,35.83138,32,3,HUB-AMM-37,HUB-AMM-37-R07,Fiber ring,0
RO-08,Jan 2029 – Mar 2029,AMM-SU-2510,SU,Monopole / greenfield,Amman-Zarqa Metro,Amman outskirts,Amman,31.88844,35.81431,32,3,HUB-AMM-37,HUB-AMM-37-R07,Fiber ring,0
RO-08,Jan 2029 – Mar 2029,AMM-SU-2511,SU,Monopole / greenfield,Amman-Zarqa Metro,Amman outskirts,Amman,31.88727,35.82250,32,3,HUB-AMM-37,HUB-AMM-37-R07,Fiber ring,0
RO-08,Jan 2029 – Mar 2029,AMM-SU-2512,SU,Monopole / greenfield,Amman-Zarqa Metro,Amman outskirts,Amman,31.88844,35.82796,32,3,HUB-AMM-37,HUB-AMM-37-R07,Fiber ring,0
RO-08,Jan 2029 – Mar 2029,AMM-SU-2543,SU,Monopole / greenfield,Amman-Zarqa Metro,Amman outskirts,Amman,31.89236,35.81909,32,3,HUB-AMM-37,HUB-AMM-37-R07,Fiber ring,0
RO-08,Jan 2029 – Mar 2029,AMM-SU-2786,SU,Monopole / greenfield,Amman-Zarqa Metro,Amman outskirts,Amman,31.95854,36.03139,32,3,HUB-AMM-50,HUB-AMM-50-R01,Fiber ring,0
RO-08,Jan 2029 – Mar 2029,AMM-SU-2797,SU,Monopole / greenfield,Amman-Zarqa Metro,Amman outskirts,Amman,31.96480,36.02934,32,3,HUB-AMM-50,HUB-AMM-50-R01,Fiber ring,0
RO-08,Jan 2029 – Mar 2029,AMM-SU-2798,SU,Monopole / greenfield,Amman-Zarqa Metro,Amman outskirts,Amman,31.96363,36.03753,32,3,HUB-AMM-50,HUB-AMM-50-R01,Fiber ring,0
RO-08,Jan 2029 – Mar 2029,AMM-SU-2807,SU,Monopole / greenfield,Amman-Zarqa Metro,Amman outskirts,Amman,31.96990,36.03275,32,3,HUB-AMM-50,HUB-AMM-50-R01,Fiber ring,0
RO-08,Jan 2029 – Mar 2029,AMM-SU-2808,SU,Monopole / greenfield,Amman-Zarqa Metro,Amman outskirts,Amman,31.96990,36.03958,32,3,HUB-AMM-50,HUB-AMM-50-R01,Fiber ring,0
RO-08,Jan 2029 – Mar 2029,AMM-SU-2820,SU,Monopole / greenfield,Amman-Zarqa Metro,Amman outskirts,Amman,31.97381,36.04163,32,3,HUB-AMM-50,HUB-AMM-50-R01,Fiber ring,1
RO-08,Jan 2029 – Mar 2029,AMM-U-0981,U,Monopole / greenfield,Amman-Zarqa Metro,Amman,Amman,31.96833,36.02609,30,3,HUB-AMM-50,HUB-AMM-50-R01,Fiber ring,0
RO-08,Jan 2029 – Mar 2029,AMM-U-1008,U,Monopole / greenfield,Amman-Zarqa Metro,Amman,Amman,31.97226,36.02703,30,3,HUB-AMM-50,HUB-AMM-50-R01,Fiber ring,0
RO-08,Jan 2029 – Mar 2029,AMM-SU-2787,SU,Monopole / greenfield,Amman-Zarqa Metro,Amman outskirts,Amman,31.95913,36.04026,32,3,HUB-AMM-50,HUB-AMM-50-R02,Fiber ring,0
RO-08,Jan 2029 – Mar 2029,AMM-SU-2788,SU,Monopole / greenfield,Amman-Zarqa Metro,Amman outskirts,Amman,31.95854,36.04777,32,3,HUB-AMM-50,HUB-AMM-50-R02,Fiber ring,0
RO-08,Jan 2029 – Mar 2029,AMM-SU-2789,SU,Monopole / greenfield,Amman-Zarqa Metro,Amman outskirts,Amman,31.95854,36.05187,32,3,HUB-AMM-50,HUB-AMM-50-R02,Fiber ring,0
RO-08,Jan 2029 – Mar 2029,AMM-SU-2799,SU,Monopole / greenfield,Amman-Zarqa Metro,Amman outskirts,Amman,31.96363,36.04436,32,3,HUB-AMM-50,HUB-AMM-50-R02,Fiber ring,0
RO-08,Jan 2029 – Mar 2029,AMM-SU-2809,SU,Monopole / greenfield,Amman-Zarqa Metro,Amman outskirts,Amman,31.96813,36.04709,32,3,HUB-AMM-50,HUB-AMM-50-R02,Fiber ring,0
RO-08,Jan 2029 – Mar 2029,AMM-SU-2810,SU,Monopole / greenfield,Amman-Zarqa Metro,Amman outskirts,Amman,31.96872,36.05187,32,3,HUB-AMM-50,HUB-AMM-50-R02,Fiber ring,0
RO-08,Jan 2029 – Mar 2029,AMM-SU-2811,SU,Monopole / greenfield,Amman-Zarqa Metro,Amman outskirts,Amman,31.96990,36.06006,32,3,HUB-AMM-50,HUB-AMM-50-R02,Fiber ring,0
RO-08,Jan 2029 – Mar 2029,AMM-SU-2821,SU,Monopole / greenfield,Amman-Zarqa Metro,Amman outskirts,Amman,31.97381,36.05119,32,3,HUB-AMM-50,HUB-AMM-50-R03,Fiber ring,0
RO-08,Jan 2029 – Mar 2029,AMM-SU-2822,SU,Monopole / greenfield,Amman-Zarqa Metro,Amman outskirts,Amman,31.97381,36.05801,32,3,HUB-AMM-50,HUB-AMM-50-R03,Fiber ring,0
RO-08,Jan 2029 – Mar 2029,AMM-SU-2834,SU,Monopole / greenfield,Amman-Zarqa Metro,Amman outskirts,Amman,31.97773,36.05323,32,3,HUB-AMM-50,HUB-AMM-50-R03,Fiber ring,0
RO-08,Jan 2029 – Mar 2029,AMM-SU-2845,SU,Monopole / greenfield,Amman-Zarqa Metro,Amman outskirts,Amman,31.98399,36.05119,32,3,HUB-AMM-50,HUB-AMM-50-R03,Fiber ring,0
RO-08,Jan 2029 – Mar 2029,AMM-SU-2846,SU,Monopole / greenfield,Amman-Zarqa Metro,Amman outskirts,Amman,31.98517,36.05665,32,3,HUB-AMM-50,HUB-AMM-50-R03,Fiber ring,0
RO-08,Jan 2029 – Mar 2029,AMM-SU-2858,SU,Rooftop,Amman-Zarqa Metro,Amman outskirts,Amman,31.98791,36.05323,32,3,HUB-AMM-50,HUB-AMM-50-R03,Fiber ring,0
RO-08,Jan 2029 – Mar 2029,AMM-SU-2859,SU,Monopole / greenfield,Amman-Zarqa Metro,Amman outskirts,Amman,31.98791,36.06006,32,3,HUB-AMM-50,HUB-AMM-50-R03,Fiber ring,0
RO-08,Jan 2029 – Mar 2029,AMM-SU-2832,SU,Monopole / greenfield,Amman-Zarqa Metro,Amman outskirts,Amman,31.97890,36.03958,32,3,HUB-AMM-50,HUB-AMM-50-R04,Fiber ring,0
RO-08,Jan 2029 – Mar 2029,AMM-SU-2833,SU,Monopole / greenfield,Amman-Zarqa Metro,Amman outskirts,Amman,31.97949,36.04572,32,3,HUB-AMM-50,HUB-AMM-50-R04,Fiber ring,0
RO-08,Jan 2029 – Mar 2029,AMM-SU-2843,SU,Rooftop,Amman-Zarqa Metro,Amman outskirts,Amman,31.98399,36.03753,32,3,HUB-AMM-50,HUB-AMM-50-R04,Fiber ring,0
RO-08,Jan 2029 – Mar 2029,AMM-SU-2844,SU,Rooftop,Amman-Zarqa Metro,Amman outskirts,Amman,31.98399,36.04163,32,3,HUB-AMM-50,HUB-AMM-50-R04,Fiber ring,0
RO-08,Jan 2029 – Mar 2029,AMM-SU-2855,SU,Monopole / greenfield,Amman-Zarqa Metro,Amman outskirts,Zarqa,31.98908,36.03412,32,3,HUB-AMM-50,HUB-AMM-50-R04,Fiber ring,0
RO-08,Jan 2029 – Mar 2029,AMM-SU-2856,SU,Monopole / greenfield,Amman-Zarqa Metro,Amman outskirts,Amman,31.98791,36.03958,32,3,HUB-AMM-50,HUB-AMM-50-R04,Fiber ring,0
RO-08,Jan 2029 – Mar 2029,AMM-SU-2857,SU,Monopole / greenfield,Amman-Zarqa Metro,Amman outskirts,Amman,31.98967,36.04709,32,3,HUB-AMM-50,HUB-AMM-50-R04,Fiber ring,0
RO-08,Jan 2029 – Mar 2029,AMM-SU-2819,SU,Monopole / greenfield,Amman-Zarqa Metro,Amman outskirts,Amman,31.97381,36.03617,32,3,HUB-AMM-50,HUB-AMM-50-R05,Fiber ring,0
RO-08,Jan 2029 – Mar 2029,AMM-SU-2831,SU,Monopole / greenfield,Amman-Zarqa Metro,Amman outskirts,Amman,31.97949,36.03344,32,3,HUB-AMM-50,HUB-AMM-50-R05,Fiber ring,0
RO-08,Jan 2029 – Mar 2029,AMM-SU-2842,SU,Monopole / greenfield,Amman-Zarqa Metro,Amman outskirts,Amman,31.98399,36.02798,32,3,HUB-AMM-50,HUB-AMM-50-R05,Fiber ring,0
RO-08,Jan 2029 – Mar 2029,AMM-U-1033,U,Monopole / greenfield,Amman-Zarqa Metro,Amman,Amman,31.97497,36.02561,30,3,HUB-AMM-50,HUB-AMM-50-R05,Fiber ring,0
RO-08,Jan 2029 – Mar 2029,AMM-U-1061,U,Monopole / greenfield,Amman-Zarqa Metro,Amman,Amman,31.97890,36.02372,30,3,HUB-AMM-50,HUB-AMM-50-R05,Fiber ring,0
RO-08,Jan 2029 – Mar 2029,AMM-SU-3215,SU,Monopole / greenfield,Amman-Zarqa Metro,Zarqa outskirts,Zarqa,32.06035,36.03958,32,3,HUB-AMM-58,HUB-AMM-58-R01,Fiber ring,0
RO-08,Jan 2029 – Mar 2029,AMM-SU-3247,SU,Rooftop,Amman-Zarqa Metro,Zarqa outskirts,Zarqa,32.06427,36.03617,32,3,HUB-AMM-58,HUB-AMM-58-R01,Fiber ring,0
RO-08,Jan 2029 – Mar 2029,AMM-SU-3248,SU,Rooftop,Amman-Zarqa Metro,Zarqa outskirts,Zarqa,32.06662,36.04299,32,3,HUB-AMM-58,HUB-AMM-58-R01,Fiber ring,0
RO-08,Jan 2029 – Mar 2029,AMM-SU-3274,SU,Monopole / greenfield,Amman-Zarqa Metro,Zarqa outskirts,Zarqa,32.07112,36.02661,32,3,HUB-AMM-58,HUB-AMM-58-R01,Fiber ring,0
RO-08,Jan 2029 – Mar 2029,AMM-SU-3275,SU,Rooftop,Amman-Zarqa Metro,Zarqa outskirts,Zarqa,32.07054,36.03139,32,3,HUB-AMM-58,HUB-AMM-58-R01,Fiber ring,0
RO-08,Jan 2029 – Mar 2029,AMM-SU-3276,SU,Rooftop,Amman-Zarqa Metro,Zarqa outskirts,Zarqa,32.07054,36.03822,32,3,HUB-AMM-58,HUB-AMM-58-R01,Fiber ring,0
RO-08,Jan 2029 – Mar 2029,AMM-SU-3301,SU,Monopole / greenfield,Amman-Zarqa Metro,Zarqa outskirts,Zarqa,32.07445,36.02251,32,3,HUB-AMM-58,HUB-AMM-58-R01,Fiber ring,0
RO-08,Jan 2029 – Mar 2029,AMM-SU-3304,SU,Monopole / greenfield,Amman-Zarqa Metro,Zarqa outskirts,Zarqa,32.07563,36.04163,32,3,HUB-AMM-58,HUB-AMM-58-R01,Fiber ring,1
RO-08,Jan 2029 – Mar 2029,AMM-SU-3216,SU,Monopole / greenfield,Amman-Zarqa Metro,Zarqa outskirts,Zarqa,32.05918,36.04641,32,3,HUB-AMM-58,HUB-AMM-58-R02,Fiber ring,0
RO-08,Jan 2029 – Mar 2029,AMM-SU-3277,SU,Rooftop,Amman-Zarqa Metro,Zarqa outskirts,Zarqa,32.07054,36.04504,32,3,HUB-AMM-58,HUB-AMM-58-R02,Fiber ring,0
RO-08,Jan 2029 – Mar 2029,AMM-U-1910,U,Rooftop,Amman-Zarqa Metro,Zarqa,Zarqa,32.06349,36.05113,30,3,HUB-AMM-58,HUB-AMM-58-R02,Fiber ring,0
RO-08,Jan 2029 – Mar 2029,AMM-U-1932,U,Rooftop,Amman-Zarqa Metro,Zarqa,Zarqa,32.06701,36.04972,30,3,HUB-AMM-58,HUB-AMM-58-R02,Fiber ring,0
RO-08,Jan 2029 – Mar 2029,AMM-U-1933,U,Rooftop,Amman-Zarqa Metro,Zarqa,Zarqa,32.06701,36.05255,30,3,HUB-AMM-58,HUB-AMM-58-R02,Fiber ring,0
RO-08,Jan 2029 – Mar 2029,AMM-U-1955,U,Rooftop,Amman-Zarqa Metro,Zarqa,Zarqa,32.07013,36.05161,30,3,HUB-AMM-58,HUB-AMM-58-R02,Fiber ring,0
RO-08,Jan 2029 – Mar 2029,AMM-U-1979,U,Rooftop,Amman-Zarqa Metro,Zarqa,Zarqa,32.07406,36.04782,30,3,HUB-AMM-58,HUB-AMM-58-R02,Fiber ring,0
RO-08,Jan 2029 – Mar 2029,AMM-SU-3331,SU,Monopole / greenfield,Amman-Zarqa Metro,Zarqa outskirts,Zarqa,32.08013,36.04572,32,3,HUB-AMM-58,HUB-AMM-58-R03,Fiber ring,0
RO-08,Jan 2029 – Mar 2029,AMM-U-1980,U,Rooftop,Amman-Zarqa Metro,Zarqa,Zarqa,32.07406,36.05255,30,3,HUB-AMM-58,HUB-AMM-58-R03,Fiber ring,0
RO-08,Jan 2029 – Mar 2029,AMM-U-2004,U,Rooftop,Amman-Zarqa Metro,Zarqa,Zarqa,32.07677,36.05113,30,3,HUB-AMM-58,HUB-AMM-58-R03,Fiber ring,0
RO-08,Jan 2029 – Mar 2029,AMM-U-2005,U,Rooftop,Amman-Zarqa Metro,Zarqa,Zarqa,32.07677,36.05586,30,3,HUB-AMM-58,HUB-AMM-58-R03,Fiber ring,0
RO-08,Jan 2029 – Mar 2029,AMM-U-2027,U,Monopole / greenfield,Amman-Zarqa Metro,Zarqa,Zarqa,32.08070,36.05302,30,3,HUB-AMM-58,HUB-AMM-58-R03,Fiber ring,0
RO-08,Jan 2029 – Mar 2029,AMM-U-2049,U,Monopole / greenfield,Amman-Zarqa Metro,Zarqa,Zarqa,32.08545,36.05113,30,3,HUB-AMM-58,HUB-AMM-58-R03,Fiber ring,0
RO-08,Jan 2029 – Mar 2029,AMM-U-2050,U,Monopole / greenfield,Amman-Zarqa Metro,Zarqa,Zarqa,32.08463,36.05491,30,3,HUB-AMM-58,HUB-AMM-58-R03,Fiber ring,0
RO-08,Jan 2029 – Mar 2029,AMM-SU-3330,SU,Monopole / greenfield,Amman-Zarqa Metro,Zarqa outskirts,Zarqa,32.08072,36.03822,32,3,HUB-AMM-58,HUB-AMM-58-R04,Fiber ring,0
RO-08,Jan 2029 – Mar 2029,AMM-SU-3353,SU,Monopole / greenfield,Amman-Zarqa Metro,Zarqa outskirts,Zarqa,32.08698,36.03617,32,3,HUB-AMM-58,HUB-AMM-58-R04,Fiber ring,0
RO-08,Jan 2029 – Mar 2029,AMM-SU-3354,SU,Monopole / greenfield,Amman-Zarqa Metro,Zarqa outskirts,Zarqa,32.08640,36.04231,32,3,HUB-AMM-58,HUB-AMM-58-R04,Fiber ring,0
RO-08,Jan 2029 – Mar 2029,AMM-SU-3372,SU,Monopole / greenfield,Amman-Zarqa Metro,Zarqa outskirts,Zarqa,32.09149,36.02525,32,3,HUB-AMM-58,HUB-AMM-58-R04,Fiber ring,0
RO-08,Jan 2029 – Mar 2029,AMM-SU-3373,SU,Monopole / greenfield,Amman-Zarqa Metro,Zarqa outskirts,Zarqa,32.09208,36.03275,32,3,HUB-AMM-58,HUB-AMM-58-R04,Fiber ring,0
RO-08,Jan 2029 – Mar 2029,AMM-SU-3374,SU,Monopole / greenfield,Amman-Zarqa Metro,Zarqa outskirts,Zarqa,32.09208,36.03958,32,3,HUB-AMM-58,HUB-AMM-58-R04,Fiber ring,0
RO-08,Jan 2029 – Mar 2029,AMM-U-2070,U,Monopole / greenfield,Amman-Zarqa Metro,Zarqa,Zarqa,32.08816,36.05255,30,3,HUB-AMM-58,HUB-AMM-58-R04,Fiber ring,0
RO-08,Jan 2029 – Mar 2029,AMM-SU-3302,SU,Monopole / greenfield,Amman-Zarqa Metro,Zarqa outskirts,Zarqa,32.07563,36.02798,32,3,HUB-AMM-58,HUB-AMM-58-R05,Fiber ring,0
RO-08,Jan 2029 – Mar 2029,AMM-SU-3303,SU,Monopole / greenfield,Amman-Zarqa Metro,Zarqa outskirts,Zarqa,32.07680,36.03617,32,3,HUB-AMM-58,HUB-AMM-58-R05,Fiber ring,0
RO-08,Jan 2029 – Mar 2029,AMM-SU-3327,SU,Monopole / greenfield,Amman-Zarqa Metro,Zarqa outskirts,Zarqa,32.08131,36.01842,32,3,HUB-AMM-58,HUB-AMM-58-R05,Fiber ring,0
RO-08,Jan 2029 – Mar 2029,AMM-SU-3328,SU,Monopole / greenfield,Amman-Zarqa Metro,Zarqa outskirts,Zarqa,32.08131,36.02525,32,3,HUB-AMM-58,HUB-AMM-58-R05,Fiber ring,0
RO-08,Jan 2029 – Mar 2029,AMM-SU-3329,SU,Monopole / greenfield,Amman-Zarqa Metro,Zarqa outskirts,Zarqa,32.08072,36.03139,32,3,HUB-AMM-58,HUB-AMM-58-R05,Fiber ring,0
RO-08,Jan 2029 – Mar 2029,AMM-SU-3351,SU,Monopole / greenfield,Amman-Zarqa Metro,Zarqa outskirts,Zarqa,32.08581,36.02388,32,3,HUB-AMM-58,HUB-AMM-58-R05,Fiber ring,0
RO-08,Jan 2029 – Mar 2029,AMM-SU-3352,SU,Monopole / greenfield,Amman-Zarqa Metro,Zarqa outskirts,Zarqa,32.08581,36.03071,32,3,HUB-AMM-58,HUB-AMM-58-R05,Fiber ring,0
RO-08,Jan 2029 – Mar 2029,AMM-SU-2367,SU,Monopole / greenfield,Amman-Zarqa Metro,Amman outskirts,Amman,31.86299,35.94742,32,3,HUB-AMM-73,HUB-AMM-73-R01,Fiber ring,0
RO-08,Jan 2029 – Mar 2029,AMM-SU-2368,SU,Monopole / greenfield,Amman-Zarqa Metro,Amman outskirts,Amman,31.86299,35.95425,32,3,HUB-AMM-73,HUB-AMM-73-R01,Fiber ring,0
RO-08,Jan 2029 – Mar 2029,AMM-SU-2397,SU,Monopole / greenfield,Amman-Zarqa Metro,Amman outskirts,Amman,31.86808,35.94401,32,3,HUB-AMM-73,HUB-AMM-73-R01,Fiber ring,0
RO-08,Jan 2029 – Mar 2029,AMM-SU-2398,SU,Monopole / greenfield,Amman-Zarqa Metro,Amman outskirts,Amman,31.86690,35.95220,32,3,HUB-AMM-73,HUB-AMM-73-R01,Fiber ring,0
RO-08,Jan 2029 – Mar 2029,AMM-SU-2399,SU,Rooftop,Amman-Zarqa Metro,Amman outskirts,Amman,31.86690,35.95903,32,3,HUB-AMM-73,HUB-AMM-73-R01,Fiber ring,0
RO-08,Jan 2029 – Mar 2029,AMM-SU-2429,SU,Monopole / greenfield,Amman-Zarqa Metro,Amman outskirts,Amman,31.87199,35.94196,32,3,HUB-AMM-73,HUB-AMM-73-R01,Fiber ring,0
RO-08,Jan 2029 – Mar 2029,AMM-SU-2432,SU,Rooftop,Amman-Zarqa Metro,Amman outskirts,Amman,31.87199,35.96108,32,3,HUB-AMM-73,HUB-AMM-73-R01,Fiber ring,0
RO-08,Jan 2029 – Mar 2029,AMM-SU-2433,SU,Rooftop,Amman-Zarqa Metro,Amman outskirts,Amman,31.87258,35.96722,32,3,HUB-AMM-73,HUB-AMM-73-R01,Fiber ring,1
RO-08,Jan 2029 – Mar 2029,AMM-SU-2340,SU,Monopole / greenfield,Amman-Zarqa Metro,Amman outskirts,Amman,31.85790,35.95766,32,3,HUB-AMM-73,HUB-AMM-73-R02,Fiber ring,0
RO-08,Jan 2029 – Mar 2029,AMM-SU-2341,SU,Monopole / greenfield,Amman-Zarqa Metro,Amman outskirts,Amman,31.85790,35.96449,32,3,HUB-AMM-73,HUB-AMM-73-R02,Fiber ring,0
RO-08,Jan 2029 – Mar 2029,AMM-SU-2342,SU,Monopole / greenfield,Amman-Zarqa Metro,Amman outskirts,Amman,31.85790,35.97132,32,3,HUB-AMM-73,HUB-AMM-73-R02,Fiber ring,0
RO-08,Jan 2029 – Mar 2029,AMM-SU-2369,SU,Monopole / greenfield,Amman-Zarqa Metro,Amman outskirts,Amman,31.86122,35.96176,32,3,HUB-AMM-73,HUB-AMM-73-R02,Fiber ring,0
RO-08,Jan 2029 – Mar 2029,AMM-SU-2370,SU,Monopole / greenfield,Amman-Zarqa Metro,Amman outskirts,Amman,31.86181,35.96790,32,3,HUB-AMM-73,HUB-AMM-73-R02,Fiber ring,0
RO-08,Jan 2029 – Mar 2029,AMM-SU-2371,SU,Monopole / greenfield,Amman-Zarqa Metro,Amman outskirts,Amman,31.86181,35.97336,32,3,HUB-AMM-73,HUB-AMM-73-R02,Fiber ring,0
RO-08,Jan 2029 – Mar 2029,AMM-SU-2400,SU,Monopole / greenfield,Amman-Zarqa Metro,Amman outskirts,Amman,31.86690,35.96449,32,3,HUB-AMM-73,HUB-AMM-73-R02,Fiber ring,0
RO-08,Jan 2029 – Mar 2029,AMM-SU-2343,SU,Monopole / greenfield,Amman-Zarqa Metro,Amman outskirts,Amman,31.85672,35.97814,32,3,HUB-AMM-73,HUB-AMM-73-R03,Fiber ring,0
RO-08,Jan 2029 – Mar 2029,AMM-SU-2372,SU,Rooftop,Amman-Zarqa Metro,Amman outskirts,Amman,31.86299,35.98156,32,3,HUB-AMM-73,HUB-AMM-73-R03,Fiber ring,0
RO-08,Jan 2029 – Mar 2029,AMM-SU-2401,SU,Monopole / greenfield,Amman-Zarqa Metro,Amman outskirts,Amman,31.86573,35.97132,32,3,HUB-AMM-73,HUB-AMM-73-R03,Fiber ring,0
RO-08,Jan 2029 – Mar 2029,AMM-SU-2402,SU,Rooftop,Amman-Zarqa Metro,Amman outskirts,Amman,31.86808,35.97814,32,3,HUB-AMM-73,HUB-AMM-73-R03,Fiber ring,0
RO-08,Jan 2029 – Mar 2029,AMM-SU-2403,SU,Rooftop,Amman-Zarqa Metro,Amman outskirts,Amman,31.86690,35.98497,32,3,HUB-AMM-73,HUB-AMM-73-R03,Fiber ring,0
RO-08,Jan 2029 – Mar 2029,AMM-SU-2434,SU,Rooftop,Amman-Zarqa Metro,Amman outskirts,Amman,31.87199,35.97473,32,3,HUB-AMM-73,HUB-AMM-73-R03,Fiber ring,0
RO-08,Jan 2029 – Mar 2029,AMM-SU-2436,SU,Rooftop,Amman-Zarqa Metro,Amman outskirts,Amman,31.87317,35.98838,32,3,HUB-AMM-73,HUB-AMM-73-R03,Fiber ring,0
RO-08,Jan 2029 – Mar 2029,AMM-SU-2435,SU,Rooftop,Amman-Zarqa Metro,Amman outskirts,Amman,31.87317,35.98156,32,3,HUB-AMM-73,HUB-AMM-73-R04,Fiber ring,0
RO-08,Jan 2029 – Mar 2029,AMM-SU-2467,SU,Rooftop,Amman-Zarqa Metro,Amman outskirts,Amman,31.87708,35.97951,32,3,HUB-AMM-73,HUB-AMM-73-R04,Fiber ring,0
RO-08,Jan 2029 – Mar 2029,AMM-SU-2468,SU,Rooftop,Amman-Zarqa Metro,Amman outskirts,Amman,31.87826,35.98497,32,3,HUB-AMM-73,HUB-AMM-73-R04,Fiber ring,0
RO-08,Jan 2029 – Mar 2029,AMM-SU-2469,SU,Rooftop,Amman-Zarqa Metro,Amman outskirts,Amman,31.87708,35.99180,32,3,HUB-AMM-73,HUB-AMM-73-R04,Fiber ring,0
RO-08,Jan 2029 – Mar 2029,AMM-SU-2502,SU,Rooftop,Amman-Zarqa Metro,Amman outskirts,Amman,31.88276,35.98770,32,3,HUB-AMM-73,HUB-AMM-73-R04,Fiber ring,0
RO-08,Jan 2029 – Mar 2029,AMM-SU-2503,SU,Rooftop,Amman-Zarqa Metro,Amman outskirts,Amman,31.88217,35.99384,32,3,HUB-AMM-73,HUB-AMM-73-R04,Fiber ring,0
RO-08,Jan 2029 – Mar 2029,AMM-SU-2534,SU,Rooftop,Amman-Zarqa Metro,Amman outskirts,Amman,31.88727,35.99180,32,3,HUB-AMM-73,HUB-AMM-73-R04,Fiber ring,0
RO-08,Jan 2029 – Mar 2029,AMM-SU-2466,SU,Rooftop,Amman-Zarqa Metro,Amman outskirts,Amman,31.87708,35.97268,32,3,HUB-AMM-73,HUB-AMM-73-R05,Fiber ring,0
RO-08,Jan 2029 – Mar 2029,AMM-SU-2500,SU,Rooftop,Amman-Zarqa Metro,Amman outskirts,Amman,31.88217,35.97610,32,3,HUB-AMM-73,HUB-AMM-73-R05,Fiber ring,0
RO-08,Jan 2029 – Mar 2029,AMM-SU-2501,SU,Rooftop,Amman-Zarqa Metro,Amman outskirts,Amman,31.88217,35.98156,32,3,HUB-AMM-73,HUB-AMM-73-R05,Fiber ring,0
RO-08,Jan 2029 – Mar 2029,AMM-SU-2531,SU,Rooftop,Amman-Zarqa Metro,Amman outskirts,Amman,31.88727,35.97132,32,3,HUB-AMM-73,HUB-AMM-73-R05,Fiber ring,0
RO-08,Jan 2029 – Mar 2029,AMM-SU-2532,SU,Rooftop,Amman-Zarqa Metro,Amman outskirts,Amman,31.88727,35.97814,32,3,HUB-AMM-73,HUB-AMM-73-R05,Fiber ring,0
RO-08,Jan 2029 – Mar 2029,AMM-SU-2533,SU,Rooftop,Amman-Zarqa Metro,Amman outskirts,Amman,31.88727,35.98497,32,3,HUB-AMM-73,HUB-AMM-73-R05,Fiber ring,0
RO-08,Jan 2029 – Mar 2029,AMM-SU-2556,SU,Rooftop,Amman-Zarqa Metro,Amman outskirts,Amman,31.89236,35.97473,32,3,HUB-AMM-73,HUB-AMM-73-R05,Fiber ring,0
RO-08,Jan 2029 – Mar 2029,AMM-SU-2463,SU,Rooftop,Amman-Zarqa Metro,Amman outskirts,Amman,31.87767,35.95016,32,3,HUB-AMM-73,HUB-AMM-73-R06,Fiber ring,0
RO-08,Jan 2029 – Mar 2029,AMM-SU-2464,SU,Rooftop,Amman-Zarqa Metro,Amman outskirts,Amman,31.87591,35.95766,32,3,HUB-AMM-73,HUB-AMM-73-R06,Fiber ring,0
RO-08,Jan 2029 – Mar 2029,AMM-SU-2465,SU,Rooftop,Amman-Zarqa Metro,Amman outskirts,Amman,31.87708,35.96449,32,3,HUB-AMM-73,HUB-AMM-73-R06,Fiber ring,0
RO-08,Jan 2029 – Mar 2029,AMM-SU-2497,SU,Monopole / greenfield,Amman-Zarqa Metro,Amman outskirts,Amman,31.88217,35.95289,32,3,HUB-AMM-73,HUB-AMM-73-R06,Fiber ring,0
RO-08,Jan 2029 – Mar 2029,AMM-SU-2498,SU,Rooftop,Amman-Zarqa Metro,Amman outskirts,Amman,31.88335,35.96108,32,3,HUB-AMM-73,HUB-AMM-73-R06,Fiber ring,0
RO-08,Jan 2029 – Mar 2029,AMM-SU-2499,SU,Rooftop,Amman-Zarqa Metro,Amman outskirts,Amman,31.88335,35.96790,32,3,HUB-AMM-73,HUB-AMM-73-R06,Fiber ring,0
RO-08,Jan 2029 – Mar 2029,AMM-SU-2530,SU,Rooftop,Amman-Zarqa Metro,Amman outskirts,Amman,31.88785,35.96381,32,3,HUB-AMM-73,HUB-AMM-73-R06,Fiber ring,0
RO-08,Jan 2029 – Mar 2029,AMM-SU-2430,SU,Monopole / greenfield,Amman-Zarqa Metro,Amman outskirts,Amman,31.87317,35.94742,32,3,HUB-AMM-73,HUB-AMM-73-R07,Fiber ring,0
RO-08,Jan 2029 – Mar 2029,AMM-SU-2431,SU,Rooftop,Amman-Zarqa Metro,Amman outskirts,Amman,31.87258,35.95357,32,3,HUB-AMM-73,HUB-AMM-73-R07,Fiber ring,0
RO-08,Jan 2029 – Mar 2029,AMM-SU-2462,SU,Rooftop,Amman-Zarqa Metro,Amman outskirts,Amman,31.87591,35.94401,32,3,HUB-AMM-73,HUB-AMM-73-R07,Fiber ring,0
RO-08,Jan 2029 – Mar 2029,AMM-SU-3116,SU,Monopole / greenfield,Amman-Zarqa Metro,Amman outskirts,Balqa,32.05135,35.86892,32,3,HUB-AMM-74,HUB-AMM-74-R01,Fiber ring,0
RO-08,Jan 2029 – Mar 2029,AMM-SU-3153,SU,Monopole / greenfield,Amman-Zarqa Metro,Amman outskirts,Balqa,32.05526,35.86005,32,3,HUB-AMM-74,HUB-AMM-74-R01,Fiber ring,0
RO-08,Jan 2029 – Mar 2029,AMM-SU-3154,SU,Monopole / greenfield,Amman-Zarqa Metro,Amman outskirts,Balqa,32.05526,35.86687,32,3,HUB-AMM-74,HUB-AMM-74-R01,Fiber ring,0
RO-08,Jan 2029 – Mar 2029,AMM-SU-3155,SU,Rooftop,Amman-Zarqa Metro,Amman outskirts,Balqa,32.05409,35.87233,32,3,HUB-AMM-74,HUB-AMM-74-R01,Fiber ring,0
RO-08,Jan 2029 – Mar 2029,AMM-SU-3192,SU,Monopole / greenfield,Amman-Zarqa Metro,Amman outskirts,Balqa,32.05918,35.85527,32,3,HUB-AMM-74,HUB-AMM-74-R01,Fiber ring,0
RO-08,Jan 2029 – Mar 2029,AMM-SU-3195,SU,Rooftop,Amman-Zarqa Metro,Amman outskirts,Balqa,32.06035,35.87438,32,3,HUB-AMM-74,HUB-AMM-74-R01,Fiber ring,1
RO-08,Jan 2029 – Mar 2029,AMM-U-1842,U,Rooftop,Amman-Zarqa Metro,Amman,Balqa,32.04939,35.87533,30,3,HUB-AMM-74,HUB-AMM-74-R01,Fiber ring,0
RO-08,Jan 2029 – Mar 2029,AMM-U-1843,U,Rooftop,Amman-Zarqa Metro,Amman,Amman,32.04939,35.88005,30,3,HUB-AMM-74,HUB-AMM-74-R01,Fiber ring,0
RO-08,Jan 2029 – Mar 2029,AMM-SU-3156,SU,Rooftop,Amman-Zarqa Metro,Amman outskirts,Balqa,32.05409,35.87916,32,3,HUB-AMM-74,HUB-AMM-74-R02,Fiber ring,0
RO-08,Jan 2029 – Mar 2029,AMM-SU-3157,SU,Rooftop,Amman-Zarqa Metro,Amman outskirts,Amman,32.05409,35.88599,32,3,HUB-AMM-74,HUB-AMM-74-R02,Fiber ring,0
RO-08,Jan 2029 – Mar 2029,AMM-SU-3196,SU,Rooftop,Amman-Zarqa Metro,Amman outskirts,Balqa,32.05977,35.88189,32,3,HUB-AMM-74,HUB-AMM-74-R02,Fiber ring,0
RO-08,Jan 2029 – Mar 2029,AMM-SU-3197,SU,Rooftop,Amman-Zarqa Metro,Amman outskirts,Amman,32.05918,35.88940,32,3,HUB-AMM-74,HUB-AMM-74-R02,Fiber ring,0
RO-08,Jan 2029 – Mar 2029,AMM-SU-3230,SU,Rooftop,Amman-Zarqa Metro,Amman outskirts,Balqa,32.06545,35.87916,32,3,HUB-AMM-74,HUB-AMM-74-R02,Fiber ring,0
RO-08,Jan 2029 – Mar 2029,AMM-SU-3231,SU,Rooftop,Amman-Zarqa Metro,Amman outskirts,Balqa,32.06545,35.88462,32,3,HUB-AMM-74,HUB-AMM-74-R02,Fiber ring,0
RO-08,Jan 2029 – Mar 2029,AMM-SU-3232,SU,Rooftop,Amman-Zarqa Metro,Amman outskirts,Amman,32.06427,35.89281,32,3,HUB-AMM-74,HUB-AMM-74-R02,Fiber ring,0
RO-08,Jan 2029 – Mar 2029,AMM-SU-3229,SU,Rooftop,Amman-Zarqa Metro,Amman outskirts,Balqa,32.06427,35.87233,32,3,HUB-AMM-74,HUB-AMM-74-R03,Fiber ring,0
RO-08,Jan 2029 – Mar 2029,AMM-SU-3256,SU,Monopole / greenfield,Amman-Zarqa Metro,Amman outskirts,Balqa,32.06936,35.86210,32,3,HUB-AMM-74,HUB-AMM-74-R03,Fiber ring,0
RO-08,Jan 2029 – Mar 2029,AMM-SU-3257,SU,Monopole / greenfield,Amman-Zarqa Metro,Amman outskirts,Balqa,32.06936,35.86892,32,3,HUB-AMM-74,HUB-AMM-74-R03,Fiber ring,0
RO-08,Jan 2029 – Mar 2029,AMM-SU-3258,SU,Monopole / greenfield,Amman-Zarqa Metro,Amman outskirts,Balqa,32.07054,35.87711,32,3,HUB-AMM-74,HUB-AMM-74-R03,Fiber ring,0
RO-08,Jan 2029 – Mar 2029,AMM-SU-3259,SU,Rooftop,Amman-Zarqa Metro,Amman outskirts,Balqa,32.07054,35.88121,32,3,HUB-AMM-74,HUB-AMM-74-R03,Fiber ring,0
RO-08,Jan 2029 – Mar 2029,AMM-SU-3286,SU,Monopole / greenfield,Amman-Zarqa Metro,Amman outskirts,Balqa,32.07563,35.86687,32,3,HUB-AMM-74,HUB-AMM-74-R03,Fiber ring,0
RO-08,Jan 2029 – Mar 2029,AMM-SU-3287,SU,Monopole / greenfield,Amman-Zarqa Metro,Amman outskirts,Balqa,32.07445,35.87233,32,3,HUB-AMM-74,HUB-AMM-74-R03,Fiber ring,0
RO-08,Jan 2029 – Mar 2029,AMM-SU-3193,SU,Monopole / greenfield,Amman-Zarqa Metro,Amman outskirts,Balqa,32.06035,35.86346,32,3,HUB-AMM-74,HUB-AMM-74-R04,Fiber ring,0
RO-08,Jan 2029 – Mar 2029,AMM-SU-3194,SU,Rooftop,Amman-Zarqa Metro,Amman outskirts,Balqa,32.06035,35.87029,32,3,HUB-AMM-74,HUB-AMM-74-R04,Fiber ring,0
RO-08,Jan 2029 – Mar 2029,AMM-SU-3227,SU,Monopole / greenfield,Amman-Zarqa Metro,Amman outskirts,Balqa,32.06545,35.86005,32,3,HUB-AMM-74,HUB-AMM-74-R04,Fiber ring,0
RO-08,Jan 2029 – Mar 2029,AMM-SU-3228,SU,Monopole / greenfield,Amman-Zarqa Metro,Amman outskirts,Balqa,32.06427,35.86551,32,3,HUB-AMM-74,HUB-AMM-74-R04,Fiber ring,0
RO-08,Jan 2029 – Mar 2029,AMM-SU-3139,SU,Monopole / greenfield,Amman-Zarqa Metro,Zarqa outskirts,Zarqa,32.04959,36.13447,32,3,HUB-AMM-84,HUB-AMM-84-R01,Fiber ring,1
RO-08,Jan 2029 – Mar 2029,AMM-U-1814,U,Monopole / greenfield,Amman-Zarqa Metro,Zarqa,Zarqa,32.04234,36.11730,30,3,HUB-AMM-84,HUB-AMM-84-R01,Fiber ring,0
RO-08,Jan 2029 – Mar 2029,AMM-U-1840,U,Monopole / greenfield,Amman-Zarqa Metro,Zarqa,Zarqa,32.04505,36.11966,30,3,HUB-AMM-84,HUB-AMM-84-R01,Fiber ring,0
RO-08,Jan 2029 – Mar 2029,AMM-U-1841,U,Monopole / greenfield,Amman-Zarqa Metro,Zarqa,Zarqa,32.04587,36.12344,30,3,HUB-AMM-84,HUB-AMM-84-R01,Fiber ring,0
RO-08,Jan 2029 – Mar 2029,AMM-U-1857,U,Monopole / greenfield,Amman-Zarqa Metro,Zarqa,Zarqa,32.04939,36.11730,30,3,HUB-AMM-84,HUB-AMM-84-R01,Fiber ring,0
RO-08,Jan 2029 – Mar 2029,AMM-U-1858,U,Monopole / greenfield,Amman-Zarqa Metro,Zarqa,Zarqa,32.04939,36.12108,30,3,HUB-AMM-84,HUB-AMM-84-R01,Fiber ring,0
RO-08,Jan 2029 – Mar 2029,AMM-U-1859,U,Monopole / greenfield,Amman-Zarqa Metro,Zarqa,Zarqa,32.04939,36.12675,30,3,HUB-AMM-84,HUB-AMM-84-R01,Fiber ring,0
RO-08,Jan 2029 – Mar 2029,AMM-SU-3041,SU,Monopole / greenfield,Amman-Zarqa Metro,Zarqa outskirts,Zarqa,32.03608,36.13856,32,3,HUB-AMM-84,HUB-AMM-84-R02,Fiber ring,0
RO-08,Jan 2029 – Mar 2029,AMM-SU-3042,SU,Monopole / greenfield,Amman-Zarqa Metro,Zarqa outskirts,Zarqa,32.03372,36.14539,32,3,HUB-AMM-84,HUB-AMM-84-R02,Fiber ring,0
RO-08,Jan 2029 – Mar 2029,AMM-SU-3067,SU,Monopole / greenfield,Amman-Zarqa Metro,Zarqa outskirts,Zarqa,32.03999,36.12696,32,3,HUB-AMM-84,HUB-AMM-84-R02,Fiber ring,0
RO-08,Jan 2029 – Mar 2029,AMM-SU-3068,SU,Monopole / greenfield,Amman-Zarqa Metro,Zarqa outskirts,Zarqa,32.03882,36.13515,32,3,HUB-AMM-84,HUB-AMM-84-R02,Fiber ring,0
RO-08,Jan 2029 – Mar 2029,AMM-SU-3100,SU,Monopole / greenfield,Amman-Zarqa Metro,Zarqa outskirts,Zarqa,32.04508,36.13037,32,3,HUB-AMM-84,HUB-AMM-84-R02,Fiber ring,0
RO-08,Jan 2029 – Mar 2029,AMM-U-1815,U,Monopole / greenfield,Amman-Zarqa Metro,Zarqa,Zarqa,32.04153,36.12202,30,3,HUB-AMM-84,HUB-AMM-84-R02,Fiber ring,0
RO-08,Jan 2029 – Mar 2029,AMM-SU-3069,SU,Monopole / greenfield,Amman-Zarqa Metro,Zarqa outskirts,Zarqa,32.03882,36.14198,32,3,HUB-AMM-84,HUB-AMM-84-R03,Fiber ring,0
RO-08,Jan 2029 – Mar 2029,AMM-SU-3101,SU,Monopole / greenfield,Amman-Zarqa Metro,Zarqa outskirts,Zarqa,32.04508,36.13856,32,3,HUB-AMM-84,HUB-AMM-84-R03,Fiber ring,0
RO-08,Jan 2029 – Mar 2029,AMM-SU-3102,SU,Monopole / greenfield,Amman-Zarqa Metro,Zarqa outskirts,Zarqa,32.04508,36.14675,32,3,HUB-AMM-84,HUB-AMM-84-R03,Fiber ring,0
RO-08,Jan 2029 – Mar 2029,AMM-SU-3140,SU,Monopole / greenfield,Amman-Zarqa Metro,Zarqa outskirts,Zarqa,32.04900,36.14198,32,3,HUB-AMM-84,HUB-AMM-84-R03,Fiber ring,0
RO-08,Jan 2029 – Mar 2029,AMM-SU-3141,SU,Monopole / greenfield,Amman-Zarqa Metro,Zarqa outskirts,Zarqa,32.04900,36.14880,32,3,HUB-AMM-84,HUB-AMM-84-R03,Fiber ring,0
RO-08,Jan 2029 – Mar 2029,AMM-SU-3181,SU,Monopole / greenfield,Amman-Zarqa Metro,Zarqa outskirts,Zarqa,32.05644,36.15222,32,3,HUB-AMM-84,HUB-AMM-84-R03,Fiber ring,0
RO-08,Jan 2029 – Mar 2029,AMM-SU-3178,SU,Monopole / greenfield,Amman-Zarqa Metro,Zarqa outskirts,Zarqa,32.05526,36.13310,32,3,HUB-AMM-84,HUB-AMM-84-R04,Fiber ring,0
RO-08,Jan 2029 – Mar 2029,AMM-SU-3179,SU,Monopole / greenfield,Amman-Zarqa Metro,Zarqa outskirts,Zarqa,32.05526,36.13720,32,3,HUB-AMM-84,HUB-AMM-84-R04,Fiber ring,0
RO-08,Jan 2029 – Mar 2029,AMM-SU-3180,SU,Monopole / greenfield,Amman-Zarqa Metro,Zarqa outskirts,Zarqa,32.05526,36.14539,32,3,HUB-AMM-84,HUB-AMM-84-R04,Fiber ring,0
RO-08,Jan 2029 – Mar 2029,AMM-SU-3217,SU,Monopole / greenfield,Amman-Zarqa Metro,Zarqa outskirts,Zarqa,32.06035,36.13515,32,3,HUB-AMM-84,HUB-AMM-84-R04,Fiber ring,0
RO-08,Jan 2029 – Mar 2029,AMM-SU-3218,SU,Monopole / greenfield,Amman-Zarqa Metro,Zarqa outskirts,Zarqa,32.06035,36.14334,32,3,HUB-AMM-84,HUB-AMM-84-R04,Fiber ring,0
RO-08,Jan 2029 – Mar 2029,AMM-SU-3219,SU,Monopole / greenfield,Amman-Zarqa Metro,Zarqa outskirts,Zarqa,32.06094,36.14948,32,3,HUB-AMM-84,HUB-AMM-84-R04,Fiber ring,0
RO-08,Jan 2029 – Mar 2029,AMM-U-1874,U,Monopole / greenfield,Amman-Zarqa Metro,Zarqa,Zarqa,32.05291,36.12060,30,3,HUB-AMM-84,HUB-AMM-84-R05,Fiber ring,0
RO-08,Jan 2029 – Mar 2029,AMM-U-1875,U,Monopole / greenfield,Amman-Zarqa Metro,Zarqa,Zarqa,32.05291,36.12344,30,3,HUB-AMM-84,HUB-AMM-84-R05,Fiber ring,0
RO-08,Jan 2029 – Mar 2029,AMM-U-1891,U,Monopole / greenfield,Amman-Zarqa Metro,Zarqa,Zarqa,32.05644,36.12202,30,3,HUB-AMM-84,HUB-AMM-84-R05,Fiber ring,0
RO-08,Jan 2029 – Mar 2029,AMM-U-1892,U,Monopole / greenfield,Amman-Zarqa Metro,Zarqa,Zarqa,32.05644,36.12580,30,3,HUB-AMM-84,HUB-AMM-84-R05,Fiber ring,0
RO-08,Jan 2029 – Mar 2029,AMM-U-1909,U,Monopole / greenfield,Amman-Zarqa Metro,Zarqa,Zarqa,32.05996,36.13006,30,3,HUB-AMM-84,HUB-AMM-84-R05,Fiber ring,0
RO-08,Jan 2029 – Mar 2029,AQB-SU-0184,SU,Monopole / greenfield,Aqaba,Aqaba south coast,Aqaba,29.42838,34.98627,32,3,HUB-AQB-04,HUB-AQB-04-R01,Fiber ring,0
RO-08,Jan 2029 – Mar 2029,AQB-SU-0185,SU,Monopole / greenfield,Aqaba,Aqaba south coast,Aqaba,29.43347,34.98286,32,3,HUB-AQB-04,HUB-AQB-04-R01,Fiber ring,0
RO-08,Jan 2029 – Mar 2029,AQB-SU-0187,SU,Monopole / greenfield,Aqaba,Aqaba south coast,Aqaba,29.43856,34.98627,32,3,HUB-AQB-04,HUB-AQB-04-R01,Fiber ring,0
RO-08,Jan 2029 – Mar 2029,AQB-SU-0188,SU,Monopole / greenfield,Aqaba,Aqaba south coast,Aqaba,29.44365,34.98969,32,3,HUB-AQB-04,HUB-AQB-04-R01,Fiber ring,0
RO-08,Jan 2029 – Mar 2029,AQB-SU-0189,SU,Monopole / greenfield,Aqaba,Aqaba south coast,Aqaba,29.44874,34.98627,32,3,HUB-AQB-04,HUB-AQB-04-R01,Fiber ring,0
RO-08,Jan 2029 – Mar 2029,AQB-SU-0190,SU,Monopole / greenfield,Aqaba,Aqaba south coast,Aqaba,29.44757,34.99173,32,3,HUB-AQB-04,HUB-AQB-04-R01,Fiber ring,0
RO-08,Jan 2029 – Mar 2029,AQB-SU-0192,SU,Monopole / greenfield,Aqaba,Aqaba south coast,Aqaba,29.45325,34.99583,32,3,HUB-AQB-04,HUB-AQB-04-R01,Fiber ring,1
RO-08,Jan 2029 – Mar 2029,AQB-SU-0186,SU,Monopole / greenfield,Aqaba,Aqaba south coast,Aqaba,29.43347,34.98969,32,3,HUB-AQB-04,HUB-AQB-04-R02,Fiber ring,0
RO-08,Jan 2029 – Mar 2029,AQB-SU-0194,SU,Monopole / greenfield,Aqaba,Aqaba south coast,Aqaba,29.45893,34.99993,32,3,HUB-AQB-04,HUB-AQB-04-R02,Fiber ring,0
RO-08,Jan 2029 – Mar 2029,AQB-SU-0195,SU,Monopole / greenfield,Aqaba,Aqaba south coast,Aqaba,29.45893,35.00675,32,3,HUB-AQB-04,HUB-AQB-04-R02,Fiber ring,0
RO-08,Jan 2029 – Mar 2029,AQB-SU-0198,SU,Monopole / greenfield,Aqaba,Aqaba south coast,Aqaba,29.46793,35.00539,32,3,HUB-AQB-04,HUB-AQB-04-R02,Fiber ring,0
RO-08,Jan 2029 – Mar 2029,AQB-SU-0200,SU,Monopole / greenfield,Aqaba,Aqaba south coast,Aqaba,29.47361,35.00948,32,3,HUB-AQB-04,HUB-AQB-04-R02,Fiber ring,0
RO-08,Jan 2029 – Mar 2029,AQB-SU-0201,SU,Monopole / greenfield,Aqaba,Aqaba south coast,Aqaba,29.47811,35.01221,32,3,HUB-AQB-04,HUB-AQB-04-R02,Fiber ring,0
RO-08,Jan 2029 – Mar 2029,AQB-SU-0191,SU,Monopole / greenfield,Aqaba,Aqaba south coast,Aqaba,29.45384,34.98969,32,3,HUB-AQB-04,HUB-AQB-04-R03,Fiber ring,0
RO-08,Jan 2029 – Mar 2029,AQB-SU-0193,SU,Monopole / greenfield,Aqaba,Aqaba south coast,Aqaba,29.46010,34.99173,32,3,HUB-AQB-04,HUB-AQB-04-R03,Fiber ring,0
RO-08,Jan 2029 – Mar 2029,AQB-SU-0196,SU,Monopole / greenfield,Aqaba,Aqaba south coast,Aqaba,29.46343,34.98764,32,3,HUB-AQB-04,HUB-AQB-04-R03,Fiber ring,0
RO-08,Jan 2029 – Mar 2029,AQB-SU-0197,SU,Monopole / greenfield,Aqaba,Aqaba south coast,Aqaba,29.46402,35.00197,32,3,HUB-AQB-04,HUB-AQB-04-R03,Fiber ring,0
RO-08,Jan 2029 – Mar 2029,AQB-SU-0199,SU,Monopole / greenfield,Aqaba,Aqaba south coast,Aqaba,29.47420,35.00334,32,3,HUB-AQB-04,HUB-AQB-04-R03,Fiber ring,0
RO-08,Jan 2029 – Mar 2029,IRB-SU-0497,SU,Rooftop,Irbid,Irbid outskirts,Irbid,32.48231,35.87848,32,3,HUB-IRB-12,HUB-IRB-12-R01,Fiber ring,0
RO-08,Jan 2029 – Mar 2029,IRB-SU-0506,SU,Rooftop,Irbid,Irbid outskirts,Irbid,32.48799,35.88121,32,3,HUB-IRB-12,HUB-IRB-12-R01,Fiber ring,0
RO-08,Jan 2029 – Mar 2029,IRB-SU-0507,SU,Monopole / greenfield,Irbid,Irbid outskirts,Irbid,32.48799,35.88940,32,3,HUB-IRB-12,HUB-IRB-12-R01,Fiber ring,0
RO-08,Jan 2029 – Mar 2029,IRB-SU-0508,SU,Monopole / greenfield,Irbid,Irbid outskirts,Irbid,32.48681,35.89623,32,3,HUB-IRB-12,HUB-IRB-12-R01,Fiber ring,0
RO-08,Jan 2029 – Mar 2029,IRB-SU-0519,SU,Monopole / greenfield,Irbid,Irbid outskirts,Irbid,32.49190,35.87916,32,3,HUB-IRB-12,HUB-IRB-12-R01,Fiber ring,0
RO-08,Jan 2029 – Mar 2029,IRB-SU-0520,SU,Monopole / greenfield,Irbid,Irbid outskirts,Irbid,32.49308,35.88599,32,3,HUB-IRB-12,HUB-IRB-12-R01,Fiber ring,0
RO-08,Jan 2029 – Mar 2029,IRB-SU-0521,SU,Monopole / greenfield,Irbid,Irbid outskirts,Irbid,32.49308,35.89281,32,3,HUB-IRB-12,HUB-IRB-12-R01,Fiber ring,0
RO-08,Jan 2029 – Mar 2029,IRB-SU-0536,SU,Rooftop,Irbid,Irbid outskirts,Irbid,32.49817,35.88940,32,3,HUB-IRB-12,HUB-IRB-12-R01,Fiber ring,1
RO-08,Jan 2029 – Mar 2029,IRB-SU-0522,SU,Monopole / greenfield,Irbid,Irbid outskirts,Irbid,32.49190,35.89964,32,3,HUB-IRB-12,HUB-IRB-12-R02,Fiber ring,0
RO-08,Jan 2029 – Mar 2029,IRB-SU-0523,SU,Monopole / greenfield,Irbid,Irbid outskirts,Irbid,32.49308,35.90510,32,3,HUB-IRB-12,HUB-IRB-12-R02,Fiber ring,0
RO-08,Jan 2029 – Mar 2029,IRB-SU-0537,SU,Monopole / greenfield,Irbid,Irbid outskirts,Irbid,32.49817,35.89486,32,3,HUB-IRB-12,HUB-IRB-12-R02,Fiber ring,0
RO-08,Jan 2029 – Mar 2029,IRB-SU-0538,SU,Monopole / greenfield,Irbid,Irbid outskirts,Irbid,32.49758,35.90237,32,3,HUB-IRB-12,HUB-IRB-12-R02,Fiber ring,0
RO-08,Jan 2029 – Mar 2029,IRB-SU-0539,SU,Monopole / greenfield,Irbid,Irbid outskirts,Irbid,32.49817,35.90988,32,3,HUB-IRB-12,HUB-IRB-12-R02,Fiber ring,0
RO-08,Jan 2029 – Mar 2029,IRB-SU-0556,SU,Monopole / greenfield,Irbid,Irbid outskirts,Irbid,32.50208,35.89964,32,3,HUB-IRB-12,HUB-IRB-12-R02,Fiber ring,0
RO-08,Jan 2029 – Mar 2029,IRB-SU-0557,SU,Monopole / greenfield,Irbid,Irbid outskirts,Irbid,32.50326,35.90647,32,3,HUB-IRB-12,HUB-IRB-12-R02,Fiber ring,0
RO-08,Jan 2029 – Mar 2029,IRB-SU-0554,SU,Rooftop,Irbid,Irbid outskirts,Irbid,32.50326,35.88599,32,3,HUB-IRB-12,HUB-IRB-12-R03,Fiber ring,0
RO-08,Jan 2029 – Mar 2029,IRB-SU-0555,SU,Rooftop,Irbid,Irbid outskirts,Irbid,32.50444,35.89281,32,3,HUB-IRB-12,HUB-IRB-12-R03,Fiber ring,0
RO-08,Jan 2029 – Mar 2029,IRB-SU-0567,SU,Monopole / greenfield,Irbid,Irbid outskirts,Irbid,32.50835,35.88940,32,3,HUB-IRB-12,HUB-IRB-12-R03,Fiber ring,0
RO-08,Jan 2029 – Mar 2029,IRB-SU-0568,SU,Rooftop,Irbid,Irbid outskirts,Irbid,32.50835,35.89623,32,3,HUB-IRB-12,HUB-IRB-12-R03,Fiber ring,0
RO-08,Jan 2029 – Mar 2029,IRB-SU-0569,SU,Monopole / greenfield,Irbid,Irbid outskirts,Irbid,32.50835,35.90169,32,3,HUB-IRB-12,HUB-IRB-12-R03,Fiber ring,0
RO-08,Jan 2029 – Mar 2029,IRB-SU-0579,SU,Monopole / greenfield,Irbid,Irbid outskirts,Irbid,32.51344,35.89145,32,3,HUB-IRB-12,HUB-IRB-12-R03,Fiber ring,0
RO-08,Jan 2029 – Mar 2029,IRB-SU-0580,SU,Monopole / greenfield,Irbid,Irbid outskirts,Irbid,32.51344,35.89827,32,3,HUB-IRB-12,HUB-IRB-12-R03,Fiber ring,0
RO-08,Jan 2029 – Mar 2029,IRB-SU-0534,SU,Monopole / greenfield,Irbid,Irbid outskirts,Irbid,32.49817,35.87438,32,3,HUB-IRB-12,HUB-IRB-12-R04,Fiber ring,0
RO-08,Jan 2029 – Mar 2029,IRB-SU-0535,SU,Monopole / greenfield,Irbid,Irbid outskirts,Irbid,32.49817,35.88257,32,3,HUB-IRB-12,HUB-IRB-12-R04,Fiber ring,0
RO-08,Jan 2029 – Mar 2029,IRB-SU-0553,SU,Monopole / greenfield,Irbid,Irbid outskirts,Irbid,32.50326,35.87780,32,3,HUB-IRB-12,HUB-IRB-12-R04,Fiber ring,0
RO-08,Jan 2029 – Mar 2029,IRB-SU-0566,SU,Monopole / greenfield,Irbid,Irbid outskirts,Irbid,32.50835,35.88257,32,3,HUB-IRB-12,HUB-IRB-12-R04,Fiber ring,0
RO-08,Jan 2029 – Mar 2029,IRB-U-0075,U,Monopole / greenfield,Irbid,Irbid,Irbid,32.51109,35.87864,30,3,HUB-IRB-12,HUB-IRB-12-R04,Fiber ring,0
RO-08,Jan 2029 – Mar 2029,KAR-U-0017,U,Monopole / greenfield,Karak,Karak,Karak,31.17099,35.71795,30,3,HUB-KAR-01,HUB-KAR-01-R01,Fiber ring,0
RO-08,Jan 2029 – Mar 2029,KAR-U-0024,U,Monopole / greenfield,Karak,Karak,Karak,31.17492,35.71512,30,3,HUB-KAR-01,HUB-KAR-01-R01,Fiber ring,0
RO-08,Jan 2029 – Mar 2029,KAR-U-0025,U,Monopole / greenfield,Karak,Karak,Karak,31.17614,35.72032,30,3,HUB-KAR-01,HUB-KAR-01-R01,Fiber ring,0
RO-08,Jan 2029 – Mar 2029,KAR-U-0031,U,Rooftop,Karak,Karak,Karak,31.17804,35.71323,30,3,HUB-KAR-01,HUB-KAR-01-R01,Fiber ring,0
RO-08,Jan 2029 – Mar 2029,KAR-U-0032,U,Rooftop,Karak,Karak,Karak,31.17885,35.71701,30,3,HUB-KAR-01,HUB-KAR-01-R01,Fiber ring,0
RO-08,Jan 2029 – Mar 2029,KAR-U-0039,U,Rooftop,Karak,Karak,Karak,31.18156,35.71087,30,3,HUB-KAR-01,HUB-KAR-01-R01,Fiber ring,0
RO-08,Jan 2029 – Mar 2029,KAR-U-0040,U,Rooftop,Karak,Karak,Karak,31.18238,35.71465,30,3,HUB-KAR-01,HUB-KAR-01-R01,Fiber ring,0
RO-08,Jan 2029 – Mar 2029,KAR-U-0041,U,Monopole / greenfield,Karak,Karak,Karak,31.18319,35.72032,30,3,HUB-KAR-01,HUB-KAR-01-R01,Fiber ring,1
RO-08,Jan 2029 – Mar 2029,KAR-SU-0074,SU,Monopole / greenfield,Karak,Karak outskirts,Karak,31.16495,35.72489,32,3,HUB-KAR-01,HUB-KAR-01-R02,Fiber ring,0
RO-08,Jan 2029 – Mar 2029,KAR-SU-0075,SU,Monopole / greenfield,Karak,Karak outskirts,Karak,31.16436,35.73103,32,3,HUB-KAR-01,HUB-KAR-01-R02,Fiber ring,0
RO-08,Jan 2029 – Mar 2029,KAR-SU-0077,SU,Monopole / greenfield,Karak,Karak outskirts,Karak,31.16828,35.72215,32,3,HUB-KAR-01,HUB-KAR-01-R02,Fiber ring,0
RO-08,Jan 2029 – Mar 2029,KAR-SU-0078,SU,Rooftop,Karak,Karak outskirts,Karak,31.16945,35.72898,32,3,HUB-KAR-01,HUB-KAR-01-R02,Fiber ring,0
RO-08,Jan 2029 – Mar 2029,KAR-SU-0079,SU,Monopole / greenfield,Karak,Karak outskirts,Karak,31.17063,35.73581,32,3,HUB-KAR-01,HUB-KAR-01-R02,Fiber ring,0
RO-08,Jan 2029 – Mar 2029,KAR-SU-0080,SU,Monopole / greenfield,Karak,Karak outskirts,Karak,31.17455,35.72557,32,3,HUB-KAR-01,HUB-KAR-01-R02,Fiber ring,0
RO-08,Jan 2029 – Mar 2029,KAR-U-0033,U,Monopole / greenfield,Karak,Karak,Karak,31.17967,35.72268,30,3,HUB-KAR-01,HUB-KAR-01-R02,Fiber ring,0
RO-08,Jan 2029 – Mar 2029,KAR-SU-0081,SU,Monopole / greenfield,Karak,Karak outskirts,Karak,31.17455,35.73376,32,3,HUB-KAR-01,HUB-KAR-01-R03,Fiber ring,0
RO-08,Jan 2029 – Mar 2029,KAR-SU-0083,SU,Monopole / greenfield,Karak,Karak outskirts,Karak,31.17964,35.73035,32,3,HUB-KAR-01,HUB-KAR-01-R03,Fiber ring,0
RO-08,Jan 2029 – Mar 2029,KAR-SU-0084,SU,Monopole / greenfield,Karak,Karak outskirts,Karak,31.17964,35.73581,32,3,HUB-KAR-01,HUB-KAR-01-R03,Fiber ring,0
RO-08,Jan 2029 – Mar 2029,KAR-SU-0087,SU,Monopole / greenfield,Karak,Karak outskirts,Karak,31.18355,35.73239,32,3,HUB-KAR-01,HUB-KAR-01-R03,Fiber ring,0
RO-08,Jan 2029 – Mar 2029,KAR-SU-0091,SU,Monopole / greenfield,Karak,Karak outskirts,Karak,31.19041,35.72966,32,3,HUB-KAR-01,HUB-KAR-01-R03,Fiber ring,0
RO-08,Jan 2029 – Mar 2029,KAR-SU-0092,SU,Monopole / greenfield,Karak,Karak outskirts,Karak,31.18982,35.73581,32,3,HUB-KAR-01,HUB-KAR-01-R03,Fiber ring,0
RO-08,Jan 2029 – Mar 2029,KAR-U-0049,U,Monopole / greenfield,Karak,Karak,Karak,31.18590,35.72363,30,3,HUB-KAR-01,HUB-KAR-01-R03,Fiber ring,0
RO-08,Jan 2029 – Mar 2029,KAR-SU-0095,SU,Monopole / greenfield,Karak,Karak outskirts,Karak,31.19550,35.72557,32,3,HUB-KAR-01,HUB-KAR-01-R04,Fiber ring,0
RO-08,Jan 2029 – Mar 2029,KAR-SU-0096,SU,Monopole / greenfield,Karak,Karak outskirts,Karak,31.19491,35.73239,32,3,HUB-KAR-01,HUB-KAR-01-R04,Fiber ring,0
RO-08,Jan 2029 – Mar 2029,KAR-SU-0101,SU,Monopole / greenfield,Karak,Karak outskirts,Karak,31.20118,35.71533,32,3,HUB-KAR-01,HUB-KAR-01-R04,Fiber ring,0
RO-08,Jan 2029 – Mar 2029,KAR-SU-0102,SU,Monopole / greenfield,Karak,Karak outskirts,Karak,31.20059,35.72284,32,3,HUB-KAR-01,HUB-KAR-01-R04,Fiber ring,0
RO-08,Jan 2029 – Mar 2029,KAR-SU-0103,SU,Monopole / greenfield,Karak,Karak outskirts,Karak,31.19882,35.72898,32,3,HUB-KAR-01,HUB-KAR-01-R04,Fiber ring,0
RO-08,Jan 2029 – Mar 2029,KAR-SU-0107,SU,Monopole / greenfield,Karak,Karak outskirts,Karak,31.20392,35.71874,32,3,HUB-KAR-01,HUB-KAR-01-R04,Fiber ring,0
RO-08,Jan 2029 – Mar 2029,KAR-U-0048,U,Monopole / greenfield,Karak,Karak,Karak,31.18590,35.71890,30,3,HUB-KAR-01,HUB-KAR-01-R04,Fiber ring,0
RO-08,Jan 2029 – Mar 2029,KAR-U-0046,U,Rooftop,Karak,Karak,Karak,31.18509,35.70850,30,3,HUB-KAR-01,HUB-KAR-01-R05,Fiber ring,0
RO-08,Jan 2029 – Mar 2029,KAR-U-0047,U,Monopole / greenfield,Karak,Karak,Karak,31.18590,35.71417,30,3,HUB-KAR-01,HUB-KAR-01-R05,Fiber ring,0
RO-08,Jan 2029 – Mar 2029,KAR-U-0054,U,Monopole / greenfield,Karak,Karak,Karak,31.18943,35.71181,30,3,HUB-KAR-01,HUB-KAR-01-R05,Fiber ring,0
RO-08,Jan 2029 – Mar 2029,KAR-U-0055,U,Monopole / greenfield,Karak,Karak,Karak,31.19024,35.71559,30,3,HUB-KAR-01,HUB-KAR-01-R05,Fiber ring,0
RO-08,Jan 2029 – Mar 2029,KAR-U-0060,U,Monopole / greenfield,Karak,Karak,Karak,31.19377,35.71323,30,3,HUB-KAR-01,HUB-KAR-01-R05,Fiber ring,0
RO-08,Jan 2029 – Mar 2029,MAD-U-0076,U,Rooftop,Madaba,Madaba,Madaba,31.72596,35.79593,30,3,HUB-MAD-01,HUB-MAD-01-R01,Fiber ring,0
RO-08,Jan 2029 – Mar 2029,MAD-U-0077,U,Rooftop,Madaba,Madaba,Madaba,31.72596,35.80066,30,3,HUB-MAD-01,HUB-MAD-01-R01,Fiber ring,0
RO-08,Jan 2029 – Mar 2029,MAD-U-0085,U,Rooftop,Madaba,Madaba,Madaba,31.72867,35.79451,30,3,HUB-MAD-01,HUB-MAD-01-R01,Fiber ring,0
RO-08,Jan 2029 – Mar 2029,MAD-U-0086,U,Rooftop,Madaba,Madaba,Madaba,31.72948,35.79830,30,3,HUB-MAD-01,HUB-MAD-01-R01,Fiber ring,0
RO-08,Jan 2029 – Mar 2029,MAD-U-0087,U,Rooftop,Madaba,Madaba,Madaba,31.72867,35.80208,30,3,HUB-MAD-01,HUB-MAD-01-R01,Fiber ring,0
RO-08,Jan 2029 – Mar 2029,MAD-U-0094,U,Rooftop,Madaba,Madaba,Madaba,31.73219,35.79593,30,3,HUB-MAD-01,HUB-MAD-01-R01,Fiber ring,0
RO-08,Jan 2029 – Mar 2029,MAD-U-0095,U,Rooftop,Madaba,Madaba,Madaba,31.73219,35.79971,30,3,HUB-MAD-01,HUB-MAD-01-R01,Fiber ring,0
RO-08,Jan 2029 – Mar 2029,MAD-U-0096,U,Rooftop,Madaba,Madaba,Madaba,31.73300,35.80538,30,3,HUB-MAD-01,HUB-MAD-01-R01,Fiber ring,1
RO-08,Jan 2029 – Mar 2029,MAD-U-0066,U,Rooftop,Madaba,Madaba,Madaba,31.72162,35.79830,30,3,HUB-MAD-01,HUB-MAD-01-R02,Fiber ring,0
RO-08,Jan 2029 – Mar 2029,MAD-U-0067,U,Rooftop,Madaba,Madaba,Madaba,31.72162,35.80302,30,3,HUB-MAD-01,HUB-MAD-01-R02,Fiber ring,0
RO-08,Jan 2029 – Mar 2029,MAD-U-0068,U,Rooftop,Madaba,Madaba,Madaba,31.72162,35.80680,30,3,HUB-MAD-01,HUB-MAD-01-R02,Fiber ring,0
RO-08,Jan 2029 – Mar 2029,MAD-U-0078,U,Rooftop,Madaba,Madaba,Madaba,31.72514,35.80444,30,3,HUB-MAD-01,HUB-MAD-01-R02,Fiber ring,0
RO-08,Jan 2029 – Mar 2029,MAD-U-0079,U,Rooftop,Madaba,Madaba,Madaba,31.72596,35.81011,30,3,HUB-MAD-01,HUB-MAD-01-R02,Fiber ring,0
RO-08,Jan 2029 – Mar 2029,MAD-U-0080,U,Monopole / greenfield,Madaba,Madaba,Madaba,31.72514,35.81484,30,3,HUB-MAD-01,HUB-MAD-01-R02,Fiber ring,0
RO-08,Jan 2029 – Mar 2029,MAD-U-0088,U,Rooftop,Madaba,Madaba,Madaba,31.72867,35.80775,30,3,HUB-MAD-01,HUB-MAD-01-R02,Fiber ring,0
RO-08,Jan 2029 – Mar 2029,MAD-SU-0136,SU,Monopole / greenfield,Madaba,Madaba outskirts,Madaba,31.72945,35.81772,32,3,HUB-MAD-01,HUB-MAD-01-R03,Fiber ring,0
RO-08,Jan 2029 – Mar 2029,MAD-SU-0137,SU,Monopole / greenfield,Madaba,Madaba outskirts,Amman,31.72945,35.82455,32,3,HUB-MAD-01,HUB-MAD-01-R03,Fiber ring,0
RO-08,Jan 2029 – Mar 2029,MAD-SU-0140,SU,Monopole / greenfield,Madaba,Madaba outskirts,Madaba,31.73395,35.81363,32,3,HUB-MAD-01,HUB-MAD-01-R03,Fiber ring,0
RO-08,Jan 2029 – Mar 2029,MAD-SU-0141,SU,Monopole / greenfield,Madaba,Madaba outskirts,Madaba,31.73454,35.82114,32,3,HUB-MAD-01,HUB-MAD-01-R03,Fiber ring,0
RO-08,Jan 2029 – Mar 2029,MAD-SU-0142,SU,Monopole / greenfield,Madaba,Madaba outskirts,Amman,31.73454,35.82933,32,3,HUB-MAD-01,HUB-MAD-01-R03,Fiber ring,0
RO-08,Jan 2029 – Mar 2029,MAD-U-0089,U,Monopole / greenfield,Madaba,Madaba,Madaba,31.72948,35.81247,30,3,HUB-MAD-01,HUB-MAD-01-R03,Fiber ring,0
RO-08,Jan 2029 – Mar 2029,MAD-U-0097,U,Rooftop,Madaba,Madaba,Madaba,31.73219,35.81011,30,3,HUB-MAD-01,HUB-MAD-01-R03,Fiber ring,0
RO-08,Jan 2029 – Mar 2029,MAD-SU-0148,SU,Monopole / greenfield,Madaba,Madaba outskirts,Madaba,31.73963,35.80407,32,3,HUB-MAD-01,HUB-MAD-01-R04,Fiber ring,0
RO-08,Jan 2029 – Mar 2029,MAD-SU-0149,SU,Monopole / greenfield,Madaba,Madaba outskirts,Madaba,31.73963,35.81090,32,3,HUB-MAD-01,HUB-MAD-01-R04,Fiber ring,0
RO-08,Jan 2029 – Mar 2029,MAD-SU-0150,SU,Monopole / greenfield,Madaba,Madaba outskirts,Madaba,31.73963,35.81772,32,3,HUB-MAD-01,HUB-MAD-01-R04,Fiber ring,0
RO-08,Jan 2029 – Mar 2029,MAD-SU-0154,SU,Rooftop,Madaba,Madaba outskirts,Madaba,31.74472,35.79929,32,3,HUB-MAD-01,HUB-MAD-01-R04,Fiber ring,0
RO-08,Jan 2029 – Mar 2029,MAD-SU-0155,SU,Monopole / greenfield,Madaba,Madaba outskirts,Madaba,31.74472,35.80612,32,3,HUB-MAD-01,HUB-MAD-01-R04,Fiber ring,0
RO-08,Jan 2029 – Mar 2029,MAD-SU-0156,SU,Monopole / greenfield,Madaba,Madaba outskirts,Madaba,31.74413,35.81499,32,3,HUB-MAD-01,HUB-MAD-01-R04,Fiber ring,0
RO-08,Jan 2029 – Mar 2029,MAD-SU-0158,SU,Monopole / greenfield,Madaba,Madaba outskirts,Madaba,31.74981,35.79724,32,3,HUB-MAD-01,HUB-MAD-01-R04,Fiber ring,0
RO-08,Jan 2029 – Mar 2029,MAD-SU-0146,SU,Monopole / greenfield,Madaba,Madaba outskirts,Madaba,31.74022,35.78974,32,3,HUB-MAD-01,HUB-MAD-01-R05,Fiber ring,0
RO-08,Jan 2029 – Mar 2029,MAD-SU-0147,SU,Monopole / greenfield,Madaba,Madaba outskirts,Madaba,31.73963,35.79724,32,3,HUB-MAD-01,HUB-MAD-01-R05,Fiber ring,0
RO-08,Jan 2029 – Mar 2029,MAD-SU-0153,SU,Monopole / greenfield,Madaba,Madaba outskirts,Madaba,31.74472,35.79520,32,3,HUB-MAD-01,HUB-MAD-01-R05,Fiber ring,0
RO-08,Jan 2029 – Mar 2029,MAD-SU-0157,SU,Monopole / greenfield,Madaba,Madaba outskirts,Madaba,31.75099,35.79042,32,3,HUB-MAD-01,HUB-MAD-01-R05,Fiber ring,0
RO-08,Jan 2029 – Mar 2029,MAD-U-0100,U,Monopole / greenfield,Madaba,Madaba,Madaba,31.73571,35.79357,30,3,HUB-MAD-01,HUB-MAD-01-R05,Fiber ring,0
RO-08,Jan 2029 – Mar 2029,MAD-U-0101,U,Monopole / greenfield,Madaba,Madaba,Madaba,31.73571,35.79830,30,3,HUB-MAD-01,HUB-MAD-01-R05,Fiber ring,0
RO-08,Jan 2029 – Mar 2029,MAD-U-0102,U,Monopole / greenfield,Madaba,Madaba,Madaba,31.73571,35.80397,30,3,HUB-MAD-01,HUB-MAD-01-R05,Fiber ring,0
RO-08,Jan 2029 – Mar 2029,MAF-SU-0159,SU,Monopole / greenfield,Mafraq,Mafraq outskirts,Mafraq,32.35562,36.16928,32,3,HUB-MAF-01,HUB-MAF-01-R01,Fiber ring,0
RO-08,Jan 2029 – Mar 2029,MAF-SU-0160,SU,Monopole / greenfield,Mafraq,Mafraq outskirts,Mafraq,32.35562,36.17611,32,3,HUB-MAF-01,HUB-MAF-01-R01,Fiber ring,0
RO-08,Jan 2029 – Mar 2029,MAF-U-0087,U,Monopole / greenfield,Mafraq,Mafraq,Mafraq,32.35249,36.18346,30,3,HUB-MAF-01,HUB-MAF-01-R01,Fiber ring,0
RO-08,Jan 2029 – Mar 2029,MAF-U-0088,U,Monopole / greenfield,Mafraq,Mafraq,Mafraq,32.35249,36.18819,30,3,HUB-MAF-01,HUB-MAF-01-R01,Fiber ring,0
RO-08,Jan 2029 – Mar 2029,MAF-U-0098,U,Monopole / greenfield,Mafraq,Mafraq,Mafraq,32.35602,36.18488,30,3,HUB-MAF-01,HUB-MAF-01-R01,Fiber ring,0
RO-08,Jan 2029 – Mar 2029,MAF-U-0099,U,Monopole / greenfield,Mafraq,Mafraq,Mafraq,32.35602,36.18960,30,3,HUB-MAF-01,HUB-MAF-01-R01,Fiber ring,0
RO-08,Jan 2029 – Mar 2029,MAF-U-0108,U,Monopole / greenfield,Mafraq,Mafraq,Mafraq,32.35954,36.19291,30,3,HUB-MAF-01,HUB-MAF-01-R01,Fiber ring,1
RO-08,Jan 2029 – Mar 2029,MAF-U-0077,U,Monopole / greenfield,Mafraq,Mafraq,Mafraq,32.34897,36.19055,30,3,HUB-MAF-01,HUB-MAF-01-R02,Fiber ring,0
RO-08,Jan 2029 – Mar 2029,MAF-U-0078,U,Monopole / greenfield,Mafraq,Mafraq,Mafraq,32.34897,36.19527,30,3,HUB-MAF-01,HUB-MAF-01-R02,Fiber ring,0
RO-08,Jan 2029 – Mar 2029,MAF-U-0079,U,Rooftop,Mafraq,Mafraq,Mafraq,32.34897,36.20000,30,3,HUB-MAF-01,HUB-MAF-01-R02,Fiber ring,0
RO-08,Jan 2029 – Mar 2029,MAF-U-0089,U,Monopole / greenfield,Mafraq,Mafraq,Mafraq,32.35249,36.19291,30,3,HUB-MAF-01,HUB-MAF-01-R02,Fiber ring,0
RO-08,Jan 2029 – Mar 2029,MAF-U-0090,U,Monopole / greenfield,Mafraq,Mafraq,Mafraq,32.35249,36.19858,30,3,HUB-MAF-01,HUB-MAF-01-R02,Fiber ring,0
RO-08,Jan 2029 – Mar 2029,MAF-U-0100,U,Monopole / greenfield,Mafraq,Mafraq,Mafraq,32.35602,36.19527,30,3,HUB-MAF-01,HUB-MAF-01-R02,Fiber ring,0
RO-08,Jan 2029 – Mar 2029,MAF-U-0091,U,Monopole / greenfield,Mafraq,Mafraq,Mafraq,32.35249,36.20236,30,3,HUB-MAF-01,HUB-MAF-01-R03,Fiber ring,0
RO-08,Jan 2029 – Mar 2029,MAF-U-0101,U,Monopole / greenfield,Mafraq,Mafraq,Mafraq,32.35602,36.20000,30,3,HUB-MAF-01,HUB-MAF-01-R03,Fiber ring,0
RO-08,Jan 2029 – Mar 2029,MAF-U-0109,U,Monopole / greenfield,Mafraq,Mafraq,Mafraq,32.35954,36.19764,30,3,HUB-MAF-01,HUB-MAF-01-R03,Fiber ring,0
RO-08,Jan 2029 – Mar 2029,MAF-U-0110,U,Monopole / greenfield,Mafraq,Mafraq,Mafraq,32.35954,36.20236,30,3,HUB-MAF-01,HUB-MAF-01-R03,Fiber ring,0
RO-08,Jan 2029 – Mar 2029,MAF-U-0116,U,Monopole / greenfield,Mafraq,Mafraq,Mafraq,32.36307,36.19905,30,3,HUB-MAF-01,HUB-MAF-01-R03,Fiber ring,0
RO-08,Jan 2029 – Mar 2029,MAF-U-0117,U,Monopole / greenfield,Mafraq,Mafraq,Mafraq,32.36307,36.20473,30,3,HUB-MAF-01,HUB-MAF-01-R03,Fiber ring,0
RO-08,Jan 2029 – Mar 2029,MAF-SU-0168,SU,Monopole / greenfield,Mafraq,Mafraq outskirts,Mafraq,32.36463,36.19659,32,3,HUB-MAF-01,HUB-MAF-01-R04,Fiber ring,0
RO-08,Jan 2029 – Mar 2029,MAF-SU-0171,SU,Monopole / greenfield,Mafraq,Mafraq outskirts,Mafraq,32.37090,36.19317,32,3,HUB-MAF-01,HUB-MAF-01-R04,Fiber ring,0
RO-08,Jan 2029 – Mar 2029,MAF-SU-0172,SU,Monopole / greenfield,Mafraq,Mafraq outskirts,Mafraq,32.37090,36.20000,32,3,HUB-MAF-01,HUB-MAF-01-R04,Fiber ring,0
RO-08,Jan 2029 – Mar 2029,MAF-SU-0173,SU,Monopole / greenfield,Mafraq,Mafraq outskirts,Mafraq,32.36972,36.20683,32,3,HUB-MAF-01,HUB-MAF-01-R04,Fiber ring,0
RO-08,Jan 2029 – Mar 2029,MAF-SU-0176,SU,Monopole / greenfield,Mafraq,Mafraq outskirts,Mafraq,32.37599,36.20341,32,3,HUB-MAF-01,HUB-MAF-01-R04,Fiber ring,0
RO-08,Jan 2029 – Mar 2029,MAF-SU-0177,SU,Monopole / greenfield,Mafraq,Mafraq outskirts,Mafraq,32.37599,36.21024,32,3,HUB-MAF-01,HUB-MAF-01-R04,Fiber ring,0
RO-08,Jan 2029 – Mar 2029,MAF-SU-0163,SU,Monopole / greenfield,Mafraq,Mafraq outskirts,Mafraq,32.36072,36.17133,32,3,HUB-MAF-01,HUB-MAF-01-R05,Fiber ring,0
RO-08,Jan 2029 – Mar 2029,MAF-SU-0164,SU,Monopole / greenfield,Mafraq,Mafraq outskirts,Mafraq,32.36013,36.17884,32,3,HUB-MAF-01,HUB-MAF-01-R05,Fiber ring,0
RO-08,Jan 2029 – Mar 2029,MAF-SU-0165,SU,Monopole / greenfield,Mafraq,Mafraq outskirts,Mafraq,32.36189,36.18635,32,3,HUB-MAF-01,HUB-MAF-01-R05,Fiber ring,0
RO-08,Jan 2029 – Mar 2029,MAF-SU-0166,SU,Monopole / greenfield,Mafraq,Mafraq outskirts,Mafraq,32.36581,36.18293,32,3,HUB-MAF-01,HUB-MAF-01-R05,Fiber ring,0
RO-08,Jan 2029 – Mar 2029,MAF-SU-0167,SU,Monopole / greenfield,Mafraq,Mafraq outskirts,Mafraq,32.36463,36.18976,32,3,HUB-MAF-01,HUB-MAF-01-R05,Fiber ring,0
RO-08,Jan 2029 – Mar 2029,MAF-SU-0170,SU,Monopole / greenfield,Mafraq,Mafraq outskirts,Mafraq,32.37031,36.18703,32,3,HUB-MAF-01,HUB-MAF-01-R05,Fiber ring,0
RO-08,Jan 2029 – Mar 2029,SAL-SU-0083,SU,Monopole / greenfield,Salt,Salt outskirts,Balqa,32.01336,35.71533,32,3,HUB-SAL-04,HUB-SAL-04-R01,Fiber ring,0
RO-08,Jan 2029 – Mar 2029,SAL-SU-0088,SU,Monopole / greenfield,Salt,Salt outskirts,Balqa,32.02080,35.70509,32,3,HUB-SAL-04,HUB-SAL-04-R01,Fiber ring,0
RO-08,Jan 2029 – Mar 2029,SAL-SU-0089,SU,Monopole / greenfield,Salt,Salt outskirts,Balqa,32.01963,35.71192,32,3,HUB-SAL-04,HUB-SAL-04-R01,Fiber ring,0
RO-08,Jan 2029 – Mar 2029,SAL-SU-0090,SU,Monopole / greenfield,Salt,Salt outskirts,Balqa,32.02080,35.71874,32,3,HUB-SAL-04,HUB-SAL-04-R01,Fiber ring,0
RO-08,Jan 2029 – Mar 2029,SAL-SU-0096,SU,Monopole / greenfield,Salt,Salt outskirts,Balqa,32.02413,35.70236,32,3,HUB-SAL-04,HUB-SAL-04-R01,Fiber ring,0
RO-08,Jan 2029 – Mar 2029,SAL-SU-0097,SU,Monopole / greenfield,Salt,Salt outskirts,Balqa,32.02472,35.70714,32,3,HUB-SAL-04,HUB-SAL-04-R01,Fiber ring,0
RO-08,Jan 2029 – Mar 2029,SAL-SU-0098,SU,Monopole / greenfield,Salt,Salt outskirts,Balqa,32.02589,35.71533,32,3,HUB-SAL-04,HUB-SAL-04-R01,Fiber ring,0
RO-08,Jan 2029 – Mar 2029,SAL-U-0005,U,Rooftop,Salt,Salt,Balqa,32.02824,35.71654,30,3,HUB-SAL-04,HUB-SAL-04-R01,Fiber ring,1
RO-08,Jan 2029 – Mar 2029,SAL-SU-0084,SU,Monopole / greenfield,Salt,Salt outskirts,Balqa,32.01395,35.72147,32,3,HUB-SAL-04,HUB-SAL-04-R02,Fiber ring,0
RO-08,Jan 2029 – Mar 2029,SAL-SU-0085,SU,Monopole / greenfield,Salt,Salt outskirts,Balqa,32.01454,35.72762,32,3,HUB-SAL-04,HUB-SAL-04-R02,Fiber ring,0
RO-08,Jan 2029 – Mar 2029,SAL-SU-0091,SU,Monopole / greenfield,Salt,Salt outskirts,Balqa,32.02080,35.72557,32,3,HUB-SAL-04,HUB-SAL-04-R02,Fiber ring,0
RO-08,Jan 2029 – Mar 2029,SAL-U-0001,U,Monopole / greenfield,Salt,Salt,Balqa,32.02391,35.72268,30,3,HUB-SAL-04,HUB-SAL-04-R02,Fiber ring,0
RO-08,Jan 2029 – Mar 2029,SAL-U-0002,U,Monopole / greenfield,Salt,Salt,Balqa,32.02391,35.72741,30,3,HUB-SAL-04,HUB-SAL-04-R02,Fiber ring,0
RO-08,Jan 2029 – Mar 2029,SAL-U-0006,U,Rooftop,Salt,Salt,Balqa,32.02824,35.71937,30,3,HUB-SAL-04,HUB-SAL-04-R02,Fiber ring,0
RO-08,Jan 2029 – Mar 2029,SAL-U-0007,U,Rooftop,Salt,Salt,Balqa,32.02865,35.72457,30,3,HUB-SAL-04,HUB-SAL-04-R02,Fiber ring,0
RO-08,Jan 2029 – Mar 2029,SAL-U-0014,U,Rooftop,Salt,Salt,Balqa,32.03258,35.71795,30,3,HUB-SAL-04,HUB-SAL-04-R03,Fiber ring,0
RO-08,Jan 2029 – Mar 2029,SAL-U-0015,U,Rooftop,Salt,Salt,Balqa,32.03177,35.72173,30,3,HUB-SAL-04,HUB-SAL-04-R03,Fiber ring,0
RO-08,Jan 2029 – Mar 2029,SAL-U-0016,U,Rooftop,Salt,Salt,Balqa,32.03177,35.72646,30,3,HUB-SAL-04,HUB-SAL-04-R03,Fiber ring,0
RO-08,Jan 2029 – Mar 2029,SAL-U-0025,U,Rooftop,Salt,Salt,Balqa,32.03529,35.71937,30,3,HUB-SAL-04,HUB-SAL-04-R03,Fiber ring,0
RO-08,Jan 2029 – Mar 2029,SAL-U-0026,U,Rooftop,Salt,Salt,Balqa,32.03611,35.72504,30,3,HUB-SAL-04,HUB-SAL-04-R03,Fiber ring,0
RO-08,Jan 2029 – Mar 2029,SAL-U-0036,U,Rooftop,Salt,Salt,Balqa,32.03882,35.72173,30,3,HUB-SAL-04,HUB-SAL-04-R03,Fiber ring,0
RO-08,Jan 2029 – Mar 2029,SAL-U-0037,U,Rooftop,Salt,Salt,Balqa,32.03963,35.72741,30,3,HUB-SAL-04,HUB-SAL-04-R03,Fiber ring,0
RO-08,Jan 2029 – Mar 2029,SAL-U-0013,U,Rooftop,Salt,Salt,Balqa,32.03258,35.71323,30,3,HUB-SAL-04,HUB-SAL-04-R04,Fiber ring,0
RO-08,Jan 2029 – Mar 2029,SAL-U-0022,U,Monopole / greenfield,Salt,Salt,Balqa,32.03611,35.70614,30,3,HUB-SAL-04,HUB-SAL-04-R04,Fiber ring,0
RO-08,Jan 2029 – Mar 2029,SAL-U-0023,U,Rooftop,Salt,Salt,Balqa,32.03611,35.71087,30,3,HUB-SAL-04,HUB-SAL-04-R04,Fiber ring,0
RO-08,Jan 2029 – Mar 2029,SAL-U-0024,U,Rooftop,Salt,Salt,Balqa,32.03529,35.71559,30,3,HUB-SAL-04,HUB-SAL-04-R04,Fiber ring,0
RO-08,Jan 2029 – Mar 2029,SAL-U-0033,U,Rooftop,Salt,Salt,Balqa,32.03882,35.70850,30,3,HUB-SAL-04,HUB-SAL-04-R04,Fiber ring,0
RO-08,Jan 2029 – Mar 2029,SAL-U-0034,U,Rooftop,Salt,Salt,Balqa,32.03963,35.71323,30,3,HUB-SAL-04,HUB-SAL-04-R04,Fiber ring,0
RO-08,Jan 2029 – Mar 2029,SAL-U-0035,U,Rooftop,Salt,Salt,Balqa,32.03882,35.71701,30,3,HUB-SAL-04,HUB-SAL-04-R04,Fiber ring,0
RO-08,Jan 2029 – Mar 2029,SAL-SU-0102,SU,Monopole / greenfield,Salt,Salt outskirts,Balqa,32.02981,35.69963,32,3,HUB-SAL-04,HUB-SAL-04-R05,Fiber ring,0
RO-08,Jan 2029 – Mar 2029,SAL-SU-0103,SU,Monopole / greenfield,Salt,Salt outskirts,Balqa,32.03040,35.70577,32,3,HUB-SAL-04,HUB-SAL-04-R05,Fiber ring,0
RO-08,Jan 2029 – Mar 2029,SAL-SU-0105,SU,Monopole / greenfield,Salt,Salt outskirts,Balqa,32.03490,35.69621,32,3,HUB-SAL-04,HUB-SAL-04-R05,Fiber ring,0
RO-08,Jan 2029 – Mar 2029,SAL-SU-0106,SU,Monopole / greenfield,Salt,Salt outskirts,Balqa,32.03490,35.70168,32,3,HUB-SAL-04,HUB-SAL-04-R05,Fiber ring,0
RO-08,Jan 2029 – Mar 2029,SAL-SU-0108,SU,Monopole / greenfield,Salt,Salt outskirts,Balqa,32.04058,35.69212,32,3,HUB-SAL-04,HUB-SAL-04-R05,Fiber ring,0
RO-08,Jan 2029 – Mar 2029,SAL-SU-0109,SU,Monopole / greenfield,Salt,Salt outskirts,Balqa,32.03882,35.69826,32,3,HUB-SAL-04,HUB-SAL-04-R05,Fiber ring,0
RO-08,Jan 2029 – Mar 2029,SAL-U-0012,U,Monopole / greenfield,Salt,Salt,Balqa,32.03177,35.70756,30,3,HUB-SAL-04,HUB-SAL-04-R05,Fiber ring,0
RO-08,Jan 2029 – Mar 2029,TAF-U-0028,U,Rooftop,Tafilah,Tafilah,Tafilah,30.83969,35.60926,30,3,HUB-TAF-01,HUB-TAF-01-R01,Fiber ring,0
RO-08,Jan 2029 – Mar 2029,TAF-U-0029,U,Rooftop,Tafilah,Tafilah,Tafilah,30.83969,35.61398,30,3,HUB-TAF-01,HUB-TAF-01-R01,Fiber ring,0
RO-08,Jan 2029 – Mar 2029,TAF-U-0033,U,Monopole / greenfield,Tafilah,Tafilah,Tafilah,30.84322,35.60217,30,3,HUB-TAF-01,HUB-TAF-01-R01,Fiber ring,0
RO-08,Jan 2029 – Mar 2029,TAF-U-0034,U,Monopole / greenfield,Tafilah,Tafilah,Tafilah,30.84322,35.60689,30,3,HUB-TAF-01,HUB-TAF-01-R01,Fiber ring,0
RO-08,Jan 2029 – Mar 2029,TAF-U-0035,U,Monopole / greenfield,Tafilah,Tafilah,Tafilah,30.84403,35.61257,30,3,HUB-TAF-01,HUB-TAF-01-R01,Fiber ring,0
RO-08,Jan 2029 – Mar 2029,TAF-U-0037,U,Monopole / greenfield,Tafilah,Tafilah,Tafilah,30.84674,35.59508,30,3,HUB-TAF-01,HUB-TAF-01-R01,Fiber ring,0
RO-08,Jan 2029 – Mar 2029,TAF-U-0040,U,Monopole / greenfield,Tafilah,Tafilah,Tafilah,30.84756,35.61493,30,3,HUB-TAF-01,HUB-TAF-01-R01,Fiber ring,1
RO-08,Jan 2029 – Mar 2029,TAF-SU-0057,SU,Monopole / greenfield,Tafilah,Tafilah outskirts,Tafilah,30.83346,35.62795,32,3,HUB-TAF-01,HUB-TAF-01-R02,Fiber ring,0
RO-08,Jan 2029 – Mar 2029,TAF-SU-0059,SU,Rooftop,Tafilah,Tafilah outskirts,Tafilah,30.83972,35.62317,32,3,HUB-TAF-01,HUB-TAF-01-R02,Fiber ring,0
RO-08,Jan 2029 – Mar 2029,TAF-SU-0060,SU,Monopole / greenfield,Tafilah,Tafilah outskirts,Tafilah,30.83972,35.63000,32,3,HUB-TAF-01,HUB-TAF-01-R02,Fiber ring,0
RO-08,Jan 2029 – Mar 2029,TAF-U-0024,U,Rooftop,Tafilah,Tafilah,Tafilah,30.83617,35.61635,30,3,HUB-TAF-01,HUB-TAF-01-R02,Fiber ring,0
RO-08,Jan 2029 – Mar 2029,TAF-U-0030,U,Monopole / greenfield,Tafilah,Tafilah,Tafilah,30.83969,35.61871,30,3,HUB-TAF-01,HUB-TAF-01-R02,Fiber ring,0
RO-08,Jan 2029 – Mar 2029,TAF-U-0036,U,Monopole / greenfield,Tafilah,Tafilah,Tafilah,30.84485,35.61635,30,3,HUB-TAF-01,HUB-TAF-01-R02,Fiber ring,0
RO-08,Jan 2029 – Mar 2029,TAF-SU-0061,SU,Monopole / greenfield,Tafilah,Tafilah outskirts,Tafilah,30.84364,35.62795,32,3,HUB-TAF-01,HUB-TAF-01-R03,Fiber ring,0
RO-08,Jan 2029 – Mar 2029,TAF-SU-0062,SU,Monopole / greenfield,Tafilah,Tafilah outskirts,Tafilah,30.84873,35.62454,32,3,HUB-TAF-01,HUB-TAF-01-R03,Fiber ring,0
RO-08,Jan 2029 – Mar 2029,TAF-SU-0063,SU,Monopole / greenfield,Tafilah,Tafilah outskirts,Tafilah,30.84873,35.63000,32,3,HUB-TAF-01,HUB-TAF-01-R03,Fiber ring,0
RO-08,Jan 2029 – Mar 2029,TAF-SU-0064,SU,Monopole / greenfield,Tafilah,Tafilah outskirts,Tafilah,30.85382,35.62112,32,3,HUB-TAF-01,HUB-TAF-01-R03,Fiber ring,0
RO-08,Jan 2029 – Mar 2029,TAF-SU-0065,SU,Monopole / greenfield,Tafilah,Tafilah outskirts,Tafilah,30.85441,35.62727,32,3,HUB-TAF-01,HUB-TAF-01-R03,Fiber ring,0
RO-08,Jan 2029 – Mar 2029,TAF-SU-0069,SU,Monopole / greenfield,Tafilah,Tafilah outskirts,Tafilah,30.85774,35.62317,32,3,HUB-TAF-01,HUB-TAF-01-R03,Fiber ring,0
RO-08,Jan 2029 – Mar 2029,TAF-SU-0067,SU,Monopole / greenfield,Tafilah,Tafilah outskirts,Tafilah,30.86009,35.60952,32,3,HUB-TAF-01,HUB-TAF-01-R04,Fiber ring,0
RO-08,Jan 2029 – Mar 2029,TAF-SU-0068,SU,Monopole / greenfield,Tafilah,Tafilah outskirts,Tafilah,30.85891,35.61771,32,3,HUB-TAF-01,HUB-TAF-01-R04,Fiber ring,0
RO-08,Jan 2029 – Mar 2029,TAF-SU-0070,SU,Monopole / greenfield,Tafilah,Tafilah outskirts,Tafilah,30.86400,35.60065,32,3,HUB-TAF-01,HUB-TAF-01-R04,Fiber ring,0
RO-08,Jan 2029 – Mar 2029,TAF-SU-0071,SU,Monopole / greenfield,Tafilah,Tafilah outskirts,Tafilah,30.86400,35.60747,32,3,HUB-TAF-01,HUB-TAF-01-R04,Fiber ring,0
RO-08,Jan 2029 – Mar 2029,TAF-SU-0072,SU,Monopole / greenfield,Tafilah,Tafilah outskirts,Tafilah,30.86400,35.61430,32,3,HUB-TAF-01,HUB-TAF-01-R04,Fiber ring,0
RO-08,Jan 2029 – Mar 2029,TAF-U-0043,U,Monopole / greenfield,Tafilah,Tafilah,Tafilah,30.85108,35.61257,30,3,HUB-TAF-01,HUB-TAF-01-R04,Fiber ring,0
RO-08,Jan 2029 – Mar 2029,TAF-SU-0066,SU,Monopole / greenfield,Tafilah,Tafilah outskirts,Tafilah,30.86009,35.60269,32,3,HUB-TAF-01,HUB-TAF-01-R05,Fiber ring,0
RO-08,Jan 2029 – Mar 2029,TAF-U-0038,U,Monopole / greenfield,Tafilah,Tafilah,Tafilah,30.84796,35.60500,30,3,HUB-TAF-01,HUB-TAF-01-R05,Fiber ring,0
RO-08,Jan 2029 – Mar 2029,TAF-U-0039,U,Monopole / greenfield,Tafilah,Tafilah,Tafilah,30.84756,35.61020,30,3,HUB-TAF-01,HUB-TAF-01-R05,Fiber ring,0
RO-08,Jan 2029 – Mar 2029,TAF-U-0041,U,Monopole / greenfield,Tafilah,Tafilah,Tafilah,30.85189,35.60217,30,3,HUB-TAF-01,HUB-TAF-01-R05,Fiber ring,0
RO-08,Jan 2029 – Mar 2029,TAF-U-0042,U,Monopole / greenfield,Tafilah,Tafilah,Tafilah,30.85189,35.60689,30,3,HUB-TAF-01,HUB-TAF-01-R05,Fiber ring,0
RO-09,Apr 2029 – Jun 2029,HWY-HW-0084,HW,Lattice tower,Highway,Zarqa-Azraq-Safawi,Amman,31.99619,36.33333,45,2,,,Fiber (backbone add/drop spur),0
RO-09,Apr 2029 – Jun 2029,HWY-HW-0085,HW,Lattice tower,Highway,Zarqa-Azraq-Safawi,Amman,31.97719,36.40345,45,2,,,Fiber (backbone add/drop spur),0
RO-09,Apr 2029 – Jun 2029,HWY-HW-0086,HW,Lattice tower,Highway,Zarqa-Azraq-Safawi,Amman,31.96226,36.47626,45,2,,,Fiber (backbone add/drop spur),0
RO-09,Apr 2029 – Jun 2029,HWY-HW-0087,HW,Lattice tower,Highway,Zarqa-Azraq-Safawi,Zarqa,31.94576,36.55091,45,2,,,Fiber (backbone add/drop spur),0
RO-09,Apr 2029 – Jun 2029,HWY-HW-0088,HW,Lattice tower,Highway,Zarqa-Azraq-Safawi,Zarqa,31.92767,36.62005,45,2,,,Fiber (backbone add/drop spur),0
RO-09,Apr 2029 – Jun 2029,HWY-HW-0089,HW,Lattice tower,Highway,Zarqa-Azraq-Safawi,Zarqa,31.91275,36.68918,45,2,,,Fiber (backbone add/drop spur),0
RO-09,Apr 2029 – Jun 2029,HWY-HW-0090,HW,Lattice tower,Highway,Zarqa-Azraq-Safawi,Zarqa,31.89783,36.75831,45,2,,,Fiber (backbone add/drop spur),0
RO-09,Apr 2029 – Jun 2029,HWY-HW-0091,HW,Lattice tower,Highway,Zarqa-Azraq-Safawi,Zarqa,31.93004,36.87691,45,2,,,Fiber (backbone add/drop spur),0
RO-09,Apr 2029 – Jun 2029,HWY-HW-0092,HW,Lattice tower,Highway,Zarqa-Azraq-Safawi,Mafraq,31.97929,36.92309,45,2,,,Fiber (backbone add/drop spur),0
RO-09,Apr 2029 – Jun 2029,HWY-HW-0093,HW,Lattice tower,Highway,Zarqa-Azraq-Safawi,Mafraq,32.02855,36.97294,45,2,,,Fiber (backbone add/drop spur),0
RO-09,Apr 2029 – Jun 2029,HWY-HW-0094,HW,Lattice tower,Highway,Zarqa-Azraq-Safawi,Mafraq,32.08097,37.01545,45,2,,,Fiber (backbone add/drop spur),0
RO-09,Apr 2029 – Jun 2029,HWY-HW-0095,HW,Lattice tower,Highway,Zarqa-Azraq-Safawi,Mafraq,32.13023,37.06163,45,2,,,Fiber (backbone add/drop spur),0
RO-09,Apr 2029 – Jun 2029,HWY-HW-0096,HW,Lattice tower,Highway,Zarqa-Azraq-Safawi,Mafraq,32.17632,37.10780,45,2,,,Fiber (backbone add/drop spur),0
RO-09,Apr 2029 – Jun 2029,HWY-HW-0097,HW,Lattice tower,Highway,Mafraq-Safawi-Ruwaished (R10),Mafraq,32.31500,36.46324,45,2,,,Fiber (backbone add/drop spur),0
RO-09,Apr 2029 – Jun 2029,HWY-HW-0098,HW,Lattice tower,Highway,Mafraq-Safawi-Ruwaished (R10),Mafraq,32.30700,36.53616,45,2,,,Fiber (backbone add/drop spur),0
RO-09,Apr 2029 – Jun 2029,HWY-HW-0099,HW,Lattice tower,Highway,Mafraq-Safawi-Ruwaished (R10),Mafraq,32.29831,36.60895,45,2,,,Fiber (backbone add/drop spur),0
RO-09,Apr 2029 – Jun 2029,HWY-HW-0100,HW,Lattice tower,Highway,Mafraq-Safawi-Ruwaished (R10),Mafraq,32.28476,36.68444,45,2,,,Fiber (backbone add/drop spur),0
RO-09,Apr 2029 – Jun 2029,HWY-HW-0101,HW,Lattice tower,Highway,Mafraq-Safawi-Ruwaished (R10),Mafraq,32.27438,36.75257,45,2,,,Fiber (backbone add/drop spur),0
RO-09,Apr 2029 – Jun 2029,HWY-HW-0102,HW,Lattice tower,Highway,Mafraq-Safawi-Ruwaished (R10),Mafraq,32.26083,36.82438,45,2,,,Fiber (backbone add/drop spur),0
RO-09,Apr 2029 – Jun 2029,HWY-HW-0103,HW,Lattice tower,Highway,Mafraq-Safawi-Ruwaished (R10),Mafraq,32.24411,36.89619,45,2,,,Fiber (backbone add/drop spur),0
RO-09,Apr 2029 – Jun 2029,HWY-HW-0104,HW,Lattice tower,Highway,Mafraq-Safawi-Ruwaished (R10),Mafraq,32.23056,36.96801,45,2,,,Fiber (backbone add/drop spur),0
RO-09,Apr 2029 – Jun 2029,HWY-HW-0105,HW,Lattice tower,Highway,Mafraq-Safawi-Ruwaished (R10),Mafraq,32.22018,37.03982,45,2,,,Fiber (backbone add/drop spur),0
RO-09,Apr 2029 – Jun 2029,HWY-HW-0106,HW,Lattice tower,Highway,Mafraq-Safawi-Ruwaished (R10),Mafraq,32.21780,37.17952,45,2,,,Fiber (backbone add/drop spur),0
RO-09,Apr 2029 – Jun 2029,HWY-HW-0107,HW,Lattice tower,Highway,Mafraq-Safawi-Ruwaished (R10),Mafraq,32.23802,37.25038,45,2,,,Fiber (backbone add/drop spur),0
RO-09,Apr 2029 – Jun 2029,HWY-HW-0108,HW,Lattice tower,Highway,Mafraq-Safawi-Ruwaished (R10),Mafraq,32.25981,37.31940,45,2,,,Fiber (backbone add/drop spur),0
RO-09,Apr 2029 – Jun 2029,HWY-HW-0109,HW,Lattice tower,Highway,Mafraq-Safawi-Ruwaished (R10),Mafraq,32.28161,37.38842,45,2,,,Fiber (backbone add/drop spur),0
RO-09,Apr 2029 – Jun 2029,HWY-HW-0110,HW,Lattice tower,Highway,Mafraq-Safawi-Ruwaished (R10),Mafraq,32.30340,37.46112,45,2,,,Fiber (backbone add/drop spur),0
RO-09,Apr 2029 – Jun 2029,HWY-HW-0111,HW,Lattice tower,Highway,Mafraq-Safawi-Ruwaished (R10),Mafraq,32.32520,37.52646,45,2,,,Fiber (backbone add/drop spur),0
RO-09,Apr 2029 – Jun 2029,HWY-HW-0112,HW,Lattice tower,Highway,Mafraq-Safawi-Ruwaished (R10),Mafraq,32.34699,37.59548,45,2,,,Fiber (backbone add/drop spur),0
RO-09,Apr 2029 – Jun 2029,HWY-HW-0113,HW,Lattice tower,Highway,Mafraq-Safawi-Ruwaished (R10),Mafraq,32.37196,37.66450,45,2,,,Fiber (backbone add/drop spur),0
RO-09,Apr 2029 – Jun 2029,HWY-HW-0114,HW,Lattice tower,Highway,Mafraq-Safawi-Ruwaished (R10),Mafraq,32.38667,37.73256,45,2,,,Fiber (backbone add/drop spur),0
RO-09,Apr 2029 – Jun 2029,HWY-HW-0115,HW,Lattice tower,Highway,Mafraq-Safawi-Ruwaished (R10),Mafraq,32.40842,37.80521,45,2,,,Fiber (backbone add/drop spur),0
RO-09,Apr 2029 – Jun 2029,HWY-HW-0116,HW,Lattice tower,Highway,Mafraq-Safawi-Ruwaished (R10),Mafraq,32.42541,37.87603,45,2,,,Fiber (backbone add/drop spur),0
RO-09,Apr 2029 – Jun 2029,HWY-HW-0117,HW,Lattice tower,Highway,Mafraq-Safawi-Ruwaished (R10),Mafraq,32.44241,37.94684,45,2,,,Fiber (backbone add/drop spur),0
RO-09,Apr 2029 – Jun 2029,HWY-HW-0118,HW,Lattice tower,Highway,Mafraq-Safawi-Ruwaished (R10),Mafraq,32.45624,38.01766,45,2,,,Fiber (backbone add/drop spur),0
RO-09,Apr 2029 – Jun 2029,HWY-HW-0119,HW,Lattice tower,Highway,Mafraq-Safawi-Ruwaished (R10),Mafraq,32.47323,38.08847,45,2,,,Fiber (backbone add/drop spur),0
RO-09,Apr 2029 – Jun 2029,HWY-HW-0120,HW,Lattice tower,Highway,Mafraq-Safawi-Ruwaished (R10),Mafraq,32.49023,38.15929,45,2,,,Fiber (backbone add/drop spur),0
RO-09,Apr 2029 – Jun 2029,HWY-HW-0121,HW,Lattice tower,Highway,Mafraq-Safawi-Ruwaished (R10),Mafraq,32.51351,38.22703,45,2,,,Fiber (backbone add/drop spur),0
RO-09,Apr 2029 – Jun 2029,HWY-HW-0122,HW,Lattice tower,Highway,Mafraq-Safawi-Ruwaished (R10),Mafraq,32.54530,38.29060,45,2,,,Fiber (backbone add/drop spur),0
RO-09,Apr 2029 – Jun 2029,HWY-HW-0123,HW,Lattice tower,Highway,Mafraq-Safawi-Ruwaished (R10),Mafraq,32.57551,38.35234,45,2,,,Fiber (backbone add/drop spur),0
RO-09,Apr 2029 – Jun 2029,HWY-HW-0124,HW,Lattice tower,Highway,Mafraq-Safawi-Ruwaished (R10),Mafraq,32.60888,38.41775,45,2,,,Fiber (backbone add/drop spur),0
RO-09,Apr 2029 – Jun 2029,HWY-HW-0125,HW,Lattice tower,Highway,Mafraq-Safawi-Ruwaished (R10),Mafraq,32.64066,38.48133,45,2,,,Fiber (backbone add/drop spur),0
RO-09,Apr 2029 – Jun 2029,HWY-HW-0126,HW,Lattice tower,Highway,Mafraq-Safawi-Ruwaished (R10),Mafraq,32.67245,38.54490,45,2,,,Fiber (backbone add/drop spur),0
RO-09,Apr 2029 – Jun 2029,HWY-HW-0127,HW,Lattice tower,Highway,Mafraq-Safawi-Ruwaished (R10),Mafraq,32.70424,38.60848,45,2,,,Fiber (backbone add/drop spur),0
RO-09,Apr 2029 – Jun 2029,HWY-HW-0128,HW,Lattice tower,Highway,Mafraq-Safawi-Ruwaished (R10),Mafraq,32.73603,38.67205,45,2,,,Fiber (backbone add/drop spur),0
RO-09,Apr 2029 – Jun 2029,HWY-HW-0129,HW,Lattice tower,Highway,Mafraq-Safawi-Ruwaished (R10),Mafraq,32.76781,38.73563,45,2,,,Fiber (backbone add/drop spur),0
RO-09,Apr 2029 – Jun 2029,HWY-HW-0130,HW,Lattice tower,Highway,Mafraq-Safawi-Ruwaished (R10),Mafraq,32.79960,38.79920,45,2,,,Fiber (backbone add/drop spur),0
RO-09,Apr 2029 – Jun 2029,HWY-HW-0131,HW,Lattice tower,Highway,Quweira-Wadi Rum,Aqaba,29.77254,35.32933,45,2,,,Fiber (backbone add/drop spur),0
RO-09,Apr 2029 – Jun 2029,HWY-HW-0132,HW,Lattice tower,Highway,Quweira-Wadi Rum,Aqaba,29.72237,35.37351,45,2,,,Fiber (backbone add/drop spur),0
RO-09,Apr 2029 – Jun 2029,HWY-HW-0133,HW,Lattice tower,Highway,Quweira-Wadi Rum,Aqaba,29.66972,35.40408,45,2,,,Fiber (backbone add/drop spur),0
RO-09,Apr 2029 – Jun 2029,HWY-HW-0134,HW,Lattice tower,Highway,Quweira-Wadi Rum,Aqaba,29.60711,35.41497,45,2,,,Fiber (backbone add/drop spur),0
RO-09,Apr 2029 – Jun 2029,RUR-R-0098,R,Lattice tower,Rural,Karak-Tafilah plateau,Amman,31.30573,35.84555,45,3,,,Microwave 6-18 GHz XPIC 2x1G-4x1G,0
RO-09,Apr 2029 – Jun 2029,RUR-R-0099,R,Lattice tower,Rural,Karak-Tafilah plateau,Amman,31.30573,35.88714,45,3,,,Microwave 6-18 GHz XPIC 2x1G-4x1G,0
RO-09,Apr 2029 – Jun 2029,RUR-R-0105,R,Lattice tower,Rural,Karak-Tafilah plateau,Amman,31.33854,35.86635,45,3,,,Microwave 6-18 GHz XPIC 2x1G-4x1G,0
RO-09,Apr 2029 – Jun 2029,RUR-R-0106,R,Lattice tower,Rural,Karak-Tafilah plateau,Amman,31.34342,35.91361,45,3,,,Microwave 6-18 GHz XPIC 2x1G-4x1G,0
RO-09,Apr 2029 – Jun 2029,RUR-R-0111,R,Lattice tower,Rural,Karak-Tafilah plateau,Amman,31.37622,35.83988,45,3,,,Microwave 6-18 GHz XPIC 2x1G-4x1G,0
RO-09,Apr 2029 – Jun 2029,RUR-R-0112,R,Lattice tower,Rural,Karak-Tafilah plateau,Amman,31.37134,35.89281,45,3,,,Microwave 6-18 GHz XPIC 2x1G-4x1G,0
RO-09,Apr 2029 – Jun 2029,RUR-R-0113,R,Lattice tower,Rural,Karak-Tafilah plateau,Amman,31.37134,35.94007,45,3,,,Microwave 6-18 GHz XPIC 2x1G-4x1G,0
RO-09,Apr 2029 – Jun 2029,AMM-SU-2659,SU,Monopole / greenfield,Amman-Zarqa Metro,Amman outskirts,Amman,31.91272,36.04163,32,3,HUB-AMM-10,HUB-AMM-10-R01,Fiber ring,0
RO-09,Apr 2029 – Jun 2029,AMM-SU-2678,SU,Monopole / greenfield,Amman-Zarqa Metro,Amman outskirts,Amman,31.91840,36.03344,32,3,HUB-AMM-10,HUB-AMM-10-R01,Fiber ring,0
RO-09,Apr 2029 – Jun 2029,AMM-SU-2679,SU,Monopole / greenfield,Amman-Zarqa Metro,Amman outskirts,Amman,31.91899,36.03958,32,3,HUB-AMM-10,HUB-AMM-10-R01,Fiber ring,0
RO-09,Apr 2029 – Jun 2029,AMM-SU-2696,SU,Monopole / greenfield,Amman-Zarqa Metro,Amman outskirts,Amman,31.92408,36.02934,32,3,HUB-AMM-10,HUB-AMM-10-R01,Fiber ring,0
RO-09,Apr 2029 – Jun 2029,AMM-SU-2697,SU,Monopole / greenfield,Amman-Zarqa Metro,Amman outskirts,Amman,31.92408,36.04299,32,3,HUB-AMM-10,HUB-AMM-10-R01,Fiber ring,0
RO-09,Apr 2029 – Jun 2029,AMM-SU-2712,SU,Monopole / greenfield,Amman-Zarqa Metro,Amman outskirts,Amman,31.92682,36.03958,32,3,HUB-AMM-10,HUB-AMM-10-R01,Fiber ring,0
RO-09,Apr 2029 – Jun 2029,AMM-SU-2713,SU,Monopole / greenfield,Amman-Zarqa Metro,Amman outskirts,Amman,31.92799,36.04572,32,3,HUB-AMM-10,HUB-AMM-10-R01,Fiber ring,0
RO-09,Apr 2029 – Jun 2029,AMM-SU-2726,SU,Monopole / greenfield,Amman-Zarqa Metro,Amman outskirts,Amman,31.93308,36.05119,32,3,HUB-AMM-10,HUB-AMM-10-R01,Fiber ring,1
RO-09,Apr 2029 – Jun 2029,AMM-SU-2660,SU,Monopole / greenfield,Amman-Zarqa Metro,Amman outskirts,Amman,31.91272,36.05119,32,3,HUB-AMM-10,HUB-AMM-10-R02,Fiber ring,0
RO-09,Apr 2029 – Jun 2029,AMM-SU-2680,SU,Monopole / greenfield,Amman-Zarqa Metro,Amman outskirts,Amman,31.91840,36.04572,32,3,HUB-AMM-10,HUB-AMM-10-R02,Fiber ring,0
RO-09,Apr 2029 – Jun 2029,AMM-SU-2681,SU,Monopole / greenfield,Amman-Zarqa Metro,Amman outskirts,Amman,31.91664,36.05323,32,3,HUB-AMM-10,HUB-AMM-10-R02,Fiber ring,0
RO-09,Apr 2029 – Jun 2029,AMM-SU-2698,SU,Monopole / greenfield,Amman-Zarqa Metro,Amman outskirts,Amman,31.92290,36.04845,32,3,HUB-AMM-10,HUB-AMM-10-R02,Fiber ring,0
RO-09,Apr 2029 – Jun 2029,AMM-SU-2714,SU,Monopole / greenfield,Amman-Zarqa Metro,Amman outskirts,Amman,31.92799,36.05323,32,3,HUB-AMM-10,HUB-AMM-10-R02,Fiber ring,0
RO-09,Apr 2029 – Jun 2029,AMM-SU-2727,SU,Monopole / greenfield,Amman-Zarqa Metro,Amman outskirts,Amman,31.93308,36.05801,32,3,HUB-AMM-10,HUB-AMM-10-R02,Fiber ring,0
RO-09,Apr 2029 – Jun 2029,AMM-SU-2738,SU,Monopole / greenfield,Amman-Zarqa Metro,Amman outskirts,Amman,31.93817,36.06142,32,3,HUB-AMM-10,HUB-AMM-10-R02,Fiber ring,0
RO-09,Apr 2029 – Jun 2029,AMM-SU-2749,SU,Monopole / greenfield,Amman-Zarqa Metro,Amman outskirts,Amman,31.94268,36.05050,32,3,HUB-AMM-10,HUB-AMM-10-R03,Fiber ring,0
RO-09,Apr 2029 – Jun 2029,AMM-SU-2750,SU,Monopole / greenfield,Amman-Zarqa Metro,Amman outskirts,Amman,31.94327,36.05801,32,3,HUB-AMM-10,HUB-AMM-10-R03,Fiber ring,0
RO-09,Apr 2029 – Jun 2029,AMM-SU-2762,SU,Monopole / greenfield,Amman-Zarqa Metro,Amman outskirts,Amman,31.94953,36.05323,32,3,HUB-AMM-10,HUB-AMM-10-R03,Fiber ring,0
RO-09,Apr 2029 – Jun 2029,AMM-SU-2763,SU,Monopole / greenfield,Amman-Zarqa Metro,Amman outskirts,Amman,31.94836,36.06142,32,3,HUB-AMM-10,HUB-AMM-10-R03,Fiber ring,0
RO-09,Apr 2029 – Jun 2029,AMM-SU-2775,SU,Monopole / greenfield,Amman-Zarqa Metro,Amman outskirts,Amman,31.95286,36.05050,32,3,HUB-AMM-10,HUB-AMM-10-R03,Fiber ring,0
RO-09,Apr 2029 – Jun 2029,AMM-SU-2776,SU,Monopole / greenfield,Amman-Zarqa Metro,Amman outskirts,Amman,31.95286,36.05733,32,3,HUB-AMM-10,HUB-AMM-10-R03,Fiber ring,0
RO-09,Apr 2029 – Jun 2029,AMM-SU-2777,SU,Monopole / greenfield,Amman-Zarqa Metro,Amman outskirts,Amman,31.95345,36.06211,32,3,HUB-AMM-10,HUB-AMM-10-R03,Fiber ring,0
RO-09,Apr 2029 – Jun 2029,AMM-SU-2737,SU,Monopole / greenfield,Amman-Zarqa Metro,Amman outskirts,Amman,31.93817,36.04504,32,3,HUB-AMM-10,HUB-AMM-10-R04,Fiber ring,0
RO-09,Apr 2029 – Jun 2029,AMM-SU-2747,SU,Monopole / greenfield,Amman-Zarqa Metro,Amman outskirts,Amman,31.94444,36.03617,32,3,HUB-AMM-10,HUB-AMM-10-R04,Fiber ring,0
RO-09,Apr 2029 – Jun 2029,AMM-SU-2748,SU,Monopole / greenfield,Amman-Zarqa Metro,Amman outskirts,Amman,31.94327,36.04436,32,3,HUB-AMM-10,HUB-AMM-10-R04,Fiber ring,0
RO-09,Apr 2029 – Jun 2029,AMM-SU-2760,SU,Monopole / greenfield,Amman-Zarqa Metro,Amman outskirts,Amman,31.94953,36.03958,32,3,HUB-AMM-10,HUB-AMM-10-R04,Fiber ring,0
RO-09,Apr 2029 – Jun 2029,AMM-SU-2761,SU,Monopole / greenfield,Amman-Zarqa Metro,Amman outskirts,Amman,31.94836,36.04777,32,3,HUB-AMM-10,HUB-AMM-10-R04,Fiber ring,0
RO-09,Apr 2029 – Jun 2029,AMM-SU-2774,SU,Monopole / greenfield,Amman-Zarqa Metro,Amman outskirts,Amman,31.95345,36.04368,32,3,HUB-AMM-10,HUB-AMM-10-R04,Fiber ring,0
RO-09,Apr 2029 – Jun 2029,AMM-SU-2251,SU,Monopole / greenfield,Amman-Zarqa Metro,Amman outskirts,Amman,31.83753,35.98497,32,3,HUB-AMM-16,HUB-AMM-16-R01,Fiber ring,0
RO-09,Apr 2029 – Jun 2029,AMM-SU-2270,SU,Monopole / greenfield,Amman-Zarqa Metro,Amman outskirts,Amman,31.84145,35.98292,32,3,HUB-AMM-16,HUB-AMM-16-R01,Fiber ring,0
RO-09,Apr 2029 – Jun 2029,AMM-SU-2271,SU,Monopole / greenfield,Amman-Zarqa Metro,Amman outskirts,Amman,31.84262,35.98838,32,3,HUB-AMM-16,HUB-AMM-16-R01,Fiber ring,0
RO-09,Apr 2029 – Jun 2029,AMM-SU-2293,SU,Monopole / greenfield,Amman-Zarqa Metro,Amman outskirts,Amman,31.84654,35.98633,32,3,HUB-AMM-16,HUB-AMM-16-R01,Fiber ring,0
RO-09,Apr 2029 – Jun 2029,AMM-SU-2294,SU,Monopole / greenfield,Amman-Zarqa Metro,Amman outskirts,Amman,31.84654,35.99043,32,3,HUB-AMM-16,HUB-AMM-16-R01,Fiber ring,0
RO-09,Apr 2029 – Jun 2029,AMM-SU-2318,SU,Monopole / greenfield,Amman-Zarqa Metro,Amman outskirts,Amman,31.85163,35.98702,32,3,HUB-AMM-16,HUB-AMM-16-R01,Fiber ring,0
RO-09,Apr 2029 – Jun 2029,AMM-SU-2319,SU,Monopole / greenfield,Amman-Zarqa Metro,Amman outskirts,Amman,31.85163,35.99657,32,3,HUB-AMM-16,HUB-AMM-16-R01,Fiber ring,0
RO-09,Apr 2029 – Jun 2029,AMM-SU-2320,SU,Rooftop,Amman-Zarqa Metro,Amman outskirts,Amman,31.85281,36.00204,32,3,HUB-AMM-16,HUB-AMM-16-R01,Fiber ring,1
RO-09,Apr 2029 – Jun 2029,AMM-SU-2237,SU,Monopole / greenfield,Amman-Zarqa Metro,Amman outskirts,Amman,31.83185,35.98770,32,3,HUB-AMM-16,HUB-AMM-16-R02,Fiber ring,0
RO-09,Apr 2029 – Jun 2029,AMM-SU-2252,SU,Monopole / greenfield,Amman-Zarqa Metro,Amman outskirts,Amman,31.83695,35.99111,32,3,HUB-AMM-16,HUB-AMM-16-R02,Fiber ring,0
RO-09,Apr 2029 – Jun 2029,AMM-SU-2253,SU,Rooftop,Amman-Zarqa Metro,Amman outskirts,Amman,31.83518,35.99862,32,3,HUB-AMM-16,HUB-AMM-16-R02,Fiber ring,0
RO-09,Apr 2029 – Jun 2029,AMM-SU-2254,SU,Monopole / greenfield,Amman-Zarqa Metro,Amman outskirts,Amman,31.83636,36.00613,32,3,HUB-AMM-16,HUB-AMM-16-R02,Fiber ring,0
RO-09,Apr 2029 – Jun 2029,AMM-SU-2272,SU,Monopole / greenfield,Amman-Zarqa Metro,Amman outskirts,Amman,31.84145,35.99384,32,3,HUB-AMM-16,HUB-AMM-16-R02,Fiber ring,0
RO-09,Apr 2029 – Jun 2029,AMM-SU-2273,SU,Monopole / greenfield,Amman-Zarqa Metro,Amman outskirts,Amman,31.84145,36.00204,32,3,HUB-AMM-16,HUB-AMM-16-R02,Fiber ring,0
RO-09,Apr 2029 – Jun 2029,AMM-SU-2295,SU,Monopole / greenfield,Amman-Zarqa Metro,Amman outskirts,Amman,31.84771,35.99862,32,3,HUB-AMM-16,HUB-AMM-16-R02,Fiber ring,0
RO-09,Apr 2029 – Jun 2029,AMM-SU-2274,SU,Monopole / greenfield,Amman-Zarqa Metro,Amman outskirts,Amman,31.84145,36.00750,32,3,HUB-AMM-16,HUB-AMM-16-R03,Fiber ring,0
RO-09,Apr 2029 – Jun 2029,AMM-SU-2275,SU,Rooftop,Amman-Zarqa Metro,Amman outskirts,Amman,31.84204,36.01501,32,3,HUB-AMM-16,HUB-AMM-16-R03,Fiber ring,0
RO-09,Apr 2029 – Jun 2029,AMM-SU-2296,SU,Rooftop,Amman-Zarqa Metro,Amman outskirts,Amman,31.84771,36.00545,32,3,HUB-AMM-16,HUB-AMM-16-R03,Fiber ring,0
RO-09,Apr 2029 – Jun 2029,AMM-SU-2297,SU,Rooftop,Amman-Zarqa Metro,Amman outskirts,Amman,31.84654,36.01228,32,3,HUB-AMM-16,HUB-AMM-16-R03,Fiber ring,0
RO-09,Apr 2029 – Jun 2029,AMM-SU-2298,SU,Rooftop,Amman-Zarqa Metro,Amman outskirts,Amman,31.84654,36.01774,32,3,HUB-AMM-16,HUB-AMM-16-R03,Fiber ring,0
RO-09,Apr 2029 – Jun 2029,AMM-SU-2321,SU,Rooftop,Amman-Zarqa Metro,Amman outskirts,Amman,31.85163,36.00886,32,3,HUB-AMM-16,HUB-AMM-16-R03,Fiber ring,0
RO-09,Apr 2029 – Jun 2029,AMM-SU-2322,SU,Rooftop,Amman-Zarqa Metro,Amman outskirts,Amman,31.85163,36.01569,32,3,HUB-AMM-16,HUB-AMM-16-R03,Fiber ring,0
RO-09,Apr 2029 – Jun 2029,AMM-SU-2323,SU,Rooftop,Amman-Zarqa Metro,Amman outskirts,Amman,31.85163,36.02251,32,3,HUB-AMM-16,HUB-AMM-16-R04,Fiber ring,0
RO-09,Apr 2029 – Jun 2029,AMM-SU-2348,SU,Rooftop,Amman-Zarqa Metro,Amman outskirts,Amman,31.85672,36.01228,32,3,HUB-AMM-16,HUB-AMM-16-R04,Fiber ring,0
RO-09,Apr 2029 – Jun 2029,AMM-SU-2349,SU,Rooftop,Amman-Zarqa Metro,Amman outskirts,Amman,31.85672,36.01910,32,3,HUB-AMM-16,HUB-AMM-16-R04,Fiber ring,0
RO-09,Apr 2029 – Jun 2029,AMM-SU-2350,SU,Monopole / greenfield,Amman-Zarqa Metro,Amman outskirts,Amman,31.85672,36.02593,32,3,HUB-AMM-16,HUB-AMM-16-R04,Fiber ring,0
RO-09,Apr 2029 – Jun 2029,AMM-SU-2378,SU,Monopole / greenfield,Amman-Zarqa Metro,Amman outskirts,Amman,31.86299,36.02251,32,3,HUB-AMM-16,HUB-AMM-16-R04,Fiber ring,0
RO-09,Apr 2029 – Jun 2029,AMM-SU-2379,SU,Monopole / greenfield,Amman-Zarqa Metro,Amman outskirts,Amman,31.86299,36.02934,32,3,HUB-AMM-16,HUB-AMM-16-R04,Fiber ring,0
RO-09,Apr 2029 – Jun 2029,AMM-SU-2409,SU,Monopole / greenfield,Amman-Zarqa Metro,Amman outskirts,Amman,31.86690,36.02593,32,3,HUB-AMM-16,HUB-AMM-16-R04,Fiber ring,0
RO-09,Apr 2029 – Jun 2029,AMM-SU-2347,SU,Rooftop,Amman-Zarqa Metro,Amman outskirts,Amman,31.85672,36.00545,32,3,HUB-AMM-16,HUB-AMM-16-R05,Fiber ring,0
RO-09,Apr 2029 – Jun 2029,AMM-SU-2376,SU,Rooftop,Amman-Zarqa Metro,Amman outskirts,Amman,31.86181,36.00886,32,3,HUB-AMM-16,HUB-AMM-16-R05,Fiber ring,0
RO-09,Apr 2029 – Jun 2029,AMM-SU-2377,SU,Rooftop,Amman-Zarqa Metro,Amman outskirts,Amman,31.86181,36.01569,32,3,HUB-AMM-16,HUB-AMM-16-R05,Fiber ring,0
RO-09,Apr 2029 – Jun 2029,AMM-SU-2407,SU,Rooftop,Amman-Zarqa Metro,Amman outskirts,Amman,31.86690,36.01091,32,3,HUB-AMM-16,HUB-AMM-16-R05,Fiber ring,0
RO-09,Apr 2029 – Jun 2029,AMM-SU-2408,SU,Rooftop,Amman-Zarqa Metro,Amman outskirts,Amman,31.86749,36.01842,32,3,HUB-AMM-16,HUB-AMM-16-R05,Fiber ring,0
RO-09,Apr 2029 – Jun 2029,AMM-SU-2439,SU,Rooftop,Amman-Zarqa Metro,Amman outskirts,Amman,31.87199,36.00886,32,3,HUB-AMM-16,HUB-AMM-16-R05,Fiber ring,0
RO-09,Apr 2029 – Jun 2029,AMM-SU-2440,SU,Rooftop,Amman-Zarqa Metro,Amman outskirts,Amman,31.87199,36.01569,32,3,HUB-AMM-16,HUB-AMM-16-R05,Fiber ring,0
RO-09,Apr 2029 – Jun 2029,AMM-SU-2346,SU,Rooftop,Amman-Zarqa Metro,Amman outskirts,Amman,31.85672,35.99999,32,3,HUB-AMM-16,HUB-AMM-16-R06,Fiber ring,0
RO-09,Apr 2029 – Jun 2029,AMM-SU-2375,SU,Rooftop,Amman-Zarqa Metro,Amman outskirts,Amman,31.86181,36.00204,32,3,HUB-AMM-16,HUB-AMM-16-R06,Fiber ring,0
RO-09,Apr 2029 – Jun 2029,AMM-SU-2405,SU,Rooftop,Amman-Zarqa Metro,Amman outskirts,Amman,31.86749,35.99794,32,3,HUB-AMM-16,HUB-AMM-16-R06,Fiber ring,0
RO-09,Apr 2029 – Jun 2029,AMM-SU-2406,SU,Rooftop,Amman-Zarqa Metro,Amman outskirts,Amman,31.86808,36.00545,32,3,HUB-AMM-16,HUB-AMM-16-R06,Fiber ring,0
RO-09,Apr 2029 – Jun 2029,AMM-SU-2437,SU,Rooftop,Amman-Zarqa Metro,Amman outskirts,Amman,31.87317,35.99521,32,3,HUB-AMM-16,HUB-AMM-16-R06,Fiber ring,0
RO-09,Apr 2029 – Jun 2029,AMM-SU-2438,SU,Rooftop,Amman-Zarqa Metro,Amman outskirts,Amman,31.87199,36.00204,32,3,HUB-AMM-16,HUB-AMM-16-R06,Fiber ring,0
RO-09,Apr 2029 – Jun 2029,AMM-SU-2470,SU,Rooftop,Amman-Zarqa Metro,Amman outskirts,Amman,31.87708,35.99726,32,3,HUB-AMM-16,HUB-AMM-16-R06,Fiber ring,0
RO-09,Apr 2029 – Jun 2029,AMM-SU-2317,SU,Monopole / greenfield,Amman-Zarqa Metro,Amman outskirts,Amman,31.85281,35.98156,32,3,HUB-AMM-16,HUB-AMM-16-R07,Fiber ring,0
RO-09,Apr 2029 – Jun 2029,AMM-SU-2344,SU,Monopole / greenfield,Amman-Zarqa Metro,Amman outskirts,Amman,31.85790,35.98497,32,3,HUB-AMM-16,HUB-AMM-16-R07,Fiber ring,0
RO-09,Apr 2029 – Jun 2029,AMM-SU-2345,SU,Monopole / greenfield,Amman-Zarqa Metro,Amman outskirts,Amman,31.85672,35.99180,32,3,HUB-AMM-16,HUB-AMM-16-R07,Fiber ring,0
RO-09,Apr 2029 – Jun 2029,AMM-SU-2373,SU,Rooftop,Amman-Zarqa Metro,Amman outskirts,Amman,31.86299,35.98838,32,3,HUB-AMM-16,HUB-AMM-16-R07,Fiber ring,0
RO-09,Apr 2029 – Jun 2029,AMM-SU-2374,SU,Rooftop,Amman-Zarqa Metro,Amman outskirts,Amman,31.86181,35.99384,32,3,HUB-AMM-16,HUB-AMM-16-R07,Fiber ring,0
RO-09,Apr 2029 – Jun 2029,AMM-SU-2404,SU,Rooftop,Amman-Zarqa Metro,Amman outskirts,Amman,31.86690,35.99180,32,3,HUB-AMM-16,HUB-AMM-16-R07,Fiber ring,0
RO-09,Apr 2029 – Jun 2029,AMM-SU-3249,SU,Monopole / greenfield,Amman-Zarqa Metro,Zarqa outskirts,Zarqa,32.06545,36.13856,32,3,HUB-AMM-18,HUB-AMM-18-R01,Fiber ring,0
RO-09,Apr 2029 – Jun 2029,AMM-SU-3250,SU,Monopole / greenfield,Amman-Zarqa Metro,Zarqa outskirts,Zarqa,32.06486,36.15153,32,3,HUB-AMM-18,HUB-AMM-18-R01,Fiber ring,0
RO-09,Apr 2029 – Jun 2029,AMM-SU-3278,SU,Monopole / greenfield,Amman-Zarqa Metro,Zarqa outskirts,Zarqa,32.07171,36.14198,32,3,HUB-AMM-18,HUB-AMM-18-R01,Fiber ring,0
RO-09,Apr 2029 – Jun 2029,AMM-SU-3279,SU,Monopole / greenfield,Amman-Zarqa Metro,Zarqa outskirts,Zarqa,32.06936,36.14880,32,3,HUB-AMM-18,HUB-AMM-18-R01,Fiber ring,0
RO-09,Apr 2029 – Jun 2029,AMM-SU-3305,SU,Monopole / greenfield,Amman-Zarqa Metro,Zarqa outskirts,Zarqa,32.07563,36.13856,32,3,HUB-AMM-18,HUB-AMM-18-R01,Fiber ring,0
RO-09,Apr 2029 – Jun 2029,AMM-SU-3332,SU,Monopole / greenfield,Amman-Zarqa Metro,Zarqa outskirts,Zarqa,32.07954,36.13515,32,3,HUB-AMM-18,HUB-AMM-18-R01,Fiber ring,0
RO-09,Apr 2029 – Jun 2029,AMM-SU-3333,SU,Monopole / greenfield,Amman-Zarqa Metro,Zarqa outskirts,Zarqa,32.08072,36.14061,32,3,HUB-AMM-18,HUB-AMM-18-R01,Fiber ring,1
RO-09,Apr 2029 – Jun 2029,AMM-SU-3306,SU,Monopole / greenfield,Amman-Zarqa Metro,Zarqa outskirts,Zarqa,32.07563,36.14675,32,3,HUB-AMM-18,HUB-AMM-18-R02,Fiber ring,0
RO-09,Apr 2029 – Jun 2029,AMM-SU-3307,SU,Monopole / greenfield,Amman-Zarqa Metro,Zarqa outskirts,Zarqa,32.07622,36.15290,32,3,HUB-AMM-18,HUB-AMM-18-R02,Fiber ring,0
RO-09,Apr 2029 – Jun 2029,AMM-SU-3334,SU,Monopole / greenfield,Amman-Zarqa Metro,Zarqa outskirts,Zarqa,32.07954,36.14880,32,3,HUB-AMM-18,HUB-AMM-18-R02,Fiber ring,0
RO-09,Apr 2029 – Jun 2029,AMM-SU-3357,SU,Monopole / greenfield,Amman-Zarqa Metro,Zarqa outskirts,Zarqa,32.08581,36.14539,32,3,HUB-AMM-18,HUB-AMM-18-R02,Fiber ring,0
RO-09,Apr 2029 – Jun 2029,AMM-SU-3376,SU,Monopole / greenfield,Amman-Zarqa Metro,Zarqa outskirts,Zarqa,32.09090,36.14198,32,3,HUB-AMM-18,HUB-AMM-18-R02,Fiber ring,0
RO-09,Apr 2029 – Jun 2029,AMM-SU-3386,SU,Monopole / greenfield,Amman-Zarqa Metro,Zarqa outskirts,Zarqa,32.09482,36.14539,32,3,HUB-AMM-18,HUB-AMM-18-R02,Fiber ring,0
RO-09,Apr 2029 – Jun 2029,AMM-SU-3355,SU,Monopole / greenfield,Amman-Zarqa Metro,Zarqa outskirts,Zarqa,32.08522,36.13105,32,3,HUB-AMM-18,HUB-AMM-18-R03,Fiber ring,0
RO-09,Apr 2029 – Jun 2029,AMM-SU-3356,SU,Monopole / greenfield,Amman-Zarqa Metro,Zarqa outskirts,Zarqa,32.08463,36.13856,32,3,HUB-AMM-18,HUB-AMM-18-R03,Fiber ring,0
RO-09,Apr 2029 – Jun 2029,AMM-SU-3375,SU,Monopole / greenfield,Amman-Zarqa Metro,Zarqa outskirts,Zarqa,32.09090,36.13378,32,3,HUB-AMM-18,HUB-AMM-18-R03,Fiber ring,0
RO-09,Apr 2029 – Jun 2029,AMM-SU-3385,SU,Rooftop,Amman-Zarqa Metro,Zarqa outskirts,Zarqa,32.09482,36.13856,32,3,HUB-AMM-18,HUB-AMM-18-R03,Fiber ring,0
RO-09,Apr 2029 – Jun 2029,AMM-U-2043,U,Monopole / greenfield,Amman-Zarqa Metro,Zarqa,Zarqa,32.08111,36.12911,30,3,HUB-AMM-18,HUB-AMM-18-R03,Fiber ring,0
RO-09,Apr 2029 – Jun 2029,AMM-U-2065,U,Monopole / greenfield,Amman-Zarqa Metro,Zarqa,Zarqa,32.08463,36.12628,30,3,HUB-AMM-18,HUB-AMM-18-R03,Fiber ring,0
RO-09,Apr 2029 – Jun 2029,AMM-SU-2592,SU,Monopole / greenfield,Amman-Zarqa Metro,Amman outskirts,Amman,31.90371,35.79042,32,3,HUB-AMM-25,HUB-AMM-25-R01,Fiber ring,0
RO-09,Apr 2029 – Jun 2029,AMM-SU-2615,SU,Monopole / greenfield,Amman-Zarqa Metro,Amman outskirts,Amman,31.90763,35.77472,32,3,HUB-AMM-25,HUB-AMM-25-R01,Fiber ring,0
RO-09,Apr 2029 – Jun 2029,AMM-SU-2616,SU,Monopole / greenfield,Amman-Zarqa Metro,Amman outskirts,Amman,31.90880,35.78018,32,3,HUB-AMM-25,HUB-AMM-25-R01,Fiber ring,0
RO-09,Apr 2029 – Jun 2029,AMM-SU-2617,SU,Monopole / greenfield,Amman-Zarqa Metro,Amman outskirts,Amman,31.90763,35.78837,32,3,HUB-AMM-25,HUB-AMM-25-R01,Fiber ring,0
RO-09,Apr 2029 – Jun 2029,AMM-SU-2618,SU,Monopole / greenfield,Amman-Zarqa Metro,Amman outskirts,Amman,31.90880,35.79383,32,3,HUB-AMM-25,HUB-AMM-25-R01,Fiber ring,0
RO-09,Apr 2029 – Jun 2029,AMM-SU-2639,SU,Monopole / greenfield,Amman-Zarqa Metro,Amman outskirts,Amman,31.91272,35.77130,32,3,HUB-AMM-25,HUB-AMM-25-R01,Fiber ring,0
RO-09,Apr 2029 – Jun 2029,AMM-SU-2640,SU,Monopole / greenfield,Amman-Zarqa Metro,Amman outskirts,Amman,31.91272,35.77813,32,3,HUB-AMM-25,HUB-AMM-25-R01,Fiber ring,0
RO-09,Apr 2029 – Jun 2029,AMM-SU-2643,SU,Monopole / greenfield,Amman-Zarqa Metro,Amman outskirts,Amman,31.91331,35.79793,32,3,HUB-AMM-25,HUB-AMM-25-R01,Fiber ring,1
RO-09,Apr 2029 – Jun 2029,AMM-SU-2542,SU,Monopole / greenfield,Amman-Zarqa Metro,Amman outskirts,Amman,31.89294,35.79793,32,3,HUB-AMM-25,HUB-AMM-25-R02,Fiber ring,0
RO-09,Apr 2029 – Jun 2029,AMM-SU-2567,SU,Monopole / greenfield,Amman-Zarqa Metro,Amman outskirts,Amman,31.89862,35.78701,32,3,HUB-AMM-25,HUB-AMM-25-R02,Fiber ring,0
RO-09,Apr 2029 – Jun 2029,AMM-SU-2568,SU,Monopole / greenfield,Amman-Zarqa Metro,Amman outskirts,Amman,31.89745,35.79520,32,3,HUB-AMM-25,HUB-AMM-25-R02,Fiber ring,0
RO-09,Apr 2029 – Jun 2029,AMM-SU-2569,SU,Monopole / greenfield,Amman-Zarqa Metro,Amman outskirts,Amman,31.89862,35.81431,32,3,HUB-AMM-25,HUB-AMM-25-R02,Fiber ring,0
RO-09,Apr 2029 – Jun 2029,AMM-SU-2593,SU,Monopole / greenfield,Amman-Zarqa Metro,Amman outskirts,Amman,31.90371,35.79724,32,3,HUB-AMM-25,HUB-AMM-25-R02,Fiber ring,0
RO-09,Apr 2029 – Jun 2029,AMM-SU-2594,SU,Monopole / greenfield,Amman-Zarqa Metro,Amman outskirts,Amman,31.90136,35.80407,32,3,HUB-AMM-25,HUB-AMM-25-R02,Fiber ring,0
RO-09,Apr 2029 – Jun 2029,AMM-SU-2619,SU,Monopole / greenfield,Amman-Zarqa Metro,Amman outskirts,Amman,31.90763,35.80202,32,3,HUB-AMM-25,HUB-AMM-25-R02,Fiber ring,0
RO-09,Apr 2029 – Jun 2029,AMM-SU-2595,SU,Monopole / greenfield,Amman-Zarqa Metro,Amman outskirts,Amman,31.90313,35.81158,32,3,HUB-AMM-25,HUB-AMM-25-R03,Fiber ring,0
RO-09,Apr 2029 – Jun 2029,AMM-SU-2596,SU,Monopole / greenfield,Amman-Zarqa Metro,Amman outskirts,Amman,31.90254,35.81636,32,3,HUB-AMM-25,HUB-AMM-25-R03,Fiber ring,0
RO-09,Apr 2029 – Jun 2029,AMM-SU-2620,SU,Monopole / greenfield,Amman-Zarqa Metro,Amman outskirts,Amman,31.90880,35.80748,32,3,HUB-AMM-25,HUB-AMM-25-R03,Fiber ring,0
RO-09,Apr 2029 – Jun 2029,AMM-SU-2621,SU,Monopole / greenfield,Amman-Zarqa Metro,Amman outskirts,Amman,31.90645,35.81431,32,3,HUB-AMM-25,HUB-AMM-25-R03,Fiber ring,0
RO-09,Apr 2029 – Jun 2029,AMM-SU-2622,SU,Monopole / greenfield,Amman-Zarqa Metro,Amman outskirts,Amman,31.90880,35.82114,32,3,HUB-AMM-25,HUB-AMM-25-R03,Fiber ring,0
RO-09,Apr 2029 – Jun 2029,AMM-SU-2644,SU,Monopole / greenfield,Amman-Zarqa Metro,Amman outskirts,Amman,31.91154,35.80407,32,3,HUB-AMM-25,HUB-AMM-25-R03,Fiber ring,0
RO-09,Apr 2029 – Jun 2029,AMM-SU-2645,SU,Monopole / greenfield,Amman-Zarqa Metro,Amman outskirts,Amman,31.91213,35.81158,32,3,HUB-AMM-25,HUB-AMM-25-R03,Fiber ring,0
RO-09,Apr 2029 – Jun 2029,AMM-SU-2646,SU,Monopole / greenfield,Amman-Zarqa Metro,Amman outskirts,Amman,31.91272,35.81636,32,3,HUB-AMM-25,HUB-AMM-25-R04,Fiber ring,0
RO-09,Apr 2029 – Jun 2029,AMM-SU-2665,SU,Monopole / greenfield,Amman-Zarqa Metro,Amman outskirts,Amman,31.91781,35.80202,32,3,HUB-AMM-25,HUB-AMM-25-R04,Fiber ring,0
RO-09,Apr 2029 – Jun 2029,AMM-SU-2666,SU,Monopole / greenfield,Amman-Zarqa Metro,Amman outskirts,Amman,31.91781,35.80612,32,3,HUB-AMM-25,HUB-AMM-25-R04,Fiber ring,0
RO-09,Apr 2029 – Jun 2029,AMM-SU-2667,SU,Monopole / greenfield,Amman-Zarqa Metro,Amman outskirts,Amman,31.91781,35.81568,32,3,HUB-AMM-25,HUB-AMM-25-R04,Fiber ring,0
RO-09,Apr 2029 – Jun 2029,AMM-SU-2687,SU,Monopole / greenfield,Amman-Zarqa Metro,Amman outskirts,Amman,31.92349,35.80339,32,3,HUB-AMM-25,HUB-AMM-25-R04,Fiber ring,0
RO-09,Apr 2029 – Jun 2029,AMM-SU-2688,SU,Monopole / greenfield,Amman-Zarqa Metro,Amman outskirts,Amman,31.92290,35.80953,32,3,HUB-AMM-25,HUB-AMM-25-R04,Fiber ring,0
RO-09,Apr 2029 – Jun 2029,AMM-SU-2704,SU,Monopole / greenfield,Amman-Zarqa Metro,Amman outskirts,Amman,31.92682,35.80066,32,3,HUB-AMM-25,HUB-AMM-25-R04,Fiber ring,0
RO-09,Apr 2029 – Jun 2029,AMM-SU-2662,SU,Monopole / greenfield,Amman-Zarqa Metro,Amman outskirts,Amman,31.91664,35.78018,32,3,HUB-AMM-25,HUB-AMM-25-R05,Fiber ring,0
RO-09,Apr 2029 – Jun 2029,AMM-SU-2663,SU,Monopole / greenfield,Amman-Zarqa Metro,Amman outskirts,Amman,31.91840,35.78769,32,3,HUB-AMM-25,HUB-AMM-25-R05,Fiber ring,0
RO-09,Apr 2029 – Jun 2029,AMM-SU-2664,SU,Monopole / greenfield,Amman-Zarqa Metro,Amman outskirts,Amman,31.91781,35.79247,32,3,HUB-AMM-25,HUB-AMM-25-R05,Fiber ring,0
RO-09,Apr 2029 – Jun 2029,AMM-SU-2684,SU,Monopole / greenfield,Amman-Zarqa Metro,Amman outskirts,Amman,31.92173,35.78359,32,3,HUB-AMM-25,HUB-AMM-25-R05,Fiber ring,0
RO-09,Apr 2029 – Jun 2029,AMM-SU-2685,SU,Monopole / greenfield,Amman-Zarqa Metro,Amman outskirts,Amman,31.92290,35.79178,32,3,HUB-AMM-25,HUB-AMM-25-R05,Fiber ring,0
RO-09,Apr 2029 – Jun 2029,AMM-SU-2686,SU,Monopole / greenfield,Amman-Zarqa Metro,Amman outskirts,Amman,31.92173,35.79724,32,3,HUB-AMM-25,HUB-AMM-25-R05,Fiber ring,0
RO-09,Apr 2029 – Jun 2029,AMM-SU-2703,SU,Monopole / greenfield,Amman-Zarqa Metro,Amman outskirts,Amman,31.92799,35.79520,32,3,HUB-AMM-25,HUB-AMM-25-R05,Fiber ring,0
RO-09,Apr 2029 – Jun 2029,AMM-SU-2641,SU,Monopole / greenfield,Amman-Zarqa Metro,Amman outskirts,Amman,31.91331,35.78291,32,3,HUB-AMM-25,HUB-AMM-25-R06,Fiber ring,0
RO-09,Apr 2029 – Jun 2029,AMM-SU-2642,SU,Monopole / greenfield,Amman-Zarqa Metro,Amman outskirts,Amman,31.91390,35.79042,32,3,HUB-AMM-25,HUB-AMM-25-R06,Fiber ring,0
RO-09,Apr 2029 – Jun 2029,AMM-SU-2661,SU,Monopole / greenfield,Amman-Zarqa Metro,Amman outskirts,Amman,31.91664,35.77335,32,3,HUB-AMM-25,HUB-AMM-25-R06,Fiber ring,0
RO-09,Apr 2029 – Jun 2029,AMM-SU-3065,SU,Rooftop,Amman-Zarqa Metro,Amman outskirts,Zarqa,32.03940,36.01842,32,3,HUB-AMM-26,HUB-AMM-26-R01,Fiber ring,0
RO-09,Apr 2029 – Jun 2029,AMM-SU-3093,SU,Monopole / greenfield,Amman-Zarqa Metro,Amman outskirts,Zarqa,32.04449,36.00886,32,3,HUB-AMM-26,HUB-AMM-26-R01,Fiber ring,0
RO-09,Apr 2029 – Jun 2029,AMM-SU-3094,SU,Monopole / greenfield,Amman-Zarqa Metro,Amman outskirts,Zarqa,32.04508,36.01432,32,3,HUB-AMM-26,HUB-AMM-26-R01,Fiber ring,0
RO-09,Apr 2029 – Jun 2029,AMM-SU-3095,SU,Monopole / greenfield,Amman-Zarqa Metro,Zarqa outskirts,Zarqa,32.04391,36.02251,32,3,HUB-AMM-26,HUB-AMM-26-R01,Fiber ring,0
RO-09,Apr 2029 – Jun 2029,AMM-SU-3134,SU,Monopole / greenfield,Amman-Zarqa Metro,Zarqa outskirts,Zarqa,32.05017,36.01774,32,3,HUB-AMM-26,HUB-AMM-26-R01,Fiber ring,1
RO-09,Apr 2029 – Jun 2029,AMM-SU-3135,SU,Monopole / greenfield,Amman-Zarqa Metro,Zarqa outskirts,Zarqa,32.05076,36.02525,32,3,HUB-AMM-26,HUB-AMM-26-R01,Fiber ring,0
RO-09,Apr 2029 – Jun 2029,AMM-SU-3136,SU,Monopole / greenfield,Amman-Zarqa Metro,Zarqa outskirts,Zarqa,32.04959,36.03207,32,3,HUB-AMM-26,HUB-AMM-26-R01,Fiber ring,0
RO-09,Apr 2029 – Jun 2029,AMM-SU-3137,SU,Monopole / greenfield,Amman-Zarqa Metro,Zarqa outskirts,Zarqa,32.05017,36.03822,32,3,HUB-AMM-26,HUB-AMM-26-R01,Fiber ring,0
RO-09,Apr 2029 – Jun 2029,AMM-SU-3174,SU,Monopole / greenfield,Amman-Zarqa Metro,Zarqa outskirts,Zarqa,32.05644,36.02251,32,3,HUB-AMM-26,HUB-AMM-26-R02,Fiber ring,0
RO-09,Apr 2029 – Jun 2029,AMM-SU-3175,SU,Monopole / greenfield,Amman-Zarqa Metro,Zarqa outskirts,Zarqa,32.05644,36.02934,32,3,HUB-AMM-26,HUB-AMM-26-R02,Fiber ring,0
RO-09,Apr 2029 – Jun 2029,AMM-SU-3176,SU,Monopole / greenfield,Amman-Zarqa Metro,Zarqa outskirts,Zarqa,32.05644,36.03617,32,3,HUB-AMM-26,HUB-AMM-26-R02,Fiber ring,0
RO-09,Apr 2029 – Jun 2029,AMM-SU-3213,SU,Monopole / greenfield,Amman-Zarqa Metro,Zarqa outskirts,Zarqa,32.05977,36.02661,32,3,HUB-AMM-26,HUB-AMM-26-R02,Fiber ring,0
RO-09,Apr 2029 – Jun 2029,AMM-SU-3214,SU,Monopole / greenfield,Amman-Zarqa Metro,Zarqa outskirts,Zarqa,32.05918,36.03275,32,3,HUB-AMM-26,HUB-AMM-26-R02,Fiber ring,0
RO-09,Apr 2029 – Jun 2029,AMM-SU-3245,SU,Monopole / greenfield,Amman-Zarqa Metro,Zarqa outskirts,Zarqa,32.06603,36.02183,32,3,HUB-AMM-26,HUB-AMM-26-R02,Fiber ring,0
RO-09,Apr 2029 – Jun 2029,AMM-SU-3246,SU,Monopole / greenfield,Amman-Zarqa Metro,Zarqa outskirts,Zarqa,32.06545,36.02798,32,3,HUB-AMM-26,HUB-AMM-26-R02,Fiber ring,0
RO-09,Apr 2029 – Jun 2029,AMM-SU-3132,SU,Monopole / greenfield,Amman-Zarqa Metro,Amman outskirts,Zarqa,32.05135,35.99862,32,3,HUB-AMM-26,HUB-AMM-26-R03,Fiber ring,0
RO-09,Apr 2029 – Jun 2029,AMM-SU-3133,SU,Monopole / greenfield,Amman-Zarqa Metro,Amman outskirts,Zarqa,32.05135,36.00545,32,3,HUB-AMM-26,HUB-AMM-26-R03,Fiber ring,0
RO-09,Apr 2029 – Jun 2029,AMM-SU-3172,SU,Monopole / greenfield,Amman-Zarqa Metro,Amman outskirts,Zarqa,32.05468,35.99453,32,3,HUB-AMM-26,HUB-AMM-26-R03,Fiber ring,0
RO-09,Apr 2029 – Jun 2029,AMM-SU-3173,SU,Monopole / greenfield,Amman-Zarqa Metro,Amman outskirts,Zarqa,32.05409,36.00204,32,3,HUB-AMM-26,HUB-AMM-26-R03,Fiber ring,0
RO-09,Apr 2029 – Jun 2029,AMM-SU-3211,SU,Monopole / greenfield,Amman-Zarqa Metro,Amman outskirts,Zarqa,32.05918,35.99180,32,3,HUB-AMM-26,HUB-AMM-26-R03,Fiber ring,0
RO-09,Apr 2029 – Jun 2029,AMM-SU-3212,SU,Monopole / greenfield,Amman-Zarqa Metro,Zarqa outskirts,Zarqa,32.05977,36.01842,32,3,HUB-AMM-26,HUB-AMM-26-R03,Fiber ring,0
RO-09,Apr 2029 – Jun 2029,AMM-SU-3273,SU,Monopole / greenfield,Amman-Zarqa Metro,Zarqa outskirts,Zarqa,32.07054,36.01774,32,3,HUB-AMM-26,HUB-AMM-26-R03,Fiber ring,0
RO-09,Apr 2029 – Jun 2029,AMM-SU-2239,SU,Monopole / greenfield,Amman-Zarqa Metro,Amman outskirts,Amman,31.83753,35.90305,32,3,HUB-AMM-30,HUB-AMM-30-R01,Fiber ring,0
RO-09,Apr 2029 – Jun 2029,AMM-SU-2258,SU,Monopole / greenfield,Amman-Zarqa Metro,Amman outskirts,Amman,31.84145,35.90101,32,3,HUB-AMM-30,HUB-AMM-30-R01,Fiber ring,0
RO-09,Apr 2029 – Jun 2029,AMM-SU-2259,SU,Rooftop,Amman-Zarqa Metro,Amman outskirts,Amman,31.84145,35.90783,32,3,HUB-AMM-30,HUB-AMM-30-R01,Fiber ring,0
RO-09,Apr 2029 – Jun 2029,AMM-SU-2260,SU,Monopole / greenfield,Amman-Zarqa Metro,Amman outskirts,Amman,31.84145,35.91193,32,3,HUB-AMM-30,HUB-AMM-30-R01,Fiber ring,0
RO-09,Apr 2029 – Jun 2029,AMM-SU-2281,SU,Monopole / greenfield,Amman-Zarqa Metro,Amman outskirts,Amman,31.84771,35.90305,32,3,HUB-AMM-30,HUB-AMM-30-R01,Fiber ring,0
RO-09,Apr 2029 – Jun 2029,AMM-SU-2282,SU,Rooftop,Amman-Zarqa Metro,Amman outskirts,Amman,31.84654,35.91125,32,3,HUB-AMM-30,HUB-AMM-30-R01,Fiber ring,0
RO-09,Apr 2029 – Jun 2029,AMM-SU-2283,SU,Rooftop,Amman-Zarqa Metro,Amman outskirts,Amman,31.84713,35.91602,32,3,HUB-AMM-30,HUB-AMM-30-R01,Fiber ring,0
RO-09,Apr 2029 – Jun 2029,AMM-SU-2308,SU,Rooftop,Amman-Zarqa Metro,Amman outskirts,Amman,31.85163,35.92012,32,3,HUB-AMM-30,HUB-AMM-30-R01,Fiber ring,1
RO-09,Apr 2029 – Jun 2029,AMM-SU-2227,SU,Monopole / greenfield,Amman-Zarqa Metro,Amman outskirts,Amman,31.83244,35.91329,32,3,HUB-AMM-30,HUB-AMM-30-R02,Fiber ring,0
RO-09,Apr 2029 – Jun 2029,AMM-SU-2228,SU,Monopole / greenfield,Amman-Zarqa Metro,Amman outskirts,Amman,31.83127,35.92012,32,3,HUB-AMM-30,HUB-AMM-30-R02,Fiber ring,0
RO-09,Apr 2029 – Jun 2029,AMM-SU-2229,SU,Monopole / greenfield,Amman-Zarqa Metro,Amman outskirts,Amman,31.83244,35.92695,32,3,HUB-AMM-30,HUB-AMM-30-R02,Fiber ring,0
RO-09,Apr 2029 – Jun 2029,AMM-SU-2240,SU,Monopole / greenfield,Amman-Zarqa Metro,Amman outskirts,Amman,31.83753,35.90988,32,3,HUB-AMM-30,HUB-AMM-30-R02,Fiber ring,0
RO-09,Apr 2029 – Jun 2029,AMM-SU-2241,SU,Monopole / greenfield,Amman-Zarqa Metro,Amman outskirts,Amman,31.83636,35.91534,32,3,HUB-AMM-30,HUB-AMM-30-R02,Fiber ring,0
RO-09,Apr 2029 – Jun 2029,AMM-SU-2242,SU,Monopole / greenfield,Amman-Zarqa Metro,Amman outskirts,Amman,31.83636,35.92490,32,3,HUB-AMM-30,HUB-AMM-30-R02,Fiber ring,0
RO-09,Apr 2029 – Jun 2029,AMM-SU-2261,SU,Monopole / greenfield,Amman-Zarqa Metro,Amman outskirts,Amman,31.84145,35.92148,32,3,HUB-AMM-30,HUB-AMM-30-R02,Fiber ring,0
RO-09,Apr 2029 – Jun 2029,AMM-SU-2243,SU,Monopole / greenfield,Amman-Zarqa Metro,Amman outskirts,Amman,31.83695,35.92968,32,3,HUB-AMM-30,HUB-AMM-30-R03,Fiber ring,0
RO-09,Apr 2029 – Jun 2029,AMM-SU-2262,SU,Monopole / greenfield,Amman-Zarqa Metro,Amman outskirts,Amman,31.84145,35.92695,32,3,HUB-AMM-30,HUB-AMM-30-R03,Fiber ring,0
RO-09,Apr 2029 – Jun 2029,AMM-SU-2263,SU,Monopole / greenfield,Amman-Zarqa Metro,Amman outskirts,Amman,31.84204,35.93309,32,3,HUB-AMM-30,HUB-AMM-30-R03,Fiber ring,0
RO-09,Apr 2029 – Jun 2029,AMM-SU-2284,SU,Monopole / greenfield,Amman-Zarqa Metro,Amman outskirts,Amman,31.84713,35.92422,32,3,HUB-AMM-30,HUB-AMM-30-R03,Fiber ring,0
RO-09,Apr 2029 – Jun 2029,AMM-SU-2285,SU,Monopole / greenfield,Amman-Zarqa Metro,Amman outskirts,Amman,31.84771,35.93036,32,3,HUB-AMM-30,HUB-AMM-30-R03,Fiber ring,0
RO-09,Apr 2029 – Jun 2029,AMM-SU-2286,SU,Rooftop,Amman-Zarqa Metro,Amman outskirts,Amman,31.84713,35.93650,32,3,HUB-AMM-30,HUB-AMM-30-R03,Fiber ring,0
RO-09,Apr 2029 – Jun 2029,AMM-SU-2309,SU,Rooftop,Amman-Zarqa Metro,Amman outskirts,Amman,31.85163,35.92831,32,3,HUB-AMM-30,HUB-AMM-30-R03,Fiber ring,0
RO-09,Apr 2029 – Jun 2029,AMM-SU-2310,SU,Rooftop,Amman-Zarqa Metro,Amman outskirts,Amman,31.85281,35.93377,32,3,HUB-AMM-30,HUB-AMM-30-R04,Fiber ring,0
RO-09,Apr 2029 – Jun 2029,AMM-SU-2311,SU,Rooftop,Amman-Zarqa Metro,Amman outskirts,Amman,31.85222,35.93992,32,3,HUB-AMM-30,HUB-AMM-30-R04,Fiber ring,0
RO-09,Apr 2029 – Jun 2029,AMM-SU-2336,SU,Rooftop,Amman-Zarqa Metro,Amman outskirts,Amman,31.85672,35.93172,32,3,HUB-AMM-30,HUB-AMM-30-R04,Fiber ring,0
RO-09,Apr 2029 – Jun 2029,AMM-SU-2337,SU,Rooftop,Amman-Zarqa Metro,Amman outskirts,Amman,31.85613,35.93650,32,3,HUB-AMM-30,HUB-AMM-30-R04,Fiber ring,0
RO-09,Apr 2029 – Jun 2029,AMM-SU-2338,SU,Rooftop,Amman-Zarqa Metro,Amman outskirts,Amman,31.85672,35.94265,32,3,HUB-AMM-30,HUB-AMM-30-R04,Fiber ring,0
RO-09,Apr 2029 – Jun 2029,AMM-SU-2365,SU,Rooftop,Amman-Zarqa Metro,Amman outskirts,Amman,31.86064,35.93377,32,3,HUB-AMM-30,HUB-AMM-30-R04,Fiber ring,0
RO-09,Apr 2029 – Jun 2029,AMM-SU-2366,SU,Rooftop,Amman-Zarqa Metro,Amman outskirts,Amman,31.86181,35.94060,32,3,HUB-AMM-30,HUB-AMM-30-R04,Fiber ring,0
RO-09,Apr 2029 – Jun 2029,AMM-SU-2335,SU,Rooftop,Amman-Zarqa Metro,Amman outskirts,Amman,31.85672,35.92490,32,3,HUB-AMM-30,HUB-AMM-30-R05,Fiber ring,0
RO-09,Apr 2029 – Jun 2029,AMM-SU-2363,SU,Monopole / greenfield,Amman-Zarqa Metro,Amman outskirts,Amman,31.86064,35.92012,32,3,HUB-AMM-30,HUB-AMM-30-R05,Fiber ring,0
RO-09,Apr 2029 – Jun 2029,AMM-SU-2364,SU,Rooftop,Amman-Zarqa Metro,Amman outskirts,Amman,31.86181,35.92831,32,3,HUB-AMM-30,HUB-AMM-30-R05,Fiber ring,0
RO-09,Apr 2029 – Jun 2029,AMM-SU-2393,SU,Rooftop,Amman-Zarqa Metro,Amman outskirts,Amman,31.86690,35.91534,32,3,HUB-AMM-30,HUB-AMM-30-R05,Fiber ring,0
RO-09,Apr 2029 – Jun 2029,AMM-SU-2394,SU,Rooftop,Amman-Zarqa Metro,Amman outskirts,Amman,31.86749,35.92422,32,3,HUB-AMM-30,HUB-AMM-30-R05,Fiber ring,0
RO-09,Apr 2029 – Jun 2029,AMM-SU-2395,SU,Rooftop,Amman-Zarqa Metro,Amman outskirts,Amman,31.86690,35.93036,32,3,HUB-AMM-30,HUB-AMM-30-R05,Fiber ring,0
RO-09,Apr 2029 – Jun 2029,AMM-SU-2396,SU,Rooftop,Amman-Zarqa Metro,Amman outskirts,Amman,31.86690,35.93719,32,3,HUB-AMM-30,HUB-AMM-30-R05,Fiber ring,0
RO-09,Apr 2029 – Jun 2029,AMM-SU-2333,SU,Monopole / greenfield,Amman-Zarqa Metro,Amman outskirts,Amman,31.85672,35.90988,32,3,HUB-AMM-30,HUB-AMM-30-R06,Fiber ring,0
RO-09,Apr 2029 – Jun 2029,AMM-SU-2334,SU,Rooftop,Amman-Zarqa Metro,Amman outskirts,Amman,31.85554,35.91671,32,3,HUB-AMM-30,HUB-AMM-30-R06,Fiber ring,0
RO-09,Apr 2029 – Jun 2029,AMM-SU-2360,SU,Monopole / greenfield,Amman-Zarqa Metro,Amman outskirts,Amman,31.86181,35.90101,32,3,HUB-AMM-30,HUB-AMM-30-R06,Fiber ring,0
RO-09,Apr 2029 – Jun 2029,AMM-SU-2361,SU,Rooftop,Amman-Zarqa Metro,Amman outskirts,Amman,31.86299,35.90647,32,3,HUB-AMM-30,HUB-AMM-30-R06,Fiber ring,0
RO-09,Apr 2029 – Jun 2029,AMM-SU-2362,SU,Monopole / greenfield,Amman-Zarqa Metro,Amman outskirts,Amman,31.86122,35.91398,32,3,HUB-AMM-30,HUB-AMM-30-R06,Fiber ring,0
RO-09,Apr 2029 – Jun 2029,AMM-SU-2391,SU,Rooftop,Amman-Zarqa Metro,Amman outskirts,Amman,31.86690,35.90442,32,3,HUB-AMM-30,HUB-AMM-30-R06,Fiber ring,0
RO-09,Apr 2029 – Jun 2029,AMM-SU-2392,SU,Monopole / greenfield,Amman-Zarqa Metro,Amman outskirts,Amman,31.86573,35.90988,32,3,HUB-AMM-30,HUB-AMM-30-R06,Fiber ring,0
RO-09,Apr 2029 – Jun 2029,AMM-SU-2305,SU,Monopole / greenfield,Amman-Zarqa Metro,Amman outskirts,Amman,31.85281,35.89964,32,3,HUB-AMM-30,HUB-AMM-30-R07,Fiber ring,0
RO-09,Apr 2029 – Jun 2029,AMM-SU-2306,SU,Rooftop,Amman-Zarqa Metro,Amman outskirts,Amman,31.85281,35.90647,32,3,HUB-AMM-30,HUB-AMM-30-R07,Fiber ring,0
RO-09,Apr 2029 – Jun 2029,AMM-SU-2307,SU,Rooftop,Amman-Zarqa Metro,Amman outskirts,Amman,31.85163,35.91329,32,3,HUB-AMM-30,HUB-AMM-30-R07,Fiber ring,0
RO-09,Apr 2029 – Jun 2029,AMM-SU-2332,SU,Monopole / greenfield,Amman-Zarqa Metro,Amman outskirts,Amman,31.85790,35.90305,32,3,HUB-AMM-30,HUB-AMM-30-R07,Fiber ring,0
RO-09,Apr 2029 – Jun 2029,AMM-SU-2276,SU,Monopole / greenfield,Amman-Zarqa Metro,Amman outskirts,Amman,31.84654,35.87029,32,3,HUB-AMM-31,HUB-AMM-31-R01,Fiber ring,0
RO-09,Apr 2029 – Jun 2029,AMM-SU-2299,SU,Monopole / greenfield,Amman-Zarqa Metro,Amman outskirts,Amman,31.85163,35.85868,32,3,HUB-AMM-31,HUB-AMM-31-R01,Fiber ring,0
RO-09,Apr 2029 – Jun 2029,AMM-SU-2300,SU,Monopole / greenfield,Amman-Zarqa Metro,Amman outskirts,Amman,31.85281,35.86551,32,3,HUB-AMM-31,HUB-AMM-31-R01,Fiber ring,0
RO-09,Apr 2029 – Jun 2029,AMM-SU-2324,SU,Monopole / greenfield,Amman-Zarqa Metro,Amman outskirts,Amman,31.85672,35.84981,32,3,HUB-AMM-31,HUB-AMM-31-R01,Fiber ring,0
RO-09,Apr 2029 – Jun 2029,AMM-SU-2325,SU,Monopole / greenfield,Amman-Zarqa Metro,Amman outskirts,Amman,31.85672,35.85663,32,3,HUB-AMM-31,HUB-AMM-31-R01,Fiber ring,0
RO-09,Apr 2029 – Jun 2029,AMM-SU-2326,SU,Monopole / greenfield,Amman-Zarqa Metro,Amman outskirts,Amman,31.85554,35.86210,32,3,HUB-AMM-31,HUB-AMM-31-R01,Fiber ring,0
RO-09,Apr 2029 – Jun 2029,AMM-SU-2327,SU,Monopole / greenfield,Amman-Zarqa Metro,Amman outskirts,Amman,31.85672,35.87029,32,3,HUB-AMM-31,HUB-AMM-31-R01,Fiber ring,0
RO-09,Apr 2029 – Jun 2029,AMM-SU-2328,SU,Monopole / greenfield,Amman-Zarqa Metro,Amman outskirts,Amman,31.85731,35.87507,32,3,HUB-AMM-31,HUB-AMM-31-R01,Fiber ring,1
RO-09,Apr 2029 – Jun 2029,AMM-SU-2238,SU,Monopole / greenfield,Amman-Zarqa Metro,Amman outskirts,Amman,31.83636,35.89486,32,3,HUB-AMM-31,HUB-AMM-31-R02,Fiber ring,0
RO-09,Apr 2029 – Jun 2029,AMM-SU-2255,SU,Monopole / greenfield,Amman-Zarqa Metro,Amman outskirts,Amman,31.84145,35.88053,32,3,HUB-AMM-31,HUB-AMM-31-R02,Fiber ring,0
RO-09,Apr 2029 – Jun 2029,AMM-SU-2256,SU,Monopole / greenfield,Amman-Zarqa Metro,Amman outskirts,Amman,31.84145,35.88462,32,3,HUB-AMM-31,HUB-AMM-31-R02,Fiber ring,0
RO-09,Apr 2029 – Jun 2029,AMM-SU-2277,SU,Monopole / greenfield,Amman-Zarqa Metro,Amman outskirts,Amman,31.84654,35.87575,32,3,HUB-AMM-31,HUB-AMM-31-R02,Fiber ring,0
RO-09,Apr 2029 – Jun 2029,AMM-SU-2278,SU,Monopole / greenfield,Amman-Zarqa Metro,Amman outskirts,Amman,31.84654,35.88121,32,3,HUB-AMM-31,HUB-AMM-31-R02,Fiber ring,0
RO-09,Apr 2029 – Jun 2029,AMM-SU-2301,SU,Monopole / greenfield,Amman-Zarqa Metro,Amman outskirts,Amman,31.85163,35.87370,32,3,HUB-AMM-31,HUB-AMM-31-R02,Fiber ring,0
RO-09,Apr 2029 – Jun 2029,AMM-SU-2302,SU,Monopole / greenfield,Amman-Zarqa Metro,Amman outskirts,Amman,31.85163,35.87780,32,3,HUB-AMM-31,HUB-AMM-31-R02,Fiber ring,0
RO-09,Apr 2029 – Jun 2029,AMM-SU-2257,SU,Monopole / greenfield,Amman-Zarqa Metro,Amman outskirts,Amman,31.84145,35.89145,32,3,HUB-AMM-31,HUB-AMM-31-R03,Fiber ring,0
RO-09,Apr 2029 – Jun 2029,AMM-SU-2279,SU,Monopole / greenfield,Amman-Zarqa Metro,Amman outskirts,Amman,31.84654,35.88804,32,3,HUB-AMM-31,HUB-AMM-31-R03,Fiber ring,0
RO-09,Apr 2029 – Jun 2029,AMM-SU-2280,SU,Monopole / greenfield,Amman-Zarqa Metro,Amman outskirts,Amman,31.84654,35.89759,32,3,HUB-AMM-31,HUB-AMM-31-R03,Fiber ring,0
RO-09,Apr 2029 – Jun 2029,AMM-SU-2303,SU,Monopole / greenfield,Amman-Zarqa Metro,Amman outskirts,Amman,31.85045,35.88599,32,3,HUB-AMM-31,HUB-AMM-31-R03,Fiber ring,0
RO-09,Apr 2029 – Jun 2029,AMM-SU-2304,SU,Monopole / greenfield,Amman-Zarqa Metro,Amman outskirts,Amman,31.85281,35.89281,32,3,HUB-AMM-31,HUB-AMM-31-R03,Fiber ring,0
RO-09,Apr 2029 – Jun 2029,AMM-SU-2330,SU,Monopole / greenfield,Amman-Zarqa Metro,Amman outskirts,Amman,31.85731,35.88872,32,3,HUB-AMM-31,HUB-AMM-31-R03,Fiber ring,0
RO-09,Apr 2029 – Jun 2029,AMM-SU-2331,SU,Monopole / greenfield,Amman-Zarqa Metro,Amman outskirts,Amman,31.85672,35.89623,32,3,HUB-AMM-31,HUB-AMM-31-R03,Fiber ring,0
RO-09,Apr 2029 – Jun 2029,AMM-SU-2329,SU,Monopole / greenfield,Amman-Zarqa Metro,Amman outskirts,Amman,31.85790,35.88257,32,3,HUB-AMM-31,HUB-AMM-31-R04,Fiber ring,0
RO-09,Apr 2029 – Jun 2029,AMM-SU-2357,SU,Monopole / greenfield,Amman-Zarqa Metro,Amman outskirts,Amman,31.86240,35.87848,32,3,HUB-AMM-31,HUB-AMM-31-R04,Fiber ring,0
RO-09,Apr 2029 – Jun 2029,AMM-SU-2358,SU,Monopole / greenfield,Amman-Zarqa Metro,Amman outskirts,Amman,31.86181,35.88599,32,3,HUB-AMM-31,HUB-AMM-31-R04,Fiber ring,0
RO-09,Apr 2029 – Jun 2029,AMM-SU-2359,SU,Monopole / greenfield,Amman-Zarqa Metro,Amman outskirts,Amman,31.86240,35.89350,32,3,HUB-AMM-31,HUB-AMM-31-R04,Fiber ring,0
RO-09,Apr 2029 – Jun 2029,AMM-SU-2388,SU,Monopole / greenfield,Amman-Zarqa Metro,Amman outskirts,Amman,31.86690,35.88394,32,3,HUB-AMM-31,HUB-AMM-31-R04,Fiber ring,0
RO-09,Apr 2029 – Jun 2029,AMM-SU-2389,SU,Monopole / greenfield,Amman-Zarqa Metro,Amman outskirts,Amman,31.86808,35.88940,32,3,HUB-AMM-31,HUB-AMM-31-R04,Fiber ring,0
RO-09,Apr 2029 – Jun 2029,AMM-SU-2390,SU,Monopole / greenfield,Amman-Zarqa Metro,Amman outskirts,Amman,31.86631,35.89554,32,3,HUB-AMM-31,HUB-AMM-31-R04,Fiber ring,0
RO-09,Apr 2029 – Jun 2029,AMM-SU-2354,SU,Monopole / greenfield,Amman-Zarqa Metro,Amman outskirts,Amman,31.86299,35.85868,32,3,HUB-AMM-31,HUB-AMM-31-R05,Fiber ring,0
RO-09,Apr 2029 – Jun 2029,AMM-SU-2355,SU,Monopole / greenfield,Amman-Zarqa Metro,Amman outskirts,Amman,31.86122,35.86619,32,3,HUB-AMM-31,HUB-AMM-31-R05,Fiber ring,0
RO-09,Apr 2029 – Jun 2029,AMM-SU-2356,SU,Monopole / greenfield,Amman-Zarqa Metro,Amman outskirts,Amman,31.86064,35.87233,32,3,HUB-AMM-31,HUB-AMM-31-R05,Fiber ring,0
RO-09,Apr 2029 – Jun 2029,AMM-SU-2385,SU,Monopole / greenfield,Amman-Zarqa Metro,Amman outskirts,Amman,31.86690,35.86210,32,3,HUB-AMM-31,HUB-AMM-31-R05,Fiber ring,0
RO-09,Apr 2029 – Jun 2029,AMM-SU-2386,SU,Monopole / greenfield,Amman-Zarqa Metro,Amman outskirts,Amman,31.86808,35.86892,32,3,HUB-AMM-31,HUB-AMM-31-R05,Fiber ring,0
RO-09,Apr 2029 – Jun 2029,AMM-SU-2387,SU,Monopole / greenfield,Amman-Zarqa Metro,Amman outskirts,Amman,31.86690,35.87438,32,3,HUB-AMM-31,HUB-AMM-31-R05,Fiber ring,0
RO-09,Apr 2029 – Jun 2029,AMM-SU-3055,SU,Monopole / greenfield,Amman-Zarqa Metro,Amman outskirts,Zarqa,32.04117,35.95084,32,3,HUB-AMM-32,HUB-AMM-32-R01,Fiber ring,0
RO-09,Apr 2029 – Jun 2029,AMM-SU-3084,SU,Monopole / greenfield,Amman-Zarqa Metro,Amman outskirts,Zarqa,32.04567,35.94811,32,3,HUB-AMM-32,HUB-AMM-32-R01,Fiber ring,0
RO-09,Apr 2029 – Jun 2029,AMM-SU-3085,SU,Monopole / greenfield,Amman-Zarqa Metro,Amman outskirts,Zarqa,32.04508,35.95289,32,3,HUB-AMM-32,HUB-AMM-32-R01,Fiber ring,0
RO-09,Apr 2029 – Jun 2029,AMM-SU-3124,SU,Monopole / greenfield,Amman-Zarqa Metro,Amman outskirts,Zarqa,32.05135,35.93719,32,3,HUB-AMM-32,HUB-AMM-32-R01,Fiber ring,0
RO-09,Apr 2029 – Jun 2029,AMM-SU-3125,SU,Monopole / greenfield,Amman-Zarqa Metro,Amman outskirts,Zarqa,32.05135,35.94401,32,3,HUB-AMM-32,HUB-AMM-32-R01,Fiber ring,0
RO-09,Apr 2029 – Jun 2029,AMM-SU-3126,SU,Monopole / greenfield,Amman-Zarqa Metro,Amman outskirts,Zarqa,32.05017,35.94947,32,3,HUB-AMM-32,HUB-AMM-32-R01,Fiber ring,0
RO-09,Apr 2029 – Jun 2029,AMM-SU-3127,SU,Monopole / greenfield,Amman-Zarqa Metro,Amman outskirts,Zarqa,32.05135,35.95766,32,3,HUB-AMM-32,HUB-AMM-32-R01,Fiber ring,0
RO-09,Apr 2029 – Jun 2029,AMM-SU-3167,SU,Monopole / greenfield,Amman-Zarqa Metro,Amman outskirts,Zarqa,32.05526,35.96244,32,3,HUB-AMM-32,HUB-AMM-32-R01,Fiber ring,1
RO-09,Apr 2029 – Jun 2029,AMM-SU-3056,SU,Monopole / greenfield,Amman-Zarqa Metro,Amman outskirts,Zarqa,32.04117,35.95766,32,3,HUB-AMM-32,HUB-AMM-32-R02,Fiber ring,0
RO-09,Apr 2029 – Jun 2029,AMM-SU-3057,SU,Monopole / greenfield,Amman-Zarqa Metro,Amman outskirts,Zarqa,32.03999,35.96313,32,3,HUB-AMM-32,HUB-AMM-32-R02,Fiber ring,0
RO-09,Apr 2029 – Jun 2029,AMM-SU-3059,SU,Monopole / greenfield,Amman-Zarqa Metro,Amman outskirts,Zarqa,32.04058,35.97883,32,3,HUB-AMM-32,HUB-AMM-32-R02,Fiber ring,0
RO-09,Apr 2029 – Jun 2029,AMM-SU-3086,SU,Monopole / greenfield,Amman-Zarqa Metro,Amman outskirts,Zarqa,32.04567,35.96176,32,3,HUB-AMM-32,HUB-AMM-32-R02,Fiber ring,0
RO-09,Apr 2029 – Jun 2029,AMM-SU-3087,SU,Monopole / greenfield,Amman-Zarqa Metro,Amman outskirts,Zarqa,32.04626,35.96790,32,3,HUB-AMM-32,HUB-AMM-32-R02,Fiber ring,0
RO-09,Apr 2029 – Jun 2029,AMM-SU-3088,SU,Monopole / greenfield,Amman-Zarqa Metro,Amman outskirts,Zarqa,32.04626,35.97473,32,3,HUB-AMM-32,HUB-AMM-32-R02,Fiber ring,0
RO-09,Apr 2029 – Jun 2029,AMM-SU-3128,SU,Monopole / greenfield,Amman-Zarqa Metro,Amman outskirts,Zarqa,32.04959,35.96381,32,3,HUB-AMM-32,HUB-AMM-32-R02,Fiber ring,0
RO-09,Apr 2029 – Jun 2029,AMM-SU-3089,SU,Monopole / greenfield,Amman-Zarqa Metro,Amman outskirts,Zarqa,32.04567,35.98087,32,3,HUB-AMM-32,HUB-AMM-32-R03,Fiber ring,0
RO-09,Apr 2029 – Jun 2029,AMM-SU-3129,SU,Monopole / greenfield,Amman-Zarqa Metro,Amman outskirts,Zarqa,32.05135,35.97132,32,3,HUB-AMM-32,HUB-AMM-32-R03,Fiber ring,0
RO-09,Apr 2029 – Jun 2029,AMM-SU-3130,SU,Monopole / greenfield,Amman-Zarqa Metro,Amman outskirts,Zarqa,32.05135,35.97814,32,3,HUB-AMM-32,HUB-AMM-32-R03,Fiber ring,0
RO-09,Apr 2029 – Jun 2029,AMM-SU-3131,SU,Monopole / greenfield,Amman-Zarqa Metro,Amman outskirts,Zarqa,32.05017,35.98360,32,3,HUB-AMM-32,HUB-AMM-32-R03,Fiber ring,0
RO-09,Apr 2029 – Jun 2029,AMM-SU-3168,SU,Monopole / greenfield,Amman-Zarqa Metro,Amman outskirts,Zarqa,32.05526,35.96790,32,3,HUB-AMM-32,HUB-AMM-32-R03,Fiber ring,0
RO-09,Apr 2029 – Jun 2029,AMM-SU-3169,SU,Monopole / greenfield,Amman-Zarqa Metro,Amman outskirts,Zarqa,32.05526,35.97336,32,3,HUB-AMM-32,HUB-AMM-32-R03,Fiber ring,0
RO-09,Apr 2029 – Jun 2029,AMM-SU-3171,SU,Monopole / greenfield,Amman-Zarqa Metro,Amman outskirts,Zarqa,32.05409,35.98838,32,3,HUB-AMM-32,HUB-AMM-32-R03,Fiber ring,0
RO-09,Apr 2029 – Jun 2029,AMM-SU-3170,SU,Monopole / greenfield,Amman-Zarqa Metro,Amman outskirts,Zarqa,32.05526,35.98019,32,3,HUB-AMM-32,HUB-AMM-32-R04,Fiber ring,0
RO-09,Apr 2029 – Jun 2029,AMM-SU-3208,SU,Monopole / greenfield,Amman-Zarqa Metro,Amman outskirts,Zarqa,32.06094,35.97063,32,3,HUB-AMM-32,HUB-AMM-32-R04,Fiber ring,0
RO-09,Apr 2029 – Jun 2029,AMM-SU-3209,SU,Monopole / greenfield,Amman-Zarqa Metro,Amman outskirts,Zarqa,32.05918,35.97814,32,3,HUB-AMM-32,HUB-AMM-32-R04,Fiber ring,0
RO-09,Apr 2029 – Jun 2029,AMM-SU-3210,SU,Monopole / greenfield,Amman-Zarqa Metro,Amman outskirts,Zarqa,32.06035,35.98360,32,3,HUB-AMM-32,HUB-AMM-32-R04,Fiber ring,0
RO-09,Apr 2029 – Jun 2029,AMM-SU-3243,SU,Monopole / greenfield,Amman-Zarqa Metro,Amman outskirts,Zarqa,32.06662,35.96790,32,3,HUB-AMM-32,HUB-AMM-32-R04,Fiber ring,0
RO-09,Apr 2029 – Jun 2029,AMM-SU-3244,SU,Monopole / greenfield,Amman-Zarqa Metro,Amman outskirts,Zarqa,32.06545,35.97336,32,3,HUB-AMM-32,HUB-AMM-32-R04,Fiber ring,0
RO-09,Apr 2029 – Jun 2029,AMM-SU-3272,SU,Monopole / greenfield,Amman-Zarqa Metro,Amman outskirts,Zarqa,32.07112,35.97200,32,3,HUB-AMM-32,HUB-AMM-32-R04,Fiber ring,0
RO-09,Apr 2029 – Jun 2029,AMM-SU-3207,SU,Monopole / greenfield,Amman-Zarqa Metro,Amman outskirts,Zarqa,32.06035,35.96449,32,3,HUB-AMM-32,HUB-AMM-32-R05,Fiber ring,0
RO-09,Apr 2029 – Jun 2029,AMM-SU-3241,SU,Monopole / greenfield,Amman-Zarqa Metro,Amman outskirts,Zarqa,32.06662,35.95425,32,3,HUB-AMM-32,HUB-AMM-32-R05,Fiber ring,0
RO-09,Apr 2029 – Jun 2029,AMM-SU-3242,SU,Monopole / greenfield,Amman-Zarqa Metro,Amman outskirts,Zarqa,32.06603,35.96108,32,3,HUB-AMM-32,HUB-AMM-32-R05,Fiber ring,0
RO-09,Apr 2029 – Jun 2029,AMM-SU-3270,SU,Monopole / greenfield,Amman-Zarqa Metro,Amman outskirts,Zarqa,32.07054,35.95630,32,3,HUB-AMM-32,HUB-AMM-32-R05,Fiber ring,0
RO-09,Apr 2029 – Jun 2029,AMM-SU-3271,SU,Monopole / greenfield,Amman-Zarqa Metro,Amman outskirts,Zarqa,32.06995,35.96381,32,3,HUB-AMM-32,HUB-AMM-32-R05,Fiber ring,0
RO-09,Apr 2029 – Jun 2029,AMM-SU-3299,SU,Monopole / greenfield,Amman-Zarqa Metro,Amman outskirts,Zarqa,32.07504,35.95493,32,3,HUB-AMM-32,HUB-AMM-32-R05,Fiber ring,0
RO-09,Apr 2029 – Jun 2029,AMM-SU-3300,SU,Monopole / greenfield,Amman-Zarqa Metro,Amman outskirts,Zarqa,32.07445,35.96108,32,3,HUB-AMM-32,HUB-AMM-32-R05,Fiber ring,0
RO-09,Apr 2029 – Jun 2029,AMM-SU-3165,SU,Monopole / greenfield,Amman-Zarqa Metro,Amman outskirts,Zarqa,32.05644,35.94060,32,3,HUB-AMM-32,HUB-AMM-32-R06,Fiber ring,0
RO-09,Apr 2029 – Jun 2029,AMM-SU-3166,SU,Monopole / greenfield,Amman-Zarqa Metro,Amman outskirts,Zarqa,32.05526,35.94606,32,3,HUB-AMM-32,HUB-AMM-32-R06,Fiber ring,0
RO-09,Apr 2029 – Jun 2029,AMM-SU-3205,SU,Monopole / greenfield,Amman-Zarqa Metro,Amman outskirts,Zarqa,32.05918,35.94401,32,3,HUB-AMM-32,HUB-AMM-32-R06,Fiber ring,0
RO-09,Apr 2029 – Jun 2029,AMM-SU-3206,SU,Monopole / greenfield,Amman-Zarqa Metro,Amman outskirts,Zarqa,32.06153,35.95084,32,3,HUB-AMM-32,HUB-AMM-32-R06,Fiber ring,0
RO-09,Apr 2029 – Jun 2029,AMM-SU-3240,SU,Monopole / greenfield,Amman-Zarqa Metro,Amman outskirts,Zarqa,32.06662,35.94742,32,3,HUB-AMM-32,HUB-AMM-32-R06,Fiber ring,0
RO-09,Apr 2029 – Jun 2029,AMM-SU-3269,SU,Monopole / greenfield,Amman-Zarqa Metro,Amman outskirts,Zarqa,32.06995,35.95016,32,3,HUB-AMM-32,HUB-AMM-32-R06,Fiber ring,0
RO-09,Apr 2029 – Jun 2029,AMM-SU-2764,SU,Monopole / greenfield,Amman-Zarqa Metro,Amman outskirts,Amman,31.95345,35.75765,32,3,HUB-AMM-34,HUB-AMM-34-R01,Fiber ring,0
RO-09,Apr 2029 – Jun 2029,AMM-SU-2778,SU,Monopole / greenfield,Amman-Zarqa Metro,Amman outskirts,Amman,31.95854,35.76107,32,3,HUB-AMM-34,HUB-AMM-34-R01,Fiber ring,0
RO-09,Apr 2029 – Jun 2029,AMM-SU-2790,SU,Monopole / greenfield,Amman-Zarqa Metro,Amman outskirts,Balqa,31.96422,35.75697,32,3,HUB-AMM-34,HUB-AMM-34-R01,Fiber ring,0
RO-09,Apr 2029 – Jun 2029,AMM-SU-2791,SU,Monopole / greenfield,Amman-Zarqa Metro,Amman outskirts,Amman,31.96363,35.76448,32,3,HUB-AMM-34,HUB-AMM-34-R01,Fiber ring,0
RO-09,Apr 2029 – Jun 2029,AMM-SU-2800,SU,Monopole / greenfield,Amman-Zarqa Metro,Amman outskirts,Balqa,31.96754,35.75287,32,3,HUB-AMM-34,HUB-AMM-34-R01,Fiber ring,0
RO-09,Apr 2029 – Jun 2029,AMM-SU-2801,SU,Monopole / greenfield,Amman-Zarqa Metro,Amman outskirts,Balqa,31.96754,35.75970,32,3,HUB-AMM-34,HUB-AMM-34-R01,Fiber ring,0
RO-09,Apr 2029 – Jun 2029,AMM-SU-2802,SU,Monopole / greenfield,Amman-Zarqa Metro,Amman outskirts,Amman,31.96872,35.76789,32,3,HUB-AMM-34,HUB-AMM-34-R01,Fiber ring,0
RO-09,Apr 2029 – Jun 2029,AMM-SU-2803,SU,Monopole / greenfield,Amman-Zarqa Metro,Amman outskirts,Amman,31.96990,35.77335,32,3,HUB-AMM-34,HUB-AMM-34-R01,Fiber ring,1
RO-09,Apr 2029 – Jun 2029,AMM-SU-2765,SU,Monopole / greenfield,Amman-Zarqa Metro,Amman outskirts,Amman,31.95286,35.76243,32,3,HUB-AMM-34,HUB-AMM-34-R02,Fiber ring,0
RO-09,Apr 2029 – Jun 2029,AMM-SU-2766,SU,Monopole / greenfield,Amman-Zarqa Metro,Amman outskirts,Amman,31.95403,35.76926,32,3,HUB-AMM-34,HUB-AMM-34-R02,Fiber ring,0
RO-09,Apr 2029 – Jun 2029,AMM-SU-2779,SU,Monopole / greenfield,Amman-Zarqa Metro,Amman outskirts,Amman,31.95795,35.76721,32,3,HUB-AMM-34,HUB-AMM-34-R02,Fiber ring,0
RO-09,Apr 2029 – Jun 2029,AMM-SU-2780,SU,Monopole / greenfield,Amman-Zarqa Metro,Amman outskirts,Amman,31.95971,35.77335,32,3,HUB-AMM-34,HUB-AMM-34-R02,Fiber ring,0
RO-09,Apr 2029 – Jun 2029,AMM-SU-2781,SU,Monopole / greenfield,Amman-Zarqa Metro,Amman outskirts,Amman,31.95971,35.78018,32,3,HUB-AMM-34,HUB-AMM-34-R02,Fiber ring,0
RO-09,Apr 2029 – Jun 2029,AMM-SU-2792,SU,Monopole / greenfield,Amman-Zarqa Metro,Amman outskirts,Amman,31.96480,35.76994,32,3,HUB-AMM-34,HUB-AMM-34-R02,Fiber ring,0
RO-09,Apr 2029 – Jun 2029,AMM-SU-2793,SU,Monopole / greenfield,Amman-Zarqa Metro,Amman outskirts,Amman,31.96480,35.77677,32,3,HUB-AMM-34,HUB-AMM-34-R02,Fiber ring,0
RO-09,Apr 2029 – Jun 2029,AMM-SU-2782,SU,Monopole / greenfield,Amman-Zarqa Metro,Amman outskirts,Amman,31.95971,35.78701,32,3,HUB-AMM-34,HUB-AMM-34-R03,Fiber ring,0
RO-09,Apr 2029 – Jun 2029,AMM-SU-2794,SU,Monopole / greenfield,Amman-Zarqa Metro,Amman outskirts,Amman,31.96480,35.78359,32,3,HUB-AMM-34,HUB-AMM-34-R03,Fiber ring,0
RO-09,Apr 2029 – Jun 2029,AMM-SU-2804,SU,Monopole / greenfield,Amman-Zarqa Metro,Amman outskirts,Amman,31.96990,35.78018,32,3,HUB-AMM-34,HUB-AMM-34-R03,Fiber ring,0
RO-09,Apr 2029 – Jun 2029,AMM-SU-2805,SU,Monopole / greenfield,Amman-Zarqa Metro,Amman outskirts,Amman,31.96990,35.78701,32,3,HUB-AMM-34,HUB-AMM-34-R03,Fiber ring,0
RO-09,Apr 2029 – Jun 2029,AMM-SU-2816,SU,Monopole / greenfield,Amman-Zarqa Metro,Amman outskirts,Amman,31.97263,35.78359,32,3,HUB-AMM-34,HUB-AMM-34-R03,Fiber ring,0
RO-09,Apr 2029 – Jun 2029,AMM-SU-2817,SU,Monopole / greenfield,Amman-Zarqa Metro,Amman outskirts,Amman,31.97499,35.79042,32,3,HUB-AMM-34,HUB-AMM-34-R03,Fiber ring,0
RO-09,Apr 2029 – Jun 2029,AMM-SU-2828,SU,Monopole / greenfield,Amman-Zarqa Metro,Amman outskirts,Amman,31.98008,35.78701,32,3,HUB-AMM-34,HUB-AMM-34-R03,Fiber ring,0
RO-09,Apr 2029 – Jun 2029,AMM-SU-2814,SU,Monopole / greenfield,Amman-Zarqa Metro,Amman outskirts,Balqa,31.97381,35.77130,32,3,HUB-AMM-34,HUB-AMM-34-R04,Fiber ring,0
RO-09,Apr 2029 – Jun 2029,AMM-SU-2815,SU,Monopole / greenfield,Amman-Zarqa Metro,Amman outskirts,Amman,31.97440,35.77608,32,3,HUB-AMM-34,HUB-AMM-34-R04,Fiber ring,0
RO-09,Apr 2029 – Jun 2029,AMM-SU-2826,SU,Rooftop,Amman-Zarqa Metro,Amman outskirts,Balqa,31.97773,35.77335,32,3,HUB-AMM-34,HUB-AMM-34-R04,Fiber ring,0
RO-09,Apr 2029 – Jun 2029,AMM-SU-2827,SU,Monopole / greenfield,Amman-Zarqa Metro,Amman outskirts,Balqa,31.98008,35.78018,32,3,HUB-AMM-34,HUB-AMM-34-R04,Fiber ring,0
RO-09,Apr 2029 – Jun 2029,AMM-SU-2837,SU,Rooftop,Amman-Zarqa Metro,Amman outskirts,Balqa,31.98399,35.77130,32,3,HUB-AMM-34,HUB-AMM-34-R04,Fiber ring,0
RO-09,Apr 2029 – Jun 2029,AMM-SU-2838,SU,Monopole / greenfield,Amman-Zarqa Metro,Amman outskirts,Balqa,31.98399,35.77813,32,3,HUB-AMM-34,HUB-AMM-34-R04,Fiber ring,0
RO-09,Apr 2029 – Jun 2029,AMM-SU-2839,SU,Monopole / greenfield,Amman-Zarqa Metro,Amman outskirts,Balqa,31.98517,35.78359,32,3,HUB-AMM-34,HUB-AMM-34-R04,Fiber ring,0
RO-09,Apr 2029 – Jun 2029,AMM-SU-2812,SU,Monopole / greenfield,Amman-Zarqa Metro,Amman outskirts,Balqa,31.97322,35.75697,32,3,HUB-AMM-34,HUB-AMM-34-R05,Fiber ring,0
RO-09,Apr 2029 – Jun 2029,AMM-SU-2813,SU,Rooftop,Amman-Zarqa Metro,Amman outskirts,Balqa,31.97499,35.76311,32,3,HUB-AMM-34,HUB-AMM-34-R05,Fiber ring,0
RO-09,Apr 2029 – Jun 2029,AMM-SU-2823,SU,Monopole / greenfield,Amman-Zarqa Metro,Amman outskirts,Balqa,31.98008,35.75287,32,3,HUB-AMM-34,HUB-AMM-34-R05,Fiber ring,0
RO-09,Apr 2029 – Jun 2029,AMM-SU-2824,SU,Monopole / greenfield,Amman-Zarqa Metro,Amman outskirts,Balqa,31.97890,35.76107,32,3,HUB-AMM-34,HUB-AMM-34-R05,Fiber ring,0
RO-09,Apr 2029 – Jun 2029,AMM-SU-2825,SU,Rooftop,Amman-Zarqa Metro,Amman outskirts,Balqa,31.97890,35.76789,32,3,HUB-AMM-34,HUB-AMM-34-R05,Fiber ring,0
RO-09,Apr 2029 – Jun 2029,AMM-SU-2835,SU,Monopole / greenfield,Amman-Zarqa Metro,Amman outskirts,Balqa,31.98340,35.75697,32,3,HUB-AMM-34,HUB-AMM-34-R05,Fiber ring,0
RO-09,Apr 2029 – Jun 2029,AMM-SU-2836,SU,Rooftop,Amman-Zarqa Metro,Amman outskirts,Balqa,31.98399,35.76448,32,3,HUB-AMM-34,HUB-AMM-34-R05,Fiber ring,0
RO-09,Apr 2029 – Jun 2029,AMM-SU-2847,SU,Monopole / greenfield,Amman-Zarqa Metro,Amman outskirts,Balqa,31.98908,35.76107,32,3,HUB-AMM-43,HUB-AMM-43-R01,Fiber ring,0
RO-09,Apr 2029 – Jun 2029,AMM-SU-2848,SU,Rooftop,Amman-Zarqa Metro,Amman outskirts,Balqa,31.98908,35.76789,32,3,HUB-AMM-43,HUB-AMM-43-R01,Fiber ring,0
RO-09,Apr 2029 – Jun 2029,AMM-SU-2860,SU,Monopole / greenfield,Amman-Zarqa Metro,Amman outskirts,Balqa,31.99417,35.76448,32,3,HUB-AMM-43,HUB-AMM-43-R01,Fiber ring,0
RO-09,Apr 2029 – Jun 2029,AMM-SU-2873,SU,Monopole / greenfield,Amman-Zarqa Metro,Amman outskirts,Balqa,32.00044,35.75970,32,3,HUB-AMM-43,HUB-AMM-43-R01,Fiber ring,0
RO-09,Apr 2029 – Jun 2029,AMM-SU-2874,SU,Monopole / greenfield,Amman-Zarqa Metro,Amman outskirts,Balqa,32.00044,35.76653,32,3,HUB-AMM-43,HUB-AMM-43-R01,Fiber ring,0
RO-09,Apr 2029 – Jun 2029,AMM-SU-2888,SU,Monopole / greenfield,Amman-Zarqa Metro,Amman outskirts,Balqa,32.00436,35.75765,32,3,HUB-AMM-43,HUB-AMM-43-R01,Fiber ring,0
RO-09,Apr 2029 – Jun 2029,AMM-SU-2889,SU,Monopole / greenfield,Amman-Zarqa Metro,Amman outskirts,Balqa,32.00494,35.76380,32,3,HUB-AMM-43,HUB-AMM-43-R01,Fiber ring,0
RO-09,Apr 2029 – Jun 2029,AMM-SU-2890,SU,Rooftop,Amman-Zarqa Metro,Amman outskirts,Balqa,32.00553,35.76994,32,3,HUB-AMM-43,HUB-AMM-43-R01,Fiber ring,1
RO-09,Apr 2029 – Jun 2029,AMM-SU-2849,SU,Rooftop,Amman-Zarqa Metro,Amman outskirts,Balqa,31.98908,35.77472,32,3,HUB-AMM-43,HUB-AMM-43-R02,Fiber ring,0
RO-09,Apr 2029 – Jun 2029,AMM-SU-2850,SU,Monopole / greenfield,Amman-Zarqa Metro,Amman outskirts,Balqa,31.98850,35.78018,32,3,HUB-AMM-43,HUB-AMM-43-R02,Fiber ring,0
RO-09,Apr 2029 – Jun 2029,AMM-SU-2861,SU,Rooftop,Amman-Zarqa Metro,Amman outskirts,Balqa,31.99535,35.76994,32,3,HUB-AMM-43,HUB-AMM-43-R02,Fiber ring,0
RO-09,Apr 2029 – Jun 2029,AMM-SU-2862,SU,Rooftop,Amman-Zarqa Metro,Amman outskirts,Balqa,31.99417,35.77813,32,3,HUB-AMM-43,HUB-AMM-43-R02,Fiber ring,0
RO-09,Apr 2029 – Jun 2029,AMM-SU-2863,SU,Monopole / greenfield,Amman-Zarqa Metro,Amman outskirts,Balqa,31.99417,35.78496,32,3,HUB-AMM-43,HUB-AMM-43-R02,Fiber ring,0
RO-09,Apr 2029 – Jun 2029,AMM-SU-2875,SU,Rooftop,Amman-Zarqa Metro,Amman outskirts,Balqa,31.99868,35.77267,32,3,HUB-AMM-43,HUB-AMM-43-R02,Fiber ring,0
RO-09,Apr 2029 – Jun 2029,AMM-SU-2876,SU,Rooftop,Amman-Zarqa Metro,Amman outskirts,Balqa,31.99868,35.78086,38,3,HUB-AMM-43,HUB-AMM-43-R02,Fiber ring,0
RO-09,Apr 2029 – Jun 2029,AMM-SU-2877,SU,Rooftop,Amman-Zarqa Metro,Amman outskirts,Balqa,31.99926,35.78837,32,3,HUB-AMM-43,HUB-AMM-43-R03,Fiber ring,0
RO-09,Apr 2029 – Jun 2029,AMM-SU-2891,SU,Rooftop,Amman-Zarqa Metro,Amman outskirts,Balqa,32.00436,35.77813,32,3,HUB-AMM-43,HUB-AMM-43-R03,Fiber ring,0
RO-09,Apr 2029 – Jun 2029,AMM-SU-2892,SU,Rooftop,Amman-Zarqa Metro,Amman outskirts,Balqa,32.00436,35.78359,32,3,HUB-AMM-43,HUB-AMM-43-R03,Fiber ring,0
RO-09,Apr 2029 – Jun 2029,AMM-SU-2893,SU,Rooftop,Amman-Zarqa Metro,Amman outskirts,Balqa,32.00377,35.79110,32,3,HUB-AMM-43,HUB-AMM-43-R03,Fiber ring,0
RO-09,Apr 2029 – Jun 2029,AMM-SU-2906,SU,Rooftop,Amman-Zarqa Metro,Amman outskirts,Balqa,32.01062,35.78018,32,3,HUB-AMM-43,HUB-AMM-43-R03,Fiber ring,0
RO-09,Apr 2029 – Jun 2029,AMM-SU-2907,SU,Rooftop,Amman-Zarqa Metro,Amman outskirts,Balqa,32.00886,35.78632,32,3,HUB-AMM-43,HUB-AMM-43-R03,Fiber ring,0
RO-09,Apr 2029 – Jun 2029,AMM-SU-2908,SU,Monopole / greenfield,Amman-Zarqa Metro,Amman outskirts,Balqa,32.00827,35.79383,32,3,HUB-AMM-43,HUB-AMM-43-R03,Fiber ring,0
RO-09,Apr 2029 – Jun 2029,AMM-SU-2905,SU,Rooftop,Amman-Zarqa Metro,Amman outskirts,Balqa,32.01062,35.77335,32,3,HUB-AMM-43,HUB-AMM-43-R04,Fiber ring,0
RO-09,Apr 2029 – Jun 2029,AMM-SU-2922,SU,Monopole / greenfield,Amman-Zarqa Metro,Amman outskirts,Balqa,32.01454,35.77130,32,3,HUB-AMM-43,HUB-AMM-43-R04,Fiber ring,0
RO-09,Apr 2029 – Jun 2029,AMM-SU-2923,SU,Monopole / greenfield,Amman-Zarqa Metro,Amman outskirts,Balqa,32.01336,35.77677,32,3,HUB-AMM-43,HUB-AMM-43-R04,Fiber ring,0
RO-09,Apr 2029 – Jun 2029,AMM-SU-2924,SU,Monopole / greenfield,Amman-Zarqa Metro,Amman outskirts,Balqa,32.01571,35.78359,32,3,HUB-AMM-43,HUB-AMM-43-R04,Fiber ring,0
RO-09,Apr 2029 – Jun 2029,AMM-SU-2925,SU,Monopole / greenfield,Amman-Zarqa Metro,Amman outskirts,Balqa,32.01571,35.79042,32,3,HUB-AMM-43,HUB-AMM-43-R04,Fiber ring,0
RO-09,Apr 2029 – Jun 2029,AMM-SU-2945,SU,Monopole / greenfield,Amman-Zarqa Metro,Amman outskirts,Balqa,32.01963,35.77472,32,3,HUB-AMM-43,HUB-AMM-43-R04,Fiber ring,0
RO-09,Apr 2029 – Jun 2029,AMM-SU-2946,SU,Monopole / greenfield,Amman-Zarqa Metro,Amman outskirts,Balqa,32.01845,35.78018,32,3,HUB-AMM-43,HUB-AMM-43-R04,Fiber ring,0
RO-09,Apr 2029 – Jun 2029,AMM-SU-2903,SU,Monopole / greenfield,Amman-Zarqa Metro,Amman outskirts,Balqa,32.00945,35.76107,32,3,HUB-AMM-43,HUB-AMM-43-R05,Fiber ring,0
RO-09,Apr 2029 – Jun 2029,AMM-SU-2904,SU,Rooftop,Amman-Zarqa Metro,Amman outskirts,Balqa,32.00827,35.76653,32,3,HUB-AMM-43,HUB-AMM-43-R05,Fiber ring,0
RO-09,Apr 2029 – Jun 2029,AMM-SU-2921,SU,Monopole / greenfield,Amman-Zarqa Metro,Amman outskirts,Balqa,32.01454,35.76448,32,3,HUB-AMM-43,HUB-AMM-43-R05,Fiber ring,0
RO-09,Apr 2029 – Jun 2029,AMM-SU-2943,SU,Monopole / greenfield,Amman-Zarqa Metro,Amman outskirts,Balqa,32.02080,35.75970,32,3,HUB-AMM-43,HUB-AMM-43-R05,Fiber ring,0
RO-09,Apr 2029 – Jun 2029,AMM-SU-2944,SU,Monopole / greenfield,Amman-Zarqa Metro,Amman outskirts,Balqa,32.01963,35.76789,32,3,HUB-AMM-43,HUB-AMM-43-R05,Fiber ring,0
RO-09,Apr 2029 – Jun 2029,AMM-SU-2968,SU,Monopole / greenfield,Amman-Zarqa Metro,Amman outskirts,Balqa,32.02531,35.76380,32,3,HUB-AMM-43,HUB-AMM-43-R05,Fiber ring,0
RO-09,Apr 2029 – Jun 2029,AMM-SU-2969,SU,Monopole / greenfield,Amman-Zarqa Metro,Amman outskirts,Balqa,32.02472,35.77130,32,3,HUB-AMM-43,HUB-AMM-43-R05,Fiber ring,0
RO-09,Apr 2029 – Jun 2029,AMM-SU-3201,SU,Monopole / greenfield,Amman-Zarqa Metro,Amman outskirts,Amman,32.06035,35.91807,32,3,HUB-AMM-53,HUB-AMM-53-R01,Fiber ring,0
RO-09,Apr 2029 – Jun 2029,AMM-SU-3202,SU,Monopole / greenfield,Amman-Zarqa Metro,Amman outskirts,Zarqa,32.06035,35.92422,32,3,HUB-AMM-53,HUB-AMM-53-R01,Fiber ring,0
RO-09,Apr 2029 – Jun 2029,AMM-SU-3235,SU,Monopole / greenfield,Amman-Zarqa Metro,Amman outskirts,Amman,32.06662,35.91329,32,3,HUB-AMM-53,HUB-AMM-53-R01,Fiber ring,0
RO-09,Apr 2029 – Jun 2029,AMM-SU-3236,SU,Monopole / greenfield,Amman-Zarqa Metro,Amman outskirts,Zarqa,32.06486,35.92080,32,3,HUB-AMM-53,HUB-AMM-53-R01,Fiber ring,0
RO-09,Apr 2029 – Jun 2029,AMM-SU-3262,SU,Monopole / greenfield,Amman-Zarqa Metro,Amman outskirts,Amman,32.06936,35.90305,32,3,HUB-AMM-53,HUB-AMM-53-R01,Fiber ring,0
RO-09,Apr 2029 – Jun 2029,AMM-SU-3263,SU,Monopole / greenfield,Amman-Zarqa Metro,Amman outskirts,Amman,32.06936,35.90988,32,3,HUB-AMM-53,HUB-AMM-53-R01,Fiber ring,0
RO-09,Apr 2029 – Jun 2029,AMM-SU-3265,SU,Monopole / greenfield,Amman-Zarqa Metro,Amman outskirts,Zarqa,32.07054,35.92490,32,3,HUB-AMM-53,HUB-AMM-53-R01,Fiber ring,1
RO-09,Apr 2029 – Jun 2029,AMM-SU-3163,SU,Monopole / greenfield,Amman-Zarqa Metro,Amman outskirts,Zarqa,32.05644,35.92695,32,3,HUB-AMM-53,HUB-AMM-53-R02,Fiber ring,0
RO-09,Apr 2029 – Jun 2029,AMM-SU-3164,SU,Monopole / greenfield,Amman-Zarqa Metro,Amman outskirts,Zarqa,32.05468,35.93445,32,3,HUB-AMM-53,HUB-AMM-53-R02,Fiber ring,0
RO-09,Apr 2029 – Jun 2029,AMM-SU-3203,SU,Monopole / greenfield,Amman-Zarqa Metro,Amman outskirts,Zarqa,32.06035,35.92899,32,3,HUB-AMM-53,HUB-AMM-53-R02,Fiber ring,0
RO-09,Apr 2029 – Jun 2029,AMM-SU-3204,SU,Monopole / greenfield,Amman-Zarqa Metro,Amman outskirts,Zarqa,32.06153,35.93719,32,3,HUB-AMM-53,HUB-AMM-53-R02,Fiber ring,0
RO-09,Apr 2029 – Jun 2029,AMM-SU-3237,SU,Monopole / greenfield,Amman-Zarqa Metro,Amman outskirts,Zarqa,32.06545,35.92831,32,3,HUB-AMM-53,HUB-AMM-53-R02,Fiber ring,0
RO-09,Apr 2029 – Jun 2029,AMM-SU-3238,SU,Monopole / greenfield,Amman-Zarqa Metro,Amman outskirts,Zarqa,32.06545,35.93241,32,3,HUB-AMM-53,HUB-AMM-53-R02,Fiber ring,0
RO-09,Apr 2029 – Jun 2029,AMM-SU-3239,SU,Monopole / greenfield,Amman-Zarqa Metro,Amman outskirts,Zarqa,32.06662,35.94060,32,3,HUB-AMM-53,HUB-AMM-53-R03,Fiber ring,0
RO-09,Apr 2029 – Jun 2029,AMM-SU-3266,SU,Monopole / greenfield,Amman-Zarqa Metro,Amman outskirts,Zarqa,32.07171,35.93036,32,3,HUB-AMM-53,HUB-AMM-53-R03,Fiber ring,0
RO-09,Apr 2029 – Jun 2029,AMM-SU-3267,SU,Monopole / greenfield,Amman-Zarqa Metro,Amman outskirts,Zarqa,32.07054,35.93855,32,3,HUB-AMM-53,HUB-AMM-53-R03,Fiber ring,0
RO-09,Apr 2029 – Jun 2029,AMM-SU-3268,SU,Monopole / greenfield,Amman-Zarqa Metro,Amman outskirts,Zarqa,32.06936,35.94401,32,3,HUB-AMM-53,HUB-AMM-53-R03,Fiber ring,0
RO-09,Apr 2029 – Jun 2029,AMM-SU-3298,SU,Monopole / greenfield,Amman-Zarqa Metro,Amman outskirts,Zarqa,32.07504,35.94674,32,3,HUB-AMM-53,HUB-AMM-53-R03,Fiber ring,0
RO-09,Apr 2029 – Jun 2029,AMM-SU-3326,SU,Monopole / greenfield,Amman-Zarqa Metro,Amman outskirts,Zarqa,32.07954,35.95084,32,3,HUB-AMM-53,HUB-AMM-53-R03,Fiber ring,0
RO-09,Apr 2029 – Jun 2029,AMM-SU-3295,SU,Monopole / greenfield,Amman-Zarqa Metro,Amman outskirts,Zarqa,32.07563,35.92831,32,3,HUB-AMM-53,HUB-AMM-53-R04,Fiber ring,0
RO-09,Apr 2029 – Jun 2029,AMM-SU-3296,SU,Monopole / greenfield,Amman-Zarqa Metro,Amman outskirts,Zarqa,32.07563,35.93514,32,3,HUB-AMM-53,HUB-AMM-53-R04,Fiber ring,0
RO-09,Apr 2029 – Jun 2029,AMM-SU-3297,SU,Monopole / greenfield,Amman-Zarqa Metro,Amman outskirts,Zarqa,32.07622,35.93992,32,3,HUB-AMM-53,HUB-AMM-53-R04,Fiber ring,0
RO-09,Apr 2029 – Jun 2029,AMM-SU-3324,SU,Monopole / greenfield,Amman-Zarqa Metro,Amman outskirts,Zarqa,32.08072,35.93855,32,3,HUB-AMM-53,HUB-AMM-53-R04,Fiber ring,0
RO-09,Apr 2029 – Jun 2029,AMM-SU-3325,SU,Monopole / greenfield,Amman-Zarqa Metro,Amman outskirts,Zarqa,32.07954,35.94401,32,3,HUB-AMM-53,HUB-AMM-53-R04,Fiber ring,0
RO-09,Apr 2029 – Jun 2029,AMM-SU-3350,SU,Monopole / greenfield,Amman-Zarqa Metro,Amman outskirts,Zarqa,32.08581,35.93514,32,3,HUB-AMM-53,HUB-AMM-53-R04,Fiber ring,0
RO-09,Apr 2029 – Jun 2029,AMM-SU-3322,SU,Monopole / greenfield,Amman-Zarqa Metro,Amman outskirts,Zarqa,32.07954,35.92353,32,3,HUB-AMM-53,HUB-AMM-53-R05,Fiber ring,0
RO-09,Apr 2029 – Jun 2029,AMM-SU-3323,SU,Monopole / greenfield,Amman-Zarqa Metro,Amman outskirts,Zarqa,32.08072,35.93172,32,3,HUB-AMM-53,HUB-AMM-53-R05,Fiber ring,0
RO-09,Apr 2029 – Jun 2029,AMM-SU-3348,SU,Monopole / greenfield,Amman-Zarqa Metro,Amman outskirts,Zarqa,32.08698,35.91329,32,3,HUB-AMM-53,HUB-AMM-53-R05,Fiber ring,0
RO-09,Apr 2029 – Jun 2029,AMM-SU-3349,SU,Monopole / greenfield,Amman-Zarqa Metro,Amman outskirts,Zarqa,32.08581,35.91875,32,3,HUB-AMM-53,HUB-AMM-53-R05,Fiber ring,0
RO-09,Apr 2029 – Jun 2029,AMM-SU-3370,SU,Monopole / greenfield,Amman-Zarqa Metro,Amman outskirts,Zarqa,32.08972,35.91671,32,3,HUB-AMM-53,HUB-AMM-53-R05,Fiber ring,0
RO-09,Apr 2029 – Jun 2029,AMM-SU-3371,SU,Monopole / greenfield,Amman-Zarqa Metro,Amman outskirts,Zarqa,32.08972,35.92353,32,3,HUB-AMM-53,HUB-AMM-53-R05,Fiber ring,0
RO-09,Apr 2029 – Jun 2029,AMM-SU-3264,SU,Monopole / greenfield,Amman-Zarqa Metro,Amman outskirts,Amman,32.07054,35.91534,32,3,HUB-AMM-53,HUB-AMM-53-R06,Fiber ring,0
RO-09,Apr 2029 – Jun 2029,AMM-SU-3292,SU,Monopole / greenfield,Amman-Zarqa Metro,Amman outskirts,Amman,32.07504,35.90715,32,3,HUB-AMM-53,HUB-AMM-53-R06,Fiber ring,0
RO-09,Apr 2029 – Jun 2029,AMM-SU-3293,SU,Monopole / greenfield,Amman-Zarqa Metro,Amman outskirts,Zarqa,32.07563,35.91193,32,3,HUB-AMM-53,HUB-AMM-53-R06,Fiber ring,0
RO-09,Apr 2029 – Jun 2029,AMM-SU-3294,SU,Monopole / greenfield,Amman-Zarqa Metro,Amman outskirts,Zarqa,32.07445,35.92012,32,3,HUB-AMM-53,HUB-AMM-53-R06,Fiber ring,0
RO-09,Apr 2029 – Jun 2029,AMM-SU-3320,SU,Monopole / greenfield,Amman-Zarqa Metro,Amman outskirts,Zarqa,32.08072,35.90851,32,3,HUB-AMM-53,HUB-AMM-53-R06,Fiber ring,0
RO-09,Apr 2029 – Jun 2029,AMM-SU-3321,SU,Monopole / greenfield,Amman-Zarqa Metro,Amman outskirts,Zarqa,32.07954,35.91671,32,3,HUB-AMM-53,HUB-AMM-53-R06,Fiber ring,0
RO-09,Apr 2029 – Jun 2029,AMM-SU-2219,SU,Monopole / greenfield,Amman-Zarqa Metro,Amman outskirts,Amman,31.82226,35.94742,32,3,HUB-AMM-55,HUB-AMM-55-R01,Fiber ring,0
RO-09,Apr 2029 – Jun 2029,AMM-SU-2220,SU,Monopole / greenfield,Amman-Zarqa Metro,Amman outskirts,Amman,31.82618,35.93036,32,3,HUB-AMM-55,HUB-AMM-55-R01,Fiber ring,0
RO-09,Apr 2029 – Jun 2029,AMM-SU-2221,SU,Monopole / greenfield,Amman-Zarqa Metro,Amman outskirts,Amman,31.82735,35.93719,32,3,HUB-AMM-55,HUB-AMM-55-R01,Fiber ring,0
RO-09,Apr 2029 – Jun 2029,AMM-SU-2222,SU,Monopole / greenfield,Amman-Zarqa Metro,Amman outskirts,Amman,31.82559,35.94469,32,3,HUB-AMM-55,HUB-AMM-55-R01,Fiber ring,0
RO-09,Apr 2029 – Jun 2029,AMM-SU-2230,SU,Monopole / greenfield,Amman-Zarqa Metro,Amman outskirts,Amman,31.83244,35.93377,32,3,HUB-AMM-55,HUB-AMM-55-R01,Fiber ring,0
RO-09,Apr 2029 – Jun 2029,AMM-SU-2231,SU,Monopole / greenfield,Amman-Zarqa Metro,Amman outskirts,Amman,31.83185,35.93992,32,3,HUB-AMM-55,HUB-AMM-55-R01,Fiber ring,0
RO-09,Apr 2029 – Jun 2029,AMM-SU-2232,SU,Monopole / greenfield,Amman-Zarqa Metro,Amman outskirts,Amman,31.83244,35.94742,32,3,HUB-AMM-55,HUB-AMM-55-R01,Fiber ring,0
RO-09,Apr 2029 – Jun 2029,AMM-SU-2247,SU,Monopole / greenfield,Amman-Zarqa Metro,Amman outskirts,Amman,31.83636,35.95630,32,3,HUB-AMM-55,HUB-AMM-55-R01,Fiber ring,1
RO-09,Apr 2029 – Jun 2029,AMM-SU-2223,SU,Monopole / greenfield,Amman-Zarqa Metro,Amman outskirts,Amman,31.82618,35.95084,32,3,HUB-AMM-55,HUB-AMM-55-R02,Fiber ring,0
RO-09,Apr 2029 – Jun 2029,AMM-SU-2224,SU,Monopole / greenfield,Amman-Zarqa Metro,Amman outskirts,Amman,31.82735,35.95766,32,3,HUB-AMM-55,HUB-AMM-55-R02,Fiber ring,0
RO-09,Apr 2029 – Jun 2029,AMM-SU-2225,SU,Monopole / greenfield,Amman-Zarqa Metro,Amman outskirts,Amman,31.82735,35.96449,32,3,HUB-AMM-55,HUB-AMM-55-R02,Fiber ring,0
RO-09,Apr 2029 – Jun 2029,AMM-SU-2226,SU,Monopole / greenfield,Amman-Zarqa Metro,Amman outskirts,Amman,31.82618,35.96995,32,3,HUB-AMM-55,HUB-AMM-55-R02,Fiber ring,0
RO-09,Apr 2029 – Jun 2029,AMM-SU-2233,SU,Monopole / greenfield,Amman-Zarqa Metro,Amman outskirts,Amman,31.83244,35.95425,32,3,HUB-AMM-55,HUB-AMM-55-R02,Fiber ring,0
RO-09,Apr 2029 – Jun 2029,AMM-SU-2234,SU,Monopole / greenfield,Amman-Zarqa Metro,Amman outskirts,Amman,31.83127,35.96244,32,3,HUB-AMM-55,HUB-AMM-55-R02,Fiber ring,0
RO-09,Apr 2029 – Jun 2029,AMM-SU-2235,SU,Monopole / greenfield,Amman-Zarqa Metro,Amman outskirts,Amman,31.83127,35.96654,32,3,HUB-AMM-55,HUB-AMM-55-R02,Fiber ring,0
RO-09,Apr 2029 – Jun 2029,AMM-SU-2236,SU,Monopole / greenfield,Amman-Zarqa Metro,Amman outskirts,Amman,31.83127,35.97336,32,3,HUB-AMM-55,HUB-AMM-55-R03,Fiber ring,0
RO-09,Apr 2029 – Jun 2029,AMM-SU-2248,SU,Monopole / greenfield,Amman-Zarqa Metro,Amman outskirts,Amman,31.83636,35.96586,32,3,HUB-AMM-55,HUB-AMM-55-R03,Fiber ring,0
RO-09,Apr 2029 – Jun 2029,AMM-SU-2249,SU,Monopole / greenfield,Amman-Zarqa Metro,Amman outskirts,Amman,31.83577,35.97063,32,3,HUB-AMM-55,HUB-AMM-55-R03,Fiber ring,0
RO-09,Apr 2029 – Jun 2029,AMM-SU-2250,SU,Monopole / greenfield,Amman-Zarqa Metro,Amman outskirts,Amman,31.83695,35.97746,32,3,HUB-AMM-55,HUB-AMM-55-R03,Fiber ring,0
RO-09,Apr 2029 – Jun 2029,AMM-SU-2268,SU,Monopole / greenfield,Amman-Zarqa Metro,Amman outskirts,Amman,31.84145,35.96790,32,3,HUB-AMM-55,HUB-AMM-55-R03,Fiber ring,0
RO-09,Apr 2029 – Jun 2029,AMM-SU-2269,SU,Monopole / greenfield,Amman-Zarqa Metro,Amman outskirts,Amman,31.84204,35.97541,32,3,HUB-AMM-55,HUB-AMM-55-R03,Fiber ring,0
RO-09,Apr 2029 – Jun 2029,AMM-SU-2292,SU,Monopole / greenfield,Amman-Zarqa Metro,Amman outskirts,Amman,31.84713,35.97746,32,3,HUB-AMM-55,HUB-AMM-55-R03,Fiber ring,0
RO-09,Apr 2029 – Jun 2029,AMM-SU-2267,SU,Monopole / greenfield,Amman-Zarqa Metro,Amman outskirts,Amman,31.84262,35.96108,32,3,HUB-AMM-55,HUB-AMM-55-R04,Fiber ring,0
RO-09,Apr 2029 – Jun 2029,AMM-SU-2289,SU,Monopole / greenfield,Amman-Zarqa Metro,Amman outskirts,Amman,31.84536,35.95766,32,3,HUB-AMM-55,HUB-AMM-55-R04,Fiber ring,0
RO-09,Apr 2029 – Jun 2029,AMM-SU-2290,SU,Monopole / greenfield,Amman-Zarqa Metro,Amman outskirts,Amman,31.84654,35.96586,32,3,HUB-AMM-55,HUB-AMM-55-R04,Fiber ring,0
RO-09,Apr 2029 – Jun 2029,AMM-SU-2291,SU,Monopole / greenfield,Amman-Zarqa Metro,Amman outskirts,Amman,31.84654,35.97268,32,3,HUB-AMM-55,HUB-AMM-55-R04,Fiber ring,0
RO-09,Apr 2029 – Jun 2029,AMM-SU-2314,SU,Monopole / greenfield,Amman-Zarqa Metro,Amman outskirts,Amman,31.85163,35.96244,32,3,HUB-AMM-55,HUB-AMM-55-R04,Fiber ring,0
RO-09,Apr 2029 – Jun 2029,AMM-SU-2315,SU,Monopole / greenfield,Amman-Zarqa Metro,Amman outskirts,Amman,31.85163,35.96654,32,3,HUB-AMM-55,HUB-AMM-55-R04,Fiber ring,0
RO-09,Apr 2029 – Jun 2029,AMM-SU-2316,SU,Monopole / greenfield,Amman-Zarqa Metro,Amman outskirts,Amman,31.85163,35.97336,32,3,HUB-AMM-55,HUB-AMM-55-R04,Fiber ring,0
RO-09,Apr 2029 – Jun 2029,AMM-SU-2265,SU,Monopole / greenfield,Amman-Zarqa Metro,Amman outskirts,Amman,31.84145,35.94879,32,3,HUB-AMM-55,HUB-AMM-55-R05,Fiber ring,0
RO-09,Apr 2029 – Jun 2029,AMM-SU-2266,SU,Monopole / greenfield,Amman-Zarqa Metro,Amman outskirts,Amman,31.84145,35.95289,32,3,HUB-AMM-55,HUB-AMM-55-R05,Fiber ring,0
RO-09,Apr 2029 – Jun 2029,AMM-SU-2287,SU,Monopole / greenfield,Amman-Zarqa Metro,Amman outskirts,Amman,31.84654,35.94265,32,3,HUB-AMM-55,HUB-AMM-55-R05,Fiber ring,0
RO-09,Apr 2029 – Jun 2029,AMM-SU-2288,SU,Monopole / greenfield,Amman-Zarqa Metro,Amman outskirts,Amman,31.84654,35.95084,32,3,HUB-AMM-55,HUB-AMM-55-R05,Fiber ring,0
RO-09,Apr 2029 – Jun 2029,AMM-SU-2312,SU,Monopole / greenfield,Amman-Zarqa Metro,Amman outskirts,Amman,31.85045,35.94742,32,3,HUB-AMM-55,HUB-AMM-55-R05,Fiber ring,0
RO-09,Apr 2029 – Jun 2029,AMM-SU-2313,SU,Monopole / greenfield,Amman-Zarqa Metro,Amman outskirts,Amman,31.85163,35.95289,32,3,HUB-AMM-55,HUB-AMM-55-R05,Fiber ring,0
RO-09,Apr 2029 – Jun 2029,AMM-SU-2339,SU,Monopole / greenfield,Amman-Zarqa Metro,Amman outskirts,Amman,31.85790,35.95084,32,3,HUB-AMM-55,HUB-AMM-55-R05,Fiber ring,0
RO-09,Apr 2029 – Jun 2029,AMM-SU-2244,SU,Monopole / greenfield,Amman-Zarqa Metro,Amman outskirts,Amman,31.83753,35.93719,32,3,HUB-AMM-55,HUB-AMM-55-R06,Fiber ring,0
RO-09,Apr 2029 – Jun 2029,AMM-SU-2245,SU,Monopole / greenfield,Amman-Zarqa Metro,Amman outskirts,Amman,31.83753,35.94401,32,3,HUB-AMM-55,HUB-AMM-55-R06,Fiber ring,0
RO-09,Apr 2029 – Jun 2029,AMM-SU-2246,SU,Monopole / greenfield,Amman-Zarqa Metro,Amman outskirts,Amman,31.83636,35.95084,32,3,HUB-AMM-55,HUB-AMM-55-R06,Fiber ring,0
RO-09,Apr 2029 – Jun 2029,AMM-SU-2264,SU,Rooftop,Amman-Zarqa Metro,Amman outskirts,Amman,31.84145,35.93923,32,3,HUB-AMM-55,HUB-AMM-55-R06,Fiber ring,0
RO-09,Apr 2029 – Jun 2029,AMM-SU-2682,SU,Monopole / greenfield,Amman-Zarqa Metro,Amman outskirts,Amman,31.92290,35.77130,32,3,HUB-AMM-67,HUB-AMM-67-R01,Fiber ring,0
RO-09,Apr 2029 – Jun 2029,AMM-SU-2699,SU,Monopole / greenfield,Amman-Zarqa Metro,Amman outskirts,Amman,31.92799,35.76516,32,3,HUB-AMM-67,HUB-AMM-67-R01,Fiber ring,0
RO-09,Apr 2029 – Jun 2029,AMM-SU-2700,SU,Monopole / greenfield,Amman-Zarqa Metro,Amman outskirts,Amman,31.92799,35.77472,32,3,HUB-AMM-67,HUB-AMM-67-R01,Fiber ring,0
RO-09,Apr 2029 – Jun 2029,AMM-SU-2715,SU,Monopole / greenfield,Amman-Zarqa Metro,Amman outskirts,Amman,31.93426,35.76311,32,3,HUB-AMM-67,HUB-AMM-67-R01,Fiber ring,0
RO-09,Apr 2029 – Jun 2029,AMM-SU-2716,SU,Monopole / greenfield,Amman-Zarqa Metro,Amman outskirts,Amman,31.93308,35.76857,32,3,HUB-AMM-67,HUB-AMM-67-R01,Fiber ring,0
RO-09,Apr 2029 – Jun 2029,AMM-SU-2728,SU,Monopole / greenfield,Amman-Zarqa Metro,Amman outskirts,Amman,31.93817,35.76516,32,3,HUB-AMM-67,HUB-AMM-67-R01,Fiber ring,0
RO-09,Apr 2029 – Jun 2029,AMM-SU-2729,SU,Monopole / greenfield,Amman-Zarqa Metro,Amman outskirts,Amman,31.93876,35.77267,32,3,HUB-AMM-67,HUB-AMM-67-R01,Fiber ring,0
RO-09,Apr 2029 – Jun 2029,AMM-SU-2730,SU,Monopole / greenfield,Amman-Zarqa Metro,Amman outskirts,Amman,31.93935,35.78018,32,3,HUB-AMM-67,HUB-AMM-67-R01,Fiber ring,1
RO-09,Apr 2029 – Jun 2029,AMM-SU-2683,SU,Monopole / greenfield,Amman-Zarqa Metro,Amman outskirts,Amman,31.92290,35.77813,32,3,HUB-AMM-67,HUB-AMM-67-R02,Fiber ring,0
RO-09,Apr 2029 – Jun 2029,AMM-SU-2701,SU,Monopole / greenfield,Amman-Zarqa Metro,Amman outskirts,Amman,31.92799,35.78154,32,3,HUB-AMM-67,HUB-AMM-67-R02,Fiber ring,0
RO-09,Apr 2029 – Jun 2029,AMM-SU-2702,SU,Monopole / greenfield,Amman-Zarqa Metro,Amman outskirts,Amman,31.92740,35.78769,32,3,HUB-AMM-67,HUB-AMM-67-R02,Fiber ring,0
RO-09,Apr 2029 – Jun 2029,AMM-SU-2717,SU,Monopole / greenfield,Amman-Zarqa Metro,Amman outskirts,Amman,31.93191,35.77677,32,3,HUB-AMM-67,HUB-AMM-67-R02,Fiber ring,0
RO-09,Apr 2029 – Jun 2029,AMM-SU-2718,SU,Monopole / greenfield,Amman-Zarqa Metro,Amman outskirts,Amman,31.93367,35.78427,32,3,HUB-AMM-67,HUB-AMM-67-R02,Fiber ring,0
RO-09,Apr 2029 – Jun 2029,AMM-SU-2719,SU,Monopole / greenfield,Amman-Zarqa Metro,Amman outskirts,Amman,31.93191,35.79042,32,3,HUB-AMM-67,HUB-AMM-67-R02,Fiber ring,0
RO-09,Apr 2029 – Jun 2029,AMM-SU-2720,SU,Monopole / greenfield,Amman-Zarqa Metro,Amman outskirts,Amman,31.93191,35.79724,32,3,HUB-AMM-67,HUB-AMM-67-R02,Fiber ring,0
RO-09,Apr 2029 – Jun 2029,AMM-SU-2731,SU,Monopole / greenfield,Amman-Zarqa Metro,Amman outskirts,Amman,31.93935,35.78701,32,3,HUB-AMM-67,HUB-AMM-67-R03,Fiber ring,0
RO-09,Apr 2029 – Jun 2029,AMM-SU-2732,SU,Monopole / greenfield,Amman-Zarqa Metro,Amman outskirts,Amman,31.93876,35.79315,32,3,HUB-AMM-67,HUB-AMM-67-R03,Fiber ring,0
RO-09,Apr 2029 – Jun 2029,AMM-SU-2742,SU,Monopole / greenfield,Amman-Zarqa Metro,Amman outskirts,Amman,31.94444,35.78359,32,3,HUB-AMM-67,HUB-AMM-67-R03,Fiber ring,0
RO-09,Apr 2029 – Jun 2029,AMM-SU-2743,SU,Monopole / greenfield,Amman-Zarqa Metro,Amman outskirts,Amman,31.94327,35.79042,32,3,HUB-AMM-67,HUB-AMM-67-R03,Fiber ring,0
RO-09,Apr 2029 – Jun 2029,AMM-SU-2744,SU,Monopole / greenfield,Amman-Zarqa Metro,Amman outskirts,Amman,31.94327,35.79861,32,3,HUB-AMM-67,HUB-AMM-67-R03,Fiber ring,0
RO-09,Apr 2029 – Jun 2029,AMM-SU-2755,SU,Monopole / greenfield,Amman-Zarqa Metro,Amman outskirts,Amman,31.94953,35.78701,32,3,HUB-AMM-67,HUB-AMM-67-R03,Fiber ring,0
RO-09,Apr 2029 – Jun 2029,AMM-SU-2756,SU,Monopole / greenfield,Amman-Zarqa Metro,Amman outskirts,Amman,31.94953,35.79383,32,3,HUB-AMM-67,HUB-AMM-67-R03,Fiber ring,0
RO-09,Apr 2029 – Jun 2029,AMM-SU-2741,SU,Monopole / greenfield,Amman-Zarqa Metro,Amman outskirts,Amman,31.94327,35.77813,32,3,HUB-AMM-67,HUB-AMM-67-R04,Fiber ring,0
RO-09,Apr 2029 – Jun 2029,AMM-SU-2752,SU,Monopole / greenfield,Amman-Zarqa Metro,Amman outskirts,Amman,31.94836,35.76516,32,3,HUB-AMM-67,HUB-AMM-67-R04,Fiber ring,0
RO-09,Apr 2029 – Jun 2029,AMM-SU-2753,SU,Monopole / greenfield,Amman-Zarqa Metro,Amman outskirts,Amman,31.94836,35.77199,32,3,HUB-AMM-67,HUB-AMM-67-R04,Fiber ring,0
RO-09,Apr 2029 – Jun 2029,AMM-SU-2754,SU,Monopole / greenfield,Amman-Zarqa Metro,Amman outskirts,Amman,31.94836,35.78154,32,3,HUB-AMM-67,HUB-AMM-67-R04,Fiber ring,0
RO-09,Apr 2029 – Jun 2029,AMM-SU-2767,SU,Monopole / greenfield,Amman-Zarqa Metro,Amman outskirts,Amman,31.95403,35.77745,32,3,HUB-AMM-67,HUB-AMM-67-R04,Fiber ring,0
RO-09,Apr 2029 – Jun 2029,AMM-SU-2768,SU,Monopole / greenfield,Amman-Zarqa Metro,Amman outskirts,Amman,31.95345,35.78496,32,3,HUB-AMM-67,HUB-AMM-67-R04,Fiber ring,0
RO-09,Apr 2029 – Jun 2029,AMM-SU-2769,SU,Monopole / greenfield,Amman-Zarqa Metro,Amman outskirts,Amman,31.95345,35.78905,32,3,HUB-AMM-67,HUB-AMM-67-R04,Fiber ring,0
RO-09,Apr 2029 – Jun 2029,AMM-SU-2739,SU,Monopole / greenfield,Amman-Zarqa Metro,Amman outskirts,Amman,31.94444,35.76311,32,3,HUB-AMM-67,HUB-AMM-67-R05,Fiber ring,0
RO-09,Apr 2029 – Jun 2029,AMM-SU-2740,SU,Monopole / greenfield,Amman-Zarqa Metro,Amman outskirts,Amman,31.94327,35.76857,32,3,HUB-AMM-67,HUB-AMM-67-R05,Fiber ring,0
RO-09,Apr 2029 – Jun 2029,AMM-SU-2751,SU,Monopole / greenfield,Amman-Zarqa Metro,Amman outskirts,Amman,31.94894,35.76038,32,3,HUB-AMM-67,HUB-AMM-67-R05,Fiber ring,0
RO-09,Apr 2029 – Jun 2029,AMM-SU-3260,SU,Monopole / greenfield,Amman-Zarqa Metro,Amman outskirts,Balqa,32.06995,35.89008,32,3,HUB-AMM-68,HUB-AMM-68-R01,Fiber ring,0
RO-09,Apr 2029 – Jun 2029,AMM-SU-3288,SU,Monopole / greenfield,Amman-Zarqa Metro,Amman outskirts,Balqa,32.07563,35.88053,32,3,HUB-AMM-68,HUB-AMM-68-R01,Fiber ring,0
RO-09,Apr 2029 – Jun 2029,AMM-SU-3289,SU,Monopole / greenfield,Amman-Zarqa Metro,Amman outskirts,Balqa,32.07622,35.88530,32,3,HUB-AMM-68,HUB-AMM-68-R01,Fiber ring,0
RO-09,Apr 2029 – Jun 2029,AMM-SU-3314,SU,Monopole / greenfield,Amman-Zarqa Metro,Amman outskirts,Balqa,32.07954,35.86892,32,3,HUB-AMM-68,HUB-AMM-68-R01,Fiber ring,0
RO-09,Apr 2029 – Jun 2029,AMM-SU-3315,SU,Monopole / greenfield,Amman-Zarqa Metro,Amman outskirts,Balqa,32.07954,35.87575,32,3,HUB-AMM-68,HUB-AMM-68-R01,Fiber ring,0
RO-09,Apr 2029 – Jun 2029,AMM-SU-3316,SU,Monopole / greenfield,Amman-Zarqa Metro,Amman outskirts,Balqa,32.08072,35.88394,32,3,HUB-AMM-68,HUB-AMM-68-R01,Fiber ring,0
RO-09,Apr 2029 – Jun 2029,AMM-SU-3317,SU,Monopole / greenfield,Amman-Zarqa Metro,Amman outskirts,Balqa,32.08072,35.88804,32,3,HUB-AMM-68,HUB-AMM-68-R01,Fiber ring,0
RO-09,Apr 2029 – Jun 2029,AMM-SU-3344,SU,Monopole / greenfield,Amman-Zarqa Metro,Amman outskirts,Balqa,32.08463,35.88599,32,3,HUB-AMM-68,HUB-AMM-68-R01,Fiber ring,1
RO-09,Apr 2029 – Jun 2029,AMM-SU-3261,SU,Monopole / greenfield,Amman-Zarqa Metro,Amman outskirts,Balqa,32.07054,35.89623,32,3,HUB-AMM-68,HUB-AMM-68-R02,Fiber ring,0
RO-09,Apr 2029 – Jun 2029,AMM-SU-3290,SU,Monopole / greenfield,Amman-Zarqa Metro,Amman outskirts,Balqa,32.07563,35.89145,32,3,HUB-AMM-68,HUB-AMM-68-R02,Fiber ring,0
RO-09,Apr 2029 – Jun 2029,AMM-SU-3291,SU,Monopole / greenfield,Amman-Zarqa Metro,Amman outskirts,Balqa,32.07445,35.89964,32,3,HUB-AMM-68,HUB-AMM-68-R02,Fiber ring,0
RO-09,Apr 2029 – Jun 2029,AMM-SU-3318,SU,Monopole / greenfield,Amman-Zarqa Metro,Amman outskirts,Balqa,32.08072,35.89486,32,3,HUB-AMM-68,HUB-AMM-68-R02,Fiber ring,0
RO-09,Apr 2029 – Jun 2029,AMM-SU-3319,SU,Monopole / greenfield,Amman-Zarqa Metro,Amman outskirts,Zarqa,32.08189,35.90305,32,3,HUB-AMM-68,HUB-AMM-68-R02,Fiber ring,0
RO-09,Apr 2029 – Jun 2029,AMM-SU-3345,SU,Monopole / greenfield,Amman-Zarqa Metro,Amman outskirts,Zarqa,32.08463,35.89281,32,3,HUB-AMM-68,HUB-AMM-68-R02,Fiber ring,0
RO-09,Apr 2029 – Jun 2029,AMM-SU-3347,SU,Monopole / greenfield,Amman-Zarqa Metro,Amman outskirts,Zarqa,32.08698,35.90647,32,3,HUB-AMM-68,HUB-AMM-68-R02,Fiber ring,0
RO-09,Apr 2029 – Jun 2029,AMM-SU-3346,SU,Monopole / greenfield,Amman-Zarqa Metro,Amman outskirts,Zarqa,32.08698,35.89964,32,3,HUB-AMM-68,HUB-AMM-68-R03,Fiber ring,0
RO-09,Apr 2029 – Jun 2029,AMM-SU-3366,SU,Monopole / greenfield,Amman-Zarqa Metro,Amman outskirts,Zarqa,32.09090,35.89077,32,3,HUB-AMM-68,HUB-AMM-68-R03,Fiber ring,0
RO-09,Apr 2029 – Jun 2029,AMM-SU-3367,SU,Monopole / greenfield,Amman-Zarqa Metro,Amman outskirts,Zarqa,32.09090,35.89759,32,3,HUB-AMM-68,HUB-AMM-68-R03,Fiber ring,0
RO-09,Apr 2029 – Jun 2029,AMM-SU-3368,SU,Monopole / greenfield,Amman-Zarqa Metro,Amman outskirts,Zarqa,32.08972,35.90305,32,3,HUB-AMM-68,HUB-AMM-68-R03,Fiber ring,0
RO-09,Apr 2029 – Jun 2029,AMM-SU-3369,SU,Monopole / greenfield,Amman-Zarqa Metro,Amman outskirts,Zarqa,32.08972,35.90988,32,3,HUB-AMM-68,HUB-AMM-68-R03,Fiber ring,0
RO-09,Apr 2029 – Jun 2029,AMM-SU-3382,SU,Monopole / greenfield,Amman-Zarqa Metro,Amman outskirts,Zarqa,32.09599,35.90101,32,3,HUB-AMM-68,HUB-AMM-68-R03,Fiber ring,0
RO-09,Apr 2029 – Jun 2029,AMM-SU-3383,SU,Monopole / greenfield,Amman-Zarqa Metro,Amman outskirts,Zarqa,32.09717,35.90647,32,3,HUB-AMM-68,HUB-AMM-68-R03,Fiber ring,0
RO-09,Apr 2029 – Jun 2029,AMM-SU-3364,SU,Monopole / greenfield,Amman-Zarqa Metro,Amman outskirts,Balqa,32.09090,35.87711,32,3,HUB-AMM-68,HUB-AMM-68-R04,Fiber ring,0
RO-09,Apr 2029 – Jun 2029,AMM-SU-3365,SU,Monopole / greenfield,Amman-Zarqa Metro,Amman outskirts,Zarqa,32.09090,35.88394,32,3,HUB-AMM-68,HUB-AMM-68-R04,Fiber ring,0
RO-09,Apr 2029 – Jun 2029,AMM-SU-3377,SU,Monopole / greenfield,Amman-Zarqa Metro,Amman outskirts,Balqa,32.09599,35.86687,32,3,HUB-AMM-68,HUB-AMM-68-R04,Fiber ring,0
RO-09,Apr 2029 – Jun 2029,AMM-SU-3378,SU,Monopole / greenfield,Amman-Zarqa Metro,Amman outskirts,Balqa,32.09599,35.87370,32,3,HUB-AMM-68,HUB-AMM-68-R04,Fiber ring,0
RO-09,Apr 2029 – Jun 2029,AMM-SU-3379,SU,Monopole / greenfield,Amman-Zarqa Metro,Amman outskirts,Zarqa,32.09599,35.88053,32,3,HUB-AMM-68,HUB-AMM-68-R04,Fiber ring,0
RO-09,Apr 2029 – Jun 2029,AMM-SU-3380,SU,Monopole / greenfield,Amman-Zarqa Metro,Amman outskirts,Zarqa,32.09599,35.88735,32,3,HUB-AMM-68,HUB-AMM-68-R04,Fiber ring,0
RO-09,Apr 2029 – Jun 2029,AMM-SU-3381,SU,Monopole / greenfield,Amman-Zarqa Metro,Amman outskirts,Zarqa,32.09599,35.89418,32,3,HUB-AMM-68,HUB-AMM-68-R04,Fiber ring,0
RO-09,Apr 2029 – Jun 2029,AMM-SU-3341,SU,Monopole / greenfield,Amman-Zarqa Metro,Amman outskirts,Balqa,32.08463,35.86551,32,3,HUB-AMM-68,HUB-AMM-68-R05,Fiber ring,0
RO-09,Apr 2029 – Jun 2029,AMM-SU-3342,SU,Monopole / greenfield,Amman-Zarqa Metro,Amman outskirts,Balqa,32.08463,35.87233,32,3,HUB-AMM-68,HUB-AMM-68-R05,Fiber ring,0
RO-09,Apr 2029 – Jun 2029,AMM-SU-3343,SU,Monopole / greenfield,Amman-Zarqa Metro,Amman outskirts,Balqa,32.08463,35.87916,32,3,HUB-AMM-68,HUB-AMM-68-R05,Fiber ring,0
RO-09,Apr 2029 – Jun 2029,AMM-SU-3363,SU,Monopole / greenfield,Amman-Zarqa Metro,Amman outskirts,Balqa,32.08972,35.86892,32,3,HUB-AMM-68,HUB-AMM-68-R05,Fiber ring,0
RO-09,Apr 2029 – Jun 2029,AMM-SU-2471,SU,Rooftop,Amman-Zarqa Metro,Amman outskirts,Amman,31.87708,36.00545,32,3,HUB-AMM-78,HUB-AMM-78-R01,Fiber ring,0
RO-09,Apr 2029 – Jun 2029,AMM-SU-2472,SU,Rooftop,Amman-Zarqa Metro,Amman outskirts,Amman,31.87826,36.01228,32,3,HUB-AMM-78,HUB-AMM-78-R01,Fiber ring,0
RO-09,Apr 2029 – Jun 2029,AMM-SU-2504,SU,Rooftop,Amman-Zarqa Metro,Amman outskirts,Amman,31.88335,36.00204,32,3,HUB-AMM-78,HUB-AMM-78-R01,Fiber ring,0
RO-09,Apr 2029 – Jun 2029,AMM-SU-2505,SU,Rooftop,Amman-Zarqa Metro,Amman outskirts,Amman,31.88217,36.00886,32,3,HUB-AMM-78,HUB-AMM-78-R01,Fiber ring,0
RO-09,Apr 2029 – Jun 2029,AMM-SU-2535,SU,Monopole / greenfield,Amman-Zarqa Metro,Amman outskirts,Amman,31.88844,35.99862,32,3,HUB-AMM-78,HUB-AMM-78-R01,Fiber ring,0
RO-09,Apr 2029 – Jun 2029,AMM-SU-2536,SU,Monopole / greenfield,Amman-Zarqa Metro,Amman outskirts,Amman,31.88844,36.00545,32,3,HUB-AMM-78,HUB-AMM-78-R01,Fiber ring,0
RO-09,Apr 2029 – Jun 2029,AMM-SU-2537,SU,Monopole / greenfield,Amman-Zarqa Metro,Amman outskirts,Amman,31.88785,36.01296,32,3,HUB-AMM-78,HUB-AMM-78-R01,Fiber ring,0
RO-09,Apr 2029 – Jun 2029,AMM-SU-2563,SU,Monopole / greenfield,Amman-Zarqa Metro,Amman outskirts,Amman,31.89236,36.02115,32,3,HUB-AMM-78,HUB-AMM-78-R01,Fiber ring,1
RO-09,Apr 2029 – Jun 2029,AMM-SU-2441,SU,Monopole / greenfield,Amman-Zarqa Metro,Amman outskirts,Amman,31.87199,36.02115,32,3,HUB-AMM-78,HUB-AMM-78-R02,Fiber ring,0
RO-09,Apr 2029 – Jun 2029,AMM-SU-2442,SU,Monopole / greenfield,Amman-Zarqa Metro,Amman outskirts,Amman,31.87199,36.03071,32,3,HUB-AMM-78,HUB-AMM-78-R02,Fiber ring,0
RO-09,Apr 2029 – Jun 2029,AMM-SU-2473,SU,Monopole / greenfield,Amman-Zarqa Metro,Amman outskirts,Amman,31.87708,36.01910,32,3,HUB-AMM-78,HUB-AMM-78-R02,Fiber ring,0
RO-09,Apr 2029 – Jun 2029,AMM-SU-2474,SU,Monopole / greenfield,Amman-Zarqa Metro,Amman outskirts,Amman,31.87650,36.02661,32,3,HUB-AMM-78,HUB-AMM-78-R02,Fiber ring,0
RO-09,Apr 2029 – Jun 2029,AMM-SU-2506,SU,Monopole / greenfield,Amman-Zarqa Metro,Amman outskirts,Amman,31.88100,36.01569,32,3,HUB-AMM-78,HUB-AMM-78-R02,Fiber ring,0
RO-09,Apr 2029 – Jun 2029,AMM-SU-2507,SU,Monopole / greenfield,Amman-Zarqa Metro,Amman outskirts,Amman,31.88100,36.02251,32,3,HUB-AMM-78,HUB-AMM-78-R02,Fiber ring,0
RO-09,Apr 2029 – Jun 2029,AMM-SU-2538,SU,Monopole / greenfield,Amman-Zarqa Metro,Amman outskirts,Amman,31.88844,36.01910,32,3,HUB-AMM-78,HUB-AMM-78-R02,Fiber ring,0
RO-09,Apr 2029 – Jun 2029,AMM-SU-2410,SU,Monopole / greenfield,Amman-Zarqa Metro,Amman outskirts,Amman,31.86690,36.03412,32,3,HUB-AMM-78,HUB-AMM-78-R03,Fiber ring,0
RO-09,Apr 2029 – Jun 2029,AMM-SU-2475,SU,Monopole / greenfield,Amman-Zarqa Metro,Amman outskirts,Amman,31.87708,36.03412,32,3,HUB-AMM-78,HUB-AMM-78-R03,Fiber ring,0
RO-09,Apr 2029 – Jun 2029,AMM-SU-2508,SU,Monopole / greenfield,Amman-Zarqa Metro,Amman outskirts,Amman,31.88159,36.02866,32,3,HUB-AMM-78,HUB-AMM-78-R03,Fiber ring,0
RO-09,Apr 2029 – Jun 2029,AMM-SU-2509,SU,Monopole / greenfield,Amman-Zarqa Metro,Amman outskirts,Amman,31.88217,36.03617,32,3,HUB-AMM-78,HUB-AMM-78-R03,Fiber ring,0
RO-09,Apr 2029 – Jun 2029,AMM-SU-2539,SU,Monopole / greenfield,Amman-Zarqa Metro,Amman outskirts,Amman,31.88844,36.02593,32,3,HUB-AMM-78,HUB-AMM-78-R03,Fiber ring,0
RO-09,Apr 2029 – Jun 2029,AMM-SU-2540,SU,Monopole / greenfield,Amman-Zarqa Metro,Amman outskirts,Amman,31.88609,36.03275,32,3,HUB-AMM-78,HUB-AMM-78-R03,Fiber ring,0
RO-09,Apr 2029 – Jun 2029,AMM-SU-2541,SU,Monopole / greenfield,Amman-Zarqa Metro,Amman outskirts,Amman,31.88727,36.03958,32,3,HUB-AMM-78,HUB-AMM-78-R03,Fiber ring,0
RO-09,Apr 2029 – Jun 2029,AMM-SU-2564,SU,Monopole / greenfield,Amman-Zarqa Metro,Amman outskirts,Amman,31.89236,36.02798,32,3,HUB-AMM-78,HUB-AMM-78-R04,Fiber ring,0
RO-09,Apr 2029 – Jun 2029,AMM-SU-2565,SU,Monopole / greenfield,Amman-Zarqa Metro,Amman outskirts,Amman,31.89177,36.03548,32,3,HUB-AMM-78,HUB-AMM-78-R04,Fiber ring,0
RO-09,Apr 2029 – Jun 2029,AMM-SU-2566,SU,Monopole / greenfield,Amman-Zarqa Metro,Amman outskirts,Amman,31.89118,36.04299,32,3,HUB-AMM-78,HUB-AMM-78-R04,Fiber ring,0
RO-09,Apr 2029 – Jun 2029,AMM-SU-2590,SU,Monopole / greenfield,Amman-Zarqa Metro,Amman outskirts,Amman,31.89745,36.03822,32,3,HUB-AMM-78,HUB-AMM-78-R04,Fiber ring,0
RO-09,Apr 2029 – Jun 2029,AMM-SU-2591,SU,Monopole / greenfield,Amman-Zarqa Metro,Amman outskirts,Amman,31.89862,36.04641,32,3,HUB-AMM-78,HUB-AMM-78-R04,Fiber ring,0
RO-09,Apr 2029 – Jun 2029,AMM-SU-2613,SU,Monopole / greenfield,Amman-Zarqa Metro,Amman outskirts,Amman,31.90254,36.04299,32,3,HUB-AMM-78,HUB-AMM-78-R04,Fiber ring,0
RO-09,Apr 2029 – Jun 2029,AMM-SU-2614,SU,Monopole / greenfield,Amman-Zarqa Metro,Amman outskirts,Amman,31.90254,36.04982,32,3,HUB-AMM-78,HUB-AMM-78-R04,Fiber ring,0
RO-09,Apr 2029 – Jun 2029,AMM-SU-2588,SU,Monopole / greenfield,Amman-Zarqa Metro,Amman outskirts,Amman,31.89745,36.02456,32,3,HUB-AMM-78,HUB-AMM-78-R05,Fiber ring,0
RO-09,Apr 2029 – Jun 2029,AMM-SU-2589,SU,Monopole / greenfield,Amman-Zarqa Metro,Amman outskirts,Amman,31.89804,36.03207,32,3,HUB-AMM-78,HUB-AMM-78-R05,Fiber ring,0
RO-09,Apr 2029 – Jun 2029,AMM-SU-2611,SU,Monopole / greenfield,Amman-Zarqa Metro,Amman outskirts,Amman,31.90195,36.02934,32,3,HUB-AMM-78,HUB-AMM-78-R05,Fiber ring,0
RO-09,Apr 2029 – Jun 2029,AMM-SU-2612,SU,Monopole / greenfield,Amman-Zarqa Metro,Amman outskirts,Amman,31.90254,36.03480,32,3,HUB-AMM-78,HUB-AMM-78-R05,Fiber ring,0
RO-09,Apr 2029 – Jun 2029,AMM-SU-2636,SU,Monopole / greenfield,Amman-Zarqa Metro,Amman outskirts,Amman,31.90880,36.03275,32,3,HUB-AMM-78,HUB-AMM-78-R05,Fiber ring,0
RO-09,Apr 2029 – Jun 2029,AMM-SU-2637,SU,Monopole / greenfield,Amman-Zarqa Metro,Amman outskirts,Amman,31.90704,36.03890,32,3,HUB-AMM-78,HUB-AMM-78-R05,Fiber ring,0
RO-09,Apr 2029 – Jun 2029,AMM-SU-2638,SU,Monopole / greenfield,Amman-Zarqa Metro,Amman outskirts,Amman,31.90645,36.04641,32,3,HUB-AMM-78,HUB-AMM-78-R05,Fiber ring,0
RO-09,Apr 2029 – Jun 2029,AMM-SU-2587,SU,Monopole / greenfield,Amman-Zarqa Metro,Amman outskirts,Amman,31.89804,36.01842,32,3,HUB-AMM-78,HUB-AMM-78-R06,Fiber ring,0
RO-09,Apr 2029 – Jun 2029,AMM-SU-2610,SU,Monopole / greenfield,Amman-Zarqa Metro,Amman outskirts,Amman,31.90254,36.02251,32,3,HUB-AMM-78,HUB-AMM-78-R06,Fiber ring,0
RO-09,Apr 2029 – Jun 2029,AMM-SU-2634,SU,Monopole / greenfield,Amman-Zarqa Metro,Amman outskirts,Amman,31.90645,36.01910,32,3,HUB-AMM-78,HUB-AMM-78-R06,Fiber ring,0
RO-09,Apr 2029 – Jun 2029,AMM-SU-2635,SU,Monopole / greenfield,Amman-Zarqa Metro,Amman outskirts,Amman,31.90763,36.02456,32,3,HUB-AMM-78,HUB-AMM-78-R06,Fiber ring,0
RO-09,Apr 2029 – Jun 2029,AMM-SU-2656,SU,Monopole / greenfield,Amman-Zarqa Metro,Amman outskirts,Amman,31.91213,36.02183,32,3,HUB-AMM-78,HUB-AMM-78-R06,Fiber ring,0
RO-09,Apr 2029 – Jun 2029,AMM-SU-2657,SU,Monopole / greenfield,Amman-Zarqa Metro,Amman outskirts,Amman,31.91272,36.02934,32,3,HUB-AMM-78,HUB-AMM-78-R06,Fiber ring,0
RO-09,Apr 2029 – Jun 2029,AMM-SU-2658,SU,Monopole / greenfield,Amman-Zarqa Metro,Amman outskirts,Amman,31.91272,36.03480,32,3,HUB-AMM-78,HUB-AMM-78-R06,Fiber ring,0
RO-09,Apr 2029 – Jun 2029,AMM-SU-2585,SU,Monopole / greenfield,Amman-Zarqa Metro,Amman outskirts,Amman,31.89686,36.00477,32,3,HUB-AMM-78,HUB-AMM-78-R07,Fiber ring,0
RO-09,Apr 2029 – Jun 2029,AMM-SU-2586,SU,Monopole / greenfield,Amman-Zarqa Metro,Amman outskirts,Amman,31.89627,36.01228,32,3,HUB-AMM-78,HUB-AMM-78-R07,Fiber ring,0
RO-09,Apr 2029 – Jun 2029,AMM-SU-2607,SU,Monopole / greenfield,Amman-Zarqa Metro,Amman outskirts,Amman,31.90371,36.00204,32,3,HUB-AMM-78,HUB-AMM-78-R07,Fiber ring,0
RO-09,Apr 2029 – Jun 2029,AMM-SU-2608,SU,Monopole / greenfield,Amman-Zarqa Metro,Amman outskirts,Amman,31.90254,36.00750,32,3,HUB-AMM-78,HUB-AMM-78-R07,Fiber ring,0
RO-09,Apr 2029 – Jun 2029,AMM-SU-2609,SU,Monopole / greenfield,Amman-Zarqa Metro,Amman outskirts,Amman,31.90195,36.01637,32,3,HUB-AMM-78,HUB-AMM-78-R07,Fiber ring,0
RO-09,Apr 2029 – Jun 2029,AMM-SU-2632,SU,Monopole / greenfield,Amman-Zarqa Metro,Amman outskirts,Amman,31.90645,36.00545,32,3,HUB-AMM-78,HUB-AMM-78-R07,Fiber ring,0
RO-09,Apr 2029 – Jun 2029,AMM-SU-2633,SU,Monopole / greenfield,Amman-Zarqa Metro,Amman outskirts,Amman,31.90763,36.01091,32,3,HUB-AMM-78,HUB-AMM-78-R07,Fiber ring,0
RO-09,Apr 2029 – Jun 2029,AMM-SU-2559,SU,Monopole / greenfield,Amman-Zarqa Metro,Amman outskirts,Amman,31.89294,35.99521,32,3,HUB-AMM-78,HUB-AMM-78-R08,Fiber ring,0
RO-09,Apr 2029 – Jun 2029,AMM-SU-2560,SU,Monopole / greenfield,Amman-Zarqa Metro,Amman outskirts,Amman,31.89236,36.00204,32,3,HUB-AMM-78,HUB-AMM-78-R08,Fiber ring,0
RO-09,Apr 2029 – Jun 2029,AMM-SU-2561,SU,Monopole / greenfield,Amman-Zarqa Metro,Amman outskirts,Amman,31.89353,36.00886,32,3,HUB-AMM-78,HUB-AMM-78-R08,Fiber ring,0
RO-09,Apr 2029 – Jun 2029,AMM-SU-2562,SU,Monopole / greenfield,Amman-Zarqa Metro,Amman outskirts,Amman,31.89353,36.01569,32,3,HUB-AMM-78,HUB-AMM-78-R08,Fiber ring,0
RO-09,Apr 2029 – Jun 2029,AMM-SU-2584,SU,Rooftop,Amman-Zarqa Metro,Amman outskirts,Amman,31.89804,35.99862,32,3,HUB-AMM-78,HUB-AMM-78-R08,Fiber ring,0
RO-09,Apr 2029 – Jun 2029,IRB-SU-0540,SU,Monopole / greenfield,Irbid,Irbid outskirts,Irbid,32.49817,35.91671,32,3,HUB-IRB-02,HUB-IRB-02-R01,Fiber ring,0
RO-09,Apr 2029 – Jun 2029,IRB-SU-0558,SU,Monopole / greenfield,Irbid,Irbid outskirts,Irbid,32.50208,35.91329,32,3,HUB-IRB-02,HUB-IRB-02-R01,Fiber ring,0
RO-09,Apr 2029 – Jun 2029,IRB-SU-0570,SU,Monopole / greenfield,Irbid,Irbid outskirts,Irbid,32.50835,35.90851,32,3,HUB-IRB-02,HUB-IRB-02-R01,Fiber ring,0
RO-09,Apr 2029 – Jun 2029,IRB-SU-0571,SU,Monopole / greenfield,Irbid,Irbid outskirts,Irbid,32.50717,35.91671,32,3,HUB-IRB-02,HUB-IRB-02-R01,Fiber ring,0
RO-09,Apr 2029 – Jun 2029,IRB-SU-0581,SU,Monopole / greenfield,Irbid,Irbid outskirts,Irbid,32.51344,35.90647,32,3,HUB-IRB-02,HUB-IRB-02-R01,Fiber ring,0
RO-09,Apr 2029 – Jun 2029,IRB-SU-0582,SU,Monopole / greenfield,Irbid,Irbid outskirts,Irbid,32.51227,35.91329,32,3,HUB-IRB-02,HUB-IRB-02-R01,Fiber ring,0
RO-09,Apr 2029 – Jun 2029,IRB-SU-0583,SU,Monopole / greenfield,Irbid,Irbid outskirts,Irbid,32.51344,35.92012,32,3,HUB-IRB-02,HUB-IRB-02-R01,Fiber ring,0
RO-09,Apr 2029 – Jun 2029,IRB-SU-0593,SU,Monopole / greenfield,Irbid,Irbid outskirts,Irbid,32.51853,35.92217,32,3,HUB-IRB-02,HUB-IRB-02-R01,Fiber ring,1
RO-09,Apr 2029 – Jun 2029,IRB-SU-0559,SU,Monopole / greenfield,Irbid,Irbid outskirts,Irbid,32.50326,35.92012,32,3,HUB-IRB-02,HUB-IRB-02-R02,Fiber ring,0
RO-09,Apr 2029 – Jun 2029,IRB-SU-0572,SU,Monopole / greenfield,Irbid,Irbid outskirts,Irbid,32.50835,35.92353,32,3,HUB-IRB-02,HUB-IRB-02-R02,Fiber ring,0
RO-09,Apr 2029 – Jun 2029,IRB-SU-0573,SU,Monopole / greenfield,Irbid,Irbid outskirts,Irbid,32.50835,35.93036,32,3,HUB-IRB-02,HUB-IRB-02-R02,Fiber ring,0
RO-09,Apr 2029 – Jun 2029,IRB-SU-0584,SU,Monopole / greenfield,Irbid,Irbid outskirts,Irbid,32.51344,35.92695,32,3,HUB-IRB-02,HUB-IRB-02-R02,Fiber ring,0
RO-09,Apr 2029 – Jun 2029,IRB-SU-0585,SU,Monopole / greenfield,Irbid,Irbid outskirts,Irbid,32.51344,35.93377,32,3,HUB-IRB-02,HUB-IRB-02-R02,Fiber ring,0
RO-09,Apr 2029 – Jun 2029,IRB-SU-0594,SU,Monopole / greenfield,Irbid,Irbid outskirts,Irbid,32.51853,35.93172,32,3,HUB-IRB-02,HUB-IRB-02-R02,Fiber ring,0
RO-09,Apr 2029 – Jun 2029,IRB-SU-0595,SU,Monopole / greenfield,Irbid,Irbid outskirts,Irbid,32.51853,35.93719,32,3,HUB-IRB-02,HUB-IRB-02-R02,Fiber ring,0
RO-09,Apr 2029 – Jun 2029,IRB-SU-0602,SU,Monopole / greenfield,Irbid,Irbid outskirts,Irbid,32.52362,35.92012,32,3,HUB-IRB-02,HUB-IRB-02-R03,Fiber ring,0
RO-09,Apr 2029 – Jun 2029,IRB-SU-0603,SU,Monopole / greenfield,Irbid,Irbid outskirts,Irbid,32.52362,35.92695,32,3,HUB-IRB-02,HUB-IRB-02-R03,Fiber ring,0
RO-09,Apr 2029 – Jun 2029,IRB-SU-0604,SU,Monopole / greenfield,Irbid,Irbid outskirts,Irbid,32.52362,35.93377,32,3,HUB-IRB-02,HUB-IRB-02-R03,Fiber ring,0
RO-09,Apr 2029 – Jun 2029,IRB-SU-0610,SU,Monopole / greenfield,Irbid,Irbid outskirts,Irbid,32.52871,35.91534,32,3,HUB-IRB-02,HUB-IRB-02-R03,Fiber ring,0
RO-09,Apr 2029 – Jun 2029,IRB-SU-0611,SU,Monopole / greenfield,Irbid,Irbid outskirts,Irbid,32.52871,35.92353,32,3,HUB-IRB-02,HUB-IRB-02-R03,Fiber ring,0
RO-09,Apr 2029 – Jun 2029,IRB-SU-0620,SU,Monopole / greenfield,Irbid,Irbid outskirts,Irbid,32.53322,35.92626,32,3,HUB-IRB-02,HUB-IRB-02-R03,Fiber ring,0
RO-09,Apr 2029 – Jun 2029,IRB-SU-0621,SU,Monopole / greenfield,Irbid,Irbid outskirts,Irbid,32.53380,35.93377,32,3,HUB-IRB-02,HUB-IRB-02-R03,Fiber ring,0
RO-09,Apr 2029 – Jun 2029,IRB-SU-0590,SU,Monopole / greenfield,Irbid,Irbid outskirts,Irbid,32.51853,35.90305,32,3,HUB-IRB-02,HUB-IRB-02-R04,Fiber ring,0
RO-09,Apr 2029 – Jun 2029,IRB-SU-0591,SU,Monopole / greenfield,Irbid,Irbid outskirts,Irbid,32.51853,35.90988,32,3,HUB-IRB-02,HUB-IRB-02-R04,Fiber ring,0
RO-09,Apr 2029 – Jun 2029,IRB-SU-0592,SU,Monopole / greenfield,Irbid,Irbid outskirts,Irbid,32.51853,35.91534,32,3,HUB-IRB-02,HUB-IRB-02-R04,Fiber ring,0
RO-09,Apr 2029 – Jun 2029,IRB-SU-0600,SU,Monopole / greenfield,Irbid,Irbid outskirts,Irbid,32.52304,35.90578,32,3,HUB-IRB-02,HUB-IRB-02-R04,Fiber ring,0
RO-09,Apr 2029 – Jun 2029,IRB-SU-0601,SU,Monopole / greenfield,Irbid,Irbid outskirts,Irbid,32.52362,35.91329,32,3,HUB-IRB-02,HUB-IRB-02-R04,Fiber ring,0
RO-09,Apr 2029 – Jun 2029,IRB-SU-0609,SU,Monopole / greenfield,Irbid,Irbid outskirts,Irbid,32.52754,35.90988,32,3,HUB-IRB-02,HUB-IRB-02-R04,Fiber ring,0
RO-09,Apr 2029 – Jun 2029,IRB-SU-0633,SU,Monopole / greenfield,Irbid,Irbid outskirts,Irbid,32.53890,35.93036,32,3,HUB-IRB-16,HUB-IRB-16-R01,Fiber ring,0
RO-09,Apr 2029 – Jun 2029,IRB-SU-0648,SU,Monopole / greenfield,Irbid,Irbid outskirts,Irbid,32.54399,35.92831,32,3,HUB-IRB-16,HUB-IRB-16-R01,Fiber ring,0
RO-09,Apr 2029 – Jun 2029,IRB-SU-0660,SU,Monopole / greenfield,Irbid,Irbid outskirts,Irbid,32.54849,35.92422,32,3,HUB-IRB-16,HUB-IRB-16-R01,Fiber ring,0
RO-09,Apr 2029 – Jun 2029,IRB-SU-0669,SU,Monopole / greenfield,Irbid,Irbid outskirts,Irbid,32.55417,35.91466,32,3,HUB-IRB-16,HUB-IRB-16-R01,Fiber ring,0
RO-09,Apr 2029 – Jun 2029,IRB-SU-0670,SU,Monopole / greenfield,Irbid,Irbid outskirts,Irbid,32.55417,35.92012,32,3,HUB-IRB-16,HUB-IRB-16-R01,Fiber ring,0
RO-09,Apr 2029 – Jun 2029,IRB-SU-0671,SU,Monopole / greenfield,Irbid,Irbid outskirts,Irbid,32.55299,35.92695,32,3,HUB-IRB-16,HUB-IRB-16-R01,Fiber ring,0
RO-09,Apr 2029 – Jun 2029,IRB-SU-0681,SU,Monopole / greenfield,Irbid,Irbid outskirts,Irbid,32.55808,35.91671,32,3,HUB-IRB-16,HUB-IRB-16-R01,Fiber ring,0
RO-09,Apr 2029 – Jun 2029,IRB-SU-0682,SU,Monopole / greenfield,Irbid,Irbid outskirts,Irbid,32.55867,35.92422,32,3,HUB-IRB-16,HUB-IRB-16-R01,Fiber ring,1
RO-09,Apr 2029 – Jun 2029,IRB-SU-0634,SU,Monopole / greenfield,Irbid,Irbid outskirts,Irbid,32.53890,35.93719,32,3,HUB-IRB-16,HUB-IRB-16-R02,Fiber ring,0
RO-09,Apr 2029 – Jun 2029,IRB-SU-0649,SU,Monopole / greenfield,Irbid,Irbid outskirts,Irbid,32.54399,35.93377,32,3,HUB-IRB-16,HUB-IRB-16-R02,Fiber ring,0
RO-09,Apr 2029 – Jun 2029,IRB-SU-0650,SU,Monopole / greenfield,Irbid,Irbid outskirts,Irbid,32.54399,35.94060,32,3,HUB-IRB-16,HUB-IRB-16-R02,Fiber ring,0
RO-09,Apr 2029 – Jun 2029,IRB-SU-0661,SU,Monopole / greenfield,Irbid,Irbid outskirts,Irbid,32.54967,35.93104,32,3,HUB-IRB-16,HUB-IRB-16-R02,Fiber ring,0
RO-09,Apr 2029 – Jun 2029,IRB-SU-0672,SU,Monopole / greenfield,Irbid,Irbid outskirts,Irbid,32.55417,35.93377,32,3,HUB-IRB-16,HUB-IRB-16-R02,Fiber ring,0
RO-09,Apr 2029 – Jun 2029,IRB-SU-0673,SU,Monopole / greenfield,Irbid,Irbid outskirts,Irbid,32.55417,35.94060,32,3,HUB-IRB-16,HUB-IRB-16-R02,Fiber ring,0
RO-09,Apr 2029 – Jun 2029,IRB-SU-0683,SU,Monopole / greenfield,Irbid,Irbid outskirts,Irbid,32.55867,35.92968,32,3,HUB-IRB-16,HUB-IRB-16-R02,Fiber ring,0
RO-09,Apr 2029 – Jun 2029,IRB-SU-0684,SU,Monopole / greenfield,Irbid,Irbid outskirts,Irbid,32.55926,35.93719,32,3,HUB-IRB-16,HUB-IRB-16-R03,Fiber ring,0
RO-09,Apr 2029 – Jun 2029,IRB-SU-0694,SU,Monopole / greenfield,Irbid,Irbid outskirts,Irbid,32.56553,35.92695,32,3,HUB-IRB-16,HUB-IRB-16-R03,Fiber ring,0
RO-09,Apr 2029 – Jun 2029,IRB-SU-0695,SU,Monopole / greenfield,Irbid,Irbid outskirts,Irbid,32.56317,35.93377,32,3,HUB-IRB-16,HUB-IRB-16-R03,Fiber ring,0
RO-09,Apr 2029 – Jun 2029,IRB-SU-0704,SU,Monopole / greenfield,Irbid,Irbid outskirts,Irbid,32.57062,35.92353,32,3,HUB-IRB-16,HUB-IRB-16-R03,Fiber ring,0
RO-09,Apr 2029 – Jun 2029,IRB-SU-0705,SU,Monopole / greenfield,Irbid,Irbid outskirts,Irbid,32.57062,35.93036,32,3,HUB-IRB-16,HUB-IRB-16-R03,Fiber ring,0
RO-09,Apr 2029 – Jun 2029,IRB-SU-0716,SU,Monopole / greenfield,Irbid,Irbid outskirts,Irbid,32.57336,35.92012,32,3,HUB-IRB-16,HUB-IRB-16-R03,Fiber ring,0
RO-09,Apr 2029 – Jun 2029,IRB-SU-0717,SU,Monopole / greenfield,Irbid,Irbid outskirts,Irbid,32.57394,35.92626,32,3,HUB-IRB-16,HUB-IRB-16-R03,Fiber ring,0
RO-09,Apr 2029 – Jun 2029,IRB-SU-0693,SU,Monopole / greenfield,Irbid,Irbid outskirts,Irbid,32.56553,35.92012,32,3,HUB-IRB-16,HUB-IRB-16-R04,Fiber ring,0
RO-09,Apr 2029 – Jun 2029,IRB-SU-0703,SU,Rooftop,Irbid,Irbid outskirts,Irbid,32.56885,35.91602,32,3,HUB-IRB-16,HUB-IRB-16-R04,Fiber ring,0
RO-09,Apr 2029 – Jun 2029,IRB-SU-0714,SU,Monopole / greenfield,Irbid,Irbid outskirts,Irbid,32.57453,35.90647,32,3,HUB-IRB-16,HUB-IRB-16-R04,Fiber ring,0
RO-09,Apr 2029 – Jun 2029,IRB-SU-0715,SU,Monopole / greenfield,Irbid,Irbid outskirts,Irbid,32.57453,35.91466,32,3,HUB-IRB-16,HUB-IRB-16-R04,Fiber ring,0
RO-09,Apr 2029 – Jun 2029,IRB-SU-0727,SU,Monopole / greenfield,Irbid,Irbid outskirts,Irbid,32.57962,35.90988,32,3,HUB-IRB-16,HUB-IRB-16-R04,Fiber ring,0
RO-09,Apr 2029 – Jun 2029,IRB-SU-0728,SU,Monopole / greenfield,Irbid,Irbid outskirts,Irbid,32.57962,35.91807,32,3,HUB-IRB-16,HUB-IRB-16-R04,Fiber ring,0
RO-09,Apr 2029 – Jun 2029,IRB-SU-0747,SU,Monopole / greenfield,Irbid,Irbid outskirts,Irbid,32.58471,35.91329,32,3,HUB-IRB-16,HUB-IRB-16-R04,Fiber ring,0
RO-09,Apr 2029 – Jun 2029,IRB-SU-0680,SU,Monopole / greenfield,Irbid,Irbid outskirts,Irbid,32.56043,35.90988,32,3,HUB-IRB-16,HUB-IRB-16-R05,Fiber ring,0
RO-09,Apr 2029 – Jun 2029,IRB-SU-0691,SU,Rooftop,Irbid,Irbid outskirts,Irbid,32.56494,35.90715,32,3,HUB-IRB-16,HUB-IRB-16-R05,Fiber ring,0
RO-09,Apr 2029 – Jun 2029,IRB-SU-0692,SU,Monopole / greenfield,Irbid,Irbid outskirts,Irbid,32.56553,35.91329,32,3,HUB-IRB-16,HUB-IRB-16-R05,Fiber ring,0
RO-09,Apr 2029 – Jun 2029,IRB-SU-0702,SU,Rooftop,Irbid,Irbid outskirts,Irbid,32.56944,35.91125,32,3,HUB-IRB-16,HUB-IRB-16-R05,Fiber ring,0
RO-10,Jul 2029 – Sep 2029,AMM-SU-3387,SU,Monopole / greenfield,Amman-Zarqa Metro,Zarqa outskirts,Zarqa,32.10108,36.04504,32,3,HUB-AMM-08,HUB-AMM-08-R01,Fiber ring,0
RO-10,Jul 2029 – Sep 2029,AMM-SU-3392,SU,Monopole / greenfield,Amman-Zarqa Metro,Zarqa outskirts,Zarqa,32.10735,36.03617,32,3,HUB-AMM-08,HUB-AMM-08-R01,Fiber ring,0
RO-10,Jul 2029 – Sep 2029,AMM-SU-3393,SU,Monopole / greenfield,Amman-Zarqa Metro,Zarqa outskirts,Zarqa,32.10558,36.04368,32,3,HUB-AMM-08,HUB-AMM-08-R01,Fiber ring,0
RO-10,Jul 2029 – Sep 2029,AMM-SU-3400,SU,Monopole / greenfield,Amman-Zarqa Metro,Zarqa outskirts,Zarqa,32.11009,36.03958,32,3,HUB-AMM-08,HUB-AMM-08-R01,Fiber ring,0
RO-10,Jul 2029 – Sep 2029,AMM-SU-3401,SU,Monopole / greenfield,Amman-Zarqa Metro,Zarqa outskirts,Zarqa,32.11126,36.04572,32,3,HUB-AMM-08,HUB-AMM-08-R01,Fiber ring,0
RO-10,Jul 2029 – Sep 2029,AMM-SU-3402,SU,Monopole / greenfield,Amman-Zarqa Metro,Zarqa outskirts,Zarqa,32.11068,36.05255,32,3,HUB-AMM-08,HUB-AMM-08-R01,Fiber ring,0
RO-10,Jul 2029 – Sep 2029,AMM-SU-3410,SU,Monopole / greenfield,Amman-Zarqa Metro,Zarqa outskirts,Zarqa,32.11753,36.05665,32,3,HUB-AMM-08,HUB-AMM-08-R01,Fiber ring,1
RO-10,Jul 2029 – Sep 2029,AMM-SU-3388,SU,Monopole / greenfield,Amman-Zarqa Metro,Zarqa outskirts,Zarqa,32.10049,36.05255,32,3,HUB-AMM-08,HUB-AMM-08-R02,Fiber ring,0
RO-10,Jul 2029 – Sep 2029,AMM-SU-3394,SU,Monopole / greenfield,Amman-Zarqa Metro,Zarqa outskirts,Zarqa,32.10617,36.05050,32,3,HUB-AMM-08,HUB-AMM-08-R02,Fiber ring,0
RO-10,Jul 2029 – Sep 2029,AMM-SU-3395,SU,Monopole / greenfield,Amman-Zarqa Metro,Zarqa outskirts,Zarqa,32.10617,36.05528,32,3,HUB-AMM-08,HUB-AMM-08-R02,Fiber ring,0
RO-10,Jul 2029 – Sep 2029,AMM-SU-3403,SU,Monopole / greenfield,Amman-Zarqa Metro,Zarqa outskirts,Zarqa,32.11126,36.06142,32,3,HUB-AMM-08,HUB-AMM-08-R02,Fiber ring,0
RO-10,Jul 2029 – Sep 2029,AMM-SU-3404,SU,Monopole / greenfield,Amman-Zarqa Metro,Zarqa outskirts,Zarqa,32.11009,36.06689,32,3,HUB-AMM-08,HUB-AMM-08-R02,Fiber ring,0
RO-10,Jul 2029 – Sep 2029,AMM-SU-3411,SU,Monopole / greenfield,Amman-Zarqa Metro,Zarqa outskirts,Zarqa,32.11635,36.06484,32,3,HUB-AMM-08,HUB-AMM-08-R02,Fiber ring,0
RO-10,Jul 2029 – Sep 2029,AMM-SU-3412,SU,Monopole / greenfield,Amman-Zarqa Metro,Zarqa outskirts,Zarqa,32.11635,36.07166,32,3,HUB-AMM-08,HUB-AMM-08-R03,Fiber ring,0
RO-10,Jul 2029 – Sep 2029,AMM-SU-3423,SU,Monopole / greenfield,Amman-Zarqa Metro,Zarqa outskirts,Zarqa,32.12145,36.06689,32,3,HUB-AMM-08,HUB-AMM-08-R03,Fiber ring,0
RO-10,Jul 2029 – Sep 2029,AMM-SU-3424,SU,Monopole / greenfield,Amman-Zarqa Metro,Zarqa outskirts,Zarqa,32.12027,36.07371,32,3,HUB-AMM-08,HUB-AMM-08-R03,Fiber ring,0
RO-10,Jul 2029 – Sep 2029,AMM-SU-3432,SU,Rooftop,Amman-Zarqa Metro,Zarqa outskirts,Zarqa,32.12654,36.06484,32,3,HUB-AMM-08,HUB-AMM-08-R03,Fiber ring,0
RO-10,Jul 2029 – Sep 2029,AMM-SU-3433,SU,Rooftop,Amman-Zarqa Metro,Zarqa outskirts,Zarqa,32.12654,36.07166,32,3,HUB-AMM-08,HUB-AMM-08-R03,Fiber ring,0
RO-10,Jul 2029 – Sep 2029,AMM-SU-3438,SU,Rooftop,Amman-Zarqa Metro,Zarqa outskirts,Zarqa,32.13163,36.07371,32,3,HUB-AMM-08,HUB-AMM-08-R03,Fiber ring,0
RO-10,Jul 2029 – Sep 2029,AMM-SU-3408,SU,Monopole / greenfield,Amman-Zarqa Metro,Zarqa outskirts,Zarqa,32.11753,36.04299,32,3,HUB-AMM-08,HUB-AMM-08-R04,Fiber ring,0
RO-10,Jul 2029 – Sep 2029,AMM-SU-3409,SU,Monopole / greenfield,Amman-Zarqa Metro,Zarqa outskirts,Zarqa,32.11753,36.04982,32,3,HUB-AMM-08,HUB-AMM-08-R04,Fiber ring,0
RO-10,Jul 2029 – Sep 2029,AMM-SU-3421,SU,Monopole / greenfield,Amman-Zarqa Metro,Zarqa outskirts,Zarqa,32.12145,36.05187,32,3,HUB-AMM-08,HUB-AMM-08-R04,Fiber ring,0
RO-10,Jul 2029 – Sep 2029,AMM-SU-3422,SU,Monopole / greenfield,Amman-Zarqa Metro,Zarqa outskirts,Zarqa,32.12203,36.05938,32,3,HUB-AMM-08,HUB-AMM-08-R04,Fiber ring,0
RO-10,Jul 2029 – Sep 2029,AMM-SU-3431,SU,Monopole / greenfield,Amman-Zarqa Metro,Zarqa outskirts,Zarqa,32.12654,36.05528,32,3,HUB-AMM-08,HUB-AMM-08-R04,Fiber ring,0
RO-10,Jul 2029 – Sep 2029,AMM-SU-3384,SU,Monopole / greenfield,Amman-Zarqa Metro,Zarqa outskirts,Zarqa,32.09540,36.13105,32,3,HUB-AMM-09,HUB-AMM-09-R01,Fiber ring,0
RO-10,Jul 2029 – Sep 2029,AMM-SU-3389,SU,Monopole / greenfield,Amman-Zarqa Metro,Zarqa outskirts,Zarqa,32.09991,36.12832,32,3,HUB-AMM-09,HUB-AMM-09-R01,Fiber ring,0
RO-10,Jul 2029 – Sep 2029,AMM-SU-3396,SU,Monopole / greenfield,Amman-Zarqa Metro,Zarqa outskirts,Zarqa,32.10617,36.11808,32,3,HUB-AMM-09,HUB-AMM-09-R01,Fiber ring,0
RO-10,Jul 2029 – Sep 2029,AMM-SU-3397,SU,Monopole / greenfield,Amman-Zarqa Metro,Zarqa outskirts,Zarqa,32.10735,36.12491,32,3,HUB-AMM-09,HUB-AMM-09-R01,Fiber ring,0
RO-10,Jul 2029 – Sep 2029,AMM-SU-3406,SU,Monopole / greenfield,Amman-Zarqa Metro,Zarqa outskirts,Zarqa,32.11126,36.12286,32,3,HUB-AMM-09,HUB-AMM-09-R01,Fiber ring,1
RO-10,Jul 2029 – Sep 2029,AMM-U-2153,U,Rooftop,Amman-Zarqa Metro,Zarqa,Zarqa,32.10578,36.11257,30,3,HUB-AMM-09,HUB-AMM-09-R01,Fiber ring,0
RO-10,Jul 2029 – Sep 2029,AMM-U-2162,U,Rooftop,Amman-Zarqa Metro,Zarqa,Zarqa,32.10931,36.10926,30,3,HUB-AMM-09,HUB-AMM-09-R01,Fiber ring,0
RO-10,Jul 2029 – Sep 2029,AMM-SU-3390,SU,Monopole / greenfield,Amman-Zarqa Metro,Zarqa outskirts,Zarqa,32.10108,36.13515,32,3,HUB-AMM-09,HUB-AMM-09-R02,Fiber ring,0
RO-10,Jul 2029 – Sep 2029,AMM-SU-3391,SU,Monopole / greenfield,Amman-Zarqa Metro,Zarqa outskirts,Zarqa,32.10108,36.14198,32,3,HUB-AMM-09,HUB-AMM-09-R02,Fiber ring,0
RO-10,Jul 2029 – Sep 2029,AMM-SU-3398,SU,Monopole / greenfield,Amman-Zarqa Metro,Zarqa outskirts,Zarqa,32.10617,36.13037,32,3,HUB-AMM-09,HUB-AMM-09-R02,Fiber ring,0
RO-10,Jul 2029 – Sep 2029,AMM-SU-3399,SU,Rooftop,Amman-Zarqa Metro,Zarqa outskirts,Zarqa,32.10617,36.13856,32,3,HUB-AMM-09,HUB-AMM-09-R02,Fiber ring,0
RO-10,Jul 2029 – Sep 2029,AMM-SU-3407,SU,Monopole / greenfield,Amman-Zarqa Metro,Zarqa outskirts,Zarqa,32.11126,36.12832,32,3,HUB-AMM-09,HUB-AMM-09-R02,Fiber ring,0
RO-10,Jul 2029 – Sep 2029,AMM-SU-3420,SU,Rooftop,Amman-Zarqa Metro,Zarqa outskirts,Zarqa,32.11635,36.12491,32,3,HUB-AMM-09,HUB-AMM-09-R02,Fiber ring,0
RO-10,Jul 2029 – Sep 2029,AMM-SU-3405,SU,Monopole / greenfield,Amman-Zarqa Metro,Zarqa outskirts,Zarqa,32.11244,36.11467,32,3,HUB-AMM-09,HUB-AMM-09-R03,Fiber ring,0
RO-10,Jul 2029 – Sep 2029,AMM-SU-3418,SU,Rooftop,Amman-Zarqa Metro,Zarqa outskirts,Zarqa,32.11635,36.11126,32,3,HUB-AMM-09,HUB-AMM-09-R03,Fiber ring,0
RO-10,Jul 2029 – Sep 2029,AMM-SU-3419,SU,Rooftop,Amman-Zarqa Metro,Zarqa outskirts,Zarqa,32.11635,36.11808,32,3,HUB-AMM-09,HUB-AMM-09-R03,Fiber ring,0
RO-10,Jul 2029 – Sep 2029,AMM-SU-3429,SU,Rooftop,Amman-Zarqa Metro,Zarqa outskirts,Zarqa,32.12145,36.11467,32,3,HUB-AMM-09,HUB-AMM-09-R03,Fiber ring,0
RO-10,Jul 2029 – Sep 2029,AMM-SU-3430,SU,Rooftop,Amman-Zarqa Metro,Zarqa outskirts,Zarqa,32.12027,36.12150,32,3,HUB-AMM-09,HUB-AMM-09-R03,Fiber ring,0
RO-10,Jul 2029 – Sep 2029,AMM-SU-3437,SU,Rooftop,Amman-Zarqa Metro,Zarqa outskirts,Zarqa,32.12536,36.11126,32,3,HUB-AMM-09,HUB-AMM-09-R03,Fiber ring,0
RO-10,Jul 2029 – Sep 2029,AMM-SU-2883,SU,Monopole / greenfield,Amman-Zarqa Metro,Zarqa outskirts,Zarqa,31.99809,36.07371,32,3,HUB-AMM-12,HUB-AMM-12-R01,Fiber ring,0
RO-10,Jul 2029 – Sep 2029,AMM-SU-2884,SU,Monopole / greenfield,Amman-Zarqa Metro,Zarqa outskirts,Zarqa,31.99809,36.08054,32,3,HUB-AMM-12,HUB-AMM-12-R01,Fiber ring,0
RO-10,Jul 2029 – Sep 2029,AMM-SU-2885,SU,Monopole / greenfield,Amman-Zarqa Metro,Zarqa outskirts,Zarqa,31.99926,36.08600,32,3,HUB-AMM-12,HUB-AMM-12-R01,Fiber ring,0
RO-10,Jul 2029 – Sep 2029,AMM-SU-2899,SU,Monopole / greenfield,Amman-Zarqa Metro,Zarqa outskirts,Zarqa,32.00436,36.07713,32,3,HUB-AMM-12,HUB-AMM-12-R01,Fiber ring,0
RO-10,Jul 2029 – Sep 2029,AMM-SU-2900,SU,Monopole / greenfield,Amman-Zarqa Metro,Zarqa outskirts,Zarqa,32.00436,36.08532,32,3,HUB-AMM-12,HUB-AMM-12-R01,Fiber ring,0
RO-10,Jul 2029 – Sep 2029,AMM-SU-2901,SU,Monopole / greenfield,Amman-Zarqa Metro,Zarqa outskirts,Zarqa,32.00318,36.09078,32,3,HUB-AMM-12,HUB-AMM-12-R01,Fiber ring,0
RO-10,Jul 2029 – Sep 2029,AMM-SU-2915,SU,Monopole / greenfield,Amman-Zarqa Metro,Zarqa outskirts,Zarqa,32.00886,36.08122,32,3,HUB-AMM-12,HUB-AMM-12-R01,Fiber ring,0
RO-10,Jul 2029 – Sep 2029,AMM-SU-2916,SU,Rooftop,Amman-Zarqa Metro,Zarqa outskirts,Zarqa,32.00945,36.08873,32,3,HUB-AMM-12,HUB-AMM-12-R01,Fiber ring,1
RO-10,Jul 2029 – Sep 2029,AMM-SU-2886,SU,Monopole / greenfield,Amman-Zarqa Metro,Zarqa outskirts,Zarqa,31.99926,36.09556,32,3,HUB-AMM-12,HUB-AMM-12-R02,Fiber ring,0
RO-10,Jul 2029 – Sep 2029,AMM-SU-2887,SU,Monopole / greenfield,Amman-Zarqa Metro,Zarqa outskirts,Amman,31.99809,36.10102,32,3,HUB-AMM-12,HUB-AMM-12-R02,Fiber ring,0
RO-10,Jul 2029 – Sep 2029,AMM-SU-2902,SU,Monopole / greenfield,Amman-Zarqa Metro,Zarqa outskirts,Zarqa,32.00377,36.09760,32,3,HUB-AMM-12,HUB-AMM-12-R02,Fiber ring,0
RO-10,Jul 2029 – Sep 2029,AMM-SU-2917,SU,Monopole / greenfield,Amman-Zarqa Metro,Zarqa outskirts,Zarqa,32.00827,36.09419,32,3,HUB-AMM-12,HUB-AMM-12-R02,Fiber ring,0
RO-10,Jul 2029 – Sep 2029,AMM-SU-2918,SU,Monopole / greenfield,Amman-Zarqa Metro,Zarqa outskirts,Zarqa,32.00945,36.10238,32,3,HUB-AMM-12,HUB-AMM-12-R02,Fiber ring,0
RO-10,Jul 2029 – Sep 2029,AMM-SU-2938,SU,Monopole / greenfield,Amman-Zarqa Metro,Zarqa outskirts,Zarqa,32.01395,36.09692,32,3,HUB-AMM-12,HUB-AMM-12-R02,Fiber ring,0
RO-10,Jul 2029 – Sep 2029,AMM-SU-2939,SU,Monopole / greenfield,Amman-Zarqa Metro,Zarqa outskirts,Zarqa,32.01454,36.10443,32,3,HUB-AMM-12,HUB-AMM-12-R02,Fiber ring,0
RO-10,Jul 2029 – Sep 2029,AMM-SU-2936,SU,Rooftop,Amman-Zarqa Metro,Zarqa outskirts,Zarqa,32.01513,36.08463,32,3,HUB-AMM-12,HUB-AMM-12-R03,Fiber ring,0
RO-10,Jul 2029 – Sep 2029,AMM-SU-2937,SU,Monopole / greenfield,Amman-Zarqa Metro,Zarqa outskirts,Zarqa,32.01454,36.09214,32,3,HUB-AMM-12,HUB-AMM-12-R03,Fiber ring,0
RO-10,Jul 2029 – Sep 2029,AMM-SU-2959,SU,Rooftop,Amman-Zarqa Metro,Zarqa outskirts,Zarqa,32.01963,36.08190,32,3,HUB-AMM-12,HUB-AMM-12-R03,Fiber ring,0
RO-10,Jul 2029 – Sep 2029,AMM-SU-2960,SU,Rooftop,Amman-Zarqa Metro,Zarqa outskirts,Zarqa,32.01845,36.08737,32,3,HUB-AMM-12,HUB-AMM-12-R03,Fiber ring,0
RO-10,Jul 2029 – Sep 2029,AMM-SU-2961,SU,Monopole / greenfield,Amman-Zarqa Metro,Zarqa outskirts,Zarqa,32.01963,36.09556,32,3,HUB-AMM-12,HUB-AMM-12-R03,Fiber ring,0
RO-10,Jul 2029 – Sep 2029,AMM-SU-2962,SU,Monopole / greenfield,Amman-Zarqa Metro,Zarqa outskirts,Zarqa,32.01845,36.10102,32,3,HUB-AMM-12,HUB-AMM-12-R03,Fiber ring,0
RO-10,Jul 2029 – Sep 2029,AMM-SU-2919,SU,Monopole / greenfield,Amman-Zarqa Metro,Zarqa outskirts,Amman,32.00945,36.11331,32,3,HUB-AMM-17,HUB-AMM-17-R01,Fiber ring,0
RO-10,Jul 2029 – Sep 2029,AMM-SU-2920,SU,Monopole / greenfield,Amman-Zarqa Metro,Zarqa outskirts,Amman,32.00945,36.12081,32,3,HUB-AMM-17,HUB-AMM-17-R01,Fiber ring,0
RO-10,Jul 2029 – Sep 2029,AMM-SU-2940,SU,Monopole / greenfield,Amman-Zarqa Metro,Zarqa outskirts,Zarqa,32.01395,36.11057,32,3,HUB-AMM-17,HUB-AMM-17-R01,Fiber ring,0
RO-10,Jul 2029 – Sep 2029,AMM-SU-2941,SU,Monopole / greenfield,Amman-Zarqa Metro,Zarqa outskirts,Amman,32.01513,36.11877,32,3,HUB-AMM-17,HUB-AMM-17-R01,Fiber ring,0
RO-10,Jul 2029 – Sep 2029,AMM-SU-2963,SU,Monopole / greenfield,Amman-Zarqa Metro,Zarqa outskirts,Zarqa,32.01845,36.10784,32,3,HUB-AMM-17,HUB-AMM-17-R01,Fiber ring,0
RO-10,Jul 2029 – Sep 2029,AMM-SU-2964,SU,Monopole / greenfield,Amman-Zarqa Metro,Zarqa outskirts,Zarqa,32.01963,36.11604,32,3,HUB-AMM-17,HUB-AMM-17-R01,Fiber ring,0
RO-10,Jul 2029 – Sep 2029,AMM-SU-2965,SU,Monopole / greenfield,Amman-Zarqa Metro,Zarqa outskirts,Amman,32.01963,36.12150,32,3,HUB-AMM-17,HUB-AMM-17-R01,Fiber ring,0
RO-10,Jul 2029 – Sep 2029,AMM-SU-2991,SU,Monopole / greenfield,Amman-Zarqa Metro,Zarqa outskirts,Zarqa,32.02531,36.11877,32,3,HUB-AMM-17,HUB-AMM-17-R01,Fiber ring,1
RO-10,Jul 2029 – Sep 2029,AMM-SU-2942,SU,Monopole / greenfield,Amman-Zarqa Metro,Zarqa outskirts,Amman,32.01454,36.12491,32,3,HUB-AMM-17,HUB-AMM-17-R02,Fiber ring,0
RO-10,Jul 2029 – Sep 2029,AMM-SU-2966,SU,Monopole / greenfield,Amman-Zarqa Metro,Zarqa outskirts,Amman,32.01963,36.12832,32,3,HUB-AMM-17,HUB-AMM-17-R02,Fiber ring,0
RO-10,Jul 2029 – Sep 2029,AMM-SU-2967,SU,Monopole / greenfield,Amman-Zarqa Metro,Zarqa outskirts,Amman,32.01963,36.13515,32,3,HUB-AMM-17,HUB-AMM-17-R02,Fiber ring,0
RO-10,Jul 2029 – Sep 2029,AMM-SU-2992,SU,Monopole / greenfield,Amman-Zarqa Metro,Zarqa outskirts,Zarqa,32.02472,36.12491,32,3,HUB-AMM-17,HUB-AMM-17-R02,Fiber ring,0
RO-10,Jul 2029 – Sep 2029,AMM-SU-2993,SU,Monopole / greenfield,Amman-Zarqa Metro,Zarqa outskirts,Zarqa,32.02472,36.13174,32,3,HUB-AMM-17,HUB-AMM-17-R02,Fiber ring,0
RO-10,Jul 2029 – Sep 2029,AMM-SU-2994,SU,Monopole / greenfield,Amman-Zarqa Metro,Zarqa outskirts,Zarqa,32.02472,36.13856,32,3,HUB-AMM-17,HUB-AMM-17-R02,Fiber ring,0
RO-10,Jul 2029 – Sep 2029,AMM-SU-3016,SU,Monopole / greenfield,Amman-Zarqa Metro,Zarqa outskirts,Zarqa,32.02863,36.12832,32,3,HUB-AMM-17,HUB-AMM-17-R02,Fiber ring,0
RO-10,Jul 2029 – Sep 2029,AMM-SU-2990,SU,Monopole / greenfield,Amman-Zarqa Metro,Zarqa outskirts,Zarqa,32.02589,36.11126,32,3,HUB-AMM-17,HUB-AMM-17-R03,Fiber ring,0
RO-10,Jul 2029 – Sep 2029,AMM-SU-3014,SU,Monopole / greenfield,Amman-Zarqa Metro,Zarqa outskirts,Zarqa,32.03040,36.11399,32,3,HUB-AMM-17,HUB-AMM-17-R03,Fiber ring,0
RO-10,Jul 2029 – Sep 2029,AMM-SU-3015,SU,Monopole / greenfield,Amman-Zarqa Metro,Zarqa outskirts,Zarqa,32.02981,36.12150,32,3,HUB-AMM-17,HUB-AMM-17-R03,Fiber ring,0
RO-10,Jul 2029 – Sep 2029,AMM-SU-3039,SU,Monopole / greenfield,Amman-Zarqa Metro,Zarqa outskirts,Zarqa,32.03490,36.11945,32,3,HUB-AMM-17,HUB-AMM-17-R03,Fiber ring,0
RO-10,Jul 2029 – Sep 2029,AMM-SU-3040,SU,Monopole / greenfield,Amman-Zarqa Metro,Zarqa outskirts,Zarqa,32.03431,36.12423,32,3,HUB-AMM-17,HUB-AMM-17-R03,Fiber ring,0
RO-10,Jul 2029 – Sep 2029,AMM-U-1784,U,Monopole / greenfield,Amman-Zarqa Metro,Zarqa,Zarqa,32.03882,36.11588,30,3,HUB-AMM-17,HUB-AMM-17-R03,Fiber ring,0
RO-10,Jul 2029 – Sep 2029,AMM-U-1785,U,Monopole / greenfield,Amman-Zarqa Metro,Zarqa,Zarqa,32.03800,36.11966,30,3,HUB-AMM-17,HUB-AMM-17-R03,Fiber ring,0
RO-10,Jul 2029 – Sep 2029,AMM-SU-3145,SU,Monopole / greenfield,Amman-Zarqa Metro,Amman outskirts,Balqa,32.05526,35.80271,32,3,HUB-AMM-48,HUB-AMM-48-R01,Fiber ring,0
RO-10,Jul 2029 – Sep 2029,AMM-SU-3182,SU,Monopole / greenfield,Amman-Zarqa Metro,Amman outskirts,Balqa,32.06094,35.78632,32,3,HUB-AMM-48,HUB-AMM-48-R01,Fiber ring,0
RO-10,Jul 2029 – Sep 2029,AMM-SU-3183,SU,Monopole / greenfield,Amman-Zarqa Metro,Amman outskirts,Balqa,32.05977,35.79451,32,3,HUB-AMM-48,HUB-AMM-48-R01,Fiber ring,0
RO-10,Jul 2029 – Sep 2029,AMM-SU-3184,SU,Monopole / greenfield,Amman-Zarqa Metro,Amman outskirts,Balqa,32.06153,35.80066,32,3,HUB-AMM-48,HUB-AMM-48-R01,Fiber ring,0
RO-10,Jul 2029 – Sep 2029,AMM-SU-3220,SU,Monopole / greenfield,Amman-Zarqa Metro,Amman outskirts,Balqa,32.06545,35.78905,32,3,HUB-AMM-48,HUB-AMM-48-R01,Fiber ring,0
RO-10,Jul 2029 – Sep 2029,AMM-SU-3221,SU,Monopole / greenfield,Amman-Zarqa Metro,Amman outskirts,Balqa,32.06486,35.79793,32,3,HUB-AMM-48,HUB-AMM-48-R01,Fiber ring,0
RO-10,Jul 2029 – Sep 2029,AMM-SU-3222,SU,Monopole / greenfield,Amman-Zarqa Metro,Amman outskirts,Balqa,32.06545,35.80271,32,3,HUB-AMM-48,HUB-AMM-48-R01,Fiber ring,0
RO-10,Jul 2029 – Sep 2029,AMM-SU-3252,SU,Monopole / greenfield,Amman-Zarqa Metro,Amman outskirts,Balqa,32.07054,35.80612,32,3,HUB-AMM-48,HUB-AMM-48-R01,Fiber ring,1
RO-10,Jul 2029 – Sep 2029,AMM-SU-3146,SU,Monopole / greenfield,Amman-Zarqa Metro,Amman outskirts,Balqa,32.05526,35.81090,32,3,HUB-AMM-48,HUB-AMM-48-R02,Fiber ring,0
RO-10,Jul 2029 – Sep 2029,AMM-SU-3185,SU,Rooftop,Amman-Zarqa Metro,Amman outskirts,Balqa,32.06035,35.80612,32,3,HUB-AMM-48,HUB-AMM-48-R02,Fiber ring,0
RO-10,Jul 2029 – Sep 2029,AMM-SU-3186,SU,Monopole / greenfield,Amman-Zarqa Metro,Amman outskirts,Balqa,32.06035,35.81431,32,3,HUB-AMM-48,HUB-AMM-48-R02,Fiber ring,0
RO-10,Jul 2029 – Sep 2029,AMM-SU-3187,SU,Rooftop,Amman-Zarqa Metro,Amman outskirts,Balqa,32.06035,35.81977,32,3,HUB-AMM-48,HUB-AMM-48-R02,Fiber ring,0
RO-10,Jul 2029 – Sep 2029,AMM-SU-3223,SU,Monopole / greenfield,Amman-Zarqa Metro,Amman outskirts,Balqa,32.06603,35.81021,32,3,HUB-AMM-48,HUB-AMM-48-R02,Fiber ring,0
RO-10,Jul 2029 – Sep 2029,AMM-SU-3224,SU,Monopole / greenfield,Amman-Zarqa Metro,Amman outskirts,Balqa,32.06427,35.81772,32,3,HUB-AMM-48,HUB-AMM-48-R02,Fiber ring,0
RO-10,Jul 2029 – Sep 2029,AMM-SU-3225,SU,Rooftop,Amman-Zarqa Metro,Amman outskirts,Balqa,32.06427,35.82455,32,3,HUB-AMM-48,HUB-AMM-48-R02,Fiber ring,0
RO-10,Jul 2029 – Sep 2029,AMM-SU-3253,SU,Monopole / greenfield,Amman-Zarqa Metro,Amman outskirts,Balqa,32.07054,35.81295,32,3,HUB-AMM-48,HUB-AMM-48-R03,Fiber ring,0
RO-10,Jul 2029 – Sep 2029,AMM-SU-3254,SU,Monopole / greenfield,Amman-Zarqa Metro,Amman outskirts,Balqa,32.07054,35.81977,32,3,HUB-AMM-48,HUB-AMM-48-R03,Fiber ring,0
RO-10,Jul 2029 – Sep 2029,AMM-SU-3284,SU,Monopole / greenfield,Amman-Zarqa Metro,Amman outskirts,Balqa,32.07563,35.81636,32,3,HUB-AMM-48,HUB-AMM-48-R03,Fiber ring,0
RO-10,Jul 2029 – Sep 2029,AMM-SU-3285,SU,Monopole / greenfield,Amman-Zarqa Metro,Amman outskirts,Balqa,32.07445,35.82455,32,3,HUB-AMM-48,HUB-AMM-48-R03,Fiber ring,0
RO-10,Jul 2029 – Sep 2029,AMM-SU-3311,SU,Monopole / greenfield,Amman-Zarqa Metro,Amman outskirts,Balqa,32.08013,35.81363,32,3,HUB-AMM-48,HUB-AMM-48-R03,Fiber ring,0
RO-10,Jul 2029 – Sep 2029,AMM-SU-3312,SU,Monopole / greenfield,Amman-Zarqa Metro,Amman outskirts,Balqa,32.08013,35.82045,32,3,HUB-AMM-48,HUB-AMM-48-R03,Fiber ring,0
RO-10,Jul 2029 – Sep 2029,AMM-SU-3338,SU,Monopole / greenfield,Amman-Zarqa Metro,Amman outskirts,Balqa,32.08522,35.81704,32,3,HUB-AMM-48,HUB-AMM-48-R03,Fiber ring,0
RO-10,Jul 2029 – Sep 2029,AMM-SU-3282,SU,Monopole / greenfield,Amman-Zarqa Metro,Amman outskirts,Balqa,32.07504,35.80475,32,3,HUB-AMM-48,HUB-AMM-48-R04,Fiber ring,0
RO-10,Jul 2029 – Sep 2029,AMM-SU-3283,SU,Monopole / greenfield,Amman-Zarqa Metro,Amman outskirts,Balqa,32.07563,35.80953,32,3,HUB-AMM-48,HUB-AMM-48-R04,Fiber ring,0
RO-10,Jul 2029 – Sep 2029,AMM-SU-3310,SU,Monopole / greenfield,Amman-Zarqa Metro,Amman outskirts,Balqa,32.07954,35.80748,32,3,HUB-AMM-48,HUB-AMM-48-R04,Fiber ring,0
RO-10,Jul 2029 – Sep 2029,AMM-SU-3336,SU,Monopole / greenfield,Amman-Zarqa Metro,Amman outskirts,Balqa,32.08581,35.80271,32,3,HUB-AMM-48,HUB-AMM-48-R04,Fiber ring,0
RO-10,Jul 2029 – Sep 2029,AMM-SU-3337,SU,Monopole / greenfield,Amman-Zarqa Metro,Amman outskirts,Balqa,32.08581,35.80953,32,3,HUB-AMM-48,HUB-AMM-48-R04,Fiber ring,0
RO-10,Jul 2029 – Sep 2029,AMM-SU-3358,SU,Monopole / greenfield,Amman-Zarqa Metro,Amman outskirts,Balqa,32.09149,35.81499,32,3,HUB-AMM-48,HUB-AMM-48-R04,Fiber ring,0
RO-10,Jul 2029 – Sep 2029,AMM-SU-3359,SU,Monopole / greenfield,Amman-Zarqa Metro,Amman outskirts,Balqa,32.09090,35.82045,32,3,HUB-AMM-48,HUB-AMM-48-R04,Fiber ring,0
RO-10,Jul 2029 – Sep 2029,AMM-SU-3251,SU,Monopole / greenfield,Amman-Zarqa Metro,Amman outskirts,Balqa,32.07054,35.80202,32,3,HUB-AMM-48,HUB-AMM-48-R05,Fiber ring,0
RO-10,Jul 2029 – Sep 2029,AMM-SU-3280,SU,Monopole / greenfield,Amman-Zarqa Metro,Amman outskirts,Balqa,32.07563,35.79178,32,3,HUB-AMM-48,HUB-AMM-48-R05,Fiber ring,0
RO-10,Jul 2029 – Sep 2029,AMM-SU-3281,SU,Monopole / greenfield,Amman-Zarqa Metro,Amman outskirts,Balqa,32.07680,35.79724,32,3,HUB-AMM-48,HUB-AMM-48-R05,Fiber ring,0
RO-10,Jul 2029 – Sep 2029,AMM-SU-3308,SU,Monopole / greenfield,Amman-Zarqa Metro,Amman outskirts,Balqa,32.08013,35.79451,32,3,HUB-AMM-48,HUB-AMM-48-R05,Fiber ring,0
RO-10,Jul 2029 – Sep 2029,AMM-SU-3309,SU,Monopole / greenfield,Amman-Zarqa Metro,Amman outskirts,Balqa,32.08072,35.79929,32,3,HUB-AMM-48,HUB-AMM-48-R05,Fiber ring,0
RO-10,Jul 2029 – Sep 2029,AMM-SU-3335,SU,Monopole / greenfield,Amman-Zarqa Metro,Amman outskirts,Balqa,32.08463,35.79724,32,3,HUB-AMM-48,HUB-AMM-48-R05,Fiber ring,0
RO-10,Jul 2029 – Sep 2029,AMM-SU-2970,SU,Monopole / greenfield,Amman-Zarqa Metro,Amman outskirts,Balqa,32.02589,35.77677,32,3,HUB-AMM-75,HUB-AMM-75-R01,Fiber ring,0
RO-10,Jul 2029 – Sep 2029,AMM-SU-2995,SU,Monopole / greenfield,Amman-Zarqa Metro,Amman outskirts,Balqa,32.02863,35.76653,32,3,HUB-AMM-75,HUB-AMM-75-R01,Fiber ring,0
RO-10,Jul 2029 – Sep 2029,AMM-SU-2996,SU,Monopole / greenfield,Amman-Zarqa Metro,Amman outskirts,Balqa,32.02863,35.77335,32,3,HUB-AMM-75,HUB-AMM-75-R01,Fiber ring,0
RO-10,Jul 2029 – Sep 2029,AMM-SU-3017,SU,Monopole / greenfield,Amman-Zarqa Metro,Amman outskirts,Balqa,32.03490,35.76857,32,3,HUB-AMM-75,HUB-AMM-75-R01,Fiber ring,0
RO-10,Jul 2029 – Sep 2029,AMM-SU-3018,SU,Monopole / greenfield,Amman-Zarqa Metro,Amman outskirts,Balqa,32.03549,35.77745,32,3,HUB-AMM-75,HUB-AMM-75-R01,Fiber ring,0
RO-10,Jul 2029 – Sep 2029,AMM-SU-3019,SU,Monopole / greenfield,Amman-Zarqa Metro,Amman outskirts,Balqa,32.03608,35.78359,32,3,HUB-AMM-75,HUB-AMM-75-R01,Fiber ring,0
RO-10,Jul 2029 – Sep 2029,AMM-SU-3045,SU,Monopole / greenfield,Amman-Zarqa Metro,Amman outskirts,Balqa,32.03999,35.78701,32,3,HUB-AMM-75,HUB-AMM-75-R01,Fiber ring,1
RO-10,Jul 2029 – Sep 2029,AMM-SU-2947,SU,Monopole / greenfield,Amman-Zarqa Metro,Amman outskirts,Balqa,32.01963,35.78837,32,3,HUB-AMM-75,HUB-AMM-75-R02,Fiber ring,0
RO-10,Jul 2029 – Sep 2029,AMM-SU-2948,SU,Monopole / greenfield,Amman-Zarqa Metro,Amman outskirts,Balqa,32.02080,35.79383,32,3,HUB-AMM-75,HUB-AMM-75-R02,Fiber ring,0
RO-10,Jul 2029 – Sep 2029,AMM-SU-2971,SU,Monopole / greenfield,Amman-Zarqa Metro,Amman outskirts,Balqa,32.02354,35.78359,32,3,HUB-AMM-75,HUB-AMM-75-R02,Fiber ring,0
RO-10,Jul 2029 – Sep 2029,AMM-SU-2972,SU,Monopole / greenfield,Amman-Zarqa Metro,Amman outskirts,Balqa,32.02354,35.79042,32,3,HUB-AMM-75,HUB-AMM-75-R02,Fiber ring,0
RO-10,Jul 2029 – Sep 2029,AMM-SU-2997,SU,Monopole / greenfield,Amman-Zarqa Metro,Amman outskirts,Balqa,32.02863,35.78018,32,3,HUB-AMM-75,HUB-AMM-75-R02,Fiber ring,0
RO-10,Jul 2029 – Sep 2029,AMM-SU-2998,SU,Monopole / greenfield,Amman-Zarqa Metro,Amman outskirts,Balqa,32.02863,35.78701,32,3,HUB-AMM-75,HUB-AMM-75-R02,Fiber ring,0
RO-10,Jul 2029 – Sep 2029,AMM-SU-2973,SU,Monopole / greenfield,Amman-Zarqa Metro,Amman outskirts,Balqa,32.02413,35.79656,32,3,HUB-AMM-75,HUB-AMM-75-R03,Fiber ring,0
RO-10,Jul 2029 – Sep 2029,AMM-SU-2999,SU,Monopole / greenfield,Amman-Zarqa Metro,Amman outskirts,Balqa,32.02981,35.79383,32,3,HUB-AMM-75,HUB-AMM-75-R03,Fiber ring,0
RO-10,Jul 2029 – Sep 2029,AMM-SU-3000,SU,Monopole / greenfield,Amman-Zarqa Metro,Amman outskirts,Balqa,32.02981,35.80202,32,3,HUB-AMM-75,HUB-AMM-75-R03,Fiber ring,0
RO-10,Jul 2029 – Sep 2029,AMM-SU-3020,SU,Monopole / greenfield,Amman-Zarqa Metro,Amman outskirts,Balqa,32.03431,35.79110,32,3,HUB-AMM-75,HUB-AMM-75-R03,Fiber ring,0
RO-10,Jul 2029 – Sep 2029,AMM-SU-3021,SU,Monopole / greenfield,Amman-Zarqa Metro,Amman outskirts,Balqa,32.03608,35.79724,32,3,HUB-AMM-75,HUB-AMM-75-R03,Fiber ring,0
RO-10,Jul 2029 – Sep 2029,AMM-SU-3022,SU,Monopole / greenfield,Amman-Zarqa Metro,Amman outskirts,Balqa,32.03490,35.80544,32,3,HUB-AMM-75,HUB-AMM-75-R03,Fiber ring,0
RO-10,Jul 2029 – Sep 2029,AMM-SU-3046,SU,Monopole / greenfield,Amman-Zarqa Metro,Amman outskirts,Balqa,32.03940,35.79315,32,3,HUB-AMM-75,HUB-AMM-75-R04,Fiber ring,0
RO-10,Jul 2029 – Sep 2029,AMM-SU-3047,SU,Monopole / greenfield,Amman-Zarqa Metro,Amman outskirts,Balqa,32.03999,35.79929,32,3,HUB-AMM-75,HUB-AMM-75-R04,Fiber ring,0
RO-10,Jul 2029 – Sep 2029,AMM-SU-3048,SU,Monopole / greenfield,Amman-Zarqa Metro,Amman outskirts,Balqa,32.03882,35.80748,32,3,HUB-AMM-75,HUB-AMM-75-R04,Fiber ring,0
RO-10,Jul 2029 – Sep 2029,AMM-SU-3073,SU,Monopole / greenfield,Amman-Zarqa Metro,Amman outskirts,Balqa,32.04508,35.79588,32,3,HUB-AMM-75,HUB-AMM-75-R04,Fiber ring,0
RO-10,Jul 2029 – Sep 2029,AMM-SU-3074,SU,Monopole / greenfield,Amman-Zarqa Metro,Amman outskirts,Balqa,32.04508,35.80271,32,3,HUB-AMM-75,HUB-AMM-75-R04,Fiber ring,0
RO-10,Jul 2029 – Sep 2029,AMM-SU-3107,SU,Monopole / greenfield,Amman-Zarqa Metro,Amman outskirts,Balqa,32.05017,35.80612,32,3,HUB-AMM-75,HUB-AMM-75-R04,Fiber ring,0
RO-10,Jul 2029 – Sep 2029,AMM-SU-3072,SU,Monopole / greenfield,Amman-Zarqa Metro,Amman outskirts,Balqa,32.04508,35.79042,32,3,HUB-AMM-75,HUB-AMM-75-R05,Fiber ring,0
RO-10,Jul 2029 – Sep 2029,AMM-SU-3104,SU,Monopole / greenfield,Amman-Zarqa Metro,Amman outskirts,Balqa,32.05017,35.78701,32,3,HUB-AMM-75,HUB-AMM-75-R05,Fiber ring,0
RO-10,Jul 2029 – Sep 2029,AMM-SU-3105,SU,Monopole / greenfield,Amman-Zarqa Metro,Amman outskirts,Balqa,32.05017,35.79520,32,3,HUB-AMM-75,HUB-AMM-75-R05,Fiber ring,0
RO-10,Jul 2029 – Sep 2029,AMM-SU-3106,SU,Monopole / greenfield,Amman-Zarqa Metro,Amman outskirts,Balqa,32.05017,35.79929,32,3,HUB-AMM-75,HUB-AMM-75-R05,Fiber ring,0
RO-10,Jul 2029 – Sep 2029,AMM-SU-3143,SU,Monopole / greenfield,Amman-Zarqa Metro,Amman outskirts,Balqa,32.05468,35.79042,32,3,HUB-AMM-75,HUB-AMM-75-R05,Fiber ring,0
RO-10,Jul 2029 – Sep 2029,AMM-SU-3144,SU,Monopole / greenfield,Amman-Zarqa Metro,Amman outskirts,Balqa,32.05409,35.79724,32,3,HUB-AMM-75,HUB-AMM-75-R05,Fiber ring,0
RO-10,Jul 2029 – Sep 2029,AMM-SU-3043,SU,Monopole / greenfield,Amman-Zarqa Metro,Amman outskirts,Balqa,32.04058,35.77404,32,3,HUB-AMM-75,HUB-AMM-75-R06,Fiber ring,0
RO-10,Jul 2029 – Sep 2029,AMM-SU-3044,SU,Monopole / greenfield,Amman-Zarqa Metro,Amman outskirts,Balqa,32.04058,35.78086,32,3,HUB-AMM-75,HUB-AMM-75-R06,Fiber ring,0
RO-10,Jul 2029 – Sep 2029,AMM-SU-3070,SU,Monopole / greenfield,Amman-Zarqa Metro,Amman outskirts,Balqa,32.04508,35.77677,32,3,HUB-AMM-75,HUB-AMM-75-R06,Fiber ring,0
RO-10,Jul 2029 – Sep 2029,AMM-SU-3071,SU,Monopole / greenfield,Amman-Zarqa Metro,Amman outskirts,Balqa,32.04391,35.78359,32,3,HUB-AMM-75,HUB-AMM-75-R06,Fiber ring,0
RO-10,Jul 2029 – Sep 2029,AMM-SU-3103,SU,Monopole / greenfield,Amman-Zarqa Metro,Amman outskirts,Balqa,32.04959,35.77950,32,3,HUB-AMM-75,HUB-AMM-75-R06,Fiber ring,0
RO-10,Jul 2029 – Sep 2029,AMM-SU-3142,SU,Monopole / greenfield,Amman-Zarqa Metro,Amman outskirts,Balqa,32.05644,35.78359,32,3,HUB-AMM-75,HUB-AMM-75-R06,Fiber ring,0
RO-10,Jul 2029 – Sep 2029,AMM-SU-2169,SU,Monopole / greenfield,Amman-Zarqa Metro,QAIA airport,Amman,31.70399,35.97814,32,3,HUB-AMM-80,HUB-AMM-80-R01,Fiber ring,0
RO-10,Jul 2029 – Sep 2029,AMM-SU-2171,SU,Monopole / greenfield,Amman-Zarqa Metro,QAIA airport,Amman,31.70909,35.97473,32,3,HUB-AMM-80,HUB-AMM-80-R01,Fiber ring,0
RO-10,Jul 2029 – Sep 2029,AMM-SU-2175,SU,Monopole / greenfield,Amman-Zarqa Metro,QAIA airport,Amman,31.71418,35.97132,32,3,HUB-AMM-80,HUB-AMM-80-R01,Fiber ring,0
RO-10,Jul 2029 – Sep 2029,AMM-SU-2176,SU,Monopole / greenfield,Amman-Zarqa Metro,QAIA airport,Amman,31.71418,35.97814,32,3,HUB-AMM-80,HUB-AMM-80-R01,Fiber ring,0
RO-10,Jul 2029 – Sep 2029,AMM-SU-2181,SU,Monopole / greenfield,Amman-Zarqa Metro,QAIA airport,Amman,31.71927,35.96790,32,3,HUB-AMM-80,HUB-AMM-80-R01,Fiber ring,0
RO-10,Jul 2029 – Sep 2029,AMM-SU-2182,SU,Monopole / greenfield,Amman-Zarqa Metro,QAIA airport,Amman,31.71927,35.97610,32,3,HUB-AMM-80,HUB-AMM-80-R01,Fiber ring,0
RO-10,Jul 2029 – Sep 2029,AMM-SU-2183,SU,Monopole / greenfield,Amman-Zarqa Metro,QAIA airport,Amman,31.71927,35.98156,32,3,HUB-AMM-80,HUB-AMM-80-R01,Fiber ring,0
RO-10,Jul 2029 – Sep 2029,AMM-SU-2192,SU,Rooftop,Amman-Zarqa Metro,QAIA airport,Amman,31.72377,35.99111,32,3,HUB-AMM-80,HUB-AMM-80-R01,Fiber ring,1
RO-10,Jul 2029 – Sep 2029,AMM-SU-2170,SU,Monopole / greenfield,Amman-Zarqa Metro,QAIA airport,Amman,31.70399,35.98497,32,3,HUB-AMM-80,HUB-AMM-80-R02,Fiber ring,0
RO-10,Jul 2029 – Sep 2029,AMM-SU-2172,SU,Monopole / greenfield,Amman-Zarqa Metro,QAIA airport,Amman,31.70909,35.98156,32,3,HUB-AMM-80,HUB-AMM-80-R02,Fiber ring,0
RO-10,Jul 2029 – Sep 2029,AMM-SU-2173,SU,Monopole / greenfield,Amman-Zarqa Metro,QAIA airport,Amman,31.70909,35.98838,32,3,HUB-AMM-80,HUB-AMM-80-R02,Fiber ring,0
RO-10,Jul 2029 – Sep 2029,AMM-SU-2174,SU,Monopole / greenfield,Amman-Zarqa Metro,QAIA airport,Amman,31.70909,35.99521,32,3,HUB-AMM-80,HUB-AMM-80-R02,Fiber ring,0
RO-10,Jul 2029 – Sep 2029,AMM-SU-2177,SU,Monopole / greenfield,Amman-Zarqa Metro,QAIA airport,Amman,31.71418,35.98497,32,3,HUB-AMM-80,HUB-AMM-80-R02,Fiber ring,0
RO-10,Jul 2029 – Sep 2029,AMM-SU-2178,SU,Monopole / greenfield,Amman-Zarqa Metro,QAIA airport,Amman,31.71418,35.99180,32,3,HUB-AMM-80,HUB-AMM-80-R02,Fiber ring,0
RO-10,Jul 2029 – Sep 2029,AMM-SU-2184,SU,Rooftop,Amman-Zarqa Metro,QAIA airport,Amman,31.71927,35.98838,32,3,HUB-AMM-80,HUB-AMM-80-R02,Fiber ring,0
RO-10,Jul 2029 – Sep 2029,AMM-SU-2179,SU,Monopole / greenfield,Amman-Zarqa Metro,QAIA airport,Amman,31.71418,35.99862,32,3,HUB-AMM-80,HUB-AMM-80-R03,Fiber ring,0
RO-10,Jul 2029 – Sep 2029,AMM-SU-2180,SU,Monopole / greenfield,Amman-Zarqa Metro,QAIA airport,Amman,31.71418,36.01228,32,3,HUB-AMM-80,HUB-AMM-80-R03,Fiber ring,0
RO-10,Jul 2029 – Sep 2029,AMM-SU-2185,SU,Monopole / greenfield,Amman-Zarqa Metro,QAIA airport,Amman,31.71927,35.99521,32,3,HUB-AMM-80,HUB-AMM-80-R03,Fiber ring,0
RO-10,Jul 2029 – Sep 2029,AMM-SU-2186,SU,Rooftop,Amman-Zarqa Metro,QAIA airport,Amman,31.72044,36.00204,32,3,HUB-AMM-80,HUB-AMM-80-R03,Fiber ring,0
RO-10,Jul 2029 – Sep 2029,AMM-SU-2187,SU,Monopole / greenfield,Amman-Zarqa Metro,QAIA airport,Amman,31.71927,36.00886,32,3,HUB-AMM-80,HUB-AMM-80-R03,Fiber ring,0
RO-10,Jul 2029 – Sep 2029,AMM-SU-2188,SU,Monopole / greenfield,Amman-Zarqa Metro,QAIA airport,Amman,31.72044,36.01569,32,3,HUB-AMM-80,HUB-AMM-80-R03,Fiber ring,0
RO-10,Jul 2029 – Sep 2029,AMM-SU-2194,SU,Rooftop,Amman-Zarqa Metro,QAIA airport,Amman,31.72377,36.00545,32,3,HUB-AMM-80,HUB-AMM-80-R03,Fiber ring,0
RO-10,Jul 2029 – Sep 2029,AMM-SU-2193,SU,Monopole / greenfield,Amman-Zarqa Metro,QAIA airport,Amman,31.72436,35.99862,32,3,HUB-AMM-80,HUB-AMM-80-R04,Fiber ring,0
RO-10,Jul 2029 – Sep 2029,AMM-SU-2195,SU,Rooftop,Amman-Zarqa Metro,QAIA airport,Amman,31.72436,36.01228,32,3,HUB-AMM-80,HUB-AMM-80-R04,Fiber ring,0
RO-10,Jul 2029 – Sep 2029,AMM-SU-2196,SU,Monopole / greenfield,Amman-Zarqa Metro,QAIA airport,Amman,31.72436,36.01910,32,3,HUB-AMM-80,HUB-AMM-80-R04,Fiber ring,0
RO-10,Jul 2029 – Sep 2029,AMM-SU-2200,SU,Monopole / greenfield,Amman-Zarqa Metro,QAIA airport,Amman,31.72945,36.00204,32,3,HUB-AMM-80,HUB-AMM-80-R04,Fiber ring,0
RO-10,Jul 2029 – Sep 2029,AMM-SU-2201,SU,Monopole / greenfield,Amman-Zarqa Metro,QAIA airport,Amman,31.72945,36.00886,32,3,HUB-AMM-80,HUB-AMM-80-R04,Fiber ring,0
RO-10,Jul 2029 – Sep 2029,AMM-SU-2202,SU,Monopole / greenfield,Amman-Zarqa Metro,QAIA airport,Amman,31.72945,36.01569,32,3,HUB-AMM-80,HUB-AMM-80-R04,Fiber ring,0
RO-10,Jul 2029 – Sep 2029,AMM-SU-2209,SU,Monopole / greenfield,Amman-Zarqa Metro,QAIA airport,Amman,31.73454,36.01228,32,3,HUB-AMM-80,HUB-AMM-80-R04,Fiber ring,0
RO-10,Jul 2029 – Sep 2029,AMM-SU-2199,SU,Monopole / greenfield,Amman-Zarqa Metro,QAIA airport,Amman,31.72945,35.99521,32,3,HUB-AMM-80,HUB-AMM-80-R05,Fiber ring,0
RO-10,Jul 2029 – Sep 2029,AMM-SU-2207,SU,Monopole / greenfield,Amman-Zarqa Metro,QAIA airport,Amman,31.73454,35.99999,32,3,HUB-AMM-80,HUB-AMM-80-R05,Fiber ring,0
RO-10,Jul 2029 – Sep 2029,AMM-SU-2208,SU,Monopole / greenfield,Amman-Zarqa Metro,QAIA airport,Amman,31.73454,36.00545,32,3,HUB-AMM-80,HUB-AMM-80-R05,Fiber ring,0
RO-10,Jul 2029 – Sep 2029,AMM-SU-2213,SU,Monopole / greenfield,Amman-Zarqa Metro,QAIA airport,Amman,31.74081,35.99521,32,3,HUB-AMM-80,HUB-AMM-80-R05,Fiber ring,0
RO-10,Jul 2029 – Sep 2029,AMM-SU-2214,SU,Monopole / greenfield,Amman-Zarqa Metro,QAIA airport,Amman,31.73963,36.00204,32,3,HUB-AMM-80,HUB-AMM-80-R05,Fiber ring,0
RO-10,Jul 2029 – Sep 2029,AMM-SU-2215,SU,Rooftop,Amman-Zarqa Metro,QAIA airport,Amman,31.74022,36.00818,32,3,HUB-AMM-80,HUB-AMM-80-R05,Fiber ring,0
RO-10,Jul 2029 – Sep 2029,AMM-SU-2218,SU,Monopole / greenfield,Amman-Zarqa Metro,QAIA airport,Amman,31.74472,35.99862,32,3,HUB-AMM-80,HUB-AMM-80-R05,Fiber ring,0
RO-10,Jul 2029 – Sep 2029,AMM-SU-2198,SU,Monopole / greenfield,Amman-Zarqa Metro,QAIA airport,Amman,31.72945,35.98838,32,3,HUB-AMM-80,HUB-AMM-80-R06,Fiber ring,0
RO-10,Jul 2029 – Sep 2029,AMM-SU-2205,SU,Monopole / greenfield,Amman-Zarqa Metro,QAIA airport,Amman,31.73454,35.98497,32,3,HUB-AMM-80,HUB-AMM-80-R06,Fiber ring,0
RO-10,Jul 2029 – Sep 2029,AMM-SU-2206,SU,Monopole / greenfield,Amman-Zarqa Metro,QAIA airport,Amman,31.73454,35.99180,32,3,HUB-AMM-80,HUB-AMM-80-R06,Fiber ring,0
RO-10,Jul 2029 – Sep 2029,AMM-SU-2211,SU,Monopole / greenfield,Amman-Zarqa Metro,QAIA airport,Amman,31.73963,35.98156,32,3,HUB-AMM-80,HUB-AMM-80-R06,Fiber ring,0
RO-10,Jul 2029 – Sep 2029,AMM-SU-2212,SU,Monopole / greenfield,Amman-Zarqa Metro,QAIA airport,Amman,31.73963,35.98838,32,3,HUB-AMM-80,HUB-AMM-80-R06,Fiber ring,0
RO-10,Jul 2029 – Sep 2029,AMM-SU-2216,SU,Monopole / greenfield,Amman-Zarqa Metro,QAIA airport,Amman,31.74472,35.98497,32,3,HUB-AMM-80,HUB-AMM-80-R06,Fiber ring,0
RO-10,Jul 2029 – Sep 2029,AMM-SU-2217,SU,Monopole / greenfield,Amman-Zarqa Metro,QAIA airport,Amman,31.74472,35.99180,32,3,HUB-AMM-80,HUB-AMM-80-R06,Fiber ring,0
RO-10,Jul 2029 – Sep 2029,AMM-SU-2189,SU,Monopole / greenfield,Amman-Zarqa Metro,QAIA airport,Amman,31.72436,35.97132,32,3,HUB-AMM-80,HUB-AMM-80-R07,Fiber ring,0
RO-10,Jul 2029 – Sep 2029,AMM-SU-2190,SU,Monopole / greenfield,Amman-Zarqa Metro,QAIA airport,Amman,31.72436,35.97814,32,3,HUB-AMM-80,HUB-AMM-80-R07,Fiber ring,0
RO-10,Jul 2029 – Sep 2029,AMM-SU-2191,SU,Rooftop,Amman-Zarqa Metro,QAIA airport,Amman,31.72377,35.98565,32,3,HUB-AMM-80,HUB-AMM-80-R07,Fiber ring,0
RO-10,Jul 2029 – Sep 2029,AMM-SU-2197,SU,Monopole / greenfield,Amman-Zarqa Metro,QAIA airport,Amman,31.72945,35.98156,32,3,HUB-AMM-80,HUB-AMM-80-R07,Fiber ring,0
RO-10,Jul 2029 – Sep 2029,AMM-SU-2203,SU,Monopole / greenfield,Amman-Zarqa Metro,QAIA airport,Amman,31.73454,35.97132,32,3,HUB-AMM-80,HUB-AMM-80-R07,Fiber ring,0
RO-10,Jul 2029 – Sep 2029,AMM-SU-2204,SU,Monopole / greenfield,Amman-Zarqa Metro,QAIA airport,Amman,31.73454,35.97814,32,3,HUB-AMM-80,HUB-AMM-80-R07,Fiber ring,0
RO-10,Jul 2029 – Sep 2029,AMM-SU-2210,SU,Monopole / greenfield,Amman-Zarqa Metro,QAIA airport,Amman,31.73963,35.97473,32,3,HUB-AMM-80,HUB-AMM-80-R07,Fiber ring,0
RO-10,Jul 2029 – Sep 2029,AQB-SU-0150,SU,Rooftop,Aqaba,Aqaba south coast,Aqaba,29.37238,34.96921,32,3,HUB-AQB-01,HUB-AQB-01-R01,Fiber ring,0
RO-10,Jul 2029 – Sep 2029,AQB-SU-0154,SU,Rooftop,Aqaba,Aqaba south coast,Aqaba,29.37747,34.97262,32,3,HUB-AQB-01,HUB-AQB-01-R01,Fiber ring,0
RO-10,Jul 2029 – Sep 2029,AQB-SU-0157,SU,Rooftop,Aqaba,Aqaba south coast,Aqaba,29.38256,34.97603,32,3,HUB-AQB-01,HUB-AQB-01-R01,Fiber ring,0
RO-10,Jul 2029 – Sep 2029,AQB-SU-0160,SU,Monopole / greenfield,Aqaba,Aqaba south coast,Aqaba,29.38765,34.97126,32,3,HUB-AQB-01,HUB-AQB-01-R01,Fiber ring,0
RO-10,Jul 2029 – Sep 2029,AQB-SU-0161,SU,Monopole / greenfield,Aqaba,Aqaba south coast,Aqaba,29.38648,34.97808,32,3,HUB-AQB-01,HUB-AQB-01-R01,Fiber ring,0
RO-10,Jul 2029 – Sep 2029,AQB-SU-0164,SU,Monopole / greenfield,Aqaba,Aqaba south coast,Aqaba,29.39157,34.97467,32,3,HUB-AQB-01,HUB-AQB-01-R01,Fiber ring,0
RO-10,Jul 2029 – Sep 2029,AQB-SU-0165,SU,Monopole / greenfield,Aqaba,Aqaba south coast,Aqaba,29.39157,34.98150,32,3,HUB-AQB-01,HUB-AQB-01-R01,Fiber ring,0
RO-10,Jul 2029 – Sep 2029,AQB-SU-0169,SU,Monopole / greenfield,Aqaba,Aqaba south coast,Aqaba,29.39725,34.98559,32,3,HUB-AQB-01,HUB-AQB-01-R01,Fiber ring,1
RO-10,Jul 2029 – Sep 2029,AQB-SU-0151,SU,Rooftop,Aqaba,Aqaba south coast,Aqaba,29.37238,34.97330,35,3,HUB-AQB-01,HUB-AQB-01-R02,Fiber ring,0
RO-10,Jul 2029 – Sep 2029,AQB-SU-0152,SU,Rooftop,Aqaba,Aqaba south coast,Aqaba,29.37121,34.98150,32,3,HUB-AQB-01,HUB-AQB-01-R02,Fiber ring,0
RO-10,Jul 2029 – Sep 2029,AQB-SU-0153,SU,Monopole / greenfield,Aqaba,Aqaba south coast,Aqaba,29.37238,34.98969,32,3,HUB-AQB-01,HUB-AQB-01-R02,Fiber ring,0
RO-10,Jul 2029 – Sep 2029,AQB-SU-0155,SU,Rooftop,Aqaba,Aqaba south coast,Aqaba,29.37747,34.97945,32,3,HUB-AQB-01,HUB-AQB-01-R02,Fiber ring,0
RO-10,Jul 2029 – Sep 2029,AQB-SU-0156,SU,Monopole / greenfield,Aqaba,Aqaba south coast,Aqaba,29.37689,34.98559,32,3,HUB-AQB-01,HUB-AQB-01-R02,Fiber ring,0
RO-10,Jul 2029 – Sep 2029,AQB-SU-0158,SU,Monopole / greenfield,Aqaba,Aqaba south coast,Aqaba,29.38374,34.98150,32,3,HUB-AQB-01,HUB-AQB-01-R02,Fiber ring,0
RO-10,Jul 2029 – Sep 2029,AQB-SU-0162,SU,Monopole / greenfield,Aqaba,Aqaba south coast,Aqaba,29.38765,34.98627,32,3,HUB-AQB-01,HUB-AQB-01-R02,Fiber ring,0
RO-10,Jul 2029 – Sep 2029,AQB-SU-0159,SU,Monopole / greenfield,Aqaba,Aqaba south coast,Aqaba,29.38256,34.98969,32,3,HUB-AQB-01,HUB-AQB-01-R03,Fiber ring,0
RO-10,Jul 2029 – Sep 2029,AQB-SU-0163,SU,Monopole / greenfield,Aqaba,Aqaba south coast,Aqaba,29.38883,34.99173,32,3,HUB-AQB-01,HUB-AQB-01-R03,Fiber ring,0
RO-10,Jul 2029 – Sep 2029,AQB-SU-0166,SU,Monopole / greenfield,Aqaba,Aqaba south coast,Aqaba,29.39216,34.98900,32,3,HUB-AQB-01,HUB-AQB-01-R03,Fiber ring,0
RO-10,Jul 2029 – Sep 2029,AQB-SU-0167,SU,Monopole / greenfield,Aqaba,Aqaba south coast,Aqaba,29.39275,34.99651,32,3,HUB-AQB-01,HUB-AQB-01-R03,Fiber ring,0
RO-10,Jul 2029 – Sep 2029,AQB-SU-0172,SU,Monopole / greenfield,Aqaba,Aqaba south coast,Aqaba,29.40234,34.99583,32,3,HUB-AQB-01,HUB-AQB-01-R03,Fiber ring,0
RO-10,Jul 2029 – Sep 2029,AQB-SU-0174,SU,Monopole / greenfield,Aqaba,Aqaba south coast,Aqaba,29.40802,34.99310,32,3,HUB-AQB-01,HUB-AQB-01-R03,Fiber ring,0
RO-10,Jul 2029 – Sep 2029,AQB-SU-0177,SU,Monopole / greenfield,Aqaba,Aqaba south coast,Aqaba,29.41311,34.99651,32,3,HUB-AQB-01,HUB-AQB-01-R03,Fiber ring,0
RO-10,Jul 2029 – Sep 2029,AQB-SU-0171,SU,Monopole / greenfield,Aqaba,Aqaba south coast,Aqaba,29.40175,34.98832,32,3,HUB-AQB-01,HUB-AQB-01-R04,Fiber ring,0
RO-10,Jul 2029 – Sep 2029,AQB-SU-0173,SU,Monopole / greenfield,Aqaba,Aqaba south coast,Aqaba,29.40802,34.98627,32,3,HUB-AQB-01,HUB-AQB-01-R04,Fiber ring,0
RO-10,Jul 2029 – Sep 2029,AQB-SU-0176,SU,Monopole / greenfield,Aqaba,Aqaba south coast,Aqaba,29.41428,34.98832,32,3,HUB-AQB-01,HUB-AQB-01-R04,Fiber ring,0
RO-10,Jul 2029 – Sep 2029,AQB-SU-0179,SU,Monopole / greenfield,Aqaba,Aqaba south coast,Aqaba,29.41820,34.99310,32,3,HUB-AQB-01,HUB-AQB-01-R04,Fiber ring,0
RO-10,Jul 2029 – Sep 2029,AQB-SU-0180,SU,Monopole / greenfield,Aqaba,Aqaba south coast,Aqaba,29.41938,34.99856,32,3,HUB-AQB-01,HUB-AQB-01-R04,Fiber ring,0
RO-10,Jul 2029 – Sep 2029,AQB-SU-0182,SU,Monopole / greenfield,Aqaba,Aqaba south coast,Aqaba,29.42329,34.98969,32,3,HUB-AQB-01,HUB-AQB-01-R04,Fiber ring,0
RO-10,Jul 2029 – Sep 2029,AQB-SU-0183,SU,Monopole / greenfield,Aqaba,Aqaba south coast,Aqaba,29.42329,34.99651,32,3,HUB-AQB-01,HUB-AQB-01-R04,Fiber ring,0
RO-10,Jul 2029 – Sep 2029,AQB-SU-0168,SU,Monopole / greenfield,Aqaba,Aqaba south coast,Aqaba,29.39784,34.97945,32,3,HUB-AQB-01,HUB-AQB-01-R05,Fiber ring,0
RO-10,Jul 2029 – Sep 2029,AQB-SU-0170,SU,Monopole / greenfield,Aqaba,Aqaba south coast,Aqaba,29.40293,34.98150,32,3,HUB-AQB-01,HUB-AQB-01-R05,Fiber ring,0
RO-10,Jul 2029 – Sep 2029,AQB-SU-0175,SU,Monopole / greenfield,Aqaba,Aqaba south coast,Aqaba,29.41252,34.98218,32,3,HUB-AQB-01,HUB-AQB-01-R05,Fiber ring,0
RO-10,Jul 2029 – Sep 2029,AQB-SU-0178,SU,Monopole / greenfield,Aqaba,Aqaba south coast,Aqaba,29.41879,34.98559,32,3,HUB-AQB-01,HUB-AQB-01-R05,Fiber ring,0
RO-10,Jul 2029 – Sep 2029,AQB-SU-0181,SU,Monopole / greenfield,Aqaba,Aqaba south coast,Aqaba,29.42329,34.98286,32,3,HUB-AQB-01,HUB-AQB-01-R05,Fiber ring,0
RO-10,Jul 2029 – Sep 2029,AZR-SU-0001,SU,Monopole / greenfield,Azraq,Azraq,Zarqa,31.86181,36.82120,32,3,HUB-AZR-01,HUB-AZR-01-R01,Fiber ring,0
RO-10,Jul 2029 – Sep 2029,AZR-SU-0002,SU,Monopole / greenfield,Azraq,Azraq,Zarqa,31.86181,36.82802,32,3,HUB-AZR-01,HUB-AZR-01-R01,Fiber ring,0
RO-10,Jul 2029 – Sep 2029,AZR-SU-0003,SU,Monopole / greenfield,Azraq,Azraq,Zarqa,31.86181,36.83485,32,3,HUB-AZR-01,HUB-AZR-01-R01,Fiber ring,0
RO-10,Jul 2029 – Sep 2029,AZR-SU-0004,SU,Monopole / greenfield,Azraq,Azraq,Zarqa,31.86690,36.81779,32,3,HUB-AZR-01,HUB-AZR-01-R01,Fiber ring,0
RO-10,Jul 2029 – Sep 2029,AZR-SU-0005,SU,Monopole / greenfield,Azraq,Azraq,Zarqa,31.86690,36.82461,32,3,HUB-AZR-01,HUB-AZR-01-R01,Fiber ring,0
RO-10,Jul 2029 – Sep 2029,AZR-SU-0007,SU,Monopole / greenfield,Azraq,Azraq,Zarqa,31.87199,36.81437,32,3,HUB-AZR-01,HUB-AZR-01-R01,Fiber ring,0
RO-10,Jul 2029 – Sep 2029,AZR-SU-0008,SU,Monopole / greenfield,Azraq,Azraq,Zarqa,31.87199,36.82120,32,3,HUB-AZR-01,HUB-AZR-01-R01,Fiber ring,0
RO-10,Jul 2029 – Sep 2029,AZR-SU-0013,SU,Monopole / greenfield,Azraq,Azraq,Zarqa,31.87708,36.82461,32,3,HUB-AZR-01,HUB-AZR-01-R01,Fiber ring,1
RO-10,Jul 2029 – Sep 2029,AZR-SU-0006,SU,Monopole / greenfield,Azraq,Azraq,Zarqa,31.86690,36.83144,32,3,HUB-AZR-01,HUB-AZR-01-R02,Fiber ring,0
RO-10,Jul 2029 – Sep 2029,AZR-SU-0009,SU,Monopole / greenfield,Azraq,Azraq,Zarqa,31.87199,36.82802,32,3,HUB-AZR-01,HUB-AZR-01-R02,Fiber ring,0
RO-10,Jul 2029 – Sep 2029,AZR-SU-0010,SU,Monopole / greenfield,Azraq,Azraq,Zarqa,31.87258,36.83485,32,3,HUB-AZR-01,HUB-AZR-01-R02,Fiber ring,0
RO-10,Jul 2029 – Sep 2029,AZR-SU-0014,SU,Monopole / greenfield,Azraq,Azraq,Zarqa,31.87767,36.83212,32,3,HUB-AZR-01,HUB-AZR-01-R02,Fiber ring,0
RO-10,Jul 2029 – Sep 2029,AZR-SU-0015,SU,Monopole / greenfield,Azraq,Azraq,Zarqa,31.87708,36.83826,32,3,HUB-AZR-01,HUB-AZR-01-R02,Fiber ring,0
RO-10,Jul 2029 – Sep 2029,AZR-SU-0016,SU,Monopole / greenfield,Azraq,Azraq,Zarqa,31.87708,36.84509,32,3,HUB-AZR-01,HUB-AZR-01-R02,Fiber ring,0
RO-10,Jul 2029 – Sep 2029,AZR-SU-0017,SU,Monopole / greenfield,Azraq,Azraq,Zarqa,31.87708,36.85192,32,3,HUB-AZR-01,HUB-AZR-01-R02,Fiber ring,0
RO-10,Jul 2029 – Sep 2029,AZR-SU-0022,SU,Monopole / greenfield,Azraq,Azraq,Zarqa,31.88217,36.83485,32,3,HUB-AZR-01,HUB-AZR-01-R03,Fiber ring,0
RO-10,Jul 2029 – Sep 2029,AZR-SU-0023,SU,Monopole / greenfield,Azraq,Azraq,Zarqa,31.88217,36.84168,32,3,HUB-AZR-01,HUB-AZR-01-R03,Fiber ring,0
RO-10,Jul 2029 – Sep 2029,AZR-SU-0024,SU,Monopole / greenfield,Azraq,Azraq,Zarqa,31.88217,36.84850,32,3,HUB-AZR-01,HUB-AZR-01-R03,Fiber ring,0
RO-10,Jul 2029 – Sep 2029,AZR-SU-0028,SU,Monopole / greenfield,Azraq,Azraq,Zarqa,31.88727,36.83144,32,3,HUB-AZR-01,HUB-AZR-01-R03,Fiber ring,0
RO-10,Jul 2029 – Sep 2029,AZR-SU-0029,SU,Monopole / greenfield,Azraq,Azraq,Zarqa,31.88727,36.83826,32,3,HUB-AZR-01,HUB-AZR-01-R03,Fiber ring,0
RO-10,Jul 2029 – Sep 2029,AZR-SU-0031,SU,Monopole / greenfield,Azraq,Azraq,Zarqa,31.89294,36.83553,32,3,HUB-AZR-01,HUB-AZR-01-R03,Fiber ring,0
RO-10,Jul 2029 – Sep 2029,AZR-SU-0032,SU,Monopole / greenfield,Azraq,Azraq,Zarqa,31.89236,36.84168,32,3,HUB-AZR-01,HUB-AZR-01-R03,Fiber ring,0
RO-10,Jul 2029 – Sep 2029,AZR-SU-0019,SU,Monopole / greenfield,Azraq,Azraq,Zarqa,31.88217,36.81437,32,3,HUB-AZR-01,HUB-AZR-01-R04,Fiber ring,0
RO-10,Jul 2029 – Sep 2029,AZR-SU-0020,SU,Monopole / greenfield,Azraq,Azraq,Zarqa,31.88217,36.82120,32,3,HUB-AZR-01,HUB-AZR-01-R04,Fiber ring,0
RO-10,Jul 2029 – Sep 2029,AZR-SU-0021,SU,Monopole / greenfield,Azraq,Azraq,Zarqa,31.88217,36.82802,32,3,HUB-AZR-01,HUB-AZR-01-R04,Fiber ring,0
RO-10,Jul 2029 – Sep 2029,AZR-SU-0025,SU,Monopole / greenfield,Azraq,Azraq,Zarqa,31.88727,36.81096,32,3,HUB-AZR-01,HUB-AZR-01-R04,Fiber ring,0
RO-10,Jul 2029 – Sep 2029,AZR-SU-0026,SU,Monopole / greenfield,Azraq,Azraq,Zarqa,31.88727,36.81779,32,3,HUB-AZR-01,HUB-AZR-01-R04,Fiber ring,0
RO-10,Jul 2029 – Sep 2029,AZR-SU-0027,SU,Monopole / greenfield,Azraq,Azraq,Zarqa,31.88785,36.82529,32,3,HUB-AZR-01,HUB-AZR-01-R04,Fiber ring,0
RO-10,Jul 2029 – Sep 2029,AZR-SU-0030,SU,Monopole / greenfield,Azraq,Azraq,Zarqa,31.89236,36.82802,32,3,HUB-AZR-01,HUB-AZR-01-R04,Fiber ring,0
RO-10,Jul 2029 – Sep 2029,AZR-SU-0011,SU,Monopole / greenfield,Azraq,Azraq,Zarqa,31.87708,36.81232,32,3,HUB-AZR-01,HUB-AZR-01-R05,Fiber ring,0
RO-10,Jul 2029 – Sep 2029,AZR-SU-0012,SU,Monopole / greenfield,Azraq,Azraq,Zarqa,31.87708,36.81779,32,3,HUB-AZR-01,HUB-AZR-01-R05,Fiber ring,0
RO-10,Jul 2029 – Sep 2029,AZR-SU-0018,SU,Monopole / greenfield,Azraq,Azraq,Zarqa,31.88217,36.80755,32,3,HUB-AZR-01,HUB-AZR-01-R05,Fiber ring,0
RO-10,Jul 2029 – Sep 2029,DEI-SU-0001,SU,Monopole / greenfield,Deir Alla,Deir Alla,Balqa,32.17353,35.61635,32,3,HUB-DEI-01,HUB-DEI-01-R01,Fiber ring,0
RO-10,Jul 2029 – Sep 2029,DEI-SU-0002,SU,Monopole / greenfield,Deir Alla,Deir Alla,Balqa,32.17235,35.62454,32,3,HUB-DEI-01,HUB-DEI-01-R01,Fiber ring,0
RO-10,Jul 2029 – Sep 2029,DEI-SU-0003,SU,Monopole / greenfield,Deir Alla,Deir Alla,Balqa,32.17744,35.61293,32,3,HUB-DEI-01,HUB-DEI-01-R01,Fiber ring,0
RO-10,Jul 2029 – Sep 2029,DEI-SU-0004,SU,Monopole / greenfield,Deir Alla,Deir Alla,Balqa,32.17803,35.62044,32,3,HUB-DEI-01,HUB-DEI-01-R01,Fiber ring,0
RO-10,Jul 2029 – Sep 2029,DEI-SU-0006,SU,Monopole / greenfield,Deir Alla,Deir Alla,Balqa,32.18254,35.60952,32,3,HUB-DEI-01,HUB-DEI-01-R01,Fiber ring,0
RO-10,Jul 2029 – Sep 2029,DEI-SU-0007,SU,Rooftop,Deir Alla,Deir Alla,Balqa,32.18254,35.61771,32,3,HUB-DEI-01,HUB-DEI-01-R01,Fiber ring,0
RO-10,Jul 2029 – Sep 2029,DEI-SU-0011,SU,Monopole / greenfield,Deir Alla,Deir Alla,Balqa,32.18763,35.62112,32,3,HUB-DEI-01,HUB-DEI-01-R01,Fiber ring,1
RO-10,Jul 2029 – Sep 2029,DEI-SU-0005,SU,Monopole / greenfield,Deir Alla,Deir Alla,Balqa,32.17744,35.62795,32,3,HUB-DEI-01,HUB-DEI-01-R02,Fiber ring,0
RO-10,Jul 2029 – Sep 2029,DEI-SU-0008,SU,Monopole / greenfield,Deir Alla,Deir Alla,Balqa,32.18254,35.62317,32,3,HUB-DEI-01,HUB-DEI-01-R02,Fiber ring,0
RO-10,Jul 2029 – Sep 2029,DEI-SU-0009,SU,Monopole / greenfield,Deir Alla,Deir Alla,Balqa,32.18254,35.63000,32,3,HUB-DEI-01,HUB-DEI-01-R02,Fiber ring,0
RO-10,Jul 2029 – Sep 2029,DEI-SU-0012,SU,Monopole / greenfield,Deir Alla,Deir Alla,Balqa,32.18763,35.62659,32,3,HUB-DEI-01,HUB-DEI-01-R02,Fiber ring,0
RO-10,Jul 2029 – Sep 2029,DEI-SU-0013,SU,Monopole / greenfield,Deir Alla,Deir Alla,Ajloun,32.18821,35.63273,32,3,HUB-DEI-01,HUB-DEI-01-R02,Fiber ring,0
RO-10,Jul 2029 – Sep 2029,DEI-SU-0017,SU,Monopole / greenfield,Deir Alla,Deir Alla,Ajloun,32.19272,35.63000,32,3,HUB-DEI-01,HUB-DEI-01-R02,Fiber ring,0
RO-10,Jul 2029 – Sep 2029,DEI-SU-0016,SU,Monopole / greenfield,Deir Alla,Deir Alla,Balqa,32.19272,35.62317,32,3,HUB-DEI-01,HUB-DEI-01-R03,Fiber ring,0
RO-10,Jul 2029 – Sep 2029,DEI-SU-0019,SU,Monopole / greenfield,Deir Alla,Deir Alla,Balqa,32.19663,35.61976,32,3,HUB-DEI-01,HUB-DEI-01-R03,Fiber ring,0
RO-10,Jul 2029 – Sep 2029,DEI-SU-0020,SU,Monopole / greenfield,Deir Alla,Deir Alla,Balqa,32.19663,35.62659,32,3,HUB-DEI-01,HUB-DEI-01-R03,Fiber ring,0
RO-10,Jul 2029 – Sep 2029,DEI-SU-0022,SU,Monopole / greenfield,Deir Alla,Deir Alla,Irbid,32.20290,35.62317,32,3,HUB-DEI-01,HUB-DEI-01-R03,Fiber ring,0
RO-10,Jul 2029 – Sep 2029,DEI-SU-0023,SU,Monopole / greenfield,Deir Alla,Deir Alla,Ajloun,32.20290,35.63000,32,3,HUB-DEI-01,HUB-DEI-01-R03,Fiber ring,0
RO-10,Jul 2029 – Sep 2029,DEI-SU-0024,SU,Monopole / greenfield,Deir Alla,Deir Alla,Irbid,32.20799,35.62112,32,3,HUB-DEI-01,HUB-DEI-01-R03,Fiber ring,0
RO-10,Jul 2029 – Sep 2029,DEI-SU-0010,SU,Monopole / greenfield,Deir Alla,Deir Alla,Balqa,32.18763,35.61430,32,3,HUB-DEI-01,HUB-DEI-01-R04,Fiber ring,0
RO-10,Jul 2029 – Sep 2029,DEI-SU-0014,SU,Monopole / greenfield,Deir Alla,Deir Alla,Balqa,32.19272,35.60952,32,3,HUB-DEI-01,HUB-DEI-01-R04,Fiber ring,0
RO-10,Jul 2029 – Sep 2029,DEI-SU-0015,SU,Monopole / greenfield,Deir Alla,Deir Alla,Balqa,32.19272,35.61635,32,3,HUB-DEI-01,HUB-DEI-01-R04,Fiber ring,0
RO-10,Jul 2029 – Sep 2029,DEI-SU-0018,SU,Monopole / greenfield,Deir Alla,Deir Alla,Balqa,32.19781,35.61430,32,3,HUB-DEI-01,HUB-DEI-01-R04,Fiber ring,0
RO-10,Jul 2029 – Sep 2029,DEI-SU-0021,SU,Monopole / greenfield,Deir Alla,Deir Alla,Irbid,32.20290,35.61635,32,3,HUB-DEI-01,HUB-DEI-01-R04,Fiber ring,0
RO-10,Jul 2029 – Sep 2029,GHO-SU-0001,SU,Monopole / greenfield,Ghor Safi,Ghor Safi,Karak,31.01614,35.47709,32,3,HUB-GHO-01,HUB-GHO-01-R01,Fiber ring,0
RO-10,Jul 2029 – Sep 2029,GHO-SU-0002,SU,Monopole / greenfield,Ghor Safi,Ghor Safi,Karak,31.02182,35.46617,32,3,HUB-GHO-01,HUB-GHO-01-R01,Fiber ring,0
RO-10,Jul 2029 – Sep 2029,GHO-SU-0003,SU,Monopole / greenfield,Ghor Safi,Ghor Safi,Karak,31.02182,35.47299,32,3,HUB-GHO-01,HUB-GHO-01-R01,Fiber ring,0
RO-10,Jul 2029 – Sep 2029,GHO-SU-0005,SU,Monopole / greenfield,Ghor Safi,Ghor Safi,Karak,31.02691,35.45593,32,3,HUB-GHO-01,HUB-GHO-01-R01,Fiber ring,0
RO-10,Jul 2029 – Sep 2029,GHO-SU-0006,SU,Monopole / greenfield,Ghor Safi,Ghor Safi,Karak,31.02691,35.46275,32,3,HUB-GHO-01,HUB-GHO-01-R01,Fiber ring,0
RO-10,Jul 2029 – Sep 2029,GHO-SU-0007,SU,Monopole / greenfield,Ghor Safi,Ghor Safi,Karak,31.02691,35.46958,32,3,HUB-GHO-01,HUB-GHO-01-R01,Fiber ring,0
RO-10,Jul 2029 – Sep 2029,GHO-SU-0011,SU,Monopole / greenfield,Ghor Safi,Ghor Safi,Karak,31.03200,35.47299,32,3,HUB-GHO-01,HUB-GHO-01-R01,Fiber ring,1
RO-10,Jul 2029 – Sep 2029,GHO-SU-0004,SU,Monopole / greenfield,Ghor Safi,Ghor Safi,Karak,31.02064,35.47982,32,3,HUB-GHO-01,HUB-GHO-01-R02,Fiber ring,0
RO-10,Jul 2029 – Sep 2029,GHO-SU-0008,SU,Monopole / greenfield,Ghor Safi,Ghor Safi,Karak,31.02691,35.47641,32,3,HUB-GHO-01,HUB-GHO-01-R02,Fiber ring,0
RO-10,Jul 2029 – Sep 2029,GHO-SU-0009,SU,Monopole / greenfield,Ghor Safi,Ghor Safi,Karak,31.02691,35.48460,32,3,HUB-GHO-01,HUB-GHO-01-R02,Fiber ring,0
RO-10,Jul 2029 – Sep 2029,GHO-SU-0012,SU,Monopole / greenfield,Ghor Safi,Ghor Safi,Karak,31.03200,35.48118,32,3,HUB-GHO-01,HUB-GHO-01-R02,Fiber ring,0
RO-10,Jul 2029 – Sep 2029,GHO-SU-0017,SU,Monopole / greenfield,Ghor Safi,Ghor Safi,Karak,31.03709,35.48460,32,3,HUB-GHO-01,HUB-GHO-01-R02,Fiber ring,0
RO-10,Jul 2029 – Sep 2029,GHO-SU-0021,SU,Monopole / greenfield,Ghor Safi,Ghor Safi,Karak,31.04218,35.47982,32,3,HUB-GHO-01,HUB-GHO-01-R02,Fiber ring,0
RO-10,Jul 2029 – Sep 2029,GHO-SU-0015,SU,Monopole / greenfield,Ghor Safi,Ghor Safi,Karak,31.03709,35.46958,32,3,HUB-GHO-01,HUB-GHO-01-R03,Fiber ring,0
RO-10,Jul 2029 – Sep 2029,GHO-SU-0016,SU,Monopole / greenfield,Ghor Safi,Ghor Safi,Karak,31.03709,35.47641,32,3,HUB-GHO-01,HUB-GHO-01-R03,Fiber ring,0
RO-10,Jul 2029 – Sep 2029,GHO-SU-0019,SU,Monopole / greenfield,Ghor Safi,Ghor Safi,Karak,31.04218,35.46617,32,3,HUB-GHO-01,HUB-GHO-01-R03,Fiber ring,0
RO-10,Jul 2029 – Sep 2029,GHO-SU-0020,SU,Monopole / greenfield,Ghor Safi,Ghor Safi,Karak,31.04101,35.47299,32,3,HUB-GHO-01,HUB-GHO-01-R03,Fiber ring,0
RO-10,Jul 2029 – Sep 2029,GHO-SU-0022,SU,Monopole / greenfield,Ghor Safi,Ghor Safi,Karak,31.04727,35.47641,32,3,HUB-GHO-01,HUB-GHO-01-R03,Fiber ring,0
RO-10,Jul 2029 – Sep 2029,GHO-SU-0023,SU,Monopole / greenfield,Ghor Safi,Ghor Safi,Karak,31.05178,35.47368,32,3,HUB-GHO-01,HUB-GHO-01-R03,Fiber ring,0
RO-10,Jul 2029 – Sep 2029,GHO-SU-0010,SU,Monopole / greenfield,Ghor Safi,Ghor Safi,Karak,31.03200,35.46617,32,3,HUB-GHO-01,HUB-GHO-01-R04,Fiber ring,0
RO-10,Jul 2029 – Sep 2029,GHO-SU-0013,SU,Monopole / greenfield,Ghor Safi,Ghor Safi,Karak,31.03709,35.45593,32,3,HUB-GHO-01,HUB-GHO-01-R04,Fiber ring,0
RO-10,Jul 2029 – Sep 2029,GHO-SU-0014,SU,Monopole / greenfield,Ghor Safi,Ghor Safi,Karak,31.03709,35.46275,32,3,HUB-GHO-01,HUB-GHO-01-R04,Fiber ring,0
RO-10,Jul 2029 – Sep 2029,GHO-SU-0018,SU,Monopole / greenfield,Ghor Safi,Ghor Safi,Karak,31.04218,35.45934,32,3,HUB-GHO-01,HUB-GHO-01-R04,Fiber ring,0
RO-10,Jul 2029 – Sep 2029,IRB-SU-0498,SU,Monopole / greenfield,Irbid,Irbid outskirts,Irbid,32.48681,35.82796,32,3,HUB-IRB-10,HUB-IRB-10-R01,Fiber ring,0
RO-10,Jul 2029 – Sep 2029,IRB-SU-0499,SU,Monopole / greenfield,Irbid,Irbid outskirts,Irbid,32.48799,35.83616,32,3,HUB-IRB-10,HUB-IRB-10-R01,Fiber ring,0
RO-10,Jul 2029 – Sep 2029,IRB-SU-0509,SU,Monopole / greenfield,Irbid,Irbid outskirts,Irbid,32.49425,35.81090,32,3,HUB-IRB-10,HUB-IRB-10-R01,Fiber ring,0
RO-10,Jul 2029 – Sep 2029,IRB-SU-0510,SU,Monopole / greenfield,Irbid,Irbid outskirts,Irbid,32.49308,35.81772,32,3,HUB-IRB-10,HUB-IRB-10-R01,Fiber ring,0
RO-10,Jul 2029 – Sep 2029,IRB-SU-0511,SU,Monopole / greenfield,Irbid,Irbid outskirts,Irbid,32.49308,35.82455,32,3,HUB-IRB-10,HUB-IRB-10-R01,Fiber ring,0
RO-10,Jul 2029 – Sep 2029,IRB-SU-0512,SU,Monopole / greenfield,Irbid,Irbid outskirts,Irbid,32.49308,35.83001,32,3,HUB-IRB-10,HUB-IRB-10-R01,Fiber ring,0
RO-10,Jul 2029 – Sep 2029,IRB-SU-0513,SU,Monopole / greenfield,Irbid,Irbid outskirts,Irbid,32.49190,35.83820,32,3,HUB-IRB-10,HUB-IRB-10-R01,Fiber ring,0
RO-10,Jul 2029 – Sep 2029,IRB-SU-0526,SU,Monopole / greenfield,Irbid,Irbid outskirts,Irbid,32.49699,35.82114,32,3,HUB-IRB-10,HUB-IRB-10-R01,Fiber ring,1
RO-10,Jul 2029 – Sep 2029,IRB-SU-0527,SU,Monopole / greenfield,Irbid,Irbid outskirts,Irbid,32.49817,35.82796,32,3,HUB-IRB-10,HUB-IRB-10-R02,Fiber ring,0
RO-10,Jul 2029 – Sep 2029,IRB-SU-0528,SU,Monopole / greenfield,Irbid,Irbid outskirts,Irbid,32.49934,35.83479,32,3,HUB-IRB-10,HUB-IRB-10-R02,Fiber ring,0
RO-10,Jul 2029 – Sep 2029,IRB-SU-0545,SU,Monopole / greenfield,Irbid,Irbid outskirts,Irbid,32.50208,35.82455,32,3,HUB-IRB-10,HUB-IRB-10-R02,Fiber ring,0
RO-10,Jul 2029 – Sep 2029,IRB-SU-0546,SU,Monopole / greenfield,Irbid,Irbid outskirts,Irbid,32.50267,35.83206,32,3,HUB-IRB-10,HUB-IRB-10-R02,Fiber ring,0
RO-10,Jul 2029 – Sep 2029,IRB-SU-0547,SU,Monopole / greenfield,Irbid,Irbid outskirts,Irbid,32.50326,35.83684,32,3,HUB-IRB-10,HUB-IRB-10-R02,Fiber ring,0
RO-10,Jul 2029 – Sep 2029,IRB-SU-0564,SU,Monopole / greenfield,Irbid,Irbid outskirts,Irbid,32.50717,35.82114,32,3,HUB-IRB-10,HUB-IRB-10-R02,Fiber ring,0
RO-10,Jul 2029 – Sep 2029,IRB-SU-0565,SU,Monopole / greenfield,Irbid,Irbid outskirts,Irbid,32.50953,35.82796,32,3,HUB-IRB-10,HUB-IRB-10-R02,Fiber ring,0
RO-10,Jul 2029 – Sep 2029,IRB-SU-0524,SU,Monopole / greenfield,Irbid,Irbid outskirts,Irbid,32.49758,35.80817,32,3,HUB-IRB-10,HUB-IRB-10-R03,Fiber ring,0
RO-10,Jul 2029 – Sep 2029,IRB-SU-0525,SU,Monopole / greenfield,Irbid,Irbid outskirts,Irbid,32.49817,35.81568,32,3,HUB-IRB-10,HUB-IRB-10-R03,Fiber ring,0
RO-10,Jul 2029 – Sep 2029,IRB-SU-0542,SU,Monopole / greenfield,Irbid,Irbid outskirts,Irbid,32.50326,35.80544,32,3,HUB-IRB-10,HUB-IRB-10-R03,Fiber ring,0
RO-10,Jul 2029 – Sep 2029,IRB-SU-0543,SU,Monopole / greenfield,Irbid,Irbid outskirts,Irbid,32.50208,35.81090,32,3,HUB-IRB-10,HUB-IRB-10-R03,Fiber ring,0
RO-10,Jul 2029 – Sep 2029,IRB-SU-0544,SU,Monopole / greenfield,Irbid,Irbid outskirts,Irbid,32.50208,35.81772,32,3,HUB-IRB-10,HUB-IRB-10-R03,Fiber ring,0
RO-10,Jul 2029 – Sep 2029,IRB-SU-0563,SU,Monopole / greenfield,Irbid,Irbid outskirts,Irbid,32.50835,35.81568,32,3,HUB-IRB-10,HUB-IRB-10-R03,Fiber ring,0
RO-10,Jul 2029 – Sep 2029,IRB-SU-0541,SU,Monopole / greenfield,Irbid,Irbid outskirts,Irbid,32.50385,35.79793,32,3,HUB-IRB-14,HUB-IRB-14-R01,Fiber ring,0
RO-10,Jul 2029 – Sep 2029,IRB-SU-0560,SU,Monopole / greenfield,Irbid,Irbid outskirts,Irbid,32.50835,35.79247,32,3,HUB-IRB-14,HUB-IRB-14-R01,Fiber ring,0
RO-10,Jul 2029 – Sep 2029,IRB-SU-0561,SU,Monopole / greenfield,Irbid,Irbid outskirts,Irbid,32.50835,35.80202,32,3,HUB-IRB-14,HUB-IRB-14-R01,Fiber ring,0
RO-10,Jul 2029 – Sep 2029,IRB-SU-0574,SU,Monopole / greenfield,Irbid,Irbid outskirts,Irbid,32.51403,35.79110,32,3,HUB-IRB-14,HUB-IRB-14-R01,Fiber ring,0
RO-10,Jul 2029 – Sep 2029,IRB-SU-0575,SU,Monopole / greenfield,Irbid,Irbid outskirts,Irbid,32.51344,35.79861,32,3,HUB-IRB-14,HUB-IRB-14-R01,Fiber ring,0
RO-10,Jul 2029 – Sep 2029,IRB-SU-0586,SU,Rooftop,Irbid,Irbid outskirts,Irbid,32.51736,35.78701,32,3,HUB-IRB-14,HUB-IRB-14-R01,Fiber ring,0
RO-10,Jul 2029 – Sep 2029,IRB-SU-0587,SU,Monopole / greenfield,Irbid,Irbid outskirts,Irbid,32.51853,35.79247,32,3,HUB-IRB-14,HUB-IRB-14-R01,Fiber ring,1
RO-10,Jul 2029 – Sep 2029,IRB-SU-0562,SU,Monopole / greenfield,Irbid,Irbid outskirts,Irbid,32.50835,35.80748,32,3,HUB-IRB-14,HUB-IRB-14-R02,Fiber ring,0
RO-10,Jul 2029 – Sep 2029,IRB-SU-0576,SU,Monopole / greenfield,Irbid,Irbid outskirts,Irbid,32.51227,35.80407,32,3,HUB-IRB-14,HUB-IRB-14-R02,Fiber ring,0
RO-10,Jul 2029 – Sep 2029,IRB-SU-0577,SU,Monopole / greenfield,Irbid,Irbid outskirts,Irbid,32.51344,35.81226,32,3,HUB-IRB-14,HUB-IRB-14-R02,Fiber ring,0
RO-10,Jul 2029 – Sep 2029,IRB-SU-0588,SU,Monopole / greenfield,Irbid,Irbid outskirts,Irbid,32.51736,35.80066,32,3,HUB-IRB-14,HUB-IRB-14-R02,Fiber ring,0
RO-10,Jul 2029 – Sep 2029,IRB-SU-0589,SU,Monopole / greenfield,Irbid,Irbid outskirts,Irbid,32.51853,35.80885,32,3,HUB-IRB-14,HUB-IRB-14-R02,Fiber ring,0
RO-10,Jul 2029 – Sep 2029,IRB-U-0125,U,Monopole / greenfield,Irbid,Irbid,Irbid,32.52519,35.81247,30,3,HUB-IRB-14,HUB-IRB-14-R02,Fiber ring,0
RO-10,Jul 2029 – Sep 2029,IRB-SU-0597,SU,Monopole / greenfield,Irbid,Irbid outskirts,Irbid,32.52245,35.79042,32,3,HUB-IRB-14,HUB-IRB-14-R03,Fiber ring,0
RO-10,Jul 2029 – Sep 2029,IRB-SU-0598,SU,Monopole / greenfield,Irbid,Irbid outskirts,Irbid,32.52480,35.79724,32,3,HUB-IRB-14,HUB-IRB-14-R03,Fiber ring,0
RO-10,Jul 2029 – Sep 2029,IRB-SU-0599,SU,Monopole / greenfield,Irbid,Irbid outskirts,Irbid,32.52480,35.80407,32,3,HUB-IRB-14,HUB-IRB-14-R03,Fiber ring,0
RO-10,Jul 2029 – Sep 2029,IRB-SU-0607,SU,Monopole / greenfield,Irbid,Irbid outskirts,Irbid,32.52871,35.79520,32,3,HUB-IRB-14,HUB-IRB-14-R03,Fiber ring,0
RO-10,Jul 2029 – Sep 2029,IRB-SU-0608,SU,Monopole / greenfield,Irbid,Irbid outskirts,Irbid,32.52871,35.80202,32,3,HUB-IRB-14,HUB-IRB-14-R03,Fiber ring,0
RO-10,Jul 2029 – Sep 2029,IRB-U-0144,U,Monopole / greenfield,Irbid,Irbid,Irbid,32.52871,35.81011,30,3,HUB-IRB-14,HUB-IRB-14-R03,Fiber ring,0
RO-10,Jul 2029 – Sep 2029,IRB-SU-0596,SU,Monopole / greenfield,Irbid,Irbid outskirts,Irbid,32.52480,35.78359,32,3,HUB-IRB-14,HUB-IRB-14-R04,Fiber ring,0
RO-10,Jul 2029 – Sep 2029,IRB-SU-0605,SU,Monopole / greenfield,Irbid,Irbid outskirts,Irbid,32.52754,35.78018,32,3,HUB-IRB-14,HUB-IRB-14-R04,Fiber ring,0
RO-10,Jul 2029 – Sep 2029,IRB-SU-0606,SU,Monopole / greenfield,Irbid,Irbid outskirts,Irbid,32.52754,35.78701,32,3,HUB-IRB-14,HUB-IRB-14-R04,Fiber ring,0
RO-10,Jul 2029 – Sep 2029,IRB-SU-0614,SU,Monopole / greenfield,Irbid,Irbid outskirts,Irbid,32.53263,35.77677,32,3,HUB-IRB-14,HUB-IRB-14-R04,Fiber ring,0
RO-10,Jul 2029 – Sep 2029,IRB-SU-0615,SU,Monopole / greenfield,Irbid,Irbid outskirts,Irbid,32.53380,35.78223,32,3,HUB-IRB-14,HUB-IRB-14-R04,Fiber ring,0
RO-10,Jul 2029 – Sep 2029,IRB-SU-0492,SU,Monopole / greenfield,Irbid,Irbid outskirts,Irbid,32.48348,35.84571,32,3,HUB-IRB-20,HUB-IRB-20-R01,Fiber ring,0
RO-10,Jul 2029 – Sep 2029,IRB-SU-0493,SU,Monopole / greenfield,Irbid,Irbid outskirts,Irbid,32.48348,35.85254,32,3,HUB-IRB-20,HUB-IRB-20-R01,Fiber ring,0
RO-10,Jul 2029 – Sep 2029,IRB-SU-0494,SU,Monopole / greenfield,Irbid,Irbid outskirts,Irbid,32.48290,35.85732,32,3,HUB-IRB-20,HUB-IRB-20-R01,Fiber ring,0
RO-10,Jul 2029 – Sep 2029,IRB-SU-0500,SU,Monopole / greenfield,Irbid,Irbid outskirts,Irbid,32.48799,35.84025,32,3,HUB-IRB-20,HUB-IRB-20-R01,Fiber ring,0
RO-10,Jul 2029 – Sep 2029,IRB-SU-0501,SU,Monopole / greenfield,Irbid,Irbid outskirts,Irbid,32.48799,35.84981,32,3,HUB-IRB-20,HUB-IRB-20-R01,Fiber ring,0
RO-10,Jul 2029 – Sep 2029,IRB-SU-0502,SU,Monopole / greenfield,Irbid,Irbid outskirts,Irbid,32.48681,35.85527,32,3,HUB-IRB-20,HUB-IRB-20-R01,Fiber ring,0
RO-10,Jul 2029 – Sep 2029,IRB-SU-0503,SU,Monopole / greenfield,Irbid,Irbid outskirts,Irbid,32.48799,35.86073,32,3,HUB-IRB-20,HUB-IRB-20-R01,Fiber ring,0
RO-10,Jul 2029 – Sep 2029,IRB-SU-0516,SU,Monopole / greenfield,Irbid,Irbid outskirts,Irbid,32.49190,35.85868,32,3,HUB-IRB-20,HUB-IRB-20-R01,Fiber ring,1
RO-10,Jul 2029 – Sep 2029,IRB-SU-0495,SU,Monopole / greenfield,Irbid,Irbid outskirts,Irbid,32.48172,35.86551,32,3,HUB-IRB-20,HUB-IRB-20-R02,Fiber ring,0
RO-10,Jul 2029 – Sep 2029,IRB-SU-0496,SU,Monopole / greenfield,Irbid,Irbid outskirts,Irbid,32.48348,35.87165,32,3,HUB-IRB-20,HUB-IRB-20-R02,Fiber ring,0
RO-10,Jul 2029 – Sep 2029,IRB-SU-0504,SU,Monopole / greenfield,Irbid,Irbid outskirts,Irbid,32.48799,35.86892,32,3,HUB-IRB-20,HUB-IRB-20-R02,Fiber ring,0
RO-10,Jul 2029 – Sep 2029,IRB-SU-0505,SU,Monopole / greenfield,Irbid,Irbid outskirts,Irbid,32.48799,35.87438,32,3,HUB-IRB-20,HUB-IRB-20-R02,Fiber ring,0
RO-10,Jul 2029 – Sep 2029,IRB-SU-0517,SU,Monopole / greenfield,Irbid,Irbid outskirts,Irbid,32.49308,35.86687,32,3,HUB-IRB-20,HUB-IRB-20-R02,Fiber ring,0
RO-10,Jul 2029 – Sep 2029,IRB-SU-0518,SU,Monopole / greenfield,Irbid,Irbid outskirts,Irbid,32.49308,35.87097,32,3,HUB-IRB-20,HUB-IRB-20-R02,Fiber ring,0
RO-10,Jul 2029 – Sep 2029,IRB-SU-0533,SU,Monopole / greenfield,Irbid,Irbid outskirts,Irbid,32.49817,35.86756,32,3,HUB-IRB-20,HUB-IRB-20-R02,Fiber ring,0
RO-10,Jul 2029 – Sep 2029,IRB-SU-0531,SU,Monopole / greenfield,Irbid,Irbid outskirts,Irbid,32.49699,35.85527,32,3,HUB-IRB-20,HUB-IRB-20-R03,Fiber ring,0
RO-10,Jul 2029 – Sep 2029,IRB-SU-0532,SU,Monopole / greenfield,Irbid,Irbid outskirts,Irbid,32.49758,35.86141,32,3,HUB-IRB-20,HUB-IRB-20-R03,Fiber ring,0
RO-10,Jul 2029 – Sep 2029,IRB-SU-0548,SU,Monopole / greenfield,Irbid,Irbid outskirts,Irbid,32.50326,35.84503,32,3,HUB-IRB-20,HUB-IRB-20-R03,Fiber ring,0
RO-10,Jul 2029 – Sep 2029,IRB-SU-0549,SU,Monopole / greenfield,Irbid,Irbid outskirts,Irbid,32.50208,35.85186,32,3,HUB-IRB-20,HUB-IRB-20-R03,Fiber ring,0
RO-10,Jul 2029 – Sep 2029,IRB-SU-0550,SU,Rooftop,Irbid,Irbid outskirts,Irbid,32.50326,35.85732,32,3,HUB-IRB-20,HUB-IRB-20-R03,Fiber ring,0
RO-10,Jul 2029 – Sep 2029,IRB-SU-0551,SU,Monopole / greenfield,Irbid,Irbid outskirts,Irbid,32.50326,35.86551,32,3,HUB-IRB-20,HUB-IRB-20-R03,Fiber ring,0
RO-10,Jul 2029 – Sep 2029,IRB-SU-0552,SU,Monopole / greenfield,Irbid,Irbid outskirts,Irbid,32.50326,35.87097,32,3,HUB-IRB-20,HUB-IRB-20-R03,Fiber ring,0
RO-10,Jul 2029 – Sep 2029,IRB-SU-0514,SU,Monopole / greenfield,Irbid,Irbid outskirts,Irbid,32.49249,35.84571,32,3,HUB-IRB-20,HUB-IRB-20-R04,Fiber ring,0
RO-10,Jul 2029 – Sep 2029,IRB-SU-0515,SU,Monopole / greenfield,Irbid,Irbid outskirts,Irbid,32.49190,35.85186,32,3,HUB-IRB-20,HUB-IRB-20-R04,Fiber ring,0
RO-10,Jul 2029 – Sep 2029,IRB-SU-0529,SU,Monopole / greenfield,Irbid,Irbid outskirts,Irbid,32.49699,35.84162,32,3,HUB-IRB-20,HUB-IRB-20-R04,Fiber ring,0
RO-10,Jul 2029 – Sep 2029,IRB-SU-0530,SU,Monopole / greenfield,Irbid,Irbid outskirts,Irbid,32.49934,35.84844,32,3,HUB-IRB-20,HUB-IRB-20-R04,Fiber ring,0
RO-10,Jul 2029 – Sep 2029,MUT-SU-0001,SU,Monopole / greenfield,Mutah-Mazar,Mutah-Mazar,Karak,31.06881,35.69485,32,3,HUB-MUT-01,HUB-MUT-01-R01,Fiber ring,0
RO-10,Jul 2029 – Sep 2029,MUT-SU-0004,SU,Monopole / greenfield,Mutah-Mazar,Mutah-Mazar,Karak,31.07273,35.68461,32,3,HUB-MUT-01,HUB-MUT-01-R01,Fiber ring,0
RO-10,Jul 2029 – Sep 2029,MUT-SU-0005,SU,Rooftop,Mutah-Mazar,Mutah-Mazar,Karak,31.07273,35.69144,32,3,HUB-MUT-01,HUB-MUT-01-R01,Fiber ring,0
RO-10,Jul 2029 – Sep 2029,MUT-SU-0009,SU,Monopole / greenfield,Mutah-Mazar,Mutah-Mazar,Karak,31.07782,35.68939,32,3,HUB-MUT-01,HUB-MUT-01-R01,Fiber ring,0
RO-10,Jul 2029 – Sep 2029,MUT-SU-0010,SU,Monopole / greenfield,Mutah-Mazar,Mutah-Mazar,Karak,31.07782,35.69348,32,3,HUB-MUT-01,HUB-MUT-01-R01,Fiber ring,0
RO-10,Jul 2029 – Sep 2029,MUT-SU-0014,SU,Monopole / greenfield,Mutah-Mazar,Mutah-Mazar,Karak,31.08173,35.68461,32,3,HUB-MUT-01,HUB-MUT-01-R01,Fiber ring,0
RO-10,Jul 2029 – Sep 2029,MUT-SU-0015,SU,Monopole / greenfield,Mutah-Mazar,Mutah-Mazar,Karak,31.08173,35.69144,32,3,HUB-MUT-01,HUB-MUT-01-R01,Fiber ring,0
RO-10,Jul 2029 – Sep 2029,MUT-SU-0016,SU,Monopole / greenfield,Mutah-Mazar,Mutah-Mazar,Karak,31.08291,35.69826,32,3,HUB-MUT-01,HUB-MUT-01-R01,Fiber ring,1
RO-10,Jul 2029 – Sep 2029,MUT-SU-0002,SU,Monopole / greenfield,Mutah-Mazar,Mutah-Mazar,Karak,31.06764,35.70168,32,3,HUB-MUT-01,HUB-MUT-01-R02,Fiber ring,0
RO-10,Jul 2029 – Sep 2029,MUT-SU-0003,SU,Monopole / greenfield,Mutah-Mazar,Mutah-Mazar,Karak,31.06764,35.70850,32,3,HUB-MUT-01,HUB-MUT-01-R02,Fiber ring,0
RO-10,Jul 2029 – Sep 2029,MUT-SU-0006,SU,Rooftop,Mutah-Mazar,Mutah-Mazar,Karak,31.07332,35.69758,32,3,HUB-MUT-01,HUB-MUT-01-R02,Fiber ring,0
RO-10,Jul 2029 – Sep 2029,MUT-SU-0007,SU,Monopole / greenfield,Mutah-Mazar,Mutah-Mazar,Karak,31.07273,35.70509,32,3,HUB-MUT-01,HUB-MUT-01-R02,Fiber ring,0
RO-10,Jul 2029 – Sep 2029,MUT-SU-0008,SU,Monopole / greenfield,Mutah-Mazar,Mutah-Mazar,Karak,31.07214,35.71123,32,3,HUB-MUT-01,HUB-MUT-01-R02,Fiber ring,0
RO-10,Jul 2029 – Sep 2029,MUT-SU-0011,SU,Monopole / greenfield,Mutah-Mazar,Mutah-Mazar,Karak,31.07664,35.70168,32,3,HUB-MUT-01,HUB-MUT-01-R02,Fiber ring,0
RO-10,Jul 2029 – Sep 2029,MUT-SU-0012,SU,Monopole / greenfield,Mutah-Mazar,Mutah-Mazar,Karak,31.07782,35.70850,32,3,HUB-MUT-01,HUB-MUT-01-R02,Fiber ring,0
RO-10,Jul 2029 – Sep 2029,MUT-SU-0013,SU,Monopole / greenfield,Mutah-Mazar,Mutah-Mazar,Karak,31.07664,35.71533,32,3,HUB-MUT-01,HUB-MUT-01-R03,Fiber ring,0
RO-10,Jul 2029 – Sep 2029,MUT-SU-0017,SU,Monopole / greenfield,Mutah-Mazar,Mutah-Mazar,Karak,31.08173,35.70509,32,3,HUB-MUT-01,HUB-MUT-01-R03,Fiber ring,0
RO-10,Jul 2029 – Sep 2029,MUT-SU-0018,SU,Monopole / greenfield,Mutah-Mazar,Mutah-Mazar,Karak,31.08173,35.71192,32,3,HUB-MUT-01,HUB-MUT-01-R03,Fiber ring,0
RO-10,Jul 2029 – Sep 2029,MUT-SU-0019,SU,Monopole / greenfield,Mutah-Mazar,Mutah-Mazar,Karak,31.08291,35.72011,32,3,HUB-MUT-01,HUB-MUT-01-R03,Fiber ring,0
RO-10,Jul 2029 – Sep 2029,MUT-SU-0023,SU,Monopole / greenfield,Mutah-Mazar,Mutah-Mazar,Karak,31.08800,35.70850,32,3,HUB-MUT-01,HUB-MUT-01-R03,Fiber ring,0
RO-10,Jul 2029 – Sep 2029,MUT-SU-0024,SU,Monopole / greenfield,Mutah-Mazar,Mutah-Mazar,Karak,31.08918,35.71533,32,3,HUB-MUT-01,HUB-MUT-01-R03,Fiber ring,0
RO-10,Jul 2029 – Sep 2029,MUT-SU-0029,SU,Rooftop,Mutah-Mazar,Mutah-Mazar,Karak,31.09309,35.71192,32,3,HUB-MUT-01,HUB-MUT-01-R03,Fiber ring,0
RO-10,Jul 2029 – Sep 2029,MUT-SU-0022,SU,Monopole / greenfield,Mutah-Mazar,Mutah-Mazar,Karak,31.08800,35.70168,32,3,HUB-MUT-01,HUB-MUT-01-R04,Fiber ring,0
RO-10,Jul 2029 – Sep 2029,MUT-SU-0027,SU,Rooftop,Mutah-Mazar,Mutah-Mazar,Karak,31.09427,35.69826,32,3,HUB-MUT-01,HUB-MUT-01-R04,Fiber ring,0
RO-10,Jul 2029 – Sep 2029,MUT-SU-0028,SU,Monopole / greenfield,Mutah-Mazar,Mutah-Mazar,Karak,31.09309,35.70509,32,3,HUB-MUT-01,HUB-MUT-01-R04,Fiber ring,0
RO-10,Jul 2029 – Sep 2029,MUT-SU-0032,SU,Monopole / greenfield,Mutah-Mazar,Mutah-Mazar,Karak,31.09818,35.70168,32,3,HUB-MUT-01,HUB-MUT-01-R04,Fiber ring,0
RO-10,Jul 2029 – Sep 2029,MUT-SU-0033,SU,Monopole / greenfield,Mutah-Mazar,Mutah-Mazar,Karak,31.09818,35.70850,32,3,HUB-MUT-01,HUB-MUT-01-R04,Fiber ring,0
RO-10,Jul 2029 – Sep 2029,MUT-SU-0035,SU,Monopole / greenfield,Mutah-Mazar,Mutah-Mazar,Karak,31.10327,35.69826,32,3,HUB-MUT-01,HUB-MUT-01-R04,Fiber ring,0
RO-10,Jul 2029 – Sep 2029,MUT-SU-0036,SU,Monopole / greenfield,Mutah-Mazar,Mutah-Mazar,Karak,31.10327,35.70509,32,3,HUB-MUT-01,HUB-MUT-01-R04,Fiber ring,0
RO-10,Jul 2029 – Sep 2029,MUT-SU-0020,SU,Monopole / greenfield,Mutah-Mazar,Mutah-Mazar,Karak,31.08683,35.68802,32,3,HUB-MUT-01,HUB-MUT-01-R05,Fiber ring,0
RO-10,Jul 2029 – Sep 2029,MUT-SU-0021,SU,Monopole / greenfield,Mutah-Mazar,Mutah-Mazar,Karak,31.08683,35.69485,32,3,HUB-MUT-01,HUB-MUT-01-R05,Fiber ring,0
RO-10,Jul 2029 – Sep 2029,MUT-SU-0025,SU,Monopole / greenfield,Mutah-Mazar,Mutah-Mazar,Karak,31.09250,35.68393,32,3,HUB-MUT-01,HUB-MUT-01-R05,Fiber ring,0
RO-10,Jul 2029 – Sep 2029,MUT-SU-0026,SU,Rooftop,Mutah-Mazar,Mutah-Mazar,Karak,31.09192,35.69144,32,3,HUB-MUT-01,HUB-MUT-01-R05,Fiber ring,0
RO-10,Jul 2029 – Sep 2029,MUT-SU-0030,SU,Monopole / greenfield,Mutah-Mazar,Mutah-Mazar,Karak,31.09760,35.68734,32,3,HUB-MUT-01,HUB-MUT-01-R05,Fiber ring,0
RO-10,Jul 2029 – Sep 2029,MUT-SU-0031,SU,Rooftop,Mutah-Mazar,Mutah-Mazar,Karak,31.09818,35.69621,32,3,HUB-MUT-01,HUB-MUT-01-R05,Fiber ring,0
RO-10,Jul 2029 – Sep 2029,MUT-SU-0034,SU,Monopole / greenfield,Mutah-Mazar,Mutah-Mazar,Karak,31.10269,35.69212,32,3,HUB-MUT-01,HUB-MUT-01-R05,Fiber ring,0
RO-10,Jul 2029 – Sep 2029,NOR-SU-0001,SU,Monopole / greenfield,North Shuna,North Shuna,Irbid,32.59431,35.60679,32,3,HUB-NOR-01,HUB-NOR-01-R01,Fiber ring,0
RO-10,Jul 2029 – Sep 2029,NOR-SU-0002,SU,Monopole / greenfield,North Shuna,North Shuna,Irbid,32.59490,35.61225,32,3,HUB-NOR-01,HUB-NOR-01-R01,Fiber ring,0
RO-10,Jul 2029 – Sep 2029,NOR-SU-0003,SU,Monopole / greenfield,North Shuna,North Shuna,Irbid,32.59999,35.60269,32,3,HUB-NOR-01,HUB-NOR-01-R01,Fiber ring,0
RO-10,Jul 2029 – Sep 2029,NOR-SU-0004,SU,Monopole / greenfield,North Shuna,North Shuna,Irbid,32.59999,35.61089,32,3,HUB-NOR-01,HUB-NOR-01-R01,Fiber ring,0
RO-10,Jul 2029 – Sep 2029,NOR-SU-0006,SU,Monopole / greenfield,North Shuna,North Shuna,Irbid,32.60508,35.59928,32,3,HUB-NOR-01,HUB-NOR-01-R01,Fiber ring,0
RO-10,Jul 2029 – Sep 2029,NOR-SU-0007,SU,Monopole / greenfield,North Shuna,North Shuna,Irbid,32.60625,35.60611,32,3,HUB-NOR-01,HUB-NOR-01-R01,Fiber ring,0
RO-10,Jul 2029 – Sep 2029,NOR-SU-0010,SU,Monopole / greenfield,North Shuna,North Shuna,Irbid,32.61017,35.60406,32,3,HUB-NOR-01,HUB-NOR-01-R01,Fiber ring,0
RO-10,Jul 2029 – Sep 2029,NOR-SU-0011,SU,Rooftop,North Shuna,North Shuna,Irbid,32.61076,35.61020,32,3,HUB-NOR-01,HUB-NOR-01-R01,Fiber ring,1
RO-10,Jul 2029 – Sep 2029,NOR-SU-0005,SU,Monopole / greenfield,North Shuna,North Shuna,Irbid,32.59999,35.61771,32,3,HUB-NOR-01,HUB-NOR-01-R02,Fiber ring,0
RO-10,Jul 2029 – Sep 2029,NOR-SU-0008,SU,Monopole / greenfield,North Shuna,North Shuna,Irbid,32.60508,35.61293,32,3,HUB-NOR-01,HUB-NOR-01-R02,Fiber ring,0
RO-10,Jul 2029 – Sep 2029,NOR-SU-0009,SU,Monopole / greenfield,North Shuna,North Shuna,Irbid,32.60390,35.61976,32,3,HUB-NOR-01,HUB-NOR-01-R02,Fiber ring,0
RO-10,Jul 2029 – Sep 2029,NOR-SU-0012,SU,Monopole / greenfield,North Shuna,North Shuna,Irbid,32.60958,35.61703,32,3,HUB-NOR-01,HUB-NOR-01-R02,Fiber ring,0
RO-10,Jul 2029 – Sep 2029,NOR-SU-0013,SU,Monopole / greenfield,North Shuna,North Shuna,Irbid,32.61076,35.62386,32,3,HUB-NOR-01,HUB-NOR-01-R02,Fiber ring,0
RO-10,Jul 2029 – Sep 2029,NOR-SU-0015,SU,Monopole / greenfield,North Shuna,North Shuna,Irbid,32.61526,35.61430,32,3,HUB-NOR-01,HUB-NOR-01-R02,Fiber ring,0
RO-10,Jul 2029 – Sep 2029,NOR-SU-0016,SU,Monopole / greenfield,North Shuna,North Shuna,Irbid,32.61643,35.61976,32,3,HUB-NOR-01,HUB-NOR-01-R02,Fiber ring,0
RO-10,Jul 2029 – Sep 2029,NOR-SU-0014,SU,Monopole / greenfield,North Shuna,North Shuna,Irbid,32.61526,35.60611,32,3,HUB-NOR-01,HUB-NOR-01-R03,Fiber ring,0
RO-10,Jul 2029 – Sep 2029,NOR-SU-0017,SU,Monopole / greenfield,North Shuna,North Shuna,Irbid,32.62035,35.60952,32,3,HUB-NOR-01,HUB-NOR-01-R03,Fiber ring,0
RO-10,Jul 2029 – Sep 2029,NOR-SU-0018,SU,Monopole / greenfield,North Shuna,North Shuna,Irbid,32.62035,35.61771,32,3,HUB-NOR-01,HUB-NOR-01-R03,Fiber ring,0
RO-10,Jul 2029 – Sep 2029,NOR-SU-0019,SU,Monopole / greenfield,North Shuna,North Shuna,Irbid,32.62544,35.60611,32,3,HUB-NOR-01,HUB-NOR-01-R03,Fiber ring,0
RO-10,Jul 2029 – Sep 2029,NOR-SU-0020,SU,Monopole / greenfield,North Shuna,North Shuna,Irbid,32.62544,35.61293,32,3,HUB-NOR-01,HUB-NOR-01-R03,Fiber ring,0
RO-10,Jul 2029 – Sep 2029,SOU-SU-0001,SU,Monopole / greenfield,South Shuna,South Shuna,Balqa,31.88727,35.61635,32,3,HUB-SOU-01,HUB-SOU-01-R01,Fiber ring,0
RO-10,Jul 2029 – Sep 2029,SOU-SU-0002,SU,Monopole / greenfield,South Shuna,South Shuna,Balqa,31.88727,35.62317,32,3,HUB-SOU-01,HUB-SOU-01-R01,Fiber ring,0
RO-10,Jul 2029 – Sep 2029,SOU-SU-0004,SU,Monopole / greenfield,South Shuna,South Shuna,Balqa,31.89236,35.61293,32,3,HUB-SOU-01,HUB-SOU-01-R01,Fiber ring,0
RO-10,Jul 2029 – Sep 2029,SOU-SU-0005,SU,Monopole / greenfield,South Shuna,South Shuna,Balqa,31.89236,35.61976,32,3,HUB-SOU-01,HUB-SOU-01-R01,Fiber ring,0
RO-10,Jul 2029 – Sep 2029,SOU-SU-0006,SU,Monopole / greenfield,South Shuna,South Shuna,Balqa,31.89236,35.62659,32,3,HUB-SOU-01,HUB-SOU-01-R01,Fiber ring,0
RO-10,Jul 2029 – Sep 2029,SOU-SU-0007,SU,Monopole / greenfield,South Shuna,South Shuna,Balqa,31.89686,35.61020,32,3,HUB-SOU-01,HUB-SOU-01-R01,Fiber ring,0
RO-10,Jul 2029 – Sep 2029,SOU-SU-0009,SU,Monopole / greenfield,South Shuna,South Shuna,Balqa,31.89745,35.62317,32,3,HUB-SOU-01,HUB-SOU-01-R01,Fiber ring,1
RO-10,Jul 2029 – Sep 2029,SOU-SU-0003,SU,Monopole / greenfield,South Shuna,South Shuna,Balqa,31.88727,35.63136,32,3,HUB-SOU-01,HUB-SOU-01-R02,Fiber ring,0
RO-10,Jul 2029 – Sep 2029,SOU-SU-0010,SU,Monopole / greenfield,South Shuna,South Shuna,Balqa,31.89804,35.63068,32,3,HUB-SOU-01,HUB-SOU-01-R02,Fiber ring,0
RO-10,Jul 2029 – Sep 2029,SOU-SU-0011,SU,Monopole / greenfield,South Shuna,South Shuna,Balqa,31.89745,35.63819,32,3,HUB-SOU-01,HUB-SOU-01-R02,Fiber ring,0
RO-10,Jul 2029 – Sep 2029,SOU-SU-0015,SU,Monopole / greenfield,South Shuna,South Shuna,Balqa,31.90136,35.63341,32,3,HUB-SOU-01,HUB-SOU-01-R02,Fiber ring,0
RO-10,Jul 2029 – Sep 2029,SOU-SU-0016,SU,Monopole / greenfield,South Shuna,South Shuna,Balqa,31.90136,35.64024,32,3,HUB-SOU-01,HUB-SOU-01-R02,Fiber ring,0
RO-10,Jul 2029 – Sep 2029,SOU-SU-0021,SU,Monopole / greenfield,South Shuna,South Shuna,Balqa,31.90880,35.63683,32,3,HUB-SOU-01,HUB-SOU-01-R02,Fiber ring,0
RO-10,Jul 2029 – Sep 2029,SOU-SU-0014,SU,Monopole / greenfield,South Shuna,South Shuna,Balqa,31.90254,35.62795,32,3,HUB-SOU-01,HUB-SOU-01-R03,Fiber ring,0
RO-10,Jul 2029 – Sep 2029,SOU-SU-0018,SU,Monopole / greenfield,South Shuna,South Shuna,Balqa,31.90880,35.61635,32,3,HUB-SOU-01,HUB-SOU-01-R03,Fiber ring,0
RO-10,Jul 2029 – Sep 2029,SOU-SU-0019,SU,Monopole / greenfield,South Shuna,South Shuna,Balqa,31.90880,35.62317,32,3,HUB-SOU-01,HUB-SOU-01-R03,Fiber ring,0
RO-10,Jul 2029 – Sep 2029,SOU-SU-0020,SU,Monopole / greenfield,South Shuna,South Shuna,Balqa,31.90880,35.63000,32,3,HUB-SOU-01,HUB-SOU-01-R03,Fiber ring,0
RO-10,Jul 2029 – Sep 2029,SOU-SU-0022,SU,Monopole / greenfield,South Shuna,South Shuna,Balqa,31.91272,35.62112,32,3,HUB-SOU-01,HUB-SOU-01-R03,Fiber ring,0
RO-10,Jul 2029 – Sep 2029,SOU-SU-0023,SU,Monopole / greenfield,South Shuna,South Shuna,Balqa,31.91272,35.62795,32,3,HUB-SOU-01,HUB-SOU-01-R03,Fiber ring,0
RO-10,Jul 2029 – Sep 2029,SOU-SU-0008,SU,Monopole / greenfield,South Shuna,South Shuna,Balqa,31.89745,35.61635,32,3,HUB-SOU-01,HUB-SOU-01-R04,Fiber ring,0
RO-10,Jul 2029 – Sep 2029,SOU-SU-0012,SU,Monopole / greenfield,South Shuna,South Shuna,Balqa,31.90254,35.61293,32,3,HUB-SOU-01,HUB-SOU-01-R04,Fiber ring,0
RO-10,Jul 2029 – Sep 2029,SOU-SU-0013,SU,Monopole / greenfield,South Shuna,South Shuna,Balqa,31.90254,35.61976,32,3,HUB-SOU-01,HUB-SOU-01-R04,Fiber ring,0
RO-10,Jul 2029 – Sep 2029,SOU-SU-0017,SU,Monopole / greenfield,South Shuna,South Shuna,Balqa,31.90880,35.60952,32,3,HUB-SOU-01,HUB-SOU-01-R04,Fiber ring,0
